file_path,abs_path,label,display_name,country,split,width,height,orig_width,orig_height,source,source_url,sha256,created_at
train\adobo\adobo_019fb6b5e78c.jpg,D:\Machine Learning project\sea_food_dataset\train\adobo\adobo_019fb6b5e78c.jpg,adobo,Adobo,Philippines,train,224,224,,,,,0c456a2557e8,
train\adobo\adobo_01ede34481b3.jpg,D:\Machine Learning project\sea_food_dataset\train\adobo\adobo_01ede34481b3.jpg,adobo,Adobo,Philippines,train,224,224,,,,,2be6c240d83b,
train\adobo\adobo_03ebf4113c21.jpg,D:\Machine Learning project\sea_food_dataset\train\adobo\adobo_03ebf4113c21.jpg,adobo,Adobo,Philippines,train,224,224,,,,,290484b695ff,
train\adobo\adobo_04b7c63f1d55.jpg,D:\Machine Learning project\sea_food_dataset\train\adobo\adobo_04b7c63f1d55.jpg,adobo,Adobo,Philippines,train,224,224,,,,,a5b03c587912,
train\adobo\adobo_05169d99e4be.jpg,D:\Machine Learning project\sea_food_dataset\train\adobo\adobo_05169d99e4be.jpg,adobo,Adobo,Philippines,train,224,224,,,,,55132c978285,
train\adobo\adobo_05a0871258f1.jpg,D:\Machine Learning project\sea_food_dataset\train\adobo\adobo_05a0871258f1.jpg,adobo,Adobo,Philippines,train,224,224,,,,,5b6832be8303,
train\adobo\adobo_05e0a10f0e0d.jpg,D:\Machine Learning project\sea_food_dataset\train\adobo\adobo_05e0a10f0e0d.jpg,adobo,Adobo,Philippines,train,224,224,,,,,45675e6c77eb,
train\adobo\adobo_061eff74b0b1.jpg,D:\Machine Learning project\sea_food_dataset\train\adobo\adobo_061eff74b0b1.jpg,adobo,Adobo,Philippines,train,224,224,,,,,afee172ae8cc,
train\adobo\adobo_06f87a32a8ff.jpg,D:\Machine Learning project\sea_food_dataset\train\adobo\adobo_06f87a32a8ff.jpg,adobo,Adobo,Philippines,train,224,224,,,,,0e26a81d4bba,
train\adobo\adobo_06f88f1abfae.jpg,D:\Machine Learning project\sea_food_dataset\train\adobo\adobo_06f88f1abfae.jpg,adobo,Adobo,Philippines,train,224,224,,,,,a3346a1b8d3d,
train\adobo\adobo_082b2faaf30f.jpg,D:\Machine Learning project\sea_food_dataset\train\adobo\adobo_082b2faaf30f.jpg,adobo,Adobo,Philippines,train,224,224,,,,,2cfeb0f7c9ad,
train\adobo\adobo_09bd66d3253d.jpg,D:\Machine Learning project\sea_food_dataset\train\adobo\adobo_09bd66d3253d.jpg,adobo,Adobo,Philippines,train,224,224,,,,,6a969051194e,
train\adobo\adobo_0b4b40601d9b.jpg,D:\Machine Learning project\sea_food_dataset\train\adobo\adobo_0b4b40601d9b.jpg,adobo,Adobo,Philippines,train,224,224,,,,,9258b89b5e29,
train\adobo\adobo_0b7fbf367a4e.jpg,D:\Machine Learning project\sea_food_dataset\train\adobo\adobo_0b7fbf367a4e.jpg,adobo,Adobo,Philippines,train,224,224,,,,,dfb39cd49e57,
train\adobo\adobo_0b9bacda10f4.jpg,D:\Machine Learning project\sea_food_dataset\train\adobo\adobo_0b9bacda10f4.jpg,adobo,Adobo,Philippines,train,224,224,,,,,431aa5b75ff6,
train\adobo\adobo_0bd7a33458ac.jpg,D:\Machine Learning project\sea_food_dataset\train\adobo\adobo_0bd7a33458ac.jpg,adobo,Adobo,Philippines,train,224,224,,,,,a33ba852c777,
train\adobo\adobo_0be7a1183d63.jpg,D:\Machine Learning project\sea_food_dataset\train\adobo\adobo_0be7a1183d63.jpg,adobo,Adobo,Philippines,train,224,224,,,,,6d6bdff02ef4,
train\adobo\adobo_0d58d56e926e.jpg,D:\Machine Learning project\sea_food_dataset\train\adobo\adobo_0d58d56e926e.jpg,adobo,Adobo,Philippines,train,224,224,,,,,c8d1a2b0080e,
train\adobo\adobo_0df153c70311.jpg,D:\Machine Learning project\sea_food_dataset\train\adobo\adobo_0df153c70311.jpg,adobo,Adobo,Philippines,train,224,224,,,,,36e940d6fe4e,
train\adobo\adobo_0e0a6da8c71e.jpg,D:\Machine Learning project\sea_food_dataset\train\adobo\adobo_0e0a6da8c71e.jpg,adobo,Adobo,Philippines,train,224,224,,,,,b080db37b2f9,
train\adobo\adobo_0e1bd0f85948.jpg,D:\Machine Learning project\sea_food_dataset\train\adobo\adobo_0e1bd0f85948.jpg,adobo,Adobo,Philippines,train,224,224,,,,,c820acd72d3e,
train\adobo\adobo_0e64f951a5a1.jpg,D:\Machine Learning project\sea_food_dataset\train\adobo\adobo_0e64f951a5a1.jpg,adobo,Adobo,Philippines,train,224,224,,,,,9365e5a047db,
train\adobo\adobo_0e696b257747.jpg,D:\Machine Learning project\sea_food_dataset\train\adobo\adobo_0e696b257747.jpg,adobo,Adobo,Philippines,train,224,224,,,,,23f79706358b,
train\adobo\adobo_0e70b05211c6.jpg,D:\Machine Learning project\sea_food_dataset\train\adobo\adobo_0e70b05211c6.jpg,adobo,Adobo,Philippines,train,224,224,,,,,f7d0112d2f1d,
train\adobo\adobo_0f9447544824.jpg,D:\Machine Learning project\sea_food_dataset\train\adobo\adobo_0f9447544824.jpg,adobo,Adobo,Philippines,train,224,224,,,,,4a3c8cef8ccc,
train\adobo\adobo_1001aca0dae8.jpg,D:\Machine Learning project\sea_food_dataset\train\adobo\adobo_1001aca0dae8.jpg,adobo,Adobo,Philippines,train,224,224,,,,,54c0f3335b0a,
train\adobo\adobo_10eda22819d1.jpg,D:\Machine Learning project\sea_food_dataset\train\adobo\adobo_10eda22819d1.jpg,adobo,Adobo,Philippines,train,224,224,,,,,69188a195efd,
train\adobo\adobo_10f2507a8816.jpg,D:\Machine Learning project\sea_food_dataset\train\adobo\adobo_10f2507a8816.jpg,adobo,Adobo,Philippines,train,224,224,,,,,221c89913d88,
train\adobo\adobo_11027650bbe3.jpg,D:\Machine Learning project\sea_food_dataset\train\adobo\adobo_11027650bbe3.jpg,adobo,Adobo,Philippines,train,224,224,,,,,505fab836b6f,
train\adobo\adobo_12518c669e34.jpg,D:\Machine Learning project\sea_food_dataset\train\adobo\adobo_12518c669e34.jpg,adobo,Adobo,Philippines,train,224,224,,,,,c6d64af18e84,
train\adobo\adobo_12b5cf9ff7c5.jpg,D:\Machine Learning project\sea_food_dataset\train\adobo\adobo_12b5cf9ff7c5.jpg,adobo,Adobo,Philippines,train,224,224,,,,,326c30e71901,
train\adobo\adobo_12e8d5467d1b.jpg,D:\Machine Learning project\sea_food_dataset\train\adobo\adobo_12e8d5467d1b.jpg,adobo,Adobo,Philippines,train,224,224,,,,,574f18b70f6a,
train\adobo\adobo_1328eebf2088.jpg,D:\Machine Learning project\sea_food_dataset\train\adobo\adobo_1328eebf2088.jpg,adobo,Adobo,Philippines,train,224,224,,,,,9ccaff4fb841,
train\adobo\adobo_148919a01c96.jpg,D:\Machine Learning project\sea_food_dataset\train\adobo\adobo_148919a01c96.jpg,adobo,Adobo,Philippines,train,224,224,,,,,1d161dedbf57,
train\adobo\adobo_1597506b9d39.jpg,D:\Machine Learning project\sea_food_dataset\train\adobo\adobo_1597506b9d39.jpg,adobo,Adobo,Philippines,train,224,224,,,,,41186be55042,
train\adobo\adobo_169396e3598f.jpg,D:\Machine Learning project\sea_food_dataset\train\adobo\adobo_169396e3598f.jpg,adobo,Adobo,Philippines,train,224,224,,,,,f424bab37e0e,
train\adobo\adobo_171fcc2508f1.jpg,D:\Machine Learning project\sea_food_dataset\train\adobo\adobo_171fcc2508f1.jpg,adobo,Adobo,Philippines,train,224,224,,,,,9e9ed9208505,
train\adobo\adobo_17c4a2a0c8fb.jpg,D:\Machine Learning project\sea_food_dataset\train\adobo\adobo_17c4a2a0c8fb.jpg,adobo,Adobo,Philippines,train,224,224,,,,,0247687246a1,
train\adobo\adobo_17e7151d33a5.jpg,D:\Machine Learning project\sea_food_dataset\train\adobo\adobo_17e7151d33a5.jpg,adobo,Adobo,Philippines,train,224,224,,,,,898437c272a9,
train\adobo\adobo_1aec2cd81e3a.jpg,D:\Machine Learning project\sea_food_dataset\train\adobo\adobo_1aec2cd81e3a.jpg,adobo,Adobo,Philippines,train,224,224,,,,,fc9f39e1a3d4,
train\adobo\adobo_1b39cf7a4282.jpg,D:\Machine Learning project\sea_food_dataset\train\adobo\adobo_1b39cf7a4282.jpg,adobo,Adobo,Philippines,train,224,224,,,,,28a01c3a9826,
train\adobo\adobo_1d74595172c1.jpg,D:\Machine Learning project\sea_food_dataset\train\adobo\adobo_1d74595172c1.jpg,adobo,Adobo,Philippines,train,224,224,,,,,0b57b9bd4dc9,
train\adobo\adobo_1ddd47dcab65.jpg,D:\Machine Learning project\sea_food_dataset\train\adobo\adobo_1ddd47dcab65.jpg,adobo,Adobo,Philippines,train,224,224,,,,,ee6476a4f4c1,
train\adobo\adobo_1f311b0320b9.jpg,D:\Machine Learning project\sea_food_dataset\train\adobo\adobo_1f311b0320b9.jpg,adobo,Adobo,Philippines,train,224,224,,,,,ec33b77ebdcd,
train\adobo\adobo_1f3b126b9bdb.jpg,D:\Machine Learning project\sea_food_dataset\train\adobo\adobo_1f3b126b9bdb.jpg,adobo,Adobo,Philippines,train,224,224,,,,,f7c6469d4f5e,
train\adobo\adobo_1f85d657e897.jpg,D:\Machine Learning project\sea_food_dataset\train\adobo\adobo_1f85d657e897.jpg,adobo,Adobo,Philippines,train,224,224,,,,,cf827110288b,
train\adobo\adobo_202f60ebbd4e.jpg,D:\Machine Learning project\sea_food_dataset\train\adobo\adobo_202f60ebbd4e.jpg,adobo,Adobo,Philippines,train,224,224,,,,,1347d09a0ab9,
train\adobo\adobo_221bb04d3ffc.jpg,D:\Machine Learning project\sea_food_dataset\train\adobo\adobo_221bb04d3ffc.jpg,adobo,Adobo,Philippines,train,224,224,,,,,54f536ac1803,
train\adobo\adobo_23326744911b.jpg,D:\Machine Learning project\sea_food_dataset\train\adobo\adobo_23326744911b.jpg,adobo,Adobo,Philippines,train,224,224,,,,,3e55e7a9e3c7,
train\adobo\adobo_23987c622c7c.jpg,D:\Machine Learning project\sea_food_dataset\train\adobo\adobo_23987c622c7c.jpg,adobo,Adobo,Philippines,train,224,224,,,,,55c518d2660c,
train\adobo\adobo_277843fe6308.jpg,D:\Machine Learning project\sea_food_dataset\train\adobo\adobo_277843fe6308.jpg,adobo,Adobo,Philippines,train,224,224,,,,,95e27a0331b4,
train\adobo\adobo_27e8488baa3e.jpg,D:\Machine Learning project\sea_food_dataset\train\adobo\adobo_27e8488baa3e.jpg,adobo,Adobo,Philippines,train,224,224,,,,,6b450e1681d2,
train\adobo\adobo_284bffe14d36.jpg,D:\Machine Learning project\sea_food_dataset\train\adobo\adobo_284bffe14d36.jpg,adobo,Adobo,Philippines,train,224,224,,,,,0c71d0a774c6,
train\adobo\adobo_2916c26baee6.jpg,D:\Machine Learning project\sea_food_dataset\train\adobo\adobo_2916c26baee6.jpg,adobo,Adobo,Philippines,train,224,224,,,,,6ae938408284,
train\adobo\adobo_2a4901a791b2.jpg,D:\Machine Learning project\sea_food_dataset\train\adobo\adobo_2a4901a791b2.jpg,adobo,Adobo,Philippines,train,224,224,,,,,8d29277f4f2f,
train\adobo\adobo_2b2e49861527.jpg,D:\Machine Learning project\sea_food_dataset\train\adobo\adobo_2b2e49861527.jpg,adobo,Adobo,Philippines,train,224,224,,,,,df5c23dca123,
train\adobo\adobo_2bf77eb57860.jpg,D:\Machine Learning project\sea_food_dataset\train\adobo\adobo_2bf77eb57860.jpg,adobo,Adobo,Philippines,train,224,224,,,,,18e2aad780e6,
train\adobo\adobo_2c9a2679e068.jpg,D:\Machine Learning project\sea_food_dataset\train\adobo\adobo_2c9a2679e068.jpg,adobo,Adobo,Philippines,train,224,224,,,,,e47cf268591a,
train\adobo\adobo_2cc3015e3788.jpg,D:\Machine Learning project\sea_food_dataset\train\adobo\adobo_2cc3015e3788.jpg,adobo,Adobo,Philippines,train,224,224,,,,,bc6c379a2933,
train\adobo\adobo_2d193db6b463.jpg,D:\Machine Learning project\sea_food_dataset\train\adobo\adobo_2d193db6b463.jpg,adobo,Adobo,Philippines,train,224,224,,,,,10f422b7c0f7,
train\adobo\adobo_2f8e9d91beab.jpg,D:\Machine Learning project\sea_food_dataset\train\adobo\adobo_2f8e9d91beab.jpg,adobo,Adobo,Philippines,train,224,224,,,,,998bcb77f964,
train\adobo\adobo_2fece1e71202.jpg,D:\Machine Learning project\sea_food_dataset\train\adobo\adobo_2fece1e71202.jpg,adobo,Adobo,Philippines,train,224,224,,,,,64ffbaa825f7,
train\adobo\adobo_3051adc209fb.jpg,D:\Machine Learning project\sea_food_dataset\train\adobo\adobo_3051adc209fb.jpg,adobo,Adobo,Philippines,train,224,224,,,,,c08673e13502,
train\adobo\adobo_30cccc27d620.jpg,D:\Machine Learning project\sea_food_dataset\train\adobo\adobo_30cccc27d620.jpg,adobo,Adobo,Philippines,train,224,224,,,,,62e46301dba6,
train\adobo\adobo_320f927f121d.jpg,D:\Machine Learning project\sea_food_dataset\train\adobo\adobo_320f927f121d.jpg,adobo,Adobo,Philippines,train,224,224,,,,,06ebba3e6562,
train\adobo\adobo_326a7524e1aa.jpg,D:\Machine Learning project\sea_food_dataset\train\adobo\adobo_326a7524e1aa.jpg,adobo,Adobo,Philippines,train,224,224,,,,,dc4fccc6b82a,
train\adobo\adobo_343550c68511.jpg,D:\Machine Learning project\sea_food_dataset\train\adobo\adobo_343550c68511.jpg,adobo,Adobo,Philippines,train,224,224,,,,,511bff8f82ab,
train\adobo\adobo_363b2862842e.jpg,D:\Machine Learning project\sea_food_dataset\train\adobo\adobo_363b2862842e.jpg,adobo,Adobo,Philippines,train,224,224,,,,,a21ef3d1f289,
train\adobo\adobo_368de6b70d6e.jpg,D:\Machine Learning project\sea_food_dataset\train\adobo\adobo_368de6b70d6e.jpg,adobo,Adobo,Philippines,train,224,224,,,,,41d188c6ffce,
train\adobo\adobo_36c697145129.jpg,D:\Machine Learning project\sea_food_dataset\train\adobo\adobo_36c697145129.jpg,adobo,Adobo,Philippines,train,224,224,,,,,c5fa0810ea99,
train\adobo\adobo_36c98d31ad7f.jpg,D:\Machine Learning project\sea_food_dataset\train\adobo\adobo_36c98d31ad7f.jpg,adobo,Adobo,Philippines,train,224,224,,,,,b502503970b0,
train\adobo\adobo_36fead00a2b6.jpg,D:\Machine Learning project\sea_food_dataset\train\adobo\adobo_36fead00a2b6.jpg,adobo,Adobo,Philippines,train,224,224,,,,,83cf56a69140,
train\adobo\adobo_37f54557b2ca.jpg,D:\Machine Learning project\sea_food_dataset\train\adobo\adobo_37f54557b2ca.jpg,adobo,Adobo,Philippines,train,224,224,,,,,46a84e09ce10,
train\adobo\adobo_38d92c6b5f4c.jpg,D:\Machine Learning project\sea_food_dataset\train\adobo\adobo_38d92c6b5f4c.jpg,adobo,Adobo,Philippines,train,224,224,,,,,92812f6e0201,
train\adobo\adobo_394a9fc2be39.jpg,D:\Machine Learning project\sea_food_dataset\train\adobo\adobo_394a9fc2be39.jpg,adobo,Adobo,Philippines,train,224,224,,,,,d89aedefbd6d,
train\adobo\adobo_3aa2d5a07fa3.jpg,D:\Machine Learning project\sea_food_dataset\train\adobo\adobo_3aa2d5a07fa3.jpg,adobo,Adobo,Philippines,train,224,224,,,,,9f01cfc856a0,
train\adobo\adobo_3af2b2c689b4.jpg,D:\Machine Learning project\sea_food_dataset\train\adobo\adobo_3af2b2c689b4.jpg,adobo,Adobo,Philippines,train,224,224,,,,,ba3ad640fb97,
train\adobo\adobo_3c3c43f5dda4.jpg,D:\Machine Learning project\sea_food_dataset\train\adobo\adobo_3c3c43f5dda4.jpg,adobo,Adobo,Philippines,train,224,224,,,,,708bca76f047,
train\adobo\adobo_3d171eb7d67f.jpg,D:\Machine Learning project\sea_food_dataset\train\adobo\adobo_3d171eb7d67f.jpg,adobo,Adobo,Philippines,train,224,224,,,,,b905c7b358f6,
train\adobo\adobo_3df1caa22bd4.jpg,D:\Machine Learning project\sea_food_dataset\train\adobo\adobo_3df1caa22bd4.jpg,adobo,Adobo,Philippines,train,224,224,,,,,0e151790e56d,
train\adobo\adobo_3e64c20653f0.jpg,D:\Machine Learning project\sea_food_dataset\train\adobo\adobo_3e64c20653f0.jpg,adobo,Adobo,Philippines,train,224,224,,,,,856f83fca3b5,
train\adobo\adobo_3edaf06daa61.jpg,D:\Machine Learning project\sea_food_dataset\train\adobo\adobo_3edaf06daa61.jpg,adobo,Adobo,Philippines,train,224,224,,,,,07658be3e359,
train\adobo\adobo_4181270cf631.jpg,D:\Machine Learning project\sea_food_dataset\train\adobo\adobo_4181270cf631.jpg,adobo,Adobo,Philippines,train,224,224,,,,,38ff83c61c53,
train\adobo\adobo_4317c7a6b7b6.jpg,D:\Machine Learning project\sea_food_dataset\train\adobo\adobo_4317c7a6b7b6.jpg,adobo,Adobo,Philippines,train,224,224,,,,,0d3994218677,
train\adobo\adobo_43e72ea55fee.jpg,D:\Machine Learning project\sea_food_dataset\train\adobo\adobo_43e72ea55fee.jpg,adobo,Adobo,Philippines,train,224,224,,,,,bff00b9acd9d,
train\adobo\adobo_4418db87c0f7.jpg,D:\Machine Learning project\sea_food_dataset\train\adobo\adobo_4418db87c0f7.jpg,adobo,Adobo,Philippines,train,224,224,,,,,971f2090a9e8,
train\adobo\adobo_4446027f5ecf.jpg,D:\Machine Learning project\sea_food_dataset\train\adobo\adobo_4446027f5ecf.jpg,adobo,Adobo,Philippines,train,224,224,,,,,0f31fd768481,
train\adobo\adobo_4545824de346.jpg,D:\Machine Learning project\sea_food_dataset\train\adobo\adobo_4545824de346.jpg,adobo,Adobo,Philippines,train,224,224,,,,,14244b76f9d0,
train\adobo\adobo_45dd7bcb6b65.jpg,D:\Machine Learning project\sea_food_dataset\train\adobo\adobo_45dd7bcb6b65.jpg,adobo,Adobo,Philippines,train,224,224,,,,,87aaedb7f634,
train\adobo\adobo_46d0870da382.jpg,D:\Machine Learning project\sea_food_dataset\train\adobo\adobo_46d0870da382.jpg,adobo,Adobo,Philippines,train,224,224,,,,,b3fe30ddae2a,
train\adobo\adobo_46f16a2abc91.jpg,D:\Machine Learning project\sea_food_dataset\train\adobo\adobo_46f16a2abc91.jpg,adobo,Adobo,Philippines,train,224,224,,,,,861de5b83976,
train\adobo\adobo_46fa50409b4c.jpg,D:\Machine Learning project\sea_food_dataset\train\adobo\adobo_46fa50409b4c.jpg,adobo,Adobo,Philippines,train,224,224,,,,,8679b8213f23,
train\adobo\adobo_47730876b3c9.jpg,D:\Machine Learning project\sea_food_dataset\train\adobo\adobo_47730876b3c9.jpg,adobo,Adobo,Philippines,train,224,224,,,,,3e595bdf534a,
train\adobo\adobo_4a63d87bbc45.jpg,D:\Machine Learning project\sea_food_dataset\train\adobo\adobo_4a63d87bbc45.jpg,adobo,Adobo,Philippines,train,224,224,,,,,137a47199cdb,
train\adobo\adobo_4a728a75c97f.jpg,D:\Machine Learning project\sea_food_dataset\train\adobo\adobo_4a728a75c97f.jpg,adobo,Adobo,Philippines,train,224,224,,,,,6bd42d5937fa,
train\adobo\adobo_4b57d42bc768.jpg,D:\Machine Learning project\sea_food_dataset\train\adobo\adobo_4b57d42bc768.jpg,adobo,Adobo,Philippines,train,224,224,,,,,2f7c85901048,
train\adobo\adobo_4b9843be7440.jpg,D:\Machine Learning project\sea_food_dataset\train\adobo\adobo_4b9843be7440.jpg,adobo,Adobo,Philippines,train,224,224,,,,,1c474cf843ee,
train\adobo\adobo_4bceab385495.jpg,D:\Machine Learning project\sea_food_dataset\train\adobo\adobo_4bceab385495.jpg,adobo,Adobo,Philippines,train,224,224,,,,,6a14a0d8d261,
train\adobo\adobo_4c5a3c3fec6f.jpg,D:\Machine Learning project\sea_food_dataset\train\adobo\adobo_4c5a3c3fec6f.jpg,adobo,Adobo,Philippines,train,224,224,,,,,2f73ef0582f8,
train\adobo\adobo_4cd799620fc3.jpg,D:\Machine Learning project\sea_food_dataset\train\adobo\adobo_4cd799620fc3.jpg,adobo,Adobo,Philippines,train,224,224,,,,,861c62d5e2fd,
train\adobo\adobo_4de956af995e.jpg,D:\Machine Learning project\sea_food_dataset\train\adobo\adobo_4de956af995e.jpg,adobo,Adobo,Philippines,train,224,224,,,,,afa315665d02,
train\adobo\adobo_4e098aa633a4.jpg,D:\Machine Learning project\sea_food_dataset\train\adobo\adobo_4e098aa633a4.jpg,adobo,Adobo,Philippines,train,224,224,,,,,da0a605be081,
train\adobo\adobo_4e4c94da82f3.jpg,D:\Machine Learning project\sea_food_dataset\train\adobo\adobo_4e4c94da82f3.jpg,adobo,Adobo,Philippines,train,224,224,,,,,d0ead6d96f68,
train\adobo\adobo_50cfbb0e3cff.jpg,D:\Machine Learning project\sea_food_dataset\train\adobo\adobo_50cfbb0e3cff.jpg,adobo,Adobo,Philippines,train,224,224,,,,,b3165d11aa35,
train\adobo\adobo_5189892ebcbf.jpg,D:\Machine Learning project\sea_food_dataset\train\adobo\adobo_5189892ebcbf.jpg,adobo,Adobo,Philippines,train,224,224,,,,,c9a78ce83486,
train\adobo\adobo_518ee5366784.jpg,D:\Machine Learning project\sea_food_dataset\train\adobo\adobo_518ee5366784.jpg,adobo,Adobo,Philippines,train,224,224,,,,,b93120be345c,
train\adobo\adobo_5194816c6c2b.jpg,D:\Machine Learning project\sea_food_dataset\train\adobo\adobo_5194816c6c2b.jpg,adobo,Adobo,Philippines,train,224,224,,,,,b432f8d883bd,
train\adobo\adobo_51b5b1a3ed26.jpg,D:\Machine Learning project\sea_food_dataset\train\adobo\adobo_51b5b1a3ed26.jpg,adobo,Adobo,Philippines,train,224,224,,,,,a0cd5c6eac70,
train\adobo\adobo_529600c57f59.jpg,D:\Machine Learning project\sea_food_dataset\train\adobo\adobo_529600c57f59.jpg,adobo,Adobo,Philippines,train,224,224,,,,,4e766cda9fb3,
train\adobo\adobo_52e9e124fd69.jpg,D:\Machine Learning project\sea_food_dataset\train\adobo\adobo_52e9e124fd69.jpg,adobo,Adobo,Philippines,train,224,224,,,,,cad0ed038309,
train\adobo\adobo_5300caf96bd7.jpg,D:\Machine Learning project\sea_food_dataset\train\adobo\adobo_5300caf96bd7.jpg,adobo,Adobo,Philippines,train,224,224,,,,,2090ec138324,
train\adobo\adobo_55211248c169.jpg,D:\Machine Learning project\sea_food_dataset\train\adobo\adobo_55211248c169.jpg,adobo,Adobo,Philippines,train,224,224,,,,,569c6ee2f164,
train\adobo\adobo_5553b6a83705.jpg,D:\Machine Learning project\sea_food_dataset\train\adobo\adobo_5553b6a83705.jpg,adobo,Adobo,Philippines,train,224,224,,,,,41ea71c6bb38,
train\adobo\adobo_55850a0d1207.jpg,D:\Machine Learning project\sea_food_dataset\train\adobo\adobo_55850a0d1207.jpg,adobo,Adobo,Philippines,train,224,224,,,,,bed0a00776ee,
train\adobo\adobo_56a244ca5277.jpg,D:\Machine Learning project\sea_food_dataset\train\adobo\adobo_56a244ca5277.jpg,adobo,Adobo,Philippines,train,224,224,,,,,37c43f24a2d8,
train\adobo\adobo_571201149aae.jpg,D:\Machine Learning project\sea_food_dataset\train\adobo\adobo_571201149aae.jpg,adobo,Adobo,Philippines,train,224,224,,,,,e937f90a8c6d,
train\adobo\adobo_5782a0159bdc.jpg,D:\Machine Learning project\sea_food_dataset\train\adobo\adobo_5782a0159bdc.jpg,adobo,Adobo,Philippines,train,224,224,,,,,c59ace2efa4f,
train\adobo\adobo_58a00bc756bc.jpg,D:\Machine Learning project\sea_food_dataset\train\adobo\adobo_58a00bc756bc.jpg,adobo,Adobo,Philippines,train,224,224,,,,,2697a8949fae,
train\adobo\adobo_59aca3b6b5c1.jpg,D:\Machine Learning project\sea_food_dataset\train\adobo\adobo_59aca3b6b5c1.jpg,adobo,Adobo,Philippines,train,224,224,,,,,f864dd14684f,
train\adobo\adobo_59dd32edb66c.jpg,D:\Machine Learning project\sea_food_dataset\train\adobo\adobo_59dd32edb66c.jpg,adobo,Adobo,Philippines,train,224,224,,,,,87f614858e75,
train\adobo\adobo_5b57395d3e81.jpg,D:\Machine Learning project\sea_food_dataset\train\adobo\adobo_5b57395d3e81.jpg,adobo,Adobo,Philippines,train,224,224,,,,,6e623fa27d9c,
train\adobo\adobo_5b5a0ec502bb.jpg,D:\Machine Learning project\sea_food_dataset\train\adobo\adobo_5b5a0ec502bb.jpg,adobo,Adobo,Philippines,train,224,224,,,,,3850d85263f3,
train\adobo\adobo_5bc596ad62c4.jpg,D:\Machine Learning project\sea_food_dataset\train\adobo\adobo_5bc596ad62c4.jpg,adobo,Adobo,Philippines,train,224,224,,,,,16f8a8b7a4db,
train\adobo\adobo_5d5f508f90c7.jpg,D:\Machine Learning project\sea_food_dataset\train\adobo\adobo_5d5f508f90c7.jpg,adobo,Adobo,Philippines,train,224,224,,,,,71619e7e1057,
train\adobo\adobo_5f1769e346cf.jpg,D:\Machine Learning project\sea_food_dataset\train\adobo\adobo_5f1769e346cf.jpg,adobo,Adobo,Philippines,train,224,224,,,,,1e4732dfa8dd,
train\adobo\adobo_5f8f120f1c92.jpg,D:\Machine Learning project\sea_food_dataset\train\adobo\adobo_5f8f120f1c92.jpg,adobo,Adobo,Philippines,train,224,224,,,,,6267549b07b0,
train\adobo\adobo_5fb53cfbb55a.jpg,D:\Machine Learning project\sea_food_dataset\train\adobo\adobo_5fb53cfbb55a.jpg,adobo,Adobo,Philippines,train,224,224,,,,,0e485a7be035,
train\adobo\adobo_608ddb6cca6a.jpg,D:\Machine Learning project\sea_food_dataset\train\adobo\adobo_608ddb6cca6a.jpg,adobo,Adobo,Philippines,train,224,224,,,,,ae622ca69914,
train\adobo\adobo_60a3fade50f4.jpg,D:\Machine Learning project\sea_food_dataset\train\adobo\adobo_60a3fade50f4.jpg,adobo,Adobo,Philippines,train,224,224,,,,,25749feadbf6,
train\adobo\adobo_60df24f7df53.jpg,D:\Machine Learning project\sea_food_dataset\train\adobo\adobo_60df24f7df53.jpg,adobo,Adobo,Philippines,train,224,224,,,,,acb75a5128b2,
train\adobo\adobo_6198e30a4ff1.jpg,D:\Machine Learning project\sea_food_dataset\train\adobo\adobo_6198e30a4ff1.jpg,adobo,Adobo,Philippines,train,224,224,,,,,31f50348e67a,
train\adobo\adobo_61d181f26207.jpg,D:\Machine Learning project\sea_food_dataset\train\adobo\adobo_61d181f26207.jpg,adobo,Adobo,Philippines,train,224,224,,,,,a0379a30b3d3,
train\adobo\adobo_63771f633d64.jpg,D:\Machine Learning project\sea_food_dataset\train\adobo\adobo_63771f633d64.jpg,adobo,Adobo,Philippines,train,224,224,,,,,d3294d68be7f,
train\adobo\adobo_637bbda5cb80.jpg,D:\Machine Learning project\sea_food_dataset\train\adobo\adobo_637bbda5cb80.jpg,adobo,Adobo,Philippines,train,224,224,,,,,9fde04b6b1a3,
train\adobo\adobo_63d990494742.jpg,D:\Machine Learning project\sea_food_dataset\train\adobo\adobo_63d990494742.jpg,adobo,Adobo,Philippines,train,224,224,,,,,e6f172b46ab8,
train\adobo\adobo_63f4b3bfd84a.jpg,D:\Machine Learning project\sea_food_dataset\train\adobo\adobo_63f4b3bfd84a.jpg,adobo,Adobo,Philippines,train,224,224,,,,,acae27aeef6a,
train\adobo\adobo_645b0946d3d4.jpg,D:\Machine Learning project\sea_food_dataset\train\adobo\adobo_645b0946d3d4.jpg,adobo,Adobo,Philippines,train,224,224,,,,,99514e4f35a1,
train\adobo\adobo_6926a461c28e.jpg,D:\Machine Learning project\sea_food_dataset\train\adobo\adobo_6926a461c28e.jpg,adobo,Adobo,Philippines,train,224,224,,,,,de491c311064,
train\adobo\adobo_6998ba76bf8b.jpg,D:\Machine Learning project\sea_food_dataset\train\adobo\adobo_6998ba76bf8b.jpg,adobo,Adobo,Philippines,train,224,224,,,,,8e807b13daff,
train\adobo\adobo_699c3bb36a33.jpg,D:\Machine Learning project\sea_food_dataset\train\adobo\adobo_699c3bb36a33.jpg,adobo,Adobo,Philippines,train,224,224,,,,,d3b462c45294,
train\adobo\adobo_69e7719c1fd6.jpg,D:\Machine Learning project\sea_food_dataset\train\adobo\adobo_69e7719c1fd6.jpg,adobo,Adobo,Philippines,train,224,224,,,,,3a514afb5071,
train\adobo\adobo_6a6c1e5f2cc8.jpg,D:\Machine Learning project\sea_food_dataset\train\adobo\adobo_6a6c1e5f2cc8.jpg,adobo,Adobo,Philippines,train,224,224,,,,,94c3d789ddae,
train\adobo\adobo_6b3ce9e95e53.jpg,D:\Machine Learning project\sea_food_dataset\train\adobo\adobo_6b3ce9e95e53.jpg,adobo,Adobo,Philippines,train,224,224,,,,,5677ea1a3f8c,
train\adobo\adobo_6be9106c2ce3.jpg,D:\Machine Learning project\sea_food_dataset\train\adobo\adobo_6be9106c2ce3.jpg,adobo,Adobo,Philippines,train,224,224,,,,,c991b70a731e,
train\adobo\adobo_6c6921c6194a.jpg,D:\Machine Learning project\sea_food_dataset\train\adobo\adobo_6c6921c6194a.jpg,adobo,Adobo,Philippines,train,224,224,,,,,3f362433352a,
train\adobo\adobo_6d764a2b1dc7.jpg,D:\Machine Learning project\sea_food_dataset\train\adobo\adobo_6d764a2b1dc7.jpg,adobo,Adobo,Philippines,train,224,224,,,,,8ed6f9aa50a6,
train\adobo\adobo_6da29bfe3f43.jpg,D:\Machine Learning project\sea_food_dataset\train\adobo\adobo_6da29bfe3f43.jpg,adobo,Adobo,Philippines,train,224,224,,,,,dea38671a0ad,
train\adobo\adobo_6df0fd618e0b.jpg,D:\Machine Learning project\sea_food_dataset\train\adobo\adobo_6df0fd618e0b.jpg,adobo,Adobo,Philippines,train,224,224,,,,,a2fb8bfb1319,
train\adobo\adobo_6e990a37cfd0.jpg,D:\Machine Learning project\sea_food_dataset\train\adobo\adobo_6e990a37cfd0.jpg,adobo,Adobo,Philippines,train,224,224,,,,,224608602d2a,
train\adobo\adobo_6e9e7274d273.jpg,D:\Machine Learning project\sea_food_dataset\train\adobo\adobo_6e9e7274d273.jpg,adobo,Adobo,Philippines,train,224,224,,,,,4b7202047b68,
train\adobo\adobo_6ede4afda16e.jpg,D:\Machine Learning project\sea_food_dataset\train\adobo\adobo_6ede4afda16e.jpg,adobo,Adobo,Philippines,train,224,224,,,,,0919c920a898,
train\adobo\adobo_6f37a18a86bf.jpg,D:\Machine Learning project\sea_food_dataset\train\adobo\adobo_6f37a18a86bf.jpg,adobo,Adobo,Philippines,train,224,224,,,,,e1f55fefee3b,
train\adobo\adobo_6f5c426aaa9a.jpg,D:\Machine Learning project\sea_food_dataset\train\adobo\adobo_6f5c426aaa9a.jpg,adobo,Adobo,Philippines,train,224,224,,,,,ffbc7b2482f0,
train\adobo\adobo_6f78eb3a7154.jpg,D:\Machine Learning project\sea_food_dataset\train\adobo\adobo_6f78eb3a7154.jpg,adobo,Adobo,Philippines,train,224,224,,,,,23d13145fb95,
train\adobo\adobo_7057813ec62b.jpg,D:\Machine Learning project\sea_food_dataset\train\adobo\adobo_7057813ec62b.jpg,adobo,Adobo,Philippines,train,224,224,,,,,a3c34411b55c,
train\adobo\adobo_711091454431.jpg,D:\Machine Learning project\sea_food_dataset\train\adobo\adobo_711091454431.jpg,adobo,Adobo,Philippines,train,224,224,,,,,8d5fff57166d,
train\adobo\adobo_7134976bf812.jpg,D:\Machine Learning project\sea_food_dataset\train\adobo\adobo_7134976bf812.jpg,adobo,Adobo,Philippines,train,224,224,,,,,769e678a240b,
train\adobo\adobo_71c15db01c7b.jpg,D:\Machine Learning project\sea_food_dataset\train\adobo\adobo_71c15db01c7b.jpg,adobo,Adobo,Philippines,train,224,224,,,,,65eaaf694906,
train\adobo\adobo_7250302770d1.jpg,D:\Machine Learning project\sea_food_dataset\train\adobo\adobo_7250302770d1.jpg,adobo,Adobo,Philippines,train,224,224,,,,,c33899383e75,
train\adobo\adobo_72deb51f6dfc.jpg,D:\Machine Learning project\sea_food_dataset\train\adobo\adobo_72deb51f6dfc.jpg,adobo,Adobo,Philippines,train,224,224,,,,,e3fc0da5a58b,
train\adobo\adobo_72f3f56ee8eb.jpg,D:\Machine Learning project\sea_food_dataset\train\adobo\adobo_72f3f56ee8eb.jpg,adobo,Adobo,Philippines,train,224,224,,,,,7fae79046acf,
train\adobo\adobo_73956b928da3.jpg,D:\Machine Learning project\sea_food_dataset\train\adobo\adobo_73956b928da3.jpg,adobo,Adobo,Philippines,train,224,224,,,,,157b3a316ef5,
train\adobo\adobo_740af04d0148.jpg,D:\Machine Learning project\sea_food_dataset\train\adobo\adobo_740af04d0148.jpg,adobo,Adobo,Philippines,train,224,224,,,,,73a72c091058,
train\adobo\adobo_762530fa24b7.jpg,D:\Machine Learning project\sea_food_dataset\train\adobo\adobo_762530fa24b7.jpg,adobo,Adobo,Philippines,train,224,224,,,,,79d854c373a4,
train\adobo\adobo_792d84289a89.jpg,D:\Machine Learning project\sea_food_dataset\train\adobo\adobo_792d84289a89.jpg,adobo,Adobo,Philippines,train,224,224,,,,,6988b355c50c,
train\adobo\adobo_7a397a07878d.jpg,D:\Machine Learning project\sea_food_dataset\train\adobo\adobo_7a397a07878d.jpg,adobo,Adobo,Philippines,train,224,224,,,,,9bcffd8be0be,
train\adobo\adobo_7c87dfde8263.jpg,D:\Machine Learning project\sea_food_dataset\train\adobo\adobo_7c87dfde8263.jpg,adobo,Adobo,Philippines,train,224,224,,,,,3c4409f198d6,
train\adobo\adobo_7d1440dd052a.jpg,D:\Machine Learning project\sea_food_dataset\train\adobo\adobo_7d1440dd052a.jpg,adobo,Adobo,Philippines,train,224,224,,,,,7e8904c90009,
train\adobo\adobo_7d7d05a65b73.jpg,D:\Machine Learning project\sea_food_dataset\train\adobo\adobo_7d7d05a65b73.jpg,adobo,Adobo,Philippines,train,224,224,,,,,cf4d547bbe47,
train\adobo\adobo_7d9a738f6b59.jpg,D:\Machine Learning project\sea_food_dataset\train\adobo\adobo_7d9a738f6b59.jpg,adobo,Adobo,Philippines,train,224,224,,,,,2ef6e1330ae5,
train\adobo\adobo_7fca564eb65c.jpg,D:\Machine Learning project\sea_food_dataset\train\adobo\adobo_7fca564eb65c.jpg,adobo,Adobo,Philippines,train,224,224,,,,,0b9673a37bf4,
train\adobo\adobo_807ef964f3f7.jpg,D:\Machine Learning project\sea_food_dataset\train\adobo\adobo_807ef964f3f7.jpg,adobo,Adobo,Philippines,train,224,224,,,,,7ccdfc1c24d5,
train\adobo\adobo_8086577ece0e.jpg,D:\Machine Learning project\sea_food_dataset\train\adobo\adobo_8086577ece0e.jpg,adobo,Adobo,Philippines,train,224,224,,,,,5d7c9fd90a47,
train\adobo\adobo_8263e0aaf65d.jpg,D:\Machine Learning project\sea_food_dataset\train\adobo\adobo_8263e0aaf65d.jpg,adobo,Adobo,Philippines,train,224,224,,,,,0bda3dad0925,
train\adobo\adobo_8280154b93f9.jpg,D:\Machine Learning project\sea_food_dataset\train\adobo\adobo_8280154b93f9.jpg,adobo,Adobo,Philippines,train,224,224,,,,,d55c0576f6ad,
train\adobo\adobo_836057f8bcf8.jpg,D:\Machine Learning project\sea_food_dataset\train\adobo\adobo_836057f8bcf8.jpg,adobo,Adobo,Philippines,train,224,224,,,,,3892c5b4c672,
train\adobo\adobo_8587be9e8b7e.jpg,D:\Machine Learning project\sea_food_dataset\train\adobo\adobo_8587be9e8b7e.jpg,adobo,Adobo,Philippines,train,224,224,,,,,5b94c8271898,
train\adobo\adobo_869dce6ee978.jpg,D:\Machine Learning project\sea_food_dataset\train\adobo\adobo_869dce6ee978.jpg,adobo,Adobo,Philippines,train,224,224,,,,,2ef985ec55ed,
train\adobo\adobo_86db7a42afe6.jpg,D:\Machine Learning project\sea_food_dataset\train\adobo\adobo_86db7a42afe6.jpg,adobo,Adobo,Philippines,train,224,224,,,,,9b7d48fc22eb,
train\adobo\adobo_874854866d13.jpg,D:\Machine Learning project\sea_food_dataset\train\adobo\adobo_874854866d13.jpg,adobo,Adobo,Philippines,train,224,224,,,,,ca35907c33f9,
train\adobo\adobo_883c866b7bba.jpg,D:\Machine Learning project\sea_food_dataset\train\adobo\adobo_883c866b7bba.jpg,adobo,Adobo,Philippines,train,224,224,,,,,8962e4d8d297,
train\adobo\adobo_890e1929fe9f.jpg,D:\Machine Learning project\sea_food_dataset\train\adobo\adobo_890e1929fe9f.jpg,adobo,Adobo,Philippines,train,224,224,,,,,ad833d35e4ca,
train\adobo\adobo_8ad0a9c9b953.jpg,D:\Machine Learning project\sea_food_dataset\train\adobo\adobo_8ad0a9c9b953.jpg,adobo,Adobo,Philippines,train,224,224,,,,,aee34c8c4100,
train\adobo\adobo_8bd35113536f.jpg,D:\Machine Learning project\sea_food_dataset\train\adobo\adobo_8bd35113536f.jpg,adobo,Adobo,Philippines,train,224,224,,,,,e64c0ea7f2f3,
train\adobo\adobo_8bdbe43418d8.jpg,D:\Machine Learning project\sea_food_dataset\train\adobo\adobo_8bdbe43418d8.jpg,adobo,Adobo,Philippines,train,224,224,,,,,a4c978351608,
train\adobo\adobo_8c2eac4a4b87.jpg,D:\Machine Learning project\sea_food_dataset\train\adobo\adobo_8c2eac4a4b87.jpg,adobo,Adobo,Philippines,train,224,224,,,,,67a6dbfd5605,
train\adobo\adobo_8f6796ad1e78.jpg,D:\Machine Learning project\sea_food_dataset\train\adobo\adobo_8f6796ad1e78.jpg,adobo,Adobo,Philippines,train,224,224,,,,,d286fe5e323c,
train\adobo\adobo_91ee1a52f8ea.jpg,D:\Machine Learning project\sea_food_dataset\train\adobo\adobo_91ee1a52f8ea.jpg,adobo,Adobo,Philippines,train,224,224,,,,,3c19579eb4a2,
train\adobo\adobo_92442f8688e9.jpg,D:\Machine Learning project\sea_food_dataset\train\adobo\adobo_92442f8688e9.jpg,adobo,Adobo,Philippines,train,224,224,,,,,6d8a57eb78e2,
train\adobo\adobo_93ab149ee19a.jpg,D:\Machine Learning project\sea_food_dataset\train\adobo\adobo_93ab149ee19a.jpg,adobo,Adobo,Philippines,train,224,224,,,,,1a54363efd1f,
train\adobo\adobo_977c589e6e00.jpg,D:\Machine Learning project\sea_food_dataset\train\adobo\adobo_977c589e6e00.jpg,adobo,Adobo,Philippines,train,224,224,,,,,bc2615e4ea60,
train\adobo\adobo_99deb6679a4b.jpg,D:\Machine Learning project\sea_food_dataset\train\adobo\adobo_99deb6679a4b.jpg,adobo,Adobo,Philippines,train,224,224,,,,,5d1c50658368,
train\adobo\adobo_9a28a5e3a179.jpg,D:\Machine Learning project\sea_food_dataset\train\adobo\adobo_9a28a5e3a179.jpg,adobo,Adobo,Philippines,train,224,224,,,,,15b297902ca2,
train\adobo\adobo_9ab6da3268ae.jpg,D:\Machine Learning project\sea_food_dataset\train\adobo\adobo_9ab6da3268ae.jpg,adobo,Adobo,Philippines,train,224,224,,,,,a227ba2ed464,
train\adobo\adobo_9abb849ea870.jpg,D:\Machine Learning project\sea_food_dataset\train\adobo\adobo_9abb849ea870.jpg,adobo,Adobo,Philippines,train,224,224,,,,,0c7b8ff80b82,
train\adobo\adobo_9b3a8cb40c7d.jpg,D:\Machine Learning project\sea_food_dataset\train\adobo\adobo_9b3a8cb40c7d.jpg,adobo,Adobo,Philippines,train,224,224,,,,,9363ff43eb00,
train\adobo\adobo_9c3c7d94735e.jpg,D:\Machine Learning project\sea_food_dataset\train\adobo\adobo_9c3c7d94735e.jpg,adobo,Adobo,Philippines,train,224,224,,,,,d253832758c9,
train\adobo\adobo_9c4df4b779fc.jpg,D:\Machine Learning project\sea_food_dataset\train\adobo\adobo_9c4df4b779fc.jpg,adobo,Adobo,Philippines,train,224,224,,,,,9dd43cad2f87,
train\adobo\adobo_9d347e026b3e.jpg,D:\Machine Learning project\sea_food_dataset\train\adobo\adobo_9d347e026b3e.jpg,adobo,Adobo,Philippines,train,224,224,,,,,2f9794192d99,
train\adobo\adobo_9df70bad7498.jpg,D:\Machine Learning project\sea_food_dataset\train\adobo\adobo_9df70bad7498.jpg,adobo,Adobo,Philippines,train,224,224,,,,,8a180019d85b,
train\adobo\adobo_9e75a4d17838.jpg,D:\Machine Learning project\sea_food_dataset\train\adobo\adobo_9e75a4d17838.jpg,adobo,Adobo,Philippines,train,224,224,,,,,0fe75104e4a7,
train\adobo\adobo_9f5368547dee.jpg,D:\Machine Learning project\sea_food_dataset\train\adobo\adobo_9f5368547dee.jpg,adobo,Adobo,Philippines,train,224,224,,,,,7ddee8bdcad1,
train\adobo\adobo_9fedd979bda7.jpg,D:\Machine Learning project\sea_food_dataset\train\adobo\adobo_9fedd979bda7.jpg,adobo,Adobo,Philippines,train,224,224,,,,,2101d4fa30f3,
train\adobo\adobo_a021c9bf8cbf.jpg,D:\Machine Learning project\sea_food_dataset\train\adobo\adobo_a021c9bf8cbf.jpg,adobo,Adobo,Philippines,train,224,224,,,,,f27df3ecaa2c,
train\adobo\adobo_a147e30ac901.jpg,D:\Machine Learning project\sea_food_dataset\train\adobo\adobo_a147e30ac901.jpg,adobo,Adobo,Philippines,train,224,224,,,,,28a647e7969e,
train\adobo\adobo_a149898618c7.jpg,D:\Machine Learning project\sea_food_dataset\train\adobo\adobo_a149898618c7.jpg,adobo,Adobo,Philippines,train,224,224,,,,,79cba93f0116,
train\adobo\adobo_a14d39338418.jpg,D:\Machine Learning project\sea_food_dataset\train\adobo\adobo_a14d39338418.jpg,adobo,Adobo,Philippines,train,224,224,,,,,e3664a5a8ba4,
train\adobo\adobo_a1633d35cff6.jpg,D:\Machine Learning project\sea_food_dataset\train\adobo\adobo_a1633d35cff6.jpg,adobo,Adobo,Philippines,train,224,224,,,,,557c281d6dd8,
train\adobo\adobo_a207f1ab2c5f.jpg,D:\Machine Learning project\sea_food_dataset\train\adobo\adobo_a207f1ab2c5f.jpg,adobo,Adobo,Philippines,train,224,224,,,,,d70d803b9534,
train\adobo\adobo_a296cacd5336.jpg,D:\Machine Learning project\sea_food_dataset\train\adobo\adobo_a296cacd5336.jpg,adobo,Adobo,Philippines,train,224,224,,,,,c89e6fc0a14b,
train\adobo\adobo_a3c023894b1e.jpg,D:\Machine Learning project\sea_food_dataset\train\adobo\adobo_a3c023894b1e.jpg,adobo,Adobo,Philippines,train,224,224,,,,,50ea3c30f6ba,
train\adobo\adobo_a4f1512c0c42.jpg,D:\Machine Learning project\sea_food_dataset\train\adobo\adobo_a4f1512c0c42.jpg,adobo,Adobo,Philippines,train,224,224,,,,,07e2255d6dbf,
train\adobo\adobo_a6bdc8be276d.jpg,D:\Machine Learning project\sea_food_dataset\train\adobo\adobo_a6bdc8be276d.jpg,adobo,Adobo,Philippines,train,224,224,,,,,1d87fea0d83e,
train\adobo\adobo_a8c09cb59336.jpg,D:\Machine Learning project\sea_food_dataset\train\adobo\adobo_a8c09cb59336.jpg,adobo,Adobo,Philippines,train,224,224,,,,,ddd68aff5a11,
train\adobo\adobo_a8fc48173c8c.jpg,D:\Machine Learning project\sea_food_dataset\train\adobo\adobo_a8fc48173c8c.jpg,adobo,Adobo,Philippines,train,224,224,,,,,b35373855c67,
train\adobo\adobo_a994f953ead3.jpg,D:\Machine Learning project\sea_food_dataset\train\adobo\adobo_a994f953ead3.jpg,adobo,Adobo,Philippines,train,224,224,,,,,32b521ed70f6,
train\adobo\adobo_aa18e8125fda.jpg,D:\Machine Learning project\sea_food_dataset\train\adobo\adobo_aa18e8125fda.jpg,adobo,Adobo,Philippines,train,224,224,,,,,c1698caa68b9,
train\adobo\adobo_aa76429c4184.jpg,D:\Machine Learning project\sea_food_dataset\train\adobo\adobo_aa76429c4184.jpg,adobo,Adobo,Philippines,train,224,224,,,,,2fe6c5639cdb,
train\adobo\adobo_aad7979753c0.jpg,D:\Machine Learning project\sea_food_dataset\train\adobo\adobo_aad7979753c0.jpg,adobo,Adobo,Philippines,train,224,224,,,,,353144d8906a,
train\adobo\adobo_ab8549ea28cc.jpg,D:\Machine Learning project\sea_food_dataset\train\adobo\adobo_ab8549ea28cc.jpg,adobo,Adobo,Philippines,train,224,224,,,,,e795cc427811,
train\adobo\adobo_abf1c185da10.jpg,D:\Machine Learning project\sea_food_dataset\train\adobo\adobo_abf1c185da10.jpg,adobo,Adobo,Philippines,train,224,224,,,,,4a7faf630066,
train\adobo\adobo_abf36815857e.jpg,D:\Machine Learning project\sea_food_dataset\train\adobo\adobo_abf36815857e.jpg,adobo,Adobo,Philippines,train,224,224,,,,,401b3218b9c7,
train\adobo\adobo_ac8880feff60.jpg,D:\Machine Learning project\sea_food_dataset\train\adobo\adobo_ac8880feff60.jpg,adobo,Adobo,Philippines,train,224,224,,,,,e75cc0803d92,
train\adobo\adobo_aef65ccc3f06.jpg,D:\Machine Learning project\sea_food_dataset\train\adobo\adobo_aef65ccc3f06.jpg,adobo,Adobo,Philippines,train,224,224,,,,,8d4b3b90bf73,
train\adobo\adobo_af46fe5a2e9e.jpg,D:\Machine Learning project\sea_food_dataset\train\adobo\adobo_af46fe5a2e9e.jpg,adobo,Adobo,Philippines,train,224,224,,,,,69ff60f2a69f,
train\adobo\adobo_af6488fabab0.jpg,D:\Machine Learning project\sea_food_dataset\train\adobo\adobo_af6488fabab0.jpg,adobo,Adobo,Philippines,train,224,224,,,,,c95d9a8fa40d,
train\adobo\adobo_b0db724e277d.jpg,D:\Machine Learning project\sea_food_dataset\train\adobo\adobo_b0db724e277d.jpg,adobo,Adobo,Philippines,train,224,224,,,,,5ac120b3cd18,
train\adobo\adobo_b4184b70123e.jpg,D:\Machine Learning project\sea_food_dataset\train\adobo\adobo_b4184b70123e.jpg,adobo,Adobo,Philippines,train,224,224,,,,,e78cb7ae1b9d,
train\adobo\adobo_b5f2d0f9d871.jpg,D:\Machine Learning project\sea_food_dataset\train\adobo\adobo_b5f2d0f9d871.jpg,adobo,Adobo,Philippines,train,224,224,,,,,2a9018e07761,
train\adobo\adobo_b6a4383c00be.jpg,D:\Machine Learning project\sea_food_dataset\train\adobo\adobo_b6a4383c00be.jpg,adobo,Adobo,Philippines,train,224,224,,,,,d62f93359f9e,
train\adobo\adobo_b7c950394c81.jpg,D:\Machine Learning project\sea_food_dataset\train\adobo\adobo_b7c950394c81.jpg,adobo,Adobo,Philippines,train,224,224,,,,,0d960635ba22,
train\adobo\adobo_b81c7a070f72.jpg,D:\Machine Learning project\sea_food_dataset\train\adobo\adobo_b81c7a070f72.jpg,adobo,Adobo,Philippines,train,224,224,,,,,3069a123c6cd,
train\adobo\adobo_b85968af00ce.jpg,D:\Machine Learning project\sea_food_dataset\train\adobo\adobo_b85968af00ce.jpg,adobo,Adobo,Philippines,train,224,224,,,,,5ea078bd472c,
train\adobo\adobo_b85df3beb9b7.jpg,D:\Machine Learning project\sea_food_dataset\train\adobo\adobo_b85df3beb9b7.jpg,adobo,Adobo,Philippines,train,224,224,,,,,66e93917af70,
train\adobo\adobo_b9b058a0e042.jpg,D:\Machine Learning project\sea_food_dataset\train\adobo\adobo_b9b058a0e042.jpg,adobo,Adobo,Philippines,train,224,224,,,,,15dd07d1ff01,
train\adobo\adobo_bba5cee8d21c.jpg,D:\Machine Learning project\sea_food_dataset\train\adobo\adobo_bba5cee8d21c.jpg,adobo,Adobo,Philippines,train,224,224,,,,,af33c58df913,
train\adobo\adobo_bc37437ebc31.jpg,D:\Machine Learning project\sea_food_dataset\train\adobo\adobo_bc37437ebc31.jpg,adobo,Adobo,Philippines,train,224,224,,,,,004a85733878,
train\adobo\adobo_bdd2daa88fa5.jpg,D:\Machine Learning project\sea_food_dataset\train\adobo\adobo_bdd2daa88fa5.jpg,adobo,Adobo,Philippines,train,224,224,,,,,c209bf1cb09c,
train\adobo\adobo_be9c36026780.jpg,D:\Machine Learning project\sea_food_dataset\train\adobo\adobo_be9c36026780.jpg,adobo,Adobo,Philippines,train,224,224,,,,,4c3d850ba97a,
train\adobo\adobo_bea7e24f7db7.jpg,D:\Machine Learning project\sea_food_dataset\train\adobo\adobo_bea7e24f7db7.jpg,adobo,Adobo,Philippines,train,224,224,,,,,dd7185a8bd13,
train\adobo\adobo_bef151c01b79.jpg,D:\Machine Learning project\sea_food_dataset\train\adobo\adobo_bef151c01b79.jpg,adobo,Adobo,Philippines,train,224,224,,,,,b65e8aeed526,
train\adobo\adobo_bf6cd87a9d8e.jpg,D:\Machine Learning project\sea_food_dataset\train\adobo\adobo_bf6cd87a9d8e.jpg,adobo,Adobo,Philippines,train,224,224,,,,,8e6c2bc0df27,
train\adobo\adobo_bf71896430b2.jpg,D:\Machine Learning project\sea_food_dataset\train\adobo\adobo_bf71896430b2.jpg,adobo,Adobo,Philippines,train,224,224,,,,,dcfef65a4b17,
train\adobo\adobo_c0ad16728d22.jpg,D:\Machine Learning project\sea_food_dataset\train\adobo\adobo_c0ad16728d22.jpg,adobo,Adobo,Philippines,train,224,224,,,,,5915c8e94073,
train\adobo\adobo_c12de3a6c40c.jpg,D:\Machine Learning project\sea_food_dataset\train\adobo\adobo_c12de3a6c40c.jpg,adobo,Adobo,Philippines,train,224,224,,,,,456ce25d377c,
train\adobo\adobo_c2b515e1bb24.jpg,D:\Machine Learning project\sea_food_dataset\train\adobo\adobo_c2b515e1bb24.jpg,adobo,Adobo,Philippines,train,224,224,,,,,1bda0b59160a,
train\adobo\adobo_c2d8da03bf4e.jpg,D:\Machine Learning project\sea_food_dataset\train\adobo\adobo_c2d8da03bf4e.jpg,adobo,Adobo,Philippines,train,224,224,,,,,d2a9b6b8cfc9,
train\adobo\adobo_c35ce49cb34e.jpg,D:\Machine Learning project\sea_food_dataset\train\adobo\adobo_c35ce49cb34e.jpg,adobo,Adobo,Philippines,train,224,224,,,,,2c2f70e9ed9c,
train\adobo\adobo_c404a05f0b39.jpg,D:\Machine Learning project\sea_food_dataset\train\adobo\adobo_c404a05f0b39.jpg,adobo,Adobo,Philippines,train,224,224,,,,,85d4cb2a6af6,
train\adobo\adobo_c412739877d1.jpg,D:\Machine Learning project\sea_food_dataset\train\adobo\adobo_c412739877d1.jpg,adobo,Adobo,Philippines,train,224,224,,,,,13e7fb269700,
train\adobo\adobo_c4d69abf5f65.jpg,D:\Machine Learning project\sea_food_dataset\train\adobo\adobo_c4d69abf5f65.jpg,adobo,Adobo,Philippines,train,224,224,,,,,e29389eabe43,
train\adobo\adobo_c5198f19941f.jpg,D:\Machine Learning project\sea_food_dataset\train\adobo\adobo_c5198f19941f.jpg,adobo,Adobo,Philippines,train,224,224,,,,,6e82c660c6a6,
train\adobo\adobo_c67de9dabcc3.jpg,D:\Machine Learning project\sea_food_dataset\train\adobo\adobo_c67de9dabcc3.jpg,adobo,Adobo,Philippines,train,224,224,,,,,02038d74eb00,
train\adobo\adobo_c697cdc6d6b9.jpg,D:\Machine Learning project\sea_food_dataset\train\adobo\adobo_c697cdc6d6b9.jpg,adobo,Adobo,Philippines,train,224,224,,,,,d62e1bda72fa,
train\adobo\adobo_c6cc49657e16.jpg,D:\Machine Learning project\sea_food_dataset\train\adobo\adobo_c6cc49657e16.jpg,adobo,Adobo,Philippines,train,224,224,,,,,8449344c4569,
train\adobo\adobo_c73a76fb7ffe.jpg,D:\Machine Learning project\sea_food_dataset\train\adobo\adobo_c73a76fb7ffe.jpg,adobo,Adobo,Philippines,train,224,224,,,,,fa0261bae1c1,
train\adobo\adobo_c75ae421dacf.jpg,D:\Machine Learning project\sea_food_dataset\train\adobo\adobo_c75ae421dacf.jpg,adobo,Adobo,Philippines,train,224,224,,,,,8282ba9e700e,
train\adobo\adobo_c7a6fee76369.jpg,D:\Machine Learning project\sea_food_dataset\train\adobo\adobo_c7a6fee76369.jpg,adobo,Adobo,Philippines,train,224,224,,,,,4f89b4d757e2,
train\adobo\adobo_c8a2606606a2.jpg,D:\Machine Learning project\sea_food_dataset\train\adobo\adobo_c8a2606606a2.jpg,adobo,Adobo,Philippines,train,224,224,,,,,30dfe74a788f,
train\adobo\adobo_c8b92f62ef3e.jpg,D:\Machine Learning project\sea_food_dataset\train\adobo\adobo_c8b92f62ef3e.jpg,adobo,Adobo,Philippines,train,224,224,,,,,7ba156279e2f,
train\adobo\adobo_ca0ab6055b03.jpg,D:\Machine Learning project\sea_food_dataset\train\adobo\adobo_ca0ab6055b03.jpg,adobo,Adobo,Philippines,train,224,224,,,,,79d06eb8472e,
train\adobo\adobo_ccde2caa9f8d.jpg,D:\Machine Learning project\sea_food_dataset\train\adobo\adobo_ccde2caa9f8d.jpg,adobo,Adobo,Philippines,train,224,224,,,,,c5ff0900d4fe,
train\adobo\adobo_cd7b800b4ef2.jpg,D:\Machine Learning project\sea_food_dataset\train\adobo\adobo_cd7b800b4ef2.jpg,adobo,Adobo,Philippines,train,224,224,,,,,1dcea842ecbc,
train\adobo\adobo_cddb71707576.jpg,D:\Machine Learning project\sea_food_dataset\train\adobo\adobo_cddb71707576.jpg,adobo,Adobo,Philippines,train,224,224,,,,,1edc13fb5a99,
train\adobo\adobo_ced4d7b6c7a4.jpg,D:\Machine Learning project\sea_food_dataset\train\adobo\adobo_ced4d7b6c7a4.jpg,adobo,Adobo,Philippines,train,224,224,,,,,fd98d8294726,
train\adobo\adobo_d5903a8a5dd5.jpg,D:\Machine Learning project\sea_food_dataset\train\adobo\adobo_d5903a8a5dd5.jpg,adobo,Adobo,Philippines,train,224,224,,,,,12266baa7aad,
train\adobo\adobo_d672b410ae0a.jpg,D:\Machine Learning project\sea_food_dataset\train\adobo\adobo_d672b410ae0a.jpg,adobo,Adobo,Philippines,train,224,224,,,,,2524acb6be63,
train\adobo\adobo_d6c1f30d7aec.jpg,D:\Machine Learning project\sea_food_dataset\train\adobo\adobo_d6c1f30d7aec.jpg,adobo,Adobo,Philippines,train,224,224,,,,,14fd9c03edc7,
train\adobo\adobo_d70286370108.jpg,D:\Machine Learning project\sea_food_dataset\train\adobo\adobo_d70286370108.jpg,adobo,Adobo,Philippines,train,224,224,,,,,07eb0fa5f13a,
train\adobo\adobo_d98c4e5bdf07.jpg,D:\Machine Learning project\sea_food_dataset\train\adobo\adobo_d98c4e5bdf07.jpg,adobo,Adobo,Philippines,train,224,224,,,,,53cfcf8b006b,
train\adobo\adobo_da34f425020c.jpg,D:\Machine Learning project\sea_food_dataset\train\adobo\adobo_da34f425020c.jpg,adobo,Adobo,Philippines,train,224,224,,,,,adcd090efdb5,
train\adobo\adobo_da939af08d9b.jpg,D:\Machine Learning project\sea_food_dataset\train\adobo\adobo_da939af08d9b.jpg,adobo,Adobo,Philippines,train,224,224,,,,,f6c62b741f76,
train\adobo\adobo_db3446c73362.jpg,D:\Machine Learning project\sea_food_dataset\train\adobo\adobo_db3446c73362.jpg,adobo,Adobo,Philippines,train,224,224,,,,,7668b3f85eef,
train\adobo\adobo_dbb340edee7f.jpg,D:\Machine Learning project\sea_food_dataset\train\adobo\adobo_dbb340edee7f.jpg,adobo,Adobo,Philippines,train,224,224,,,,,caac23f121df,
train\adobo\adobo_dbf591d97ce3.jpg,D:\Machine Learning project\sea_food_dataset\train\adobo\adobo_dbf591d97ce3.jpg,adobo,Adobo,Philippines,train,224,224,,,,,16c3efd8c917,
train\adobo\adobo_dc656d3513fe.jpg,D:\Machine Learning project\sea_food_dataset\train\adobo\adobo_dc656d3513fe.jpg,adobo,Adobo,Philippines,train,224,224,,,,,477c2cd7c9bc,
train\adobo\adobo_dd0f2c7e1e62.jpg,D:\Machine Learning project\sea_food_dataset\train\adobo\adobo_dd0f2c7e1e62.jpg,adobo,Adobo,Philippines,train,224,224,,,,,d508a1c8e023,
train\adobo\adobo_deae0099f417.jpg,D:\Machine Learning project\sea_food_dataset\train\adobo\adobo_deae0099f417.jpg,adobo,Adobo,Philippines,train,224,224,,,,,8d28f9ef1ec3,
train\adobo\adobo_e0954a05e6d0.jpg,D:\Machine Learning project\sea_food_dataset\train\adobo\adobo_e0954a05e6d0.jpg,adobo,Adobo,Philippines,train,224,224,,,,,b775e5c9b068,
train\adobo\adobo_e0df4da51b08.jpg,D:\Machine Learning project\sea_food_dataset\train\adobo\adobo_e0df4da51b08.jpg,adobo,Adobo,Philippines,train,224,224,,,,,1187b7793df4,
train\adobo\adobo_e13259c34b2e.jpg,D:\Machine Learning project\sea_food_dataset\train\adobo\adobo_e13259c34b2e.jpg,adobo,Adobo,Philippines,train,224,224,,,,,69165de04756,
train\adobo\adobo_e2473e0e38b7.jpg,D:\Machine Learning project\sea_food_dataset\train\adobo\adobo_e2473e0e38b7.jpg,adobo,Adobo,Philippines,train,224,224,,,,,d63f090e3267,
train\adobo\adobo_e25d29ad477e.jpg,D:\Machine Learning project\sea_food_dataset\train\adobo\adobo_e25d29ad477e.jpg,adobo,Adobo,Philippines,train,224,224,,,,,b3ae882f5043,
train\adobo\adobo_e2e84031b7a6.jpg,D:\Machine Learning project\sea_food_dataset\train\adobo\adobo_e2e84031b7a6.jpg,adobo,Adobo,Philippines,train,224,224,,,,,382ae48009b9,
train\adobo\adobo_e5065b4384a1.jpg,D:\Machine Learning project\sea_food_dataset\train\adobo\adobo_e5065b4384a1.jpg,adobo,Adobo,Philippines,train,224,224,,,,,17802b17f624,
train\adobo\adobo_e526f7b0d9b0.jpg,D:\Machine Learning project\sea_food_dataset\train\adobo\adobo_e526f7b0d9b0.jpg,adobo,Adobo,Philippines,train,224,224,,,,,ca03e26ae462,
train\adobo\adobo_e5e10f87cb72.jpg,D:\Machine Learning project\sea_food_dataset\train\adobo\adobo_e5e10f87cb72.jpg,adobo,Adobo,Philippines,train,224,224,,,,,b85ecf98da19,
train\adobo\adobo_e628cfdedbc3.jpg,D:\Machine Learning project\sea_food_dataset\train\adobo\adobo_e628cfdedbc3.jpg,adobo,Adobo,Philippines,train,224,224,,,,,33c50ee2d3cb,
train\adobo\adobo_e71f2dd9d49d.jpg,D:\Machine Learning project\sea_food_dataset\train\adobo\adobo_e71f2dd9d49d.jpg,adobo,Adobo,Philippines,train,224,224,,,,,fb7693d21c02,
train\adobo\adobo_e79848fc8b0b.jpg,D:\Machine Learning project\sea_food_dataset\train\adobo\adobo_e79848fc8b0b.jpg,adobo,Adobo,Philippines,train,224,224,,,,,4ca4084d605e,
train\adobo\adobo_e7c22d544f58.jpg,D:\Machine Learning project\sea_food_dataset\train\adobo\adobo_e7c22d544f58.jpg,adobo,Adobo,Philippines,train,224,224,,,,,535157a4ffd1,
train\adobo\adobo_e81c90b2f248.jpg,D:\Machine Learning project\sea_food_dataset\train\adobo\adobo_e81c90b2f248.jpg,adobo,Adobo,Philippines,train,224,224,,,,,0181fd37736c,
train\adobo\adobo_e9c507117962.jpg,D:\Machine Learning project\sea_food_dataset\train\adobo\adobo_e9c507117962.jpg,adobo,Adobo,Philippines,train,224,224,,,,,46243c57af1c,
train\adobo\adobo_eafde06381da.jpg,D:\Machine Learning project\sea_food_dataset\train\adobo\adobo_eafde06381da.jpg,adobo,Adobo,Philippines,train,224,224,,,,,c6aaff0570f5,
train\adobo\adobo_eb1a43ba8504.jpg,D:\Machine Learning project\sea_food_dataset\train\adobo\adobo_eb1a43ba8504.jpg,adobo,Adobo,Philippines,train,224,224,,,,,6c5658dab11a,
train\adobo\adobo_ebecac430763.jpg,D:\Machine Learning project\sea_food_dataset\train\adobo\adobo_ebecac430763.jpg,adobo,Adobo,Philippines,train,224,224,,,,,7f3bf0640612,
train\adobo\adobo_ec481e88e43c.jpg,D:\Machine Learning project\sea_food_dataset\train\adobo\adobo_ec481e88e43c.jpg,adobo,Adobo,Philippines,train,224,224,,,,,e43b546a08d2,
train\adobo\adobo_ecf1254cc65f.jpg,D:\Machine Learning project\sea_food_dataset\train\adobo\adobo_ecf1254cc65f.jpg,adobo,Adobo,Philippines,train,224,224,,,,,0b1237a8aea4,
train\adobo\adobo_edd13fa14ef3.jpg,D:\Machine Learning project\sea_food_dataset\train\adobo\adobo_edd13fa14ef3.jpg,adobo,Adobo,Philippines,train,224,224,,,,,7b74f7de2bd5,
train\adobo\adobo_ee706cadf849.jpg,D:\Machine Learning project\sea_food_dataset\train\adobo\adobo_ee706cadf849.jpg,adobo,Adobo,Philippines,train,224,224,,,,,e64e0c58e4a1,
train\adobo\adobo_f11182368cbc.jpg,D:\Machine Learning project\sea_food_dataset\train\adobo\adobo_f11182368cbc.jpg,adobo,Adobo,Philippines,train,224,224,,,,,527ff2ffd95a,
train\adobo\adobo_f3d9114fecc4.jpg,D:\Machine Learning project\sea_food_dataset\train\adobo\adobo_f3d9114fecc4.jpg,adobo,Adobo,Philippines,train,224,224,,,,,8d148dc3b57e,
train\adobo\adobo_f3f3f1414065.jpg,D:\Machine Learning project\sea_food_dataset\train\adobo\adobo_f3f3f1414065.jpg,adobo,Adobo,Philippines,train,224,224,,,,,48deebee5c98,
train\adobo\adobo_f42cedbebe46.jpg,D:\Machine Learning project\sea_food_dataset\train\adobo\adobo_f42cedbebe46.jpg,adobo,Adobo,Philippines,train,224,224,,,,,765ae161f5c6,
train\adobo\adobo_f48500ee5513.jpg,D:\Machine Learning project\sea_food_dataset\train\adobo\adobo_f48500ee5513.jpg,adobo,Adobo,Philippines,train,224,224,,,,,e2c5a296b25c,
train\adobo\adobo_f4eccce174a9.jpg,D:\Machine Learning project\sea_food_dataset\train\adobo\adobo_f4eccce174a9.jpg,adobo,Adobo,Philippines,train,224,224,,,,,340de02033ba,
train\adobo\adobo_f516fd81ae9a.jpg,D:\Machine Learning project\sea_food_dataset\train\adobo\adobo_f516fd81ae9a.jpg,adobo,Adobo,Philippines,train,224,224,,,,,f46461312253,
train\adobo\adobo_f579870e21db.jpg,D:\Machine Learning project\sea_food_dataset\train\adobo\adobo_f579870e21db.jpg,adobo,Adobo,Philippines,train,224,224,,,,,be4c293062e2,
train\adobo\adobo_f5ae3b08e77f.jpg,D:\Machine Learning project\sea_food_dataset\train\adobo\adobo_f5ae3b08e77f.jpg,adobo,Adobo,Philippines,train,224,224,,,,,734e6b49d426,
train\adobo\adobo_f6bd7893daa9.jpg,D:\Machine Learning project\sea_food_dataset\train\adobo\adobo_f6bd7893daa9.jpg,adobo,Adobo,Philippines,train,224,224,,,,,a908288ca554,
train\adobo\adobo_f6eb13247fe7.jpg,D:\Machine Learning project\sea_food_dataset\train\adobo\adobo_f6eb13247fe7.jpg,adobo,Adobo,Philippines,train,224,224,,,,,ee157d2cfbb5,
train\adobo\adobo_f70670f78a08.jpg,D:\Machine Learning project\sea_food_dataset\train\adobo\adobo_f70670f78a08.jpg,adobo,Adobo,Philippines,train,224,224,,,,,1ab57ee6ff1b,
train\adobo\adobo_f79eb9d72416.jpg,D:\Machine Learning project\sea_food_dataset\train\adobo\adobo_f79eb9d72416.jpg,adobo,Adobo,Philippines,train,224,224,,,,,d76167d74221,
train\adobo\adobo_f7a6e65e0762.jpg,D:\Machine Learning project\sea_food_dataset\train\adobo\adobo_f7a6e65e0762.jpg,adobo,Adobo,Philippines,train,224,224,,,,,f4fb0c02a759,
train\adobo\adobo_f88e1c970640.jpg,D:\Machine Learning project\sea_food_dataset\train\adobo\adobo_f88e1c970640.jpg,adobo,Adobo,Philippines,train,224,224,,,,,3af5030cc5e6,
train\adobo\adobo_f8dce34e6752.jpg,D:\Machine Learning project\sea_food_dataset\train\adobo\adobo_f8dce34e6752.jpg,adobo,Adobo,Philippines,train,224,224,,,,,de92255d6270,
train\adobo\adobo_f98717b10bc3.jpg,D:\Machine Learning project\sea_food_dataset\train\adobo\adobo_f98717b10bc3.jpg,adobo,Adobo,Philippines,train,224,224,,,,,2259c4fd5ff8,
train\adobo\adobo_fbb73ea80e3a.jpg,D:\Machine Learning project\sea_food_dataset\train\adobo\adobo_fbb73ea80e3a.jpg,adobo,Adobo,Philippines,train,224,224,,,,,e8217079b9ed,
train\adobo\adobo_fbefe3dac19d.jpg,D:\Machine Learning project\sea_food_dataset\train\adobo\adobo_fbefe3dac19d.jpg,adobo,Adobo,Philippines,train,224,224,,,,,33171c209753,
train\adobo\adobo_fc1b6c67fe7e.jpg,D:\Machine Learning project\sea_food_dataset\train\adobo\adobo_fc1b6c67fe7e.jpg,adobo,Adobo,Philippines,train,224,224,,,,,0e774515cf32,
train\adobo\adobo_fc32a15d6419.jpg,D:\Machine Learning project\sea_food_dataset\train\adobo\adobo_fc32a15d6419.jpg,adobo,Adobo,Philippines,train,224,224,,,,,da3de12b008f,
train\adobo\adobo_fd57a5a90c6f.jpg,D:\Machine Learning project\sea_food_dataset\train\adobo\adobo_fd57a5a90c6f.jpg,adobo,Adobo,Philippines,train,224,224,,,,,826190d10bda,
train\amok_trey\amok_trey_01b53c6cc5fd.jpg,D:\Machine Learning project\sea_food_dataset\train\amok_trey\amok_trey_01b53c6cc5fd.jpg,amok_trey,Amok Trey,Cambodia,train,224,224,,,,,e0a20b126f0d,
train\amok_trey\amok_trey_01e3ee76b161.jpg,D:\Machine Learning project\sea_food_dataset\train\amok_trey\amok_trey_01e3ee76b161.jpg,amok_trey,Amok Trey,Cambodia,train,224,224,,,,,71326fc07379,
train\amok_trey\amok_trey_0236f234c219.jpg,D:\Machine Learning project\sea_food_dataset\train\amok_trey\amok_trey_0236f234c219.jpg,amok_trey,Amok Trey,Cambodia,train,224,224,,,,,541657d686b1,
train\amok_trey\amok_trey_037b0e3a98ba.jpg,D:\Machine Learning project\sea_food_dataset\train\amok_trey\amok_trey_037b0e3a98ba.jpg,amok_trey,Amok Trey,Cambodia,train,224,224,,,,,6411901803c8,
train\amok_trey\amok_trey_039942b783b1.jpg,D:\Machine Learning project\sea_food_dataset\train\amok_trey\amok_trey_039942b783b1.jpg,amok_trey,Amok Trey,Cambodia,train,224,224,,,,,1d7c94d6070b,
train\amok_trey\amok_trey_04b923985c97.jpg,D:\Machine Learning project\sea_food_dataset\train\amok_trey\amok_trey_04b923985c97.jpg,amok_trey,Amok Trey,Cambodia,train,224,224,,,,,3767eaed2582,
train\amok_trey\amok_trey_04c49dbde914.jpg,D:\Machine Learning project\sea_food_dataset\train\amok_trey\amok_trey_04c49dbde914.jpg,amok_trey,Amok Trey,Cambodia,train,224,224,,,,,4dc820b3f561,
train\amok_trey\amok_trey_04cc0d7ca05b.jpg,D:\Machine Learning project\sea_food_dataset\train\amok_trey\amok_trey_04cc0d7ca05b.jpg,amok_trey,Amok Trey,Cambodia,train,224,224,,,,,1f8d4597b0eb,
train\amok_trey\amok_trey_05bc9aef56df.jpg,D:\Machine Learning project\sea_food_dataset\train\amok_trey\amok_trey_05bc9aef56df.jpg,amok_trey,Amok Trey,Cambodia,train,224,224,,,,,8d88a01f6abf,
train\amok_trey\amok_trey_060af65036d0.jpg,D:\Machine Learning project\sea_food_dataset\train\amok_trey\amok_trey_060af65036d0.jpg,amok_trey,Amok Trey,Cambodia,train,224,224,,,,,c9156e2fd56a,
train\amok_trey\amok_trey_063713428b6c.jpg,D:\Machine Learning project\sea_food_dataset\train\amok_trey\amok_trey_063713428b6c.jpg,amok_trey,Amok Trey,Cambodia,train,224,224,,,,,334ad8fbd7d9,
train\amok_trey\amok_trey_0640f018268e.jpg,D:\Machine Learning project\sea_food_dataset\train\amok_trey\amok_trey_0640f018268e.jpg,amok_trey,Amok Trey,Cambodia,train,224,224,,,,,def79db55be7,
train\amok_trey\amok_trey_0654dc8e4c37.jpg,D:\Machine Learning project\sea_food_dataset\train\amok_trey\amok_trey_0654dc8e4c37.jpg,amok_trey,Amok Trey,Cambodia,train,224,224,,,,,5fe4bf6aa377,
train\amok_trey\amok_trey_06a51eacf96c.jpg,D:\Machine Learning project\sea_food_dataset\train\amok_trey\amok_trey_06a51eacf96c.jpg,amok_trey,Amok Trey,Cambodia,train,224,224,,,,,5404349384e9,
train\amok_trey\amok_trey_06d3f3affc79.jpg,D:\Machine Learning project\sea_food_dataset\train\amok_trey\amok_trey_06d3f3affc79.jpg,amok_trey,Amok Trey,Cambodia,train,224,224,,,,,e3c5cadff0e3,
train\amok_trey\amok_trey_07a6ded0d89f.jpg,D:\Machine Learning project\sea_food_dataset\train\amok_trey\amok_trey_07a6ded0d89f.jpg,amok_trey,Amok Trey,Cambodia,train,224,224,,,,,b01e2397bfea,
train\amok_trey\amok_trey_07d7859b74af.jpg,D:\Machine Learning project\sea_food_dataset\train\amok_trey\amok_trey_07d7859b74af.jpg,amok_trey,Amok Trey,Cambodia,train,224,224,,,,,bb5f8955ed63,
train\amok_trey\amok_trey_08c2d805e966.jpg,D:\Machine Learning project\sea_food_dataset\train\amok_trey\amok_trey_08c2d805e966.jpg,amok_trey,Amok Trey,Cambodia,train,224,224,,,,,f9143b0ebd8a,
train\amok_trey\amok_trey_08f2bf776da5.jpg,D:\Machine Learning project\sea_food_dataset\train\amok_trey\amok_trey_08f2bf776da5.jpg,amok_trey,Amok Trey,Cambodia,train,224,224,,,,,23d0b3053d1f,
train\amok_trey\amok_trey_09efab16ee32.jpg,D:\Machine Learning project\sea_food_dataset\train\amok_trey\amok_trey_09efab16ee32.jpg,amok_trey,Amok Trey,Cambodia,train,224,224,,,,,4cc4ea874c76,
train\amok_trey\amok_trey_0a02d3384c76.jpg,D:\Machine Learning project\sea_food_dataset\train\amok_trey\amok_trey_0a02d3384c76.jpg,amok_trey,Amok Trey,Cambodia,train,224,224,,,,,e07d04d6deaf,
train\amok_trey\amok_trey_0a24bdd8fbbb.jpg,D:\Machine Learning project\sea_food_dataset\train\amok_trey\amok_trey_0a24bdd8fbbb.jpg,amok_trey,Amok Trey,Cambodia,train,224,224,,,,,e96823b8fd03,
train\amok_trey\amok_trey_0ae3c6220b15.jpg,D:\Machine Learning project\sea_food_dataset\train\amok_trey\amok_trey_0ae3c6220b15.jpg,amok_trey,Amok Trey,Cambodia,train,224,224,,,,,d59ca2d60fd2,
train\amok_trey\amok_trey_0d05fda22a77.jpg,D:\Machine Learning project\sea_food_dataset\train\amok_trey\amok_trey_0d05fda22a77.jpg,amok_trey,Amok Trey,Cambodia,train,224,224,,,,,5b8897712aad,
train\amok_trey\amok_trey_0d566ba8dd04.jpg,D:\Machine Learning project\sea_food_dataset\train\amok_trey\amok_trey_0d566ba8dd04.jpg,amok_trey,Amok Trey,Cambodia,train,224,224,,,,,2f7d936cd962,
train\amok_trey\amok_trey_0dded7da0987.jpg,D:\Machine Learning project\sea_food_dataset\train\amok_trey\amok_trey_0dded7da0987.jpg,amok_trey,Amok Trey,Cambodia,train,224,224,,,,,f1c95ba5519a,
train\amok_trey\amok_trey_0e8f521d8d82.jpg,D:\Machine Learning project\sea_food_dataset\train\amok_trey\amok_trey_0e8f521d8d82.jpg,amok_trey,Amok Trey,Cambodia,train,224,224,,,,,a0179a533d8e,
train\amok_trey\amok_trey_0fbb4ca14024.jpg,D:\Machine Learning project\sea_food_dataset\train\amok_trey\amok_trey_0fbb4ca14024.jpg,amok_trey,Amok Trey,Cambodia,train,224,224,,,,,aef5b51e7505,
train\amok_trey\amok_trey_0fc18306571c.jpg,D:\Machine Learning project\sea_food_dataset\train\amok_trey\amok_trey_0fc18306571c.jpg,amok_trey,Amok Trey,Cambodia,train,224,224,,,,,536bdada927a,
train\amok_trey\amok_trey_0ffe2e31196d.jpg,D:\Machine Learning project\sea_food_dataset\train\amok_trey\amok_trey_0ffe2e31196d.jpg,amok_trey,Amok Trey,Cambodia,train,224,224,,,,,3fea6ea2936e,
train\amok_trey\amok_trey_10c01ccf1858.jpg,D:\Machine Learning project\sea_food_dataset\train\amok_trey\amok_trey_10c01ccf1858.jpg,amok_trey,Amok Trey,Cambodia,train,224,224,,,,,35c1883e5605,
train\amok_trey\amok_trey_11919e8973fb.jpg,D:\Machine Learning project\sea_food_dataset\train\amok_trey\amok_trey_11919e8973fb.jpg,amok_trey,Amok Trey,Cambodia,train,224,224,,,,,e55bc3f342db,
train\amok_trey\amok_trey_11a238ca5090.jpg,D:\Machine Learning project\sea_food_dataset\train\amok_trey\amok_trey_11a238ca5090.jpg,amok_trey,Amok Trey,Cambodia,train,224,224,,,,,bdbb5379b439,
train\amok_trey\amok_trey_147a827dec1a.jpg,D:\Machine Learning project\sea_food_dataset\train\amok_trey\amok_trey_147a827dec1a.jpg,amok_trey,Amok Trey,Cambodia,train,224,224,,,,,9563e33a2114,
train\amok_trey\amok_trey_152c29980bd0.jpg,D:\Machine Learning project\sea_food_dataset\train\amok_trey\amok_trey_152c29980bd0.jpg,amok_trey,Amok Trey,Cambodia,train,224,224,,,,,7b13936e2b42,
train\amok_trey\amok_trey_155f4c82ccfe.jpg,D:\Machine Learning project\sea_food_dataset\train\amok_trey\amok_trey_155f4c82ccfe.jpg,amok_trey,Amok Trey,Cambodia,train,224,224,,,,,66eb6420cdba,
train\amok_trey\amok_trey_15da9261a11a.jpg,D:\Machine Learning project\sea_food_dataset\train\amok_trey\amok_trey_15da9261a11a.jpg,amok_trey,Amok Trey,Cambodia,train,224,224,,,,,83dc80d0e278,
train\amok_trey\amok_trey_161bae7840bd.jpg,D:\Machine Learning project\sea_food_dataset\train\amok_trey\amok_trey_161bae7840bd.jpg,amok_trey,Amok Trey,Cambodia,train,224,224,,,,,4c6ac6f382b7,
train\amok_trey\amok_trey_175c2c4f7bc7.jpg,D:\Machine Learning project\sea_food_dataset\train\amok_trey\amok_trey_175c2c4f7bc7.jpg,amok_trey,Amok Trey,Cambodia,train,224,224,,,,,a46fde3eb3d8,
train\amok_trey\amok_trey_17a0a3318afd.jpg,D:\Machine Learning project\sea_food_dataset\train\amok_trey\amok_trey_17a0a3318afd.jpg,amok_trey,Amok Trey,Cambodia,train,224,224,,,,,f9056256e5c4,
train\amok_trey\amok_trey_17e0886096ce.jpg,D:\Machine Learning project\sea_food_dataset\train\amok_trey\amok_trey_17e0886096ce.jpg,amok_trey,Amok Trey,Cambodia,train,224,224,,,,,b7e1c6faa2e8,
train\amok_trey\amok_trey_1cef887d424b.jpg,D:\Machine Learning project\sea_food_dataset\train\amok_trey\amok_trey_1cef887d424b.jpg,amok_trey,Amok Trey,Cambodia,train,224,224,,,,,75c8e0d53822,
train\amok_trey\amok_trey_1d1ce030dd95.jpg,D:\Machine Learning project\sea_food_dataset\train\amok_trey\amok_trey_1d1ce030dd95.jpg,amok_trey,Amok Trey,Cambodia,train,224,224,,,,,09a9c0d28bbe,
train\amok_trey\amok_trey_1de3950b992a.jpg,D:\Machine Learning project\sea_food_dataset\train\amok_trey\amok_trey_1de3950b992a.jpg,amok_trey,Amok Trey,Cambodia,train,224,224,,,,,4c489b6cfe66,
train\amok_trey\amok_trey_1de6f6bc9446.jpg,D:\Machine Learning project\sea_food_dataset\train\amok_trey\amok_trey_1de6f6bc9446.jpg,amok_trey,Amok Trey,Cambodia,train,224,224,,,,,eed827475bb4,
train\amok_trey\amok_trey_1ffb7a4dd3df.jpg,D:\Machine Learning project\sea_food_dataset\train\amok_trey\amok_trey_1ffb7a4dd3df.jpg,amok_trey,Amok Trey,Cambodia,train,224,224,,,,,8ecc8c8b881d,
train\amok_trey\amok_trey_1ffc2ec460ea.jpg,D:\Machine Learning project\sea_food_dataset\train\amok_trey\amok_trey_1ffc2ec460ea.jpg,amok_trey,Amok Trey,Cambodia,train,224,224,,,,,91dae55d468a,
train\amok_trey\amok_trey_1ffdbc5d447e.jpg,D:\Machine Learning project\sea_food_dataset\train\amok_trey\amok_trey_1ffdbc5d447e.jpg,amok_trey,Amok Trey,Cambodia,train,224,224,,,,,5afd45aeca78,
train\amok_trey\amok_trey_20e25d263f2c.jpg,D:\Machine Learning project\sea_food_dataset\train\amok_trey\amok_trey_20e25d263f2c.jpg,amok_trey,Amok Trey,Cambodia,train,224,224,,,,,376a12c06845,
train\amok_trey\amok_trey_211bd26ab8a9.jpg,D:\Machine Learning project\sea_food_dataset\train\amok_trey\amok_trey_211bd26ab8a9.jpg,amok_trey,Amok Trey,Cambodia,train,224,224,,,,,7f2e96c8782a,
train\amok_trey\amok_trey_21938cb51305.jpg,D:\Machine Learning project\sea_food_dataset\train\amok_trey\amok_trey_21938cb51305.jpg,amok_trey,Amok Trey,Cambodia,train,224,224,,,,,fa12303b3170,
train\amok_trey\amok_trey_21e6f550013c.jpg,D:\Machine Learning project\sea_food_dataset\train\amok_trey\amok_trey_21e6f550013c.jpg,amok_trey,Amok Trey,Cambodia,train,224,224,,,,,cbc4ea8204be,
train\amok_trey\amok_trey_223721402da1.jpg,D:\Machine Learning project\sea_food_dataset\train\amok_trey\amok_trey_223721402da1.jpg,amok_trey,Amok Trey,Cambodia,train,224,224,,,,,c169949e7248,
train\amok_trey\amok_trey_2243787725f4.jpg,D:\Machine Learning project\sea_food_dataset\train\amok_trey\amok_trey_2243787725f4.jpg,amok_trey,Amok Trey,Cambodia,train,224,224,,,,,9e6a4e53e898,
train\amok_trey\amok_trey_224387de7ff8.jpg,D:\Machine Learning project\sea_food_dataset\train\amok_trey\amok_trey_224387de7ff8.jpg,amok_trey,Amok Trey,Cambodia,train,224,224,,,,,2891f08250eb,
train\amok_trey\amok_trey_22fbc1f58b3c.jpg,D:\Machine Learning project\sea_food_dataset\train\amok_trey\amok_trey_22fbc1f58b3c.jpg,amok_trey,Amok Trey,Cambodia,train,224,224,,,,,9db3d82c7c63,
train\amok_trey\amok_trey_2385db108e0f.jpg,D:\Machine Learning project\sea_food_dataset\train\amok_trey\amok_trey_2385db108e0f.jpg,amok_trey,Amok Trey,Cambodia,train,224,224,,,,,2eda05c8b7a9,
train\amok_trey\amok_trey_257e7bd88b18.jpg,D:\Machine Learning project\sea_food_dataset\train\amok_trey\amok_trey_257e7bd88b18.jpg,amok_trey,Amok Trey,Cambodia,train,224,224,,,,,0bb82c738039,
train\amok_trey\amok_trey_25dfdbca557c.jpg,D:\Machine Learning project\sea_food_dataset\train\amok_trey\amok_trey_25dfdbca557c.jpg,amok_trey,Amok Trey,Cambodia,train,224,224,,,,,c624c099ba52,
train\amok_trey\amok_trey_2851bc5a9e7f.jpg,D:\Machine Learning project\sea_food_dataset\train\amok_trey\amok_trey_2851bc5a9e7f.jpg,amok_trey,Amok Trey,Cambodia,train,224,224,,,,,16906620f8e9,
train\amok_trey\amok_trey_28bb2de5d260.jpg,D:\Machine Learning project\sea_food_dataset\train\amok_trey\amok_trey_28bb2de5d260.jpg,amok_trey,Amok Trey,Cambodia,train,224,224,,,,,45250f9793a0,
train\amok_trey\amok_trey_2aabbd017abe.jpg,D:\Machine Learning project\sea_food_dataset\train\amok_trey\amok_trey_2aabbd017abe.jpg,amok_trey,Amok Trey,Cambodia,train,224,224,,,,,6b5c43c5967f,
train\amok_trey\amok_trey_2b5be54970ed.jpg,D:\Machine Learning project\sea_food_dataset\train\amok_trey\amok_trey_2b5be54970ed.jpg,amok_trey,Amok Trey,Cambodia,train,224,224,,,,,eaccf4e72078,
train\amok_trey\amok_trey_2f65266be49a.jpg,D:\Machine Learning project\sea_food_dataset\train\amok_trey\amok_trey_2f65266be49a.jpg,amok_trey,Amok Trey,Cambodia,train,224,224,,,,,844864ee0bca,
train\amok_trey\amok_trey_3019778e540e.jpg,D:\Machine Learning project\sea_food_dataset\train\amok_trey\amok_trey_3019778e540e.jpg,amok_trey,Amok Trey,Cambodia,train,224,224,,,,,5d71c9b57dda,
train\amok_trey\amok_trey_3058278a5c58.jpg,D:\Machine Learning project\sea_food_dataset\train\amok_trey\amok_trey_3058278a5c58.jpg,amok_trey,Amok Trey,Cambodia,train,224,224,,,,,6321a3a71e7e,
train\amok_trey\amok_trey_305e8dcbc59d.jpg,D:\Machine Learning project\sea_food_dataset\train\amok_trey\amok_trey_305e8dcbc59d.jpg,amok_trey,Amok Trey,Cambodia,train,224,224,,,,,3742628c6590,
train\amok_trey\amok_trey_3160fd68c7c8.jpg,D:\Machine Learning project\sea_food_dataset\train\amok_trey\amok_trey_3160fd68c7c8.jpg,amok_trey,Amok Trey,Cambodia,train,224,224,,,,,67c6466d5f5e,
train\amok_trey\amok_trey_31c65d461848.jpg,D:\Machine Learning project\sea_food_dataset\train\amok_trey\amok_trey_31c65d461848.jpg,amok_trey,Amok Trey,Cambodia,train,224,224,,,,,e090364c9b1c,
train\amok_trey\amok_trey_32843ba54539.jpg,D:\Machine Learning project\sea_food_dataset\train\amok_trey\amok_trey_32843ba54539.jpg,amok_trey,Amok Trey,Cambodia,train,224,224,,,,,18e0dffa4aff,
train\amok_trey\amok_trey_338a0ed2a128.jpg,D:\Machine Learning project\sea_food_dataset\train\amok_trey\amok_trey_338a0ed2a128.jpg,amok_trey,Amok Trey,Cambodia,train,224,224,,,,,47055677ff8f,
train\amok_trey\amok_trey_33ea62a30ab5.jpg,D:\Machine Learning project\sea_food_dataset\train\amok_trey\amok_trey_33ea62a30ab5.jpg,amok_trey,Amok Trey,Cambodia,train,224,224,,,,,1b9e8ed7e046,
train\amok_trey\amok_trey_340ef7931fda.jpg,D:\Machine Learning project\sea_food_dataset\train\amok_trey\amok_trey_340ef7931fda.jpg,amok_trey,Amok Trey,Cambodia,train,224,224,,,,,2722d49c0e53,
train\amok_trey\amok_trey_36ac657af831.jpg,D:\Machine Learning project\sea_food_dataset\train\amok_trey\amok_trey_36ac657af831.jpg,amok_trey,Amok Trey,Cambodia,train,224,224,,,,,aa305d96fc14,
train\amok_trey\amok_trey_37229c050d11.jpg,D:\Machine Learning project\sea_food_dataset\train\amok_trey\amok_trey_37229c050d11.jpg,amok_trey,Amok Trey,Cambodia,train,224,224,,,,,9a730a5a5301,
train\amok_trey\amok_trey_3969bf77590c.jpg,D:\Machine Learning project\sea_food_dataset\train\amok_trey\amok_trey_3969bf77590c.jpg,amok_trey,Amok Trey,Cambodia,train,224,224,,,,,e31c3836bcc7,
train\amok_trey\amok_trey_3adcdcd32225.jpg,D:\Machine Learning project\sea_food_dataset\train\amok_trey\amok_trey_3adcdcd32225.jpg,amok_trey,Amok Trey,Cambodia,train,224,224,,,,,dea1b77dbee6,
train\amok_trey\amok_trey_3adf17aa6db6.jpg,D:\Machine Learning project\sea_food_dataset\train\amok_trey\amok_trey_3adf17aa6db6.jpg,amok_trey,Amok Trey,Cambodia,train,224,224,,,,,7f214125b9cb,
train\amok_trey\amok_trey_3b7320e425bf.jpg,D:\Machine Learning project\sea_food_dataset\train\amok_trey\amok_trey_3b7320e425bf.jpg,amok_trey,Amok Trey,Cambodia,train,224,224,,,,,ba2bdacce26d,
train\amok_trey\amok_trey_3db9139dd3bc.jpg,D:\Machine Learning project\sea_food_dataset\train\amok_trey\amok_trey_3db9139dd3bc.jpg,amok_trey,Amok Trey,Cambodia,train,224,224,,,,,069860398b44,
train\amok_trey\amok_trey_3dd5b6030886.jpg,D:\Machine Learning project\sea_food_dataset\train\amok_trey\amok_trey_3dd5b6030886.jpg,amok_trey,Amok Trey,Cambodia,train,224,224,,,,,20bb863140d2,
train\amok_trey\amok_trey_3e86260c978b.jpg,D:\Machine Learning project\sea_food_dataset\train\amok_trey\amok_trey_3e86260c978b.jpg,amok_trey,Amok Trey,Cambodia,train,224,224,,,,,76b4d4792b68,
train\amok_trey\amok_trey_3f38b5a9be81.jpg,D:\Machine Learning project\sea_food_dataset\train\amok_trey\amok_trey_3f38b5a9be81.jpg,amok_trey,Amok Trey,Cambodia,train,224,224,,,,,9bd09b548c40,
train\amok_trey\amok_trey_4048ce497298.jpg,D:\Machine Learning project\sea_food_dataset\train\amok_trey\amok_trey_4048ce497298.jpg,amok_trey,Amok Trey,Cambodia,train,224,224,,,,,a1d705c3a71a,
train\amok_trey\amok_trey_408ff85e8411.jpg,D:\Machine Learning project\sea_food_dataset\train\amok_trey\amok_trey_408ff85e8411.jpg,amok_trey,Amok Trey,Cambodia,train,224,224,,,,,8e3229ec9b37,
train\amok_trey\amok_trey_41377c042217.jpg,D:\Machine Learning project\sea_food_dataset\train\amok_trey\amok_trey_41377c042217.jpg,amok_trey,Amok Trey,Cambodia,train,224,224,,,,,2a5023449c29,
train\amok_trey\amok_trey_433673a99561.jpg,D:\Machine Learning project\sea_food_dataset\train\amok_trey\amok_trey_433673a99561.jpg,amok_trey,Amok Trey,Cambodia,train,224,224,,,,,527d5fb996bf,
train\amok_trey\amok_trey_4349014a01ca.jpg,D:\Machine Learning project\sea_food_dataset\train\amok_trey\amok_trey_4349014a01ca.jpg,amok_trey,Amok Trey,Cambodia,train,224,224,,,,,dd29130302a3,
train\amok_trey\amok_trey_46a8fd5bf551.jpg,D:\Machine Learning project\sea_food_dataset\train\amok_trey\amok_trey_46a8fd5bf551.jpg,amok_trey,Amok Trey,Cambodia,train,224,224,,,,,51742da70251,
train\amok_trey\amok_trey_4893c219ff14.jpg,D:\Machine Learning project\sea_food_dataset\train\amok_trey\amok_trey_4893c219ff14.jpg,amok_trey,Amok Trey,Cambodia,train,224,224,,,,,19096202b5db,
train\amok_trey\amok_trey_497236c6024f.jpg,D:\Machine Learning project\sea_food_dataset\train\amok_trey\amok_trey_497236c6024f.jpg,amok_trey,Amok Trey,Cambodia,train,224,224,,,,,bebb933c55f2,
train\amok_trey\amok_trey_499b30f7f3e0.jpg,D:\Machine Learning project\sea_food_dataset\train\amok_trey\amok_trey_499b30f7f3e0.jpg,amok_trey,Amok Trey,Cambodia,train,224,224,,,,,d4d512e9f862,
train\amok_trey\amok_trey_4c91daa390aa.jpg,D:\Machine Learning project\sea_food_dataset\train\amok_trey\amok_trey_4c91daa390aa.jpg,amok_trey,Amok Trey,Cambodia,train,224,224,,,,,9b3a15868668,
train\amok_trey\amok_trey_4d6d7bdee3d1.jpg,D:\Machine Learning project\sea_food_dataset\train\amok_trey\amok_trey_4d6d7bdee3d1.jpg,amok_trey,Amok Trey,Cambodia,train,224,224,,,,,eea348b377c5,
train\amok_trey\amok_trey_4d9f517d81c1.jpg,D:\Machine Learning project\sea_food_dataset\train\amok_trey\amok_trey_4d9f517d81c1.jpg,amok_trey,Amok Trey,Cambodia,train,224,224,,,,,687107ea64fd,
train\amok_trey\amok_trey_4e6c0497e99e.jpg,D:\Machine Learning project\sea_food_dataset\train\amok_trey\amok_trey_4e6c0497e99e.jpg,amok_trey,Amok Trey,Cambodia,train,224,224,,,,,6ac6940dc08a,
train\amok_trey\amok_trey_4f0b00d15a20.jpg,D:\Machine Learning project\sea_food_dataset\train\amok_trey\amok_trey_4f0b00d15a20.jpg,amok_trey,Amok Trey,Cambodia,train,224,224,,,,,1a17fc2c7e88,
train\amok_trey\amok_trey_4f35e0cae90a.jpg,D:\Machine Learning project\sea_food_dataset\train\amok_trey\amok_trey_4f35e0cae90a.jpg,amok_trey,Amok Trey,Cambodia,train,224,224,,,,,f2898a4e5dff,
train\amok_trey\amok_trey_4f693bc9cb3f.jpg,D:\Machine Learning project\sea_food_dataset\train\amok_trey\amok_trey_4f693bc9cb3f.jpg,amok_trey,Amok Trey,Cambodia,train,224,224,,,,,6c37f4e70b11,
train\amok_trey\amok_trey_4fe265dc0242.jpg,D:\Machine Learning project\sea_food_dataset\train\amok_trey\amok_trey_4fe265dc0242.jpg,amok_trey,Amok Trey,Cambodia,train,224,224,,,,,a174ac307ec0,
train\amok_trey\amok_trey_50b7ec61ac81.jpg,D:\Machine Learning project\sea_food_dataset\train\amok_trey\amok_trey_50b7ec61ac81.jpg,amok_trey,Amok Trey,Cambodia,train,224,224,,,,,0e738e3ef310,
train\amok_trey\amok_trey_50e04cb01492.jpg,D:\Machine Learning project\sea_food_dataset\train\amok_trey\amok_trey_50e04cb01492.jpg,amok_trey,Amok Trey,Cambodia,train,224,224,,,,,5436f0952855,
train\amok_trey\amok_trey_512cc152bd06.jpg,D:\Machine Learning project\sea_food_dataset\train\amok_trey\amok_trey_512cc152bd06.jpg,amok_trey,Amok Trey,Cambodia,train,224,224,,,,,14c9549f76a0,
train\amok_trey\amok_trey_51a57889d9f9.jpg,D:\Machine Learning project\sea_food_dataset\train\amok_trey\amok_trey_51a57889d9f9.jpg,amok_trey,Amok Trey,Cambodia,train,224,224,,,,,de39da549b22,
train\amok_trey\amok_trey_51aeddb1ca90.jpg,D:\Machine Learning project\sea_food_dataset\train\amok_trey\amok_trey_51aeddb1ca90.jpg,amok_trey,Amok Trey,Cambodia,train,224,224,,,,,ce690f4046a0,
train\amok_trey\amok_trey_51d96bf49628.jpg,D:\Machine Learning project\sea_food_dataset\train\amok_trey\amok_trey_51d96bf49628.jpg,amok_trey,Amok Trey,Cambodia,train,224,224,,,,,926e53943057,
train\amok_trey\amok_trey_53859cc6d20c.jpg,D:\Machine Learning project\sea_food_dataset\train\amok_trey\amok_trey_53859cc6d20c.jpg,amok_trey,Amok Trey,Cambodia,train,224,224,,,,,a4db6dcb2f85,
train\amok_trey\amok_trey_548c44345279.jpg,D:\Machine Learning project\sea_food_dataset\train\amok_trey\amok_trey_548c44345279.jpg,amok_trey,Amok Trey,Cambodia,train,224,224,,,,,ad741cdfc0ce,
train\amok_trey\amok_trey_569dc68b02d5.jpg,D:\Machine Learning project\sea_food_dataset\train\amok_trey\amok_trey_569dc68b02d5.jpg,amok_trey,Amok Trey,Cambodia,train,224,224,,,,,faef916aeab3,
train\amok_trey\amok_trey_56a737d9c920.jpg,D:\Machine Learning project\sea_food_dataset\train\amok_trey\amok_trey_56a737d9c920.jpg,amok_trey,Amok Trey,Cambodia,train,224,224,,,,,515fb33563e0,
train\amok_trey\amok_trey_576bfdd48de6.jpg,D:\Machine Learning project\sea_food_dataset\train\amok_trey\amok_trey_576bfdd48de6.jpg,amok_trey,Amok Trey,Cambodia,train,224,224,,,,,6ac43085faea,
train\amok_trey\amok_trey_581df1cf8ec0.jpg,D:\Machine Learning project\sea_food_dataset\train\amok_trey\amok_trey_581df1cf8ec0.jpg,amok_trey,Amok Trey,Cambodia,train,224,224,,,,,5e1a129a5185,
train\amok_trey\amok_trey_5965691f5a75.jpg,D:\Machine Learning project\sea_food_dataset\train\amok_trey\amok_trey_5965691f5a75.jpg,amok_trey,Amok Trey,Cambodia,train,224,224,,,,,8d28d8799871,
train\amok_trey\amok_trey_5b0a098845e4.jpg,D:\Machine Learning project\sea_food_dataset\train\amok_trey\amok_trey_5b0a098845e4.jpg,amok_trey,Amok Trey,Cambodia,train,224,224,,,,,e6794bfedbdd,
train\amok_trey\amok_trey_5bcea9a65fd5.jpg,D:\Machine Learning project\sea_food_dataset\train\amok_trey\amok_trey_5bcea9a65fd5.jpg,amok_trey,Amok Trey,Cambodia,train,224,224,,,,,de6b3a5dde93,
train\amok_trey\amok_trey_5cf0432ab108.jpg,D:\Machine Learning project\sea_food_dataset\train\amok_trey\amok_trey_5cf0432ab108.jpg,amok_trey,Amok Trey,Cambodia,train,224,224,,,,,79c66b4a7831,
train\amok_trey\amok_trey_6057b3410c89.jpg,D:\Machine Learning project\sea_food_dataset\train\amok_trey\amok_trey_6057b3410c89.jpg,amok_trey,Amok Trey,Cambodia,train,224,224,,,,,4622863f3c1a,
train\amok_trey\amok_trey_6059f9ebf559.jpg,D:\Machine Learning project\sea_food_dataset\train\amok_trey\amok_trey_6059f9ebf559.jpg,amok_trey,Amok Trey,Cambodia,train,224,224,,,,,3721d51a8b5b,
train\amok_trey\amok_trey_623ca339de8a.jpg,D:\Machine Learning project\sea_food_dataset\train\amok_trey\amok_trey_623ca339de8a.jpg,amok_trey,Amok Trey,Cambodia,train,224,224,,,,,d6c4ac13bb56,
train\amok_trey\amok_trey_626e5d64c614.jpg,D:\Machine Learning project\sea_food_dataset\train\amok_trey\amok_trey_626e5d64c614.jpg,amok_trey,Amok Trey,Cambodia,train,224,224,,,,,d344106ce33d,
train\amok_trey\amok_trey_62965bbbb083.jpg,D:\Machine Learning project\sea_food_dataset\train\amok_trey\amok_trey_62965bbbb083.jpg,amok_trey,Amok Trey,Cambodia,train,224,224,,,,,c6d880672c96,
train\amok_trey\amok_trey_62a8d9cb4739.jpg,D:\Machine Learning project\sea_food_dataset\train\amok_trey\amok_trey_62a8d9cb4739.jpg,amok_trey,Amok Trey,Cambodia,train,224,224,,,,,0733fb85ccd9,
train\amok_trey\amok_trey_62f7258efb25.jpg,D:\Machine Learning project\sea_food_dataset\train\amok_trey\amok_trey_62f7258efb25.jpg,amok_trey,Amok Trey,Cambodia,train,224,224,,,,,e62d037f3852,
train\amok_trey\amok_trey_648d8e5e2c4f.jpg,D:\Machine Learning project\sea_food_dataset\train\amok_trey\amok_trey_648d8e5e2c4f.jpg,amok_trey,Amok Trey,Cambodia,train,224,224,,,,,4c659cac7a3a,
train\amok_trey\amok_trey_64acefa42b27.jpg,D:\Machine Learning project\sea_food_dataset\train\amok_trey\amok_trey_64acefa42b27.jpg,amok_trey,Amok Trey,Cambodia,train,224,224,,,,,72e8b137bdc8,
train\amok_trey\amok_trey_651e90e47aaf.jpg,D:\Machine Learning project\sea_food_dataset\train\amok_trey\amok_trey_651e90e47aaf.jpg,amok_trey,Amok Trey,Cambodia,train,224,224,,,,,c4529b1844e9,
train\amok_trey\amok_trey_65eefb385fd7.jpg,D:\Machine Learning project\sea_food_dataset\train\amok_trey\amok_trey_65eefb385fd7.jpg,amok_trey,Amok Trey,Cambodia,train,224,224,,,,,3b807c08b803,
train\amok_trey\amok_trey_668cc15f78ae.jpg,D:\Machine Learning project\sea_food_dataset\train\amok_trey\amok_trey_668cc15f78ae.jpg,amok_trey,Amok Trey,Cambodia,train,224,224,,,,,cdebf03ed9c3,
train\amok_trey\amok_trey_67054e487db3.jpg,D:\Machine Learning project\sea_food_dataset\train\amok_trey\amok_trey_67054e487db3.jpg,amok_trey,Amok Trey,Cambodia,train,224,224,,,,,ed441792e8af,
train\amok_trey\amok_trey_690c441c897f.jpg,D:\Machine Learning project\sea_food_dataset\train\amok_trey\amok_trey_690c441c897f.jpg,amok_trey,Amok Trey,Cambodia,train,224,224,,,,,99353bd2d50e,
train\amok_trey\amok_trey_697b6faebae5.jpg,D:\Machine Learning project\sea_food_dataset\train\amok_trey\amok_trey_697b6faebae5.jpg,amok_trey,Amok Trey,Cambodia,train,224,224,,,,,7b7e57e67497,
train\amok_trey\amok_trey_6a2cb2b7ba1a.jpg,D:\Machine Learning project\sea_food_dataset\train\amok_trey\amok_trey_6a2cb2b7ba1a.jpg,amok_trey,Amok Trey,Cambodia,train,224,224,,,,,f17d1470bc78,
train\amok_trey\amok_trey_6ae3093107cd.jpg,D:\Machine Learning project\sea_food_dataset\train\amok_trey\amok_trey_6ae3093107cd.jpg,amok_trey,Amok Trey,Cambodia,train,224,224,,,,,a8eb84326424,
train\amok_trey\amok_trey_6badd305c37d.jpg,D:\Machine Learning project\sea_food_dataset\train\amok_trey\amok_trey_6badd305c37d.jpg,amok_trey,Amok Trey,Cambodia,train,224,224,,,,,cd092faeef41,
train\amok_trey\amok_trey_6bb9f7cc1b02.jpg,D:\Machine Learning project\sea_food_dataset\train\amok_trey\amok_trey_6bb9f7cc1b02.jpg,amok_trey,Amok Trey,Cambodia,train,224,224,,,,,7821aa8e8617,
train\amok_trey\amok_trey_6bc0ccc60557.jpg,D:\Machine Learning project\sea_food_dataset\train\amok_trey\amok_trey_6bc0ccc60557.jpg,amok_trey,Amok Trey,Cambodia,train,224,224,,,,,73be19d54aeb,
train\amok_trey\amok_trey_6c6dc582ea37.jpg,D:\Machine Learning project\sea_food_dataset\train\amok_trey\amok_trey_6c6dc582ea37.jpg,amok_trey,Amok Trey,Cambodia,train,224,224,,,,,42fe16ba6b18,
train\amok_trey\amok_trey_6ebe91788046.jpg,D:\Machine Learning project\sea_food_dataset\train\amok_trey\amok_trey_6ebe91788046.jpg,amok_trey,Amok Trey,Cambodia,train,224,224,,,,,a343b1ea5f18,
train\amok_trey\amok_trey_6fb2ad5a5862.jpg,D:\Machine Learning project\sea_food_dataset\train\amok_trey\amok_trey_6fb2ad5a5862.jpg,amok_trey,Amok Trey,Cambodia,train,224,224,,,,,5e8866a432b6,
train\amok_trey\amok_trey_7076ee531ebb.jpg,D:\Machine Learning project\sea_food_dataset\train\amok_trey\amok_trey_7076ee531ebb.jpg,amok_trey,Amok Trey,Cambodia,train,224,224,,,,,b53e5b2bdde8,
train\amok_trey\amok_trey_708cfebc4ccc.jpg,D:\Machine Learning project\sea_food_dataset\train\amok_trey\amok_trey_708cfebc4ccc.jpg,amok_trey,Amok Trey,Cambodia,train,224,224,,,,,927ecd648fb9,
train\amok_trey\amok_trey_70d0a80ff0ff.jpg,D:\Machine Learning project\sea_food_dataset\train\amok_trey\amok_trey_70d0a80ff0ff.jpg,amok_trey,Amok Trey,Cambodia,train,224,224,,,,,a49e70a2cd9a,
train\amok_trey\amok_trey_762f6205668f.jpg,D:\Machine Learning project\sea_food_dataset\train\amok_trey\amok_trey_762f6205668f.jpg,amok_trey,Amok Trey,Cambodia,train,224,224,,,,,e10965c0ba53,
train\amok_trey\amok_trey_7638ab322906.jpg,D:\Machine Learning project\sea_food_dataset\train\amok_trey\amok_trey_7638ab322906.jpg,amok_trey,Amok Trey,Cambodia,train,224,224,,,,,55e955bc5504,
train\amok_trey\amok_trey_766332102d23.jpg,D:\Machine Learning project\sea_food_dataset\train\amok_trey\amok_trey_766332102d23.jpg,amok_trey,Amok Trey,Cambodia,train,224,224,,,,,211f16f1c5b3,
train\amok_trey\amok_trey_783260fdb269.jpg,D:\Machine Learning project\sea_food_dataset\train\amok_trey\amok_trey_783260fdb269.jpg,amok_trey,Amok Trey,Cambodia,train,224,224,,,,,b23f862f5dd6,
train\amok_trey\amok_trey_78b516a19e0f.jpg,D:\Machine Learning project\sea_food_dataset\train\amok_trey\amok_trey_78b516a19e0f.jpg,amok_trey,Amok Trey,Cambodia,train,224,224,,,,,b673e76e4323,
train\amok_trey\amok_trey_79d667441f74.jpg,D:\Machine Learning project\sea_food_dataset\train\amok_trey\amok_trey_79d667441f74.jpg,amok_trey,Amok Trey,Cambodia,train,224,224,,,,,5eb329958ab8,
train\amok_trey\amok_trey_79ffceb6de12.jpg,D:\Machine Learning project\sea_food_dataset\train\amok_trey\amok_trey_79ffceb6de12.jpg,amok_trey,Amok Trey,Cambodia,train,224,224,,,,,c888d07b26e0,
train\amok_trey\amok_trey_7a477f5fff40.jpg,D:\Machine Learning project\sea_food_dataset\train\amok_trey\amok_trey_7a477f5fff40.jpg,amok_trey,Amok Trey,Cambodia,train,224,224,,,,,168d6898ee1b,
train\amok_trey\amok_trey_7a9f2962cc5f.jpg,D:\Machine Learning project\sea_food_dataset\train\amok_trey\amok_trey_7a9f2962cc5f.jpg,amok_trey,Amok Trey,Cambodia,train,224,224,,,,,1f1da5011cba,
train\amok_trey\amok_trey_7b0a166e8c06.jpg,D:\Machine Learning project\sea_food_dataset\train\amok_trey\amok_trey_7b0a166e8c06.jpg,amok_trey,Amok Trey,Cambodia,train,224,224,,,,,16688f5d453a,
train\amok_trey\amok_trey_7b3abba484f8.jpg,D:\Machine Learning project\sea_food_dataset\train\amok_trey\amok_trey_7b3abba484f8.jpg,amok_trey,Amok Trey,Cambodia,train,224,224,,,,,caf810fca7b1,
train\amok_trey\amok_trey_7d0848dbf642.jpg,D:\Machine Learning project\sea_food_dataset\train\amok_trey\amok_trey_7d0848dbf642.jpg,amok_trey,Amok Trey,Cambodia,train,224,224,,,,,3d2a680c9510,
train\amok_trey\amok_trey_7d1939d50379.jpg,D:\Machine Learning project\sea_food_dataset\train\amok_trey\amok_trey_7d1939d50379.jpg,amok_trey,Amok Trey,Cambodia,train,224,224,,,,,04d746a5ab84,
train\amok_trey\amok_trey_7f0969f84d68.jpg,D:\Machine Learning project\sea_food_dataset\train\amok_trey\amok_trey_7f0969f84d68.jpg,amok_trey,Amok Trey,Cambodia,train,224,224,,,,,2fdc069e2e29,
train\amok_trey\amok_trey_7ff8e31fd0c9.jpg,D:\Machine Learning project\sea_food_dataset\train\amok_trey\amok_trey_7ff8e31fd0c9.jpg,amok_trey,Amok Trey,Cambodia,train,224,224,,,,,38d433e211bf,
train\amok_trey\amok_trey_802422389bad.jpg,D:\Machine Learning project\sea_food_dataset\train\amok_trey\amok_trey_802422389bad.jpg,amok_trey,Amok Trey,Cambodia,train,224,224,,,,,750a7c5ee1c1,
train\amok_trey\amok_trey_8083681f1a91.jpg,D:\Machine Learning project\sea_food_dataset\train\amok_trey\amok_trey_8083681f1a91.jpg,amok_trey,Amok Trey,Cambodia,train,224,224,,,,,2915269e03e1,
train\amok_trey\amok_trey_80b0abbf12a8.jpg,D:\Machine Learning project\sea_food_dataset\train\amok_trey\amok_trey_80b0abbf12a8.jpg,amok_trey,Amok Trey,Cambodia,train,224,224,,,,,72a7cbb70ecd,
train\amok_trey\amok_trey_80bcc129544f.jpg,D:\Machine Learning project\sea_food_dataset\train\amok_trey\amok_trey_80bcc129544f.jpg,amok_trey,Amok Trey,Cambodia,train,224,224,,,,,dc953a67d471,
train\amok_trey\amok_trey_82a1f1f894b2.jpg,D:\Machine Learning project\sea_food_dataset\train\amok_trey\amok_trey_82a1f1f894b2.jpg,amok_trey,Amok Trey,Cambodia,train,224,224,,,,,0dcec8510144,
train\amok_trey\amok_trey_844dd6916207.jpg,D:\Machine Learning project\sea_food_dataset\train\amok_trey\amok_trey_844dd6916207.jpg,amok_trey,Amok Trey,Cambodia,train,224,224,,,,,a54ec35175bd,
train\amok_trey\amok_trey_84d1c7a43ce7.jpg,D:\Machine Learning project\sea_food_dataset\train\amok_trey\amok_trey_84d1c7a43ce7.jpg,amok_trey,Amok Trey,Cambodia,train,224,224,,,,,e95491b02162,
train\amok_trey\amok_trey_88762da804b8.jpg,D:\Machine Learning project\sea_food_dataset\train\amok_trey\amok_trey_88762da804b8.jpg,amok_trey,Amok Trey,Cambodia,train,224,224,,,,,bb2206887927,
train\amok_trey\amok_trey_88ab8953a71a.jpg,D:\Machine Learning project\sea_food_dataset\train\amok_trey\amok_trey_88ab8953a71a.jpg,amok_trey,Amok Trey,Cambodia,train,224,224,,,,,1d9682d9129a,
train\amok_trey\amok_trey_8c29c05f7138.jpg,D:\Machine Learning project\sea_food_dataset\train\amok_trey\amok_trey_8c29c05f7138.jpg,amok_trey,Amok Trey,Cambodia,train,224,224,,,,,2314ec4c8384,
train\amok_trey\amok_trey_8c915ff10487.jpg,D:\Machine Learning project\sea_food_dataset\train\amok_trey\amok_trey_8c915ff10487.jpg,amok_trey,Amok Trey,Cambodia,train,224,224,,,,,7ea30e5e5ffa,
train\amok_trey\amok_trey_8c986306b045.jpg,D:\Machine Learning project\sea_food_dataset\train\amok_trey\amok_trey_8c986306b045.jpg,amok_trey,Amok Trey,Cambodia,train,224,224,,,,,5a56ac0461b6,
train\amok_trey\amok_trey_8db251875bf2.jpg,D:\Machine Learning project\sea_food_dataset\train\amok_trey\amok_trey_8db251875bf2.jpg,amok_trey,Amok Trey,Cambodia,train,224,224,,,,,2a57304a4382,
train\amok_trey\amok_trey_9125d3b19412.jpg,D:\Machine Learning project\sea_food_dataset\train\amok_trey\amok_trey_9125d3b19412.jpg,amok_trey,Amok Trey,Cambodia,train,224,224,,,,,9850dd381770,
train\amok_trey\amok_trey_92007b108471.jpg,D:\Machine Learning project\sea_food_dataset\train\amok_trey\amok_trey_92007b108471.jpg,amok_trey,Amok Trey,Cambodia,train,224,224,,,,,447325dc30bc,
train\amok_trey\amok_trey_9287801ef119.jpg,D:\Machine Learning project\sea_food_dataset\train\amok_trey\amok_trey_9287801ef119.jpg,amok_trey,Amok Trey,Cambodia,train,224,224,,,,,603b816e185f,
train\amok_trey\amok_trey_93606dd32c32.jpg,D:\Machine Learning project\sea_food_dataset\train\amok_trey\amok_trey_93606dd32c32.jpg,amok_trey,Amok Trey,Cambodia,train,224,224,,,,,a466f19ecdb0,
train\amok_trey\amok_trey_939e8e6ceae8.jpg,D:\Machine Learning project\sea_food_dataset\train\amok_trey\amok_trey_939e8e6ceae8.jpg,amok_trey,Amok Trey,Cambodia,train,224,224,,,,,075b5a9e2174,
train\amok_trey\amok_trey_93c54c927519.jpg,D:\Machine Learning project\sea_food_dataset\train\amok_trey\amok_trey_93c54c927519.jpg,amok_trey,Amok Trey,Cambodia,train,224,224,,,,,333f8f512d56,
train\amok_trey\amok_trey_950d099b681d.jpg,D:\Machine Learning project\sea_food_dataset\train\amok_trey\amok_trey_950d099b681d.jpg,amok_trey,Amok Trey,Cambodia,train,224,224,,,,,795c4837c9b1,
train\amok_trey\amok_trey_95adb203589d.jpg,D:\Machine Learning project\sea_food_dataset\train\amok_trey\amok_trey_95adb203589d.jpg,amok_trey,Amok Trey,Cambodia,train,224,224,,,,,f85cdbad5ab4,
train\amok_trey\amok_trey_95f990182184.jpg,D:\Machine Learning project\sea_food_dataset\train\amok_trey\amok_trey_95f990182184.jpg,amok_trey,Amok Trey,Cambodia,train,224,224,,,,,b7976f5143e0,
train\amok_trey\amok_trey_95fb513195e0.jpg,D:\Machine Learning project\sea_food_dataset\train\amok_trey\amok_trey_95fb513195e0.jpg,amok_trey,Amok Trey,Cambodia,train,224,224,,,,,cda9f7a0b617,
train\amok_trey\amok_trey_965ceedbc834.jpg,D:\Machine Learning project\sea_food_dataset\train\amok_trey\amok_trey_965ceedbc834.jpg,amok_trey,Amok Trey,Cambodia,train,224,224,,,,,ce4f5e6375bd,
train\amok_trey\amok_trey_9779c72a8879.jpg,D:\Machine Learning project\sea_food_dataset\train\amok_trey\amok_trey_9779c72a8879.jpg,amok_trey,Amok Trey,Cambodia,train,224,224,,,,,0e9b1f8e6355,
train\amok_trey\amok_trey_98c5154b169d.jpg,D:\Machine Learning project\sea_food_dataset\train\amok_trey\amok_trey_98c5154b169d.jpg,amok_trey,Amok Trey,Cambodia,train,224,224,,,,,b94379d04385,
train\amok_trey\amok_trey_99654cfe57d0.jpg,D:\Machine Learning project\sea_food_dataset\train\amok_trey\amok_trey_99654cfe57d0.jpg,amok_trey,Amok Trey,Cambodia,train,224,224,,,,,b49662f95aa1,
train\amok_trey\amok_trey_998f6c5c9b4b.jpg,D:\Machine Learning project\sea_food_dataset\train\amok_trey\amok_trey_998f6c5c9b4b.jpg,amok_trey,Amok Trey,Cambodia,train,224,224,,,,,d0e2184ddec1,
train\amok_trey\amok_trey_9a66e3e897b0.jpg,D:\Machine Learning project\sea_food_dataset\train\amok_trey\amok_trey_9a66e3e897b0.jpg,amok_trey,Amok Trey,Cambodia,train,224,224,,,,,d1eccb10db2e,
train\amok_trey\amok_trey_9b0ee0ced3a4.jpg,D:\Machine Learning project\sea_food_dataset\train\amok_trey\amok_trey_9b0ee0ced3a4.jpg,amok_trey,Amok Trey,Cambodia,train,224,224,,,,,35ba4105472d,
train\amok_trey\amok_trey_9c955f38fadc.jpg,D:\Machine Learning project\sea_food_dataset\train\amok_trey\amok_trey_9c955f38fadc.jpg,amok_trey,Amok Trey,Cambodia,train,224,224,,,,,f9ec48de42e7,
train\amok_trey\amok_trey_a309a8be5fbf.jpg,D:\Machine Learning project\sea_food_dataset\train\amok_trey\amok_trey_a309a8be5fbf.jpg,amok_trey,Amok Trey,Cambodia,train,224,224,,,,,31835a538608,
train\amok_trey\amok_trey_a318e10bf2e4.jpg,D:\Machine Learning project\sea_food_dataset\train\amok_trey\amok_trey_a318e10bf2e4.jpg,amok_trey,Amok Trey,Cambodia,train,224,224,,,,,6e9f85b850d8,
train\amok_trey\amok_trey_a4851e0efb49.jpg,D:\Machine Learning project\sea_food_dataset\train\amok_trey\amok_trey_a4851e0efb49.jpg,amok_trey,Amok Trey,Cambodia,train,224,224,,,,,3ec557f81da2,
train\amok_trey\amok_trey_a599f17ddbf2.jpg,D:\Machine Learning project\sea_food_dataset\train\amok_trey\amok_trey_a599f17ddbf2.jpg,amok_trey,Amok Trey,Cambodia,train,224,224,,,,,ab6930e3296b,
train\amok_trey\amok_trey_a635d6fe79de.jpg,D:\Machine Learning project\sea_food_dataset\train\amok_trey\amok_trey_a635d6fe79de.jpg,amok_trey,Amok Trey,Cambodia,train,224,224,,,,,9f4398202670,
train\amok_trey\amok_trey_a6933c23e7bc.jpg,D:\Machine Learning project\sea_food_dataset\train\amok_trey\amok_trey_a6933c23e7bc.jpg,amok_trey,Amok Trey,Cambodia,train,224,224,,,,,65af18cef038,
train\amok_trey\amok_trey_a7558f3d470b.jpg,D:\Machine Learning project\sea_food_dataset\train\amok_trey\amok_trey_a7558f3d470b.jpg,amok_trey,Amok Trey,Cambodia,train,224,224,,,,,52631303b43a,
train\amok_trey\amok_trey_a89fdffdbf1e.jpg,D:\Machine Learning project\sea_food_dataset\train\amok_trey\amok_trey_a89fdffdbf1e.jpg,amok_trey,Amok Trey,Cambodia,train,224,224,,,,,58c342235eb1,
train\amok_trey\amok_trey_a8a9ad0aabf6.jpg,D:\Machine Learning project\sea_food_dataset\train\amok_trey\amok_trey_a8a9ad0aabf6.jpg,amok_trey,Amok Trey,Cambodia,train,224,224,,,,,3c86dfe3ceaa,
train\amok_trey\amok_trey_aa534229d947.jpg,D:\Machine Learning project\sea_food_dataset\train\amok_trey\amok_trey_aa534229d947.jpg,amok_trey,Amok Trey,Cambodia,train,224,224,,,,,fc2731a27970,
train\amok_trey\amok_trey_aa7b76c6d4d4.jpg,D:\Machine Learning project\sea_food_dataset\train\amok_trey\amok_trey_aa7b76c6d4d4.jpg,amok_trey,Amok Trey,Cambodia,train,224,224,,,,,3bd5e046c684,
train\amok_trey\amok_trey_acf790618b50.jpg,D:\Machine Learning project\sea_food_dataset\train\amok_trey\amok_trey_acf790618b50.jpg,amok_trey,Amok Trey,Cambodia,train,224,224,,,,,0698ce2a6851,
train\amok_trey\amok_trey_acfefac88410.jpg,D:\Machine Learning project\sea_food_dataset\train\amok_trey\amok_trey_acfefac88410.jpg,amok_trey,Amok Trey,Cambodia,train,224,224,,,,,6fec87b66e37,
train\amok_trey\amok_trey_ad02a33d4641.jpg,D:\Machine Learning project\sea_food_dataset\train\amok_trey\amok_trey_ad02a33d4641.jpg,amok_trey,Amok Trey,Cambodia,train,224,224,,,,,c77826f1b236,
train\amok_trey\amok_trey_ad9ae2fc988a.jpg,D:\Machine Learning project\sea_food_dataset\train\amok_trey\amok_trey_ad9ae2fc988a.jpg,amok_trey,Amok Trey,Cambodia,train,224,224,,,,,14fedc5a69fc,
train\amok_trey\amok_trey_af3e7af77fbf.jpg,D:\Machine Learning project\sea_food_dataset\train\amok_trey\amok_trey_af3e7af77fbf.jpg,amok_trey,Amok Trey,Cambodia,train,224,224,,,,,eb8d4700b878,
train\amok_trey\amok_trey_b00839401938.jpg,D:\Machine Learning project\sea_food_dataset\train\amok_trey\amok_trey_b00839401938.jpg,amok_trey,Amok Trey,Cambodia,train,224,224,,,,,289f71e7f326,
train\amok_trey\amok_trey_b1d1fc8e2d61.jpg,D:\Machine Learning project\sea_food_dataset\train\amok_trey\amok_trey_b1d1fc8e2d61.jpg,amok_trey,Amok Trey,Cambodia,train,224,224,,,,,c000ebc8f2e9,
train\amok_trey\amok_trey_b3180561f4b4.jpg,D:\Machine Learning project\sea_food_dataset\train\amok_trey\amok_trey_b3180561f4b4.jpg,amok_trey,Amok Trey,Cambodia,train,224,224,,,,,2d2d32c7d5a8,
train\amok_trey\amok_trey_b44287030fcd.jpg,D:\Machine Learning project\sea_food_dataset\train\amok_trey\amok_trey_b44287030fcd.jpg,amok_trey,Amok Trey,Cambodia,train,224,224,,,,,c2216679f216,
train\amok_trey\amok_trey_b515b7b83983.jpg,D:\Machine Learning project\sea_food_dataset\train\amok_trey\amok_trey_b515b7b83983.jpg,amok_trey,Amok Trey,Cambodia,train,224,224,,,,,94666c4187b9,
train\amok_trey\amok_trey_b7e5ef98ed64.jpg,D:\Machine Learning project\sea_food_dataset\train\amok_trey\amok_trey_b7e5ef98ed64.jpg,amok_trey,Amok Trey,Cambodia,train,224,224,,,,,36ab4f783c47,
train\amok_trey\amok_trey_b9533f6d3505.jpg,D:\Machine Learning project\sea_food_dataset\train\amok_trey\amok_trey_b9533f6d3505.jpg,amok_trey,Amok Trey,Cambodia,train,224,224,,,,,86aeccdb74f2,
train\amok_trey\amok_trey_bc019707afaf.jpg,D:\Machine Learning project\sea_food_dataset\train\amok_trey\amok_trey_bc019707afaf.jpg,amok_trey,Amok Trey,Cambodia,train,224,224,,,,,e951822caa4f,
train\amok_trey\amok_trey_bd7ae16d6cb3.jpg,D:\Machine Learning project\sea_food_dataset\train\amok_trey\amok_trey_bd7ae16d6cb3.jpg,amok_trey,Amok Trey,Cambodia,train,224,224,,,,,add7c65133d8,
train\amok_trey\amok_trey_bdaa69f19407.jpg,D:\Machine Learning project\sea_food_dataset\train\amok_trey\amok_trey_bdaa69f19407.jpg,amok_trey,Amok Trey,Cambodia,train,224,224,,,,,645ffe840d0b,
train\amok_trey\amok_trey_be6563fb2f79.jpg,D:\Machine Learning project\sea_food_dataset\train\amok_trey\amok_trey_be6563fb2f79.jpg,amok_trey,Amok Trey,Cambodia,train,224,224,,,,,e485eb12f7ed,
train\amok_trey\amok_trey_becf1bb5a6a5.jpg,D:\Machine Learning project\sea_food_dataset\train\amok_trey\amok_trey_becf1bb5a6a5.jpg,amok_trey,Amok Trey,Cambodia,train,224,224,,,,,14b7f67af6a1,
train\amok_trey\amok_trey_befb7c1059e1.jpg,D:\Machine Learning project\sea_food_dataset\train\amok_trey\amok_trey_befb7c1059e1.jpg,amok_trey,Amok Trey,Cambodia,train,224,224,,,,,25206e426a7c,
train\amok_trey\amok_trey_bf608c0662fb.jpg,D:\Machine Learning project\sea_food_dataset\train\amok_trey\amok_trey_bf608c0662fb.jpg,amok_trey,Amok Trey,Cambodia,train,224,224,,,,,19e4c8e380bf,
train\amok_trey\amok_trey_c1f1c2bcee84.jpg,D:\Machine Learning project\sea_food_dataset\train\amok_trey\amok_trey_c1f1c2bcee84.jpg,amok_trey,Amok Trey,Cambodia,train,224,224,,,,,31a38e9cb850,
train\amok_trey\amok_trey_c42b1f45f3bc.jpg,D:\Machine Learning project\sea_food_dataset\train\amok_trey\amok_trey_c42b1f45f3bc.jpg,amok_trey,Amok Trey,Cambodia,train,224,224,,,,,50a5092e65f7,
train\amok_trey\amok_trey_c4a60d6e3624.jpg,D:\Machine Learning project\sea_food_dataset\train\amok_trey\amok_trey_c4a60d6e3624.jpg,amok_trey,Amok Trey,Cambodia,train,224,224,,,,,08ec46c6253f,
train\amok_trey\amok_trey_c6317c0c9af8.jpg,D:\Machine Learning project\sea_food_dataset\train\amok_trey\amok_trey_c6317c0c9af8.jpg,amok_trey,Amok Trey,Cambodia,train,224,224,,,,,7ab90341228c,
train\amok_trey\amok_trey_c6aadff1a3ed.jpg,D:\Machine Learning project\sea_food_dataset\train\amok_trey\amok_trey_c6aadff1a3ed.jpg,amok_trey,Amok Trey,Cambodia,train,224,224,,,,,15a3ee756d37,
train\amok_trey\amok_trey_c885dd31e13a.jpg,D:\Machine Learning project\sea_food_dataset\train\amok_trey\amok_trey_c885dd31e13a.jpg,amok_trey,Amok Trey,Cambodia,train,224,224,,,,,03dfd619e66c,
train\amok_trey\amok_trey_c994f9bd9df4.jpg,D:\Machine Learning project\sea_food_dataset\train\amok_trey\amok_trey_c994f9bd9df4.jpg,amok_trey,Amok Trey,Cambodia,train,224,224,,,,,8ddda9cf26e3,
train\amok_trey\amok_trey_ca3ab3e6c8d9.jpg,D:\Machine Learning project\sea_food_dataset\train\amok_trey\amok_trey_ca3ab3e6c8d9.jpg,amok_trey,Amok Trey,Cambodia,train,224,224,,,,,5a1f435133f7,
train\amok_trey\amok_trey_cacd2d432d36.jpg,D:\Machine Learning project\sea_food_dataset\train\amok_trey\amok_trey_cacd2d432d36.jpg,amok_trey,Amok Trey,Cambodia,train,224,224,,,,,73a0dc67f24e,
train\amok_trey\amok_trey_cb80c5314d80.jpg,D:\Machine Learning project\sea_food_dataset\train\amok_trey\amok_trey_cb80c5314d80.jpg,amok_trey,Amok Trey,Cambodia,train,224,224,,,,,47ebec183572,
train\amok_trey\amok_trey_cfcea02a7ad0.jpg,D:\Machine Learning project\sea_food_dataset\train\amok_trey\amok_trey_cfcea02a7ad0.jpg,amok_trey,Amok Trey,Cambodia,train,224,224,,,,,1419018390ff,
train\amok_trey\amok_trey_d0009c6f26de.jpg,D:\Machine Learning project\sea_food_dataset\train\amok_trey\amok_trey_d0009c6f26de.jpg,amok_trey,Amok Trey,Cambodia,train,224,224,,,,,5d39563d6b40,
train\amok_trey\amok_trey_d1f2ea0e9898.jpg,D:\Machine Learning project\sea_food_dataset\train\amok_trey\amok_trey_d1f2ea0e9898.jpg,amok_trey,Amok Trey,Cambodia,train,224,224,,,,,db13e24a76b3,
train\amok_trey\amok_trey_d2bfe3f8eb4f.jpg,D:\Machine Learning project\sea_food_dataset\train\amok_trey\amok_trey_d2bfe3f8eb4f.jpg,amok_trey,Amok Trey,Cambodia,train,224,224,,,,,7386b521aed5,
train\amok_trey\amok_trey_d417496b4815.jpg,D:\Machine Learning project\sea_food_dataset\train\amok_trey\amok_trey_d417496b4815.jpg,amok_trey,Amok Trey,Cambodia,train,224,224,,,,,e7554bc3b5a3,
train\amok_trey\amok_trey_d491c8eb9daf.jpg,D:\Machine Learning project\sea_food_dataset\train\amok_trey\amok_trey_d491c8eb9daf.jpg,amok_trey,Amok Trey,Cambodia,train,224,224,,,,,5a3397c8adb5,
train\amok_trey\amok_trey_d506c55c5d0f.jpg,D:\Machine Learning project\sea_food_dataset\train\amok_trey\amok_trey_d506c55c5d0f.jpg,amok_trey,Amok Trey,Cambodia,train,224,224,,,,,fbe5c30ade6c,
train\amok_trey\amok_trey_d531893e7b0b.jpg,D:\Machine Learning project\sea_food_dataset\train\amok_trey\amok_trey_d531893e7b0b.jpg,amok_trey,Amok Trey,Cambodia,train,224,224,,,,,95421151865e,
train\amok_trey\amok_trey_d5b35d63be3b.jpg,D:\Machine Learning project\sea_food_dataset\train\amok_trey\amok_trey_d5b35d63be3b.jpg,amok_trey,Amok Trey,Cambodia,train,224,224,,,,,db161fd24468,
train\amok_trey\amok_trey_d5cc1cba1311.jpg,D:\Machine Learning project\sea_food_dataset\train\amok_trey\amok_trey_d5cc1cba1311.jpg,amok_trey,Amok Trey,Cambodia,train,224,224,,,,,81634b0a8ca1,
train\amok_trey\amok_trey_d63ce34e5bad.jpg,D:\Machine Learning project\sea_food_dataset\train\amok_trey\amok_trey_d63ce34e5bad.jpg,amok_trey,Amok Trey,Cambodia,train,224,224,,,,,9443eb43ae9f,
train\amok_trey\amok_trey_d6526b03e22f.jpg,D:\Machine Learning project\sea_food_dataset\train\amok_trey\amok_trey_d6526b03e22f.jpg,amok_trey,Amok Trey,Cambodia,train,224,224,,,,,1bfc578554d4,
train\amok_trey\amok_trey_da17ea0d1bbe.jpg,D:\Machine Learning project\sea_food_dataset\train\amok_trey\amok_trey_da17ea0d1bbe.jpg,amok_trey,Amok Trey,Cambodia,train,224,224,,,,,300b416a4f0f,
train\amok_trey\amok_trey_daab2c084874.jpg,D:\Machine Learning project\sea_food_dataset\train\amok_trey\amok_trey_daab2c084874.jpg,amok_trey,Amok Trey,Cambodia,train,224,224,,,,,183a465dcc21,
train\amok_trey\amok_trey_db4962214ccd.jpg,D:\Machine Learning project\sea_food_dataset\train\amok_trey\amok_trey_db4962214ccd.jpg,amok_trey,Amok Trey,Cambodia,train,224,224,,,,,7a34e7df13f3,
train\amok_trey\amok_trey_dbf367071eea.jpg,D:\Machine Learning project\sea_food_dataset\train\amok_trey\amok_trey_dbf367071eea.jpg,amok_trey,Amok Trey,Cambodia,train,224,224,,,,,669d70a158ca,
train\amok_trey\amok_trey_dc7e326a49bc.jpg,D:\Machine Learning project\sea_food_dataset\train\amok_trey\amok_trey_dc7e326a49bc.jpg,amok_trey,Amok Trey,Cambodia,train,224,224,,,,,7da421740716,
train\amok_trey\amok_trey_de8065bb6a2d.jpg,D:\Machine Learning project\sea_food_dataset\train\amok_trey\amok_trey_de8065bb6a2d.jpg,amok_trey,Amok Trey,Cambodia,train,224,224,,,,,66f83689cf11,
train\amok_trey\amok_trey_e15f62031332.jpg,D:\Machine Learning project\sea_food_dataset\train\amok_trey\amok_trey_e15f62031332.jpg,amok_trey,Amok Trey,Cambodia,train,224,224,,,,,d450ff08d5c6,
train\amok_trey\amok_trey_e1e2f4e3ef0d.jpg,D:\Machine Learning project\sea_food_dataset\train\amok_trey\amok_trey_e1e2f4e3ef0d.jpg,amok_trey,Amok Trey,Cambodia,train,224,224,,,,,58cceb321b64,
train\amok_trey\amok_trey_e23bc14a493a.jpg,D:\Machine Learning project\sea_food_dataset\train\amok_trey\amok_trey_e23bc14a493a.jpg,amok_trey,Amok Trey,Cambodia,train,224,224,,,,,4646e17d3af9,
train\amok_trey\amok_trey_e55f102a9fba.jpg,D:\Machine Learning project\sea_food_dataset\train\amok_trey\amok_trey_e55f102a9fba.jpg,amok_trey,Amok Trey,Cambodia,train,224,224,,,,,4014301252c9,
train\amok_trey\amok_trey_e5b9a91d69f0.jpg,D:\Machine Learning project\sea_food_dataset\train\amok_trey\amok_trey_e5b9a91d69f0.jpg,amok_trey,Amok Trey,Cambodia,train,224,224,,,,,93aded844702,
train\amok_trey\amok_trey_e765786513b5.jpg,D:\Machine Learning project\sea_food_dataset\train\amok_trey\amok_trey_e765786513b5.jpg,amok_trey,Amok Trey,Cambodia,train,224,224,,,,,0be1642c902f,
train\amok_trey\amok_trey_e78b4fc032d9.jpg,D:\Machine Learning project\sea_food_dataset\train\amok_trey\amok_trey_e78b4fc032d9.jpg,amok_trey,Amok Trey,Cambodia,train,224,224,,,,,f0468404e46a,
train\amok_trey\amok_trey_e7e5950297e8.jpg,D:\Machine Learning project\sea_food_dataset\train\amok_trey\amok_trey_e7e5950297e8.jpg,amok_trey,Amok Trey,Cambodia,train,224,224,,,,,df68b53bc6e6,
train\amok_trey\amok_trey_ea15145af1ac.jpg,D:\Machine Learning project\sea_food_dataset\train\amok_trey\amok_trey_ea15145af1ac.jpg,amok_trey,Amok Trey,Cambodia,train,224,224,,,,,beb31a5c0d51,
train\amok_trey\amok_trey_ea308b8bab67.jpg,D:\Machine Learning project\sea_food_dataset\train\amok_trey\amok_trey_ea308b8bab67.jpg,amok_trey,Amok Trey,Cambodia,train,224,224,,,,,908c28ef87a4,
train\amok_trey\amok_trey_ea994e3af7df.jpg,D:\Machine Learning project\sea_food_dataset\train\amok_trey\amok_trey_ea994e3af7df.jpg,amok_trey,Amok Trey,Cambodia,train,224,224,,,,,653db2510241,
train\amok_trey\amok_trey_ead283684f3c.jpg,D:\Machine Learning project\sea_food_dataset\train\amok_trey\amok_trey_ead283684f3c.jpg,amok_trey,Amok Trey,Cambodia,train,224,224,,,,,89b5a6a8a182,
train\amok_trey\amok_trey_ebe5789c4efb.jpg,D:\Machine Learning project\sea_food_dataset\train\amok_trey\amok_trey_ebe5789c4efb.jpg,amok_trey,Amok Trey,Cambodia,train,224,224,,,,,15d59dd0e51e,
train\amok_trey\amok_trey_ed20938b509e.jpg,D:\Machine Learning project\sea_food_dataset\train\amok_trey\amok_trey_ed20938b509e.jpg,amok_trey,Amok Trey,Cambodia,train,224,224,,,,,2e71ef763f02,
train\amok_trey\amok_trey_ef90e5129969.jpg,D:\Machine Learning project\sea_food_dataset\train\amok_trey\amok_trey_ef90e5129969.jpg,amok_trey,Amok Trey,Cambodia,train,224,224,,,,,7760d4a55644,
train\amok_trey\amok_trey_f1e99731e3e5.jpg,D:\Machine Learning project\sea_food_dataset\train\amok_trey\amok_trey_f1e99731e3e5.jpg,amok_trey,Amok Trey,Cambodia,train,224,224,,,,,85a548bc1b8a,
train\amok_trey\amok_trey_f1eb1d69f624.jpg,D:\Machine Learning project\sea_food_dataset\train\amok_trey\amok_trey_f1eb1d69f624.jpg,amok_trey,Amok Trey,Cambodia,train,224,224,,,,,f1da016630b6,
train\amok_trey\amok_trey_f1ee0dcf1a2e.jpg,D:\Machine Learning project\sea_food_dataset\train\amok_trey\amok_trey_f1ee0dcf1a2e.jpg,amok_trey,Amok Trey,Cambodia,train,224,224,,,,,815183d1080d,
train\amok_trey\amok_trey_f44c1c800041.jpg,D:\Machine Learning project\sea_food_dataset\train\amok_trey\amok_trey_f44c1c800041.jpg,amok_trey,Amok Trey,Cambodia,train,224,224,,,,,ac3dcf5389d5,
train\amok_trey\amok_trey_f48da16da172.jpg,D:\Machine Learning project\sea_food_dataset\train\amok_trey\amok_trey_f48da16da172.jpg,amok_trey,Amok Trey,Cambodia,train,224,224,,,,,250bef02f144,
train\amok_trey\amok_trey_f542066d4d2c.jpg,D:\Machine Learning project\sea_food_dataset\train\amok_trey\amok_trey_f542066d4d2c.jpg,amok_trey,Amok Trey,Cambodia,train,224,224,,,,,ac7e2dfe7e45,
train\amok_trey\amok_trey_f5af02c73a14.jpg,D:\Machine Learning project\sea_food_dataset\train\amok_trey\amok_trey_f5af02c73a14.jpg,amok_trey,Amok Trey,Cambodia,train,224,224,,,,,f0fa332422fd,
train\amok_trey\amok_trey_f8170d0a7435.jpg,D:\Machine Learning project\sea_food_dataset\train\amok_trey\amok_trey_f8170d0a7435.jpg,amok_trey,Amok Trey,Cambodia,train,224,224,,,,,53ef83fb881e,
train\amok_trey\amok_trey_f822cb3d3dea.jpg,D:\Machine Learning project\sea_food_dataset\train\amok_trey\amok_trey_f822cb3d3dea.jpg,amok_trey,Amok Trey,Cambodia,train,224,224,,,,,80a4a8f1a87a,
train\amok_trey\amok_trey_f8277515c442.jpg,D:\Machine Learning project\sea_food_dataset\train\amok_trey\amok_trey_f8277515c442.jpg,amok_trey,Amok Trey,Cambodia,train,224,224,,,,,7889161b3c47,
train\amok_trey\amok_trey_f8a581ef1df5.jpg,D:\Machine Learning project\sea_food_dataset\train\amok_trey\amok_trey_f8a581ef1df5.jpg,amok_trey,Amok Trey,Cambodia,train,224,224,,,,,763c4c6e2acb,
train\amok_trey\amok_trey_f8d3a43466ad.jpg,D:\Machine Learning project\sea_food_dataset\train\amok_trey\amok_trey_f8d3a43466ad.jpg,amok_trey,Amok Trey,Cambodia,train,224,224,,,,,70ee05d0111f,
train\amok_trey\amok_trey_f919deb1e46d.jpg,D:\Machine Learning project\sea_food_dataset\train\amok_trey\amok_trey_f919deb1e46d.jpg,amok_trey,Amok Trey,Cambodia,train,224,224,,,,,4b3d41915b2f,
train\amok_trey\amok_trey_fa90634c22f1.jpg,D:\Machine Learning project\sea_food_dataset\train\amok_trey\amok_trey_fa90634c22f1.jpg,amok_trey,Amok Trey,Cambodia,train,224,224,,,,,2a2c88b15a3f,
train\amok_trey\amok_trey_fb3c769deb9e.jpg,D:\Machine Learning project\sea_food_dataset\train\amok_trey\amok_trey_fb3c769deb9e.jpg,amok_trey,Amok Trey,Cambodia,train,224,224,,,,,090f71052724,
train\amok_trey\amok_trey_ff837e49df10.jpg,D:\Machine Learning project\sea_food_dataset\train\amok_trey\amok_trey_ff837e49df10.jpg,amok_trey,Amok Trey,Cambodia,train,224,224,,,,,8967cabed053,
train\banh_mi\banh_mi_004958f48c4e.jpg,D:\Machine Learning project\sea_food_dataset\train\banh_mi\banh_mi_004958f48c4e.jpg,banh_mi,Bánh Mì,Vietnam,train,224,224,,,,,82ee401b3cb8,
train\banh_mi\banh_mi_029c28eeba7b.jpg,D:\Machine Learning project\sea_food_dataset\train\banh_mi\banh_mi_029c28eeba7b.jpg,banh_mi,Bánh Mì,Vietnam,train,224,224,,,,,c2ff9fd459fa,
train\banh_mi\banh_mi_02c77db65b2d.jpg,D:\Machine Learning project\sea_food_dataset\train\banh_mi\banh_mi_02c77db65b2d.jpg,banh_mi,Bánh Mì,Vietnam,train,224,224,,,,,fe32da62df89,
train\banh_mi\banh_mi_02f4be9dfe33.jpg,D:\Machine Learning project\sea_food_dataset\train\banh_mi\banh_mi_02f4be9dfe33.jpg,banh_mi,Bánh Mì,Vietnam,train,224,224,,,,,ddf70207e58c,
train\banh_mi\banh_mi_02f92918ffcf.jpg,D:\Machine Learning project\sea_food_dataset\train\banh_mi\banh_mi_02f92918ffcf.jpg,banh_mi,Bánh Mì,Vietnam,train,224,224,,,,,04c17a9541ef,
train\banh_mi\banh_mi_046ed6317beb.jpg,D:\Machine Learning project\sea_food_dataset\train\banh_mi\banh_mi_046ed6317beb.jpg,banh_mi,Bánh Mì,Vietnam,train,224,224,,,,,ceb9125b8fdd,
train\banh_mi\banh_mi_04a4efe2ba92.jpg,D:\Machine Learning project\sea_food_dataset\train\banh_mi\banh_mi_04a4efe2ba92.jpg,banh_mi,Bánh Mì,Vietnam,train,224,224,,,,,382acac2be08,
train\banh_mi\banh_mi_04f2e6eb0f89.jpg,D:\Machine Learning project\sea_food_dataset\train\banh_mi\banh_mi_04f2e6eb0f89.jpg,banh_mi,Bánh Mì,Vietnam,train,224,224,,,,,ba732414c424,
train\banh_mi\banh_mi_04f579c717b5.jpg,D:\Machine Learning project\sea_food_dataset\train\banh_mi\banh_mi_04f579c717b5.jpg,banh_mi,Bánh Mì,Vietnam,train,224,224,,,,,83ad0818f4b4,
train\banh_mi\banh_mi_05233e06da68.jpg,D:\Machine Learning project\sea_food_dataset\train\banh_mi\banh_mi_05233e06da68.jpg,banh_mi,Bánh Mì,Vietnam,train,224,224,,,,,cfa965732a86,
train\banh_mi\banh_mi_059b72823c76.jpg,D:\Machine Learning project\sea_food_dataset\train\banh_mi\banh_mi_059b72823c76.jpg,banh_mi,Bánh Mì,Vietnam,train,224,224,,,,,895e4cbdab1c,
train\banh_mi\banh_mi_06125d75bc96.jpg,D:\Machine Learning project\sea_food_dataset\train\banh_mi\banh_mi_06125d75bc96.jpg,banh_mi,Bánh Mì,Vietnam,train,224,224,,,,,95e4d3e5746e,
train\banh_mi\banh_mi_06f89454d8c5.jpg,D:\Machine Learning project\sea_food_dataset\train\banh_mi\banh_mi_06f89454d8c5.jpg,banh_mi,Bánh Mì,Vietnam,train,224,224,,,,,5aaf847ea4ac,
train\banh_mi\banh_mi_08b8a85efb3c.jpg,D:\Machine Learning project\sea_food_dataset\train\banh_mi\banh_mi_08b8a85efb3c.jpg,banh_mi,Bánh Mì,Vietnam,train,224,224,,,,,2120f093ad60,
train\banh_mi\banh_mi_090d64b0272c.jpg,D:\Machine Learning project\sea_food_dataset\train\banh_mi\banh_mi_090d64b0272c.jpg,banh_mi,Bánh Mì,Vietnam,train,224,224,,,,,6d19347ac045,
train\banh_mi\banh_mi_09d9615da9c9.jpg,D:\Machine Learning project\sea_food_dataset\train\banh_mi\banh_mi_09d9615da9c9.jpg,banh_mi,Bánh Mì,Vietnam,train,224,224,,,,,be7aca082853,
train\banh_mi\banh_mi_0a7b7ad70a1c.jpg,D:\Machine Learning project\sea_food_dataset\train\banh_mi\banh_mi_0a7b7ad70a1c.jpg,banh_mi,Bánh Mì,Vietnam,train,224,224,,,,,0f6d9d943b05,
train\banh_mi\banh_mi_0ab90f586bf9.jpg,D:\Machine Learning project\sea_food_dataset\train\banh_mi\banh_mi_0ab90f586bf9.jpg,banh_mi,Bánh Mì,Vietnam,train,224,224,,,,,efcfd4bcffc7,
train\banh_mi\banh_mi_0c6efba10530.jpg,D:\Machine Learning project\sea_food_dataset\train\banh_mi\banh_mi_0c6efba10530.jpg,banh_mi,Bánh Mì,Vietnam,train,224,224,,,,,be9888536a48,
train\banh_mi\banh_mi_0ce688e00460.jpg,D:\Machine Learning project\sea_food_dataset\train\banh_mi\banh_mi_0ce688e00460.jpg,banh_mi,Bánh Mì,Vietnam,train,224,224,,,,,8174762031a9,
train\banh_mi\banh_mi_0d61c25a17d4.jpg,D:\Machine Learning project\sea_food_dataset\train\banh_mi\banh_mi_0d61c25a17d4.jpg,banh_mi,Bánh Mì,Vietnam,train,224,224,,,,,a894653c0476,
train\banh_mi\banh_mi_0dcf6e34aafd.jpg,D:\Machine Learning project\sea_food_dataset\train\banh_mi\banh_mi_0dcf6e34aafd.jpg,banh_mi,Bánh Mì,Vietnam,train,224,224,,,,,5b696c803935,
train\banh_mi\banh_mi_0e8ad24a0242.jpg,D:\Machine Learning project\sea_food_dataset\train\banh_mi\banh_mi_0e8ad24a0242.jpg,banh_mi,Bánh Mì,Vietnam,train,224,224,,,,,ea18b59b3b19,
train\banh_mi\banh_mi_0f6ec7487829.jpg,D:\Machine Learning project\sea_food_dataset\train\banh_mi\banh_mi_0f6ec7487829.jpg,banh_mi,Bánh Mì,Vietnam,train,224,224,,,,,cde6b94230ec,
train\banh_mi\banh_mi_111d9e1da54c.jpg,D:\Machine Learning project\sea_food_dataset\train\banh_mi\banh_mi_111d9e1da54c.jpg,banh_mi,Bánh Mì,Vietnam,train,224,224,,,,,4173c56f6b9f,
train\banh_mi\banh_mi_11a095c7e2e5.jpg,D:\Machine Learning project\sea_food_dataset\train\banh_mi\banh_mi_11a095c7e2e5.jpg,banh_mi,Bánh Mì,Vietnam,train,224,224,,,,,cf12e37b8134,
train\banh_mi\banh_mi_1249cccb3951.jpg,D:\Machine Learning project\sea_food_dataset\train\banh_mi\banh_mi_1249cccb3951.jpg,banh_mi,Bánh Mì,Vietnam,train,224,224,,,,,669932709ec0,
train\banh_mi\banh_mi_14caadf7fee0.jpg,D:\Machine Learning project\sea_food_dataset\train\banh_mi\banh_mi_14caadf7fee0.jpg,banh_mi,Bánh Mì,Vietnam,train,224,224,,,,,24b796f0bc09,
train\banh_mi\banh_mi_153586cd203a.jpg,D:\Machine Learning project\sea_food_dataset\train\banh_mi\banh_mi_153586cd203a.jpg,banh_mi,Bánh Mì,Vietnam,train,224,224,,,,,61d7cd61a841,
train\banh_mi\banh_mi_15dbfed0e2ed.jpg,D:\Machine Learning project\sea_food_dataset\train\banh_mi\banh_mi_15dbfed0e2ed.jpg,banh_mi,Bánh Mì,Vietnam,train,224,224,,,,,db70169afac7,
train\banh_mi\banh_mi_16b19a4a38cc.jpg,D:\Machine Learning project\sea_food_dataset\train\banh_mi\banh_mi_16b19a4a38cc.jpg,banh_mi,Bánh Mì,Vietnam,train,224,224,,,,,51b956e3c77d,
train\banh_mi\banh_mi_1993cdbd87ab.jpg,D:\Machine Learning project\sea_food_dataset\train\banh_mi\banh_mi_1993cdbd87ab.jpg,banh_mi,Bánh Mì,Vietnam,train,224,224,,,,,d60739b9ece2,
train\banh_mi\banh_mi_19f47a37c68e.jpg,D:\Machine Learning project\sea_food_dataset\train\banh_mi\banh_mi_19f47a37c68e.jpg,banh_mi,Bánh Mì,Vietnam,train,224,224,,,,,5ff8c991edcf,
train\banh_mi\banh_mi_1a4315695ad1.jpg,D:\Machine Learning project\sea_food_dataset\train\banh_mi\banh_mi_1a4315695ad1.jpg,banh_mi,Bánh Mì,Vietnam,train,224,224,,,,,adac008c1505,
train\banh_mi\banh_mi_1a727f37e68e.jpg,D:\Machine Learning project\sea_food_dataset\train\banh_mi\banh_mi_1a727f37e68e.jpg,banh_mi,Bánh Mì,Vietnam,train,224,224,,,,,9386409d4326,
train\banh_mi\banh_mi_1aa218629c9e.jpg,D:\Machine Learning project\sea_food_dataset\train\banh_mi\banh_mi_1aa218629c9e.jpg,banh_mi,Bánh Mì,Vietnam,train,224,224,,,,,2b9b44ef2248,
train\banh_mi\banh_mi_1b0cc2f63047.jpg,D:\Machine Learning project\sea_food_dataset\train\banh_mi\banh_mi_1b0cc2f63047.jpg,banh_mi,Bánh Mì,Vietnam,train,224,224,,,,,5209340aad33,
train\banh_mi\banh_mi_1b4b6d9454db.jpg,D:\Machine Learning project\sea_food_dataset\train\banh_mi\banh_mi_1b4b6d9454db.jpg,banh_mi,Bánh Mì,Vietnam,train,224,224,,,,,5270ff489f8e,
train\banh_mi\banh_mi_1b4c63aa8755.jpg,D:\Machine Learning project\sea_food_dataset\train\banh_mi\banh_mi_1b4c63aa8755.jpg,banh_mi,Bánh Mì,Vietnam,train,224,224,,,,,94456b05d065,
train\banh_mi\banh_mi_1bbbfc9bddde.jpg,D:\Machine Learning project\sea_food_dataset\train\banh_mi\banh_mi_1bbbfc9bddde.jpg,banh_mi,Bánh Mì,Vietnam,train,224,224,,,,,b4d126cacaaf,
train\banh_mi\banh_mi_1ca1da740bf6.jpg,D:\Machine Learning project\sea_food_dataset\train\banh_mi\banh_mi_1ca1da740bf6.jpg,banh_mi,Bánh Mì,Vietnam,train,224,224,,,,,543cc6c01333,
train\banh_mi\banh_mi_1d24b1f76627.jpg,D:\Machine Learning project\sea_food_dataset\train\banh_mi\banh_mi_1d24b1f76627.jpg,banh_mi,Bánh Mì,Vietnam,train,224,224,,,,,43254a6c5441,
train\banh_mi\banh_mi_1d9564f31ec2.jpg,D:\Machine Learning project\sea_food_dataset\train\banh_mi\banh_mi_1d9564f31ec2.jpg,banh_mi,Bánh Mì,Vietnam,train,224,224,,,,,d302cbb4e32f,
train\banh_mi\banh_mi_1e19bc0ff0b9.jpg,D:\Machine Learning project\sea_food_dataset\train\banh_mi\banh_mi_1e19bc0ff0b9.jpg,banh_mi,Bánh Mì,Vietnam,train,224,224,,,,,02081c07cb8f,
train\banh_mi\banh_mi_1ea2546d37b3.jpg,D:\Machine Learning project\sea_food_dataset\train\banh_mi\banh_mi_1ea2546d37b3.jpg,banh_mi,Bánh Mì,Vietnam,train,224,224,,,,,a9505322ea84,
train\banh_mi\banh_mi_208ad6f639b9.jpg,D:\Machine Learning project\sea_food_dataset\train\banh_mi\banh_mi_208ad6f639b9.jpg,banh_mi,Bánh Mì,Vietnam,train,224,224,,,,,d8ef903c3dd7,
train\banh_mi\banh_mi_2112dcd494d0.jpg,D:\Machine Learning project\sea_food_dataset\train\banh_mi\banh_mi_2112dcd494d0.jpg,banh_mi,Bánh Mì,Vietnam,train,224,224,,,,,26925facb8af,
train\banh_mi\banh_mi_225eecb7c290.jpg,D:\Machine Learning project\sea_food_dataset\train\banh_mi\banh_mi_225eecb7c290.jpg,banh_mi,Bánh Mì,Vietnam,train,224,224,,,,,e85c01a06c74,
train\banh_mi\banh_mi_22a20cf93eb4.jpg,D:\Machine Learning project\sea_food_dataset\train\banh_mi\banh_mi_22a20cf93eb4.jpg,banh_mi,Bánh Mì,Vietnam,train,224,224,,,,,3e5528082a11,
train\banh_mi\banh_mi_24ab8ea3210b.jpg,D:\Machine Learning project\sea_food_dataset\train\banh_mi\banh_mi_24ab8ea3210b.jpg,banh_mi,Bánh Mì,Vietnam,train,224,224,,,,,64729fd893da,
train\banh_mi\banh_mi_24e8dd5ef71d.jpg,D:\Machine Learning project\sea_food_dataset\train\banh_mi\banh_mi_24e8dd5ef71d.jpg,banh_mi,Bánh Mì,Vietnam,train,224,224,,,,,93bd56b6ee81,
train\banh_mi\banh_mi_25262cc799ed.jpg,D:\Machine Learning project\sea_food_dataset\train\banh_mi\banh_mi_25262cc799ed.jpg,banh_mi,Bánh Mì,Vietnam,train,224,224,,,,,20e9a496f3ac,
train\banh_mi\banh_mi_2630f14c5dd1.jpg,D:\Machine Learning project\sea_food_dataset\train\banh_mi\banh_mi_2630f14c5dd1.jpg,banh_mi,Bánh Mì,Vietnam,train,224,224,,,,,05836027505d,
train\banh_mi\banh_mi_2640fbd7a54e.jpg,D:\Machine Learning project\sea_food_dataset\train\banh_mi\banh_mi_2640fbd7a54e.jpg,banh_mi,Bánh Mì,Vietnam,train,224,224,,,,,78c96e892a2b,
train\banh_mi\banh_mi_279c56431053.jpg,D:\Machine Learning project\sea_food_dataset\train\banh_mi\banh_mi_279c56431053.jpg,banh_mi,Bánh Mì,Vietnam,train,224,224,,,,,277845b208c2,
train\banh_mi\banh_mi_2a83547ea169.jpg,D:\Machine Learning project\sea_food_dataset\train\banh_mi\banh_mi_2a83547ea169.jpg,banh_mi,Bánh Mì,Vietnam,train,224,224,,,,,9abbf01c1a39,
train\banh_mi\banh_mi_2b80f352b4b1.jpg,D:\Machine Learning project\sea_food_dataset\train\banh_mi\banh_mi_2b80f352b4b1.jpg,banh_mi,Bánh Mì,Vietnam,train,224,224,,,,,e3fa639878fb,
train\banh_mi\banh_mi_2d0668a55417.jpg,D:\Machine Learning project\sea_food_dataset\train\banh_mi\banh_mi_2d0668a55417.jpg,banh_mi,Bánh Mì,Vietnam,train,224,224,,,,,0c14f36254b5,
train\banh_mi\banh_mi_2d20bb6be42c.jpg,D:\Machine Learning project\sea_food_dataset\train\banh_mi\banh_mi_2d20bb6be42c.jpg,banh_mi,Bánh Mì,Vietnam,train,224,224,,,,,2418022cf096,
train\banh_mi\banh_mi_2e40e755a85c.jpg,D:\Machine Learning project\sea_food_dataset\train\banh_mi\banh_mi_2e40e755a85c.jpg,banh_mi,Bánh Mì,Vietnam,train,224,224,,,,,8617e1529dca,
train\banh_mi\banh_mi_2fa8964b3e5f.jpg,D:\Machine Learning project\sea_food_dataset\train\banh_mi\banh_mi_2fa8964b3e5f.jpg,banh_mi,Bánh Mì,Vietnam,train,224,224,,,,,bb8c4badb7d0,
train\banh_mi\banh_mi_2fc3af7eda28.jpg,D:\Machine Learning project\sea_food_dataset\train\banh_mi\banh_mi_2fc3af7eda28.jpg,banh_mi,Bánh Mì,Vietnam,train,224,224,,,,,0ffcccd649cc,
train\banh_mi\banh_mi_30c6be44b7c9.jpg,D:\Machine Learning project\sea_food_dataset\train\banh_mi\banh_mi_30c6be44b7c9.jpg,banh_mi,Bánh Mì,Vietnam,train,224,224,,,,,1a621cc792d0,
train\banh_mi\banh_mi_311f42813263.jpg,D:\Machine Learning project\sea_food_dataset\train\banh_mi\banh_mi_311f42813263.jpg,banh_mi,Bánh Mì,Vietnam,train,224,224,,,,,9b78ad8702c4,
train\banh_mi\banh_mi_3205d825e486.jpg,D:\Machine Learning project\sea_food_dataset\train\banh_mi\banh_mi_3205d825e486.jpg,banh_mi,Bánh Mì,Vietnam,train,224,224,,,,,74d762bb3f8d,
train\banh_mi\banh_mi_32a06f932e21.jpg,D:\Machine Learning project\sea_food_dataset\train\banh_mi\banh_mi_32a06f932e21.jpg,banh_mi,Bánh Mì,Vietnam,train,224,224,,,,,9c620d5a904b,
train\banh_mi\banh_mi_32fc77fadf22.jpg,D:\Machine Learning project\sea_food_dataset\train\banh_mi\banh_mi_32fc77fadf22.jpg,banh_mi,Bánh Mì,Vietnam,train,224,224,,,,,622e71358b48,
train\banh_mi\banh_mi_32fc95fbfee1.jpg,D:\Machine Learning project\sea_food_dataset\train\banh_mi\banh_mi_32fc95fbfee1.jpg,banh_mi,Bánh Mì,Vietnam,train,224,224,,,,,669c75dc1668,
train\banh_mi\banh_mi_33b56da4bb16.jpg,D:\Machine Learning project\sea_food_dataset\train\banh_mi\banh_mi_33b56da4bb16.jpg,banh_mi,Bánh Mì,Vietnam,train,224,224,,,,,da355ee72f42,
train\banh_mi\banh_mi_3505b6dca6b7.jpg,D:\Machine Learning project\sea_food_dataset\train\banh_mi\banh_mi_3505b6dca6b7.jpg,banh_mi,Bánh Mì,Vietnam,train,224,224,,,,,658c370230f9,
train\banh_mi\banh_mi_36254a351e11.jpg,D:\Machine Learning project\sea_food_dataset\train\banh_mi\banh_mi_36254a351e11.jpg,banh_mi,Bánh Mì,Vietnam,train,224,224,,,,,ff1093f61896,
train\banh_mi\banh_mi_37fc5df968e5.jpg,D:\Machine Learning project\sea_food_dataset\train\banh_mi\banh_mi_37fc5df968e5.jpg,banh_mi,Bánh Mì,Vietnam,train,224,224,,,,,276a0250c52b,
train\banh_mi\banh_mi_38a0b81903d7.jpg,D:\Machine Learning project\sea_food_dataset\train\banh_mi\banh_mi_38a0b81903d7.jpg,banh_mi,Bánh Mì,Vietnam,train,224,224,,,,,01351b89e2b6,
train\banh_mi\banh_mi_38a1511c047a.jpg,D:\Machine Learning project\sea_food_dataset\train\banh_mi\banh_mi_38a1511c047a.jpg,banh_mi,Bánh Mì,Vietnam,train,224,224,,,,,d76bffb71bba,
train\banh_mi\banh_mi_39788c5a9f82.jpg,D:\Machine Learning project\sea_food_dataset\train\banh_mi\banh_mi_39788c5a9f82.jpg,banh_mi,Bánh Mì,Vietnam,train,224,224,,,,,1748089c9932,
train\banh_mi\banh_mi_3a2d9d3d6148.jpg,D:\Machine Learning project\sea_food_dataset\train\banh_mi\banh_mi_3a2d9d3d6148.jpg,banh_mi,Bánh Mì,Vietnam,train,224,224,,,,,63f87ede7c6f,
train\banh_mi\banh_mi_3a52fa964459.jpg,D:\Machine Learning project\sea_food_dataset\train\banh_mi\banh_mi_3a52fa964459.jpg,banh_mi,Bánh Mì,Vietnam,train,224,224,,,,,d28fc9ba9499,
train\banh_mi\banh_mi_3acdaba00e6c.jpg,D:\Machine Learning project\sea_food_dataset\train\banh_mi\banh_mi_3acdaba00e6c.jpg,banh_mi,Bánh Mì,Vietnam,train,224,224,,,,,294e1c4e5af2,
train\banh_mi\banh_mi_3ad78afa43b2.jpg,D:\Machine Learning project\sea_food_dataset\train\banh_mi\banh_mi_3ad78afa43b2.jpg,banh_mi,Bánh Mì,Vietnam,train,224,224,,,,,9573a10438a9,
train\banh_mi\banh_mi_3ae9a4d1b76c.jpg,D:\Machine Learning project\sea_food_dataset\train\banh_mi\banh_mi_3ae9a4d1b76c.jpg,banh_mi,Bánh Mì,Vietnam,train,224,224,,,,,e4b5037a003b,
train\banh_mi\banh_mi_3b83fc2c2cd8.jpg,D:\Machine Learning project\sea_food_dataset\train\banh_mi\banh_mi_3b83fc2c2cd8.jpg,banh_mi,Bánh Mì,Vietnam,train,224,224,,,,,cb4e56b3f94f,
train\banh_mi\banh_mi_3b96ed154433.jpg,D:\Machine Learning project\sea_food_dataset\train\banh_mi\banh_mi_3b96ed154433.jpg,banh_mi,Bánh Mì,Vietnam,train,224,224,,,,,8f94c9821faf,
train\banh_mi\banh_mi_3c27c8ea5268.jpg,D:\Machine Learning project\sea_food_dataset\train\banh_mi\banh_mi_3c27c8ea5268.jpg,banh_mi,Bánh Mì,Vietnam,train,224,224,,,,,969d52ad2121,
train\banh_mi\banh_mi_3d17d85b11bd.jpg,D:\Machine Learning project\sea_food_dataset\train\banh_mi\banh_mi_3d17d85b11bd.jpg,banh_mi,Bánh Mì,Vietnam,train,224,224,,,,,1ca7e77d71f9,
train\banh_mi\banh_mi_3dbf5b15ac43.jpg,D:\Machine Learning project\sea_food_dataset\train\banh_mi\banh_mi_3dbf5b15ac43.jpg,banh_mi,Bánh Mì,Vietnam,train,224,224,,,,,511491dd42dc,
train\banh_mi\banh_mi_3fff4b36121c.jpg,D:\Machine Learning project\sea_food_dataset\train\banh_mi\banh_mi_3fff4b36121c.jpg,banh_mi,Bánh Mì,Vietnam,train,224,224,,,,,a96dd0a2f3d7,
train\banh_mi\banh_mi_4002c95134f6.jpg,D:\Machine Learning project\sea_food_dataset\train\banh_mi\banh_mi_4002c95134f6.jpg,banh_mi,Bánh Mì,Vietnam,train,224,224,,,,,8e0cf1d4b238,
train\banh_mi\banh_mi_407ae767f854.jpg,D:\Machine Learning project\sea_food_dataset\train\banh_mi\banh_mi_407ae767f854.jpg,banh_mi,Bánh Mì,Vietnam,train,224,224,,,,,709938e77e8d,
train\banh_mi\banh_mi_40a6afe37099.jpg,D:\Machine Learning project\sea_food_dataset\train\banh_mi\banh_mi_40a6afe37099.jpg,banh_mi,Bánh Mì,Vietnam,train,224,224,,,,,124aeb35b9d4,
train\banh_mi\banh_mi_41225e7372cd.jpg,D:\Machine Learning project\sea_food_dataset\train\banh_mi\banh_mi_41225e7372cd.jpg,banh_mi,Bánh Mì,Vietnam,train,224,224,,,,,1bc4c098b0e1,
train\banh_mi\banh_mi_415a30328d7c.jpg,D:\Machine Learning project\sea_food_dataset\train\banh_mi\banh_mi_415a30328d7c.jpg,banh_mi,Bánh Mì,Vietnam,train,224,224,,,,,103424e8061a,
train\banh_mi\banh_mi_424879fdf92a.jpg,D:\Machine Learning project\sea_food_dataset\train\banh_mi\banh_mi_424879fdf92a.jpg,banh_mi,Bánh Mì,Vietnam,train,224,224,,,,,abe3289b15c7,
train\banh_mi\banh_mi_4451c7058d58.jpg,D:\Machine Learning project\sea_food_dataset\train\banh_mi\banh_mi_4451c7058d58.jpg,banh_mi,Bánh Mì,Vietnam,train,224,224,,,,,a911c33097c1,
train\banh_mi\banh_mi_46ac90d99796.jpg,D:\Machine Learning project\sea_food_dataset\train\banh_mi\banh_mi_46ac90d99796.jpg,banh_mi,Bánh Mì,Vietnam,train,224,224,,,,,f5554c9021f9,
train\banh_mi\banh_mi_46ce6293be53.jpg,D:\Machine Learning project\sea_food_dataset\train\banh_mi\banh_mi_46ce6293be53.jpg,banh_mi,Bánh Mì,Vietnam,train,224,224,,,,,0f76e90dec9f,
train\banh_mi\banh_mi_474078959344.jpg,D:\Machine Learning project\sea_food_dataset\train\banh_mi\banh_mi_474078959344.jpg,banh_mi,Bánh Mì,Vietnam,train,224,224,,,,,7b3cf16a5d53,
train\banh_mi\banh_mi_476b71b0b41e.jpg,D:\Machine Learning project\sea_food_dataset\train\banh_mi\banh_mi_476b71b0b41e.jpg,banh_mi,Bánh Mì,Vietnam,train,224,224,,,,,877580a556c4,
train\banh_mi\banh_mi_47752b35b269.jpg,D:\Machine Learning project\sea_food_dataset\train\banh_mi\banh_mi_47752b35b269.jpg,banh_mi,Bánh Mì,Vietnam,train,224,224,,,,,afe92cad9b19,
train\banh_mi\banh_mi_47b94466ae82.jpg,D:\Machine Learning project\sea_food_dataset\train\banh_mi\banh_mi_47b94466ae82.jpg,banh_mi,Bánh Mì,Vietnam,train,224,224,,,,,6b521c801a58,
train\banh_mi\banh_mi_48754a0400be.jpg,D:\Machine Learning project\sea_food_dataset\train\banh_mi\banh_mi_48754a0400be.jpg,banh_mi,Bánh Mì,Vietnam,train,224,224,,,,,196aa30e246c,
train\banh_mi\banh_mi_4ac8755f8325.jpg,D:\Machine Learning project\sea_food_dataset\train\banh_mi\banh_mi_4ac8755f8325.jpg,banh_mi,Bánh Mì,Vietnam,train,224,224,,,,,4f57704f6f98,
train\banh_mi\banh_mi_4c8f88befa0c.jpg,D:\Machine Learning project\sea_food_dataset\train\banh_mi\banh_mi_4c8f88befa0c.jpg,banh_mi,Bánh Mì,Vietnam,train,224,224,,,,,840553ea055f,
train\banh_mi\banh_mi_4df82647d560.jpg,D:\Machine Learning project\sea_food_dataset\train\banh_mi\banh_mi_4df82647d560.jpg,banh_mi,Bánh Mì,Vietnam,train,224,224,,,,,c89fcc32e179,
train\banh_mi\banh_mi_4e5154c2e2b6.jpg,D:\Machine Learning project\sea_food_dataset\train\banh_mi\banh_mi_4e5154c2e2b6.jpg,banh_mi,Bánh Mì,Vietnam,train,224,224,,,,,a218e319ddbf,
train\banh_mi\banh_mi_5033df2a8ec8.jpg,D:\Machine Learning project\sea_food_dataset\train\banh_mi\banh_mi_5033df2a8ec8.jpg,banh_mi,Bánh Mì,Vietnam,train,224,224,,,,,90142787c65f,
train\banh_mi\banh_mi_506395dc0f5a.jpg,D:\Machine Learning project\sea_food_dataset\train\banh_mi\banh_mi_506395dc0f5a.jpg,banh_mi,Bánh Mì,Vietnam,train,224,224,,,,,6728ebb4e277,
train\banh_mi\banh_mi_51130415bfb7.jpg,D:\Machine Learning project\sea_food_dataset\train\banh_mi\banh_mi_51130415bfb7.jpg,banh_mi,Bánh Mì,Vietnam,train,224,224,,,,,87a5c22d2552,
train\banh_mi\banh_mi_513d2fa0ce61.jpg,D:\Machine Learning project\sea_food_dataset\train\banh_mi\banh_mi_513d2fa0ce61.jpg,banh_mi,Bánh Mì,Vietnam,train,224,224,,,,,897754b0033d,
train\banh_mi\banh_mi_5142e670097c.jpg,D:\Machine Learning project\sea_food_dataset\train\banh_mi\banh_mi_5142e670097c.jpg,banh_mi,Bánh Mì,Vietnam,train,224,224,,,,,075d44fa887d,
train\banh_mi\banh_mi_51bb26408f2e.jpg,D:\Machine Learning project\sea_food_dataset\train\banh_mi\banh_mi_51bb26408f2e.jpg,banh_mi,Bánh Mì,Vietnam,train,224,224,,,,,ca6aae0c32c4,
train\banh_mi\banh_mi_5336b8cb3452.jpg,D:\Machine Learning project\sea_food_dataset\train\banh_mi\banh_mi_5336b8cb3452.jpg,banh_mi,Bánh Mì,Vietnam,train,224,224,,,,,f1e813cd9401,
train\banh_mi\banh_mi_534bac965718.jpg,D:\Machine Learning project\sea_food_dataset\train\banh_mi\banh_mi_534bac965718.jpg,banh_mi,Bánh Mì,Vietnam,train,224,224,,,,,aca096a023a9,
train\banh_mi\banh_mi_54651a8ae45d.jpg,D:\Machine Learning project\sea_food_dataset\train\banh_mi\banh_mi_54651a8ae45d.jpg,banh_mi,Bánh Mì,Vietnam,train,224,224,,,,,51b47df372bb,
train\banh_mi\banh_mi_54a5631530ce.jpg,D:\Machine Learning project\sea_food_dataset\train\banh_mi\banh_mi_54a5631530ce.jpg,banh_mi,Bánh Mì,Vietnam,train,224,224,,,,,3f28db95e90a,
train\banh_mi\banh_mi_563df759cd81.jpg,D:\Machine Learning project\sea_food_dataset\train\banh_mi\banh_mi_563df759cd81.jpg,banh_mi,Bánh Mì,Vietnam,train,224,224,,,,,390460d509cc,
train\banh_mi\banh_mi_58c1879b8218.jpg,D:\Machine Learning project\sea_food_dataset\train\banh_mi\banh_mi_58c1879b8218.jpg,banh_mi,Bánh Mì,Vietnam,train,224,224,,,,,2c67cee64abf,
train\banh_mi\banh_mi_59088c0adcbd.jpg,D:\Machine Learning project\sea_food_dataset\train\banh_mi\banh_mi_59088c0adcbd.jpg,banh_mi,Bánh Mì,Vietnam,train,224,224,,,,,55b343ebaed8,
train\banh_mi\banh_mi_590986d53e04.jpg,D:\Machine Learning project\sea_food_dataset\train\banh_mi\banh_mi_590986d53e04.jpg,banh_mi,Bánh Mì,Vietnam,train,224,224,,,,,bbe3ba1d539d,
train\banh_mi\banh_mi_5956663c9ab2.jpg,D:\Machine Learning project\sea_food_dataset\train\banh_mi\banh_mi_5956663c9ab2.jpg,banh_mi,Bánh Mì,Vietnam,train,224,224,,,,,ed256f83f231,
train\banh_mi\banh_mi_5a512321c1b7.jpg,D:\Machine Learning project\sea_food_dataset\train\banh_mi\banh_mi_5a512321c1b7.jpg,banh_mi,Bánh Mì,Vietnam,train,224,224,,,,,2d10120f9d32,
train\banh_mi\banh_mi_5a898a9c5ebe.jpg,D:\Machine Learning project\sea_food_dataset\train\banh_mi\banh_mi_5a898a9c5ebe.jpg,banh_mi,Bánh Mì,Vietnam,train,224,224,,,,,ef2dc55fb773,
train\banh_mi\banh_mi_5b8506e90b13.jpg,D:\Machine Learning project\sea_food_dataset\train\banh_mi\banh_mi_5b8506e90b13.jpg,banh_mi,Bánh Mì,Vietnam,train,224,224,,,,,9d10766de302,
train\banh_mi\banh_mi_5b8fa138ef4f.jpg,D:\Machine Learning project\sea_food_dataset\train\banh_mi\banh_mi_5b8fa138ef4f.jpg,banh_mi,Bánh Mì,Vietnam,train,224,224,,,,,551d04ea4f51,
train\banh_mi\banh_mi_5bcdb078bfd3.jpg,D:\Machine Learning project\sea_food_dataset\train\banh_mi\banh_mi_5bcdb078bfd3.jpg,banh_mi,Bánh Mì,Vietnam,train,224,224,,,,,437985e20361,
train\banh_mi\banh_mi_5c017b36f9c9.jpg,D:\Machine Learning project\sea_food_dataset\train\banh_mi\banh_mi_5c017b36f9c9.jpg,banh_mi,Bánh Mì,Vietnam,train,224,224,,,,,4a411f03b409,
train\banh_mi\banh_mi_5c4424313237.jpg,D:\Machine Learning project\sea_food_dataset\train\banh_mi\banh_mi_5c4424313237.jpg,banh_mi,Bánh Mì,Vietnam,train,224,224,,,,,eb81b2ec928c,
train\banh_mi\banh_mi_5c448ea18196.jpg,D:\Machine Learning project\sea_food_dataset\train\banh_mi\banh_mi_5c448ea18196.jpg,banh_mi,Bánh Mì,Vietnam,train,224,224,,,,,65f328fc5b78,
train\banh_mi\banh_mi_5c77b3a4e86f.jpg,D:\Machine Learning project\sea_food_dataset\train\banh_mi\banh_mi_5c77b3a4e86f.jpg,banh_mi,Bánh Mì,Vietnam,train,224,224,,,,,471e8c576ce2,
train\banh_mi\banh_mi_5e99be1a2ffd.jpg,D:\Machine Learning project\sea_food_dataset\train\banh_mi\banh_mi_5e99be1a2ffd.jpg,banh_mi,Bánh Mì,Vietnam,train,224,224,,,,,9f03a5d1e6eb,
train\banh_mi\banh_mi_6017c7393f61.jpg,D:\Machine Learning project\sea_food_dataset\train\banh_mi\banh_mi_6017c7393f61.jpg,banh_mi,Bánh Mì,Vietnam,train,224,224,,,,,6f48fe5a4f58,
train\banh_mi\banh_mi_60cd30638fc4.jpg,D:\Machine Learning project\sea_food_dataset\train\banh_mi\banh_mi_60cd30638fc4.jpg,banh_mi,Bánh Mì,Vietnam,train,224,224,,,,,5f227886cab1,
train\banh_mi\banh_mi_60dab3969278.jpg,D:\Machine Learning project\sea_food_dataset\train\banh_mi\banh_mi_60dab3969278.jpg,banh_mi,Bánh Mì,Vietnam,train,224,224,,,,,f24afcd471fd,
train\banh_mi\banh_mi_6199eccd0076.jpg,D:\Machine Learning project\sea_food_dataset\train\banh_mi\banh_mi_6199eccd0076.jpg,banh_mi,Bánh Mì,Vietnam,train,224,224,,,,,59272e75c32f,
train\banh_mi\banh_mi_62425d5f0f06.jpg,D:\Machine Learning project\sea_food_dataset\train\banh_mi\banh_mi_62425d5f0f06.jpg,banh_mi,Bánh Mì,Vietnam,train,224,224,,,,,481a2ad48ba5,
train\banh_mi\banh_mi_62adb00d7b19.jpg,D:\Machine Learning project\sea_food_dataset\train\banh_mi\banh_mi_62adb00d7b19.jpg,banh_mi,Bánh Mì,Vietnam,train,224,224,,,,,352e85446fcf,
train\banh_mi\banh_mi_6328b48f4ab0.jpg,D:\Machine Learning project\sea_food_dataset\train\banh_mi\banh_mi_6328b48f4ab0.jpg,banh_mi,Bánh Mì,Vietnam,train,224,224,,,,,5fe8cc163711,
train\banh_mi\banh_mi_63e242b45885.jpg,D:\Machine Learning project\sea_food_dataset\train\banh_mi\banh_mi_63e242b45885.jpg,banh_mi,Bánh Mì,Vietnam,train,224,224,,,,,7947919e64a9,
train\banh_mi\banh_mi_644b74d66bc2.jpg,D:\Machine Learning project\sea_food_dataset\train\banh_mi\banh_mi_644b74d66bc2.jpg,banh_mi,Bánh Mì,Vietnam,train,224,224,,,,,0fffb0f6ff18,
train\banh_mi\banh_mi_6456c176d9e1.jpg,D:\Machine Learning project\sea_food_dataset\train\banh_mi\banh_mi_6456c176d9e1.jpg,banh_mi,Bánh Mì,Vietnam,train,224,224,,,,,8d76c4175cdf,
train\banh_mi\banh_mi_652309337979.jpg,D:\Machine Learning project\sea_food_dataset\train\banh_mi\banh_mi_652309337979.jpg,banh_mi,Bánh Mì,Vietnam,train,224,224,,,,,0696f24358c7,
train\banh_mi\banh_mi_65dfc3ed9878.jpg,D:\Machine Learning project\sea_food_dataset\train\banh_mi\banh_mi_65dfc3ed9878.jpg,banh_mi,Bánh Mì,Vietnam,train,224,224,,,,,2d064d5bf4c0,
train\banh_mi\banh_mi_65e429afb2b3.jpg,D:\Machine Learning project\sea_food_dataset\train\banh_mi\banh_mi_65e429afb2b3.jpg,banh_mi,Bánh Mì,Vietnam,train,224,224,,,,,67fe60593d72,
train\banh_mi\banh_mi_6687cd81df29.jpg,D:\Machine Learning project\sea_food_dataset\train\banh_mi\banh_mi_6687cd81df29.jpg,banh_mi,Bánh Mì,Vietnam,train,224,224,,,,,72c4cc38e2b3,
train\banh_mi\banh_mi_6803090d5ed0.jpg,D:\Machine Learning project\sea_food_dataset\train\banh_mi\banh_mi_6803090d5ed0.jpg,banh_mi,Bánh Mì,Vietnam,train,224,224,,,,,e915b92e90c0,
train\banh_mi\banh_mi_685aeb00f9f4.jpg,D:\Machine Learning project\sea_food_dataset\train\banh_mi\banh_mi_685aeb00f9f4.jpg,banh_mi,Bánh Mì,Vietnam,train,224,224,,,,,ae88a1507793,
train\banh_mi\banh_mi_68829da8bd55.jpg,D:\Machine Learning project\sea_food_dataset\train\banh_mi\banh_mi_68829da8bd55.jpg,banh_mi,Bánh Mì,Vietnam,train,224,224,,,,,1a188ef496a1,
train\banh_mi\banh_mi_68dcde5b5d8f.jpg,D:\Machine Learning project\sea_food_dataset\train\banh_mi\banh_mi_68dcde5b5d8f.jpg,banh_mi,Bánh Mì,Vietnam,train,224,224,,,,,a818f1c0dd2a,
train\banh_mi\banh_mi_6b40c6b10b38.jpg,D:\Machine Learning project\sea_food_dataset\train\banh_mi\banh_mi_6b40c6b10b38.jpg,banh_mi,Bánh Mì,Vietnam,train,224,224,,,,,670f5189f589,
train\banh_mi\banh_mi_6cc3e210a465.jpg,D:\Machine Learning project\sea_food_dataset\train\banh_mi\banh_mi_6cc3e210a465.jpg,banh_mi,Bánh Mì,Vietnam,train,224,224,,,,,10d8cebac39d,
train\banh_mi\banh_mi_6e20ebe95cea.jpg,D:\Machine Learning project\sea_food_dataset\train\banh_mi\banh_mi_6e20ebe95cea.jpg,banh_mi,Bánh Mì,Vietnam,train,224,224,,,,,4091a681f354,
train\banh_mi\banh_mi_705f6ca774d3.jpg,D:\Machine Learning project\sea_food_dataset\train\banh_mi\banh_mi_705f6ca774d3.jpg,banh_mi,Bánh Mì,Vietnam,train,224,224,,,,,7706756acdab,
train\banh_mi\banh_mi_706c6f29a7df.jpg,D:\Machine Learning project\sea_food_dataset\train\banh_mi\banh_mi_706c6f29a7df.jpg,banh_mi,Bánh Mì,Vietnam,train,224,224,,,,,24499be2ba25,
train\banh_mi\banh_mi_70d4891a6c95.jpg,D:\Machine Learning project\sea_food_dataset\train\banh_mi\banh_mi_70d4891a6c95.jpg,banh_mi,Bánh Mì,Vietnam,train,224,224,,,,,c5ac2d98d96c,
train\banh_mi\banh_mi_710ead4da92d.jpg,D:\Machine Learning project\sea_food_dataset\train\banh_mi\banh_mi_710ead4da92d.jpg,banh_mi,Bánh Mì,Vietnam,train,224,224,,,,,a1fd3b9587c8,
train\banh_mi\banh_mi_72343a30fd4b.jpg,D:\Machine Learning project\sea_food_dataset\train\banh_mi\banh_mi_72343a30fd4b.jpg,banh_mi,Bánh Mì,Vietnam,train,224,224,,,,,9bba6428cbc9,
train\banh_mi\banh_mi_72ca63bf3528.jpg,D:\Machine Learning project\sea_food_dataset\train\banh_mi\banh_mi_72ca63bf3528.jpg,banh_mi,Bánh Mì,Vietnam,train,224,224,,,,,84e07d364b2e,
train\banh_mi\banh_mi_743810bcbb47.jpg,D:\Machine Learning project\sea_food_dataset\train\banh_mi\banh_mi_743810bcbb47.jpg,banh_mi,Bánh Mì,Vietnam,train,224,224,,,,,415d71a8da49,
train\banh_mi\banh_mi_7479fecffff9.jpg,D:\Machine Learning project\sea_food_dataset\train\banh_mi\banh_mi_7479fecffff9.jpg,banh_mi,Bánh Mì,Vietnam,train,224,224,,,,,6d067c491f43,
train\banh_mi\banh_mi_7567705bfe1f.jpg,D:\Machine Learning project\sea_food_dataset\train\banh_mi\banh_mi_7567705bfe1f.jpg,banh_mi,Bánh Mì,Vietnam,train,224,224,,,,,d647323e3091,
train\banh_mi\banh_mi_75dd2b7ad27f.jpg,D:\Machine Learning project\sea_food_dataset\train\banh_mi\banh_mi_75dd2b7ad27f.jpg,banh_mi,Bánh Mì,Vietnam,train,224,224,,,,,fdc8f620ae5f,
train\banh_mi\banh_mi_762139eb084c.jpg,D:\Machine Learning project\sea_food_dataset\train\banh_mi\banh_mi_762139eb084c.jpg,banh_mi,Bánh Mì,Vietnam,train,224,224,,,,,4b218ae7b57f,
train\banh_mi\banh_mi_7798f683d678.jpg,D:\Machine Learning project\sea_food_dataset\train\banh_mi\banh_mi_7798f683d678.jpg,banh_mi,Bánh Mì,Vietnam,train,224,224,,,,,4103c9674eee,
train\banh_mi\banh_mi_7a10a98a024b.jpg,D:\Machine Learning project\sea_food_dataset\train\banh_mi\banh_mi_7a10a98a024b.jpg,banh_mi,Bánh Mì,Vietnam,train,224,224,,,,,ba4ed7886b8c,
train\banh_mi\banh_mi_7b9e6610dc8a.jpg,D:\Machine Learning project\sea_food_dataset\train\banh_mi\banh_mi_7b9e6610dc8a.jpg,banh_mi,Bánh Mì,Vietnam,train,224,224,,,,,339be223d637,
train\banh_mi\banh_mi_7c0d2c9b646f.jpg,D:\Machine Learning project\sea_food_dataset\train\banh_mi\banh_mi_7c0d2c9b646f.jpg,banh_mi,Bánh Mì,Vietnam,train,224,224,,,,,c7084bad9c7d,
train\banh_mi\banh_mi_7c3dca0b9f79.jpg,D:\Machine Learning project\sea_food_dataset\train\banh_mi\banh_mi_7c3dca0b9f79.jpg,banh_mi,Bánh Mì,Vietnam,train,224,224,,,,,fa71febffc39,
train\banh_mi\banh_mi_7ce63a040c39.jpg,D:\Machine Learning project\sea_food_dataset\train\banh_mi\banh_mi_7ce63a040c39.jpg,banh_mi,Bánh Mì,Vietnam,train,224,224,,,,,90eaa12fc88a,
train\banh_mi\banh_mi_7d1e2ee1b5ed.jpg,D:\Machine Learning project\sea_food_dataset\train\banh_mi\banh_mi_7d1e2ee1b5ed.jpg,banh_mi,Bánh Mì,Vietnam,train,224,224,,,,,824c277c7c45,
train\banh_mi\banh_mi_7d25f8495c62.jpg,D:\Machine Learning project\sea_food_dataset\train\banh_mi\banh_mi_7d25f8495c62.jpg,banh_mi,Bánh Mì,Vietnam,train,224,224,,,,,46a5a43831e2,
train\banh_mi\banh_mi_7f658d0114f8.jpg,D:\Machine Learning project\sea_food_dataset\train\banh_mi\banh_mi_7f658d0114f8.jpg,banh_mi,Bánh Mì,Vietnam,train,224,224,,,,,d6b69a3b03c1,
train\banh_mi\banh_mi_7f88cc05f3f4.jpg,D:\Machine Learning project\sea_food_dataset\train\banh_mi\banh_mi_7f88cc05f3f4.jpg,banh_mi,Bánh Mì,Vietnam,train,224,224,,,,,f944b94b5a32,
train\banh_mi\banh_mi_80a05c45a656.jpg,D:\Machine Learning project\sea_food_dataset\train\banh_mi\banh_mi_80a05c45a656.jpg,banh_mi,Bánh Mì,Vietnam,train,224,224,,,,,3453853c5d8e,
train\banh_mi\banh_mi_845930d1a8dc.jpg,D:\Machine Learning project\sea_food_dataset\train\banh_mi\banh_mi_845930d1a8dc.jpg,banh_mi,Bánh Mì,Vietnam,train,224,224,,,,,cfe3aaf9cba7,
train\banh_mi\banh_mi_8662c59ca9fb.jpg,D:\Machine Learning project\sea_food_dataset\train\banh_mi\banh_mi_8662c59ca9fb.jpg,banh_mi,Bánh Mì,Vietnam,train,224,224,,,,,47267eace642,
train\banh_mi\banh_mi_8707244089a5.jpg,D:\Machine Learning project\sea_food_dataset\train\banh_mi\banh_mi_8707244089a5.jpg,banh_mi,Bánh Mì,Vietnam,train,224,224,,,,,bbaf6f1caf5c,
train\banh_mi\banh_mi_8876efb6f4b9.jpg,D:\Machine Learning project\sea_food_dataset\train\banh_mi\banh_mi_8876efb6f4b9.jpg,banh_mi,Bánh Mì,Vietnam,train,224,224,,,,,7866872044c0,
train\banh_mi\banh_mi_88d780a26017.jpg,D:\Machine Learning project\sea_food_dataset\train\banh_mi\banh_mi_88d780a26017.jpg,banh_mi,Bánh Mì,Vietnam,train,224,224,,,,,f40686c041a3,
train\banh_mi\banh_mi_88e649427881.jpg,D:\Machine Learning project\sea_food_dataset\train\banh_mi\banh_mi_88e649427881.jpg,banh_mi,Bánh Mì,Vietnam,train,224,224,,,,,06084cecb86d,
train\banh_mi\banh_mi_8910dbf2d030.jpg,D:\Machine Learning project\sea_food_dataset\train\banh_mi\banh_mi_8910dbf2d030.jpg,banh_mi,Bánh Mì,Vietnam,train,224,224,,,,,907de08015fe,
train\banh_mi\banh_mi_8917b2826311.jpg,D:\Machine Learning project\sea_food_dataset\train\banh_mi\banh_mi_8917b2826311.jpg,banh_mi,Bánh Mì,Vietnam,train,224,224,,,,,373f61437703,
train\banh_mi\banh_mi_8a6d82b5d023.jpg,D:\Machine Learning project\sea_food_dataset\train\banh_mi\banh_mi_8a6d82b5d023.jpg,banh_mi,Bánh Mì,Vietnam,train,224,224,,,,,190416b0ddf5,
train\banh_mi\banh_mi_8b0ee17c3fbc.jpg,D:\Machine Learning project\sea_food_dataset\train\banh_mi\banh_mi_8b0ee17c3fbc.jpg,banh_mi,Bánh Mì,Vietnam,train,224,224,,,,,399b16da55c2,
train\banh_mi\banh_mi_8b8ba203c740.jpg,D:\Machine Learning project\sea_food_dataset\train\banh_mi\banh_mi_8b8ba203c740.jpg,banh_mi,Bánh Mì,Vietnam,train,224,224,,,,,25f9f0a06f98,
train\banh_mi\banh_mi_8ba62ea843fd.jpg,D:\Machine Learning project\sea_food_dataset\train\banh_mi\banh_mi_8ba62ea843fd.jpg,banh_mi,Bánh Mì,Vietnam,train,224,224,,,,,4c8649dfc448,
train\banh_mi\banh_mi_8c17c0f01a4c.jpg,D:\Machine Learning project\sea_food_dataset\train\banh_mi\banh_mi_8c17c0f01a4c.jpg,banh_mi,Bánh Mì,Vietnam,train,224,224,,,,,0400189344ec,
train\banh_mi\banh_mi_8d1c7810e807.jpg,D:\Machine Learning project\sea_food_dataset\train\banh_mi\banh_mi_8d1c7810e807.jpg,banh_mi,Bánh Mì,Vietnam,train,224,224,,,,,d031bacb2a8b,
train\banh_mi\banh_mi_8d319fe5c19b.jpg,D:\Machine Learning project\sea_food_dataset\train\banh_mi\banh_mi_8d319fe5c19b.jpg,banh_mi,Bánh Mì,Vietnam,train,224,224,,,,,6d2904c110cf,
train\banh_mi\banh_mi_8dcfe73d3b80.jpg,D:\Machine Learning project\sea_food_dataset\train\banh_mi\banh_mi_8dcfe73d3b80.jpg,banh_mi,Bánh Mì,Vietnam,train,224,224,,,,,d3a62e08615f,
train\banh_mi\banh_mi_8ec9ed79d8fb.jpg,D:\Machine Learning project\sea_food_dataset\train\banh_mi\banh_mi_8ec9ed79d8fb.jpg,banh_mi,Bánh Mì,Vietnam,train,224,224,,,,,ea8b4332a276,
train\banh_mi\banh_mi_90fe9a1d0362.jpg,D:\Machine Learning project\sea_food_dataset\train\banh_mi\banh_mi_90fe9a1d0362.jpg,banh_mi,Bánh Mì,Vietnam,train,224,224,,,,,1be020101d84,
train\banh_mi\banh_mi_92769bed5524.jpg,D:\Machine Learning project\sea_food_dataset\train\banh_mi\banh_mi_92769bed5524.jpg,banh_mi,Bánh Mì,Vietnam,train,224,224,,,,,582481909acc,
train\banh_mi\banh_mi_93b1c4ed6439.jpg,D:\Machine Learning project\sea_food_dataset\train\banh_mi\banh_mi_93b1c4ed6439.jpg,banh_mi,Bánh Mì,Vietnam,train,224,224,,,,,3987a6c77e40,
train\banh_mi\banh_mi_93f0aeef9165.jpg,D:\Machine Learning project\sea_food_dataset\train\banh_mi\banh_mi_93f0aeef9165.jpg,banh_mi,Bánh Mì,Vietnam,train,224,224,,,,,e1d37bac4556,
train\banh_mi\banh_mi_95b1e366e0ff.jpg,D:\Machine Learning project\sea_food_dataset\train\banh_mi\banh_mi_95b1e366e0ff.jpg,banh_mi,Bánh Mì,Vietnam,train,224,224,,,,,4cd8a565d665,
train\banh_mi\banh_mi_95f6a0448f7b.jpg,D:\Machine Learning project\sea_food_dataset\train\banh_mi\banh_mi_95f6a0448f7b.jpg,banh_mi,Bánh Mì,Vietnam,train,224,224,,,,,837805927676,
train\banh_mi\banh_mi_9626e89dffcf.jpg,D:\Machine Learning project\sea_food_dataset\train\banh_mi\banh_mi_9626e89dffcf.jpg,banh_mi,Bánh Mì,Vietnam,train,224,224,,,,,335b9611103d,
train\banh_mi\banh_mi_974fe2b21da2.jpg,D:\Machine Learning project\sea_food_dataset\train\banh_mi\banh_mi_974fe2b21da2.jpg,banh_mi,Bánh Mì,Vietnam,train,224,224,,,,,5e1176656985,
train\banh_mi\banh_mi_976151d75d2c.jpg,D:\Machine Learning project\sea_food_dataset\train\banh_mi\banh_mi_976151d75d2c.jpg,banh_mi,Bánh Mì,Vietnam,train,224,224,,,,,c44893bf996b,
train\banh_mi\banh_mi_976e13498043.jpg,D:\Machine Learning project\sea_food_dataset\train\banh_mi\banh_mi_976e13498043.jpg,banh_mi,Bánh Mì,Vietnam,train,224,224,,,,,66aade6683d4,
train\banh_mi\banh_mi_993af29279d4.jpg,D:\Machine Learning project\sea_food_dataset\train\banh_mi\banh_mi_993af29279d4.jpg,banh_mi,Bánh Mì,Vietnam,train,224,224,,,,,bd25f9a9380f,
train\banh_mi\banh_mi_9954d40bcdb3.jpg,D:\Machine Learning project\sea_food_dataset\train\banh_mi\banh_mi_9954d40bcdb3.jpg,banh_mi,Bánh Mì,Vietnam,train,224,224,,,,,43e5710d9f7b,
train\banh_mi\banh_mi_99e60c2c0dcf.jpg,D:\Machine Learning project\sea_food_dataset\train\banh_mi\banh_mi_99e60c2c0dcf.jpg,banh_mi,Bánh Mì,Vietnam,train,224,224,,,,,2d771a406dd6,
train\banh_mi\banh_mi_9a8ba2e8a369.jpg,D:\Machine Learning project\sea_food_dataset\train\banh_mi\banh_mi_9a8ba2e8a369.jpg,banh_mi,Bánh Mì,Vietnam,train,224,224,,,,,d4c17bc55ab1,
train\banh_mi\banh_mi_9b3fa94402c1.jpg,D:\Machine Learning project\sea_food_dataset\train\banh_mi\banh_mi_9b3fa94402c1.jpg,banh_mi,Bánh Mì,Vietnam,train,224,224,,,,,e5724d73a6d2,
train\banh_mi\banh_mi_9bdcc1247625.jpg,D:\Machine Learning project\sea_food_dataset\train\banh_mi\banh_mi_9bdcc1247625.jpg,banh_mi,Bánh Mì,Vietnam,train,224,224,,,,,0ce62d45cda7,
train\banh_mi\banh_mi_9d3d5ec552fb.jpg,D:\Machine Learning project\sea_food_dataset\train\banh_mi\banh_mi_9d3d5ec552fb.jpg,banh_mi,Bánh Mì,Vietnam,train,224,224,,,,,f9b4184ad2f5,
train\banh_mi\banh_mi_9f73894a10c2.jpg,D:\Machine Learning project\sea_food_dataset\train\banh_mi\banh_mi_9f73894a10c2.jpg,banh_mi,Bánh Mì,Vietnam,train,224,224,,,,,922551fdc6cb,
train\banh_mi\banh_mi_9fc3c5323938.jpg,D:\Machine Learning project\sea_food_dataset\train\banh_mi\banh_mi_9fc3c5323938.jpg,banh_mi,Bánh Mì,Vietnam,train,224,224,,,,,6a4eb2aeca3e,
train\banh_mi\banh_mi_9ff3f9fcd06a.jpg,D:\Machine Learning project\sea_food_dataset\train\banh_mi\banh_mi_9ff3f9fcd06a.jpg,banh_mi,Bánh Mì,Vietnam,train,224,224,,,,,d8c91a0126aa,
train\banh_mi\banh_mi_a08c5da23583.jpg,D:\Machine Learning project\sea_food_dataset\train\banh_mi\banh_mi_a08c5da23583.jpg,banh_mi,Bánh Mì,Vietnam,train,224,224,,,,,da864df15e11,
train\banh_mi\banh_mi_a134c64c2d25.jpg,D:\Machine Learning project\sea_food_dataset\train\banh_mi\banh_mi_a134c64c2d25.jpg,banh_mi,Bánh Mì,Vietnam,train,224,224,,,,,627d10246a36,
train\banh_mi\banh_mi_a14e6b5ef170.jpg,D:\Machine Learning project\sea_food_dataset\train\banh_mi\banh_mi_a14e6b5ef170.jpg,banh_mi,Bánh Mì,Vietnam,train,224,224,,,,,3ecc473d5d2e,
train\banh_mi\banh_mi_a151ee7100d7.jpg,D:\Machine Learning project\sea_food_dataset\train\banh_mi\banh_mi_a151ee7100d7.jpg,banh_mi,Bánh Mì,Vietnam,train,224,224,,,,,b92b30e06646,
train\banh_mi\banh_mi_a1dbb84ebab1.jpg,D:\Machine Learning project\sea_food_dataset\train\banh_mi\banh_mi_a1dbb84ebab1.jpg,banh_mi,Bánh Mì,Vietnam,train,224,224,,,,,fb4b4f585f79,
train\banh_mi\banh_mi_a208693f1f71.jpg,D:\Machine Learning project\sea_food_dataset\train\banh_mi\banh_mi_a208693f1f71.jpg,banh_mi,Bánh Mì,Vietnam,train,224,224,,,,,9a6cbd699a3c,
train\banh_mi\banh_mi_a2c3a2743d6a.jpg,D:\Machine Learning project\sea_food_dataset\train\banh_mi\banh_mi_a2c3a2743d6a.jpg,banh_mi,Bánh Mì,Vietnam,train,224,224,,,,,8d9d4b116d87,
train\banh_mi\banh_mi_a44772a3ca41.jpg,D:\Machine Learning project\sea_food_dataset\train\banh_mi\banh_mi_a44772a3ca41.jpg,banh_mi,Bánh Mì,Vietnam,train,224,224,,,,,532ac4eb6e5f,
train\banh_mi\banh_mi_a680357f1b2a.jpg,D:\Machine Learning project\sea_food_dataset\train\banh_mi\banh_mi_a680357f1b2a.jpg,banh_mi,Bánh Mì,Vietnam,train,224,224,,,,,05ad4de56792,
train\banh_mi\banh_mi_a7658726b695.jpg,D:\Machine Learning project\sea_food_dataset\train\banh_mi\banh_mi_a7658726b695.jpg,banh_mi,Bánh Mì,Vietnam,train,224,224,,,,,c525621d2ec3,
train\banh_mi\banh_mi_a77e052a46b6.jpg,D:\Machine Learning project\sea_food_dataset\train\banh_mi\banh_mi_a77e052a46b6.jpg,banh_mi,Bánh Mì,Vietnam,train,224,224,,,,,e7179cce614a,
train\banh_mi\banh_mi_a8d8a2eced89.jpg,D:\Machine Learning project\sea_food_dataset\train\banh_mi\banh_mi_a8d8a2eced89.jpg,banh_mi,Bánh Mì,Vietnam,train,224,224,,,,,afa840bf887c,
train\banh_mi\banh_mi_a912ac4a2e79.jpg,D:\Machine Learning project\sea_food_dataset\train\banh_mi\banh_mi_a912ac4a2e79.jpg,banh_mi,Bánh Mì,Vietnam,train,224,224,,,,,9143847f7a72,
train\banh_mi\banh_mi_ab06d2f4277f.jpg,D:\Machine Learning project\sea_food_dataset\train\banh_mi\banh_mi_ab06d2f4277f.jpg,banh_mi,Bánh Mì,Vietnam,train,224,224,,,,,69336bfe28da,
train\banh_mi\banh_mi_ab2619db264c.jpg,D:\Machine Learning project\sea_food_dataset\train\banh_mi\banh_mi_ab2619db264c.jpg,banh_mi,Bánh Mì,Vietnam,train,224,224,,,,,3799f454100a,
train\banh_mi\banh_mi_ac2df65d6400.jpg,D:\Machine Learning project\sea_food_dataset\train\banh_mi\banh_mi_ac2df65d6400.jpg,banh_mi,Bánh Mì,Vietnam,train,224,224,,,,,a26441e7048a,
train\banh_mi\banh_mi_acb14ba3797c.jpg,D:\Machine Learning project\sea_food_dataset\train\banh_mi\banh_mi_acb14ba3797c.jpg,banh_mi,Bánh Mì,Vietnam,train,224,224,,,,,9535fd2bf7ba,
train\banh_mi\banh_mi_acc65aa8843e.jpg,D:\Machine Learning project\sea_food_dataset\train\banh_mi\banh_mi_acc65aa8843e.jpg,banh_mi,Bánh Mì,Vietnam,train,224,224,,,,,2d382cd089fc,
train\banh_mi\banh_mi_adac24ff9ab4.jpg,D:\Machine Learning project\sea_food_dataset\train\banh_mi\banh_mi_adac24ff9ab4.jpg,banh_mi,Bánh Mì,Vietnam,train,224,224,,,,,c16f0474d36d,
train\banh_mi\banh_mi_adfb2a8649af.jpg,D:\Machine Learning project\sea_food_dataset\train\banh_mi\banh_mi_adfb2a8649af.jpg,banh_mi,Bánh Mì,Vietnam,train,224,224,,,,,05a9ea194e09,
train\banh_mi\banh_mi_b14d2e062d45.jpg,D:\Machine Learning project\sea_food_dataset\train\banh_mi\banh_mi_b14d2e062d45.jpg,banh_mi,Bánh Mì,Vietnam,train,224,224,,,,,df16d886fe44,
train\banh_mi\banh_mi_b1b6c2eaa454.jpg,D:\Machine Learning project\sea_food_dataset\train\banh_mi\banh_mi_b1b6c2eaa454.jpg,banh_mi,Bánh Mì,Vietnam,train,224,224,,,,,e2e39b2eb180,
train\banh_mi\banh_mi_b23908b12740.jpg,D:\Machine Learning project\sea_food_dataset\train\banh_mi\banh_mi_b23908b12740.jpg,banh_mi,Bánh Mì,Vietnam,train,224,224,,,,,d1595510ed62,
train\banh_mi\banh_mi_b25928d501a7.jpg,D:\Machine Learning project\sea_food_dataset\train\banh_mi\banh_mi_b25928d501a7.jpg,banh_mi,Bánh Mì,Vietnam,train,224,224,,,,,02e9b6f9d3c1,
train\banh_mi\banh_mi_b29686183d01.jpg,D:\Machine Learning project\sea_food_dataset\train\banh_mi\banh_mi_b29686183d01.jpg,banh_mi,Bánh Mì,Vietnam,train,224,224,,,,,4aa48b17e8bc,
train\banh_mi\banh_mi_b5c35528ca26.jpg,D:\Machine Learning project\sea_food_dataset\train\banh_mi\banh_mi_b5c35528ca26.jpg,banh_mi,Bánh Mì,Vietnam,train,224,224,,,,,d29f1ec7893a,
train\banh_mi\banh_mi_b865531ce9b2.jpg,D:\Machine Learning project\sea_food_dataset\train\banh_mi\banh_mi_b865531ce9b2.jpg,banh_mi,Bánh Mì,Vietnam,train,224,224,,,,,65913714209f,
train\banh_mi\banh_mi_b885d4f44a06.jpg,D:\Machine Learning project\sea_food_dataset\train\banh_mi\banh_mi_b885d4f44a06.jpg,banh_mi,Bánh Mì,Vietnam,train,224,224,,,,,4c1167f528ea,
train\banh_mi\banh_mi_b939db6780fc.jpg,D:\Machine Learning project\sea_food_dataset\train\banh_mi\banh_mi_b939db6780fc.jpg,banh_mi,Bánh Mì,Vietnam,train,224,224,,,,,b6b9255ae9c1,
train\banh_mi\banh_mi_b9a334261d76.jpg,D:\Machine Learning project\sea_food_dataset\train\banh_mi\banh_mi_b9a334261d76.jpg,banh_mi,Bánh Mì,Vietnam,train,224,224,,,,,c7757e944f71,
train\banh_mi\banh_mi_ba569abff022.jpg,D:\Machine Learning project\sea_food_dataset\train\banh_mi\banh_mi_ba569abff022.jpg,banh_mi,Bánh Mì,Vietnam,train,224,224,,,,,5ccc8bc7a072,
train\banh_mi\banh_mi_ba88b8ba18ee.jpg,D:\Machine Learning project\sea_food_dataset\train\banh_mi\banh_mi_ba88b8ba18ee.jpg,banh_mi,Bánh Mì,Vietnam,train,224,224,,,,,5c29ef672837,
train\banh_mi\banh_mi_bbfa9f6da5ff.jpg,D:\Machine Learning project\sea_food_dataset\train\banh_mi\banh_mi_bbfa9f6da5ff.jpg,banh_mi,Bánh Mì,Vietnam,train,224,224,,,,,210f94fba88b,
train\banh_mi\banh_mi_bd7ac668c9ab.jpg,D:\Machine Learning project\sea_food_dataset\train\banh_mi\banh_mi_bd7ac668c9ab.jpg,banh_mi,Bánh Mì,Vietnam,train,224,224,,,,,2d92be869105,
train\banh_mi\banh_mi_bd944ef5e8eb.jpg,D:\Machine Learning project\sea_food_dataset\train\banh_mi\banh_mi_bd944ef5e8eb.jpg,banh_mi,Bánh Mì,Vietnam,train,224,224,,,,,94f64eb362d1,
train\banh_mi\banh_mi_be216a9f7020.jpg,D:\Machine Learning project\sea_food_dataset\train\banh_mi\banh_mi_be216a9f7020.jpg,banh_mi,Bánh Mì,Vietnam,train,224,224,,,,,810ded0fec3c,
train\banh_mi\banh_mi_be3e4b53a03b.jpg,D:\Machine Learning project\sea_food_dataset\train\banh_mi\banh_mi_be3e4b53a03b.jpg,banh_mi,Bánh Mì,Vietnam,train,224,224,,,,,955b3ef4ddf8,
train\banh_mi\banh_mi_bf1e67513324.jpg,D:\Machine Learning project\sea_food_dataset\train\banh_mi\banh_mi_bf1e67513324.jpg,banh_mi,Bánh Mì,Vietnam,train,224,224,,,,,014526cbba5b,
train\banh_mi\banh_mi_bfce59e28815.jpg,D:\Machine Learning project\sea_food_dataset\train\banh_mi\banh_mi_bfce59e28815.jpg,banh_mi,Bánh Mì,Vietnam,train,224,224,,,,,06b0a23e4c26,
train\banh_mi\banh_mi_c075c3c8f593.jpg,D:\Machine Learning project\sea_food_dataset\train\banh_mi\banh_mi_c075c3c8f593.jpg,banh_mi,Bánh Mì,Vietnam,train,224,224,,,,,9e6a755047be,
train\banh_mi\banh_mi_c0774b4dc77e.jpg,D:\Machine Learning project\sea_food_dataset\train\banh_mi\banh_mi_c0774b4dc77e.jpg,banh_mi,Bánh Mì,Vietnam,train,224,224,,,,,aac156d3134e,
train\banh_mi\banh_mi_c13907a44f5a.jpg,D:\Machine Learning project\sea_food_dataset\train\banh_mi\banh_mi_c13907a44f5a.jpg,banh_mi,Bánh Mì,Vietnam,train,224,224,,,,,ebbfb66260c1,
train\banh_mi\banh_mi_c18cd1ddd825.jpg,D:\Machine Learning project\sea_food_dataset\train\banh_mi\banh_mi_c18cd1ddd825.jpg,banh_mi,Bánh Mì,Vietnam,train,224,224,,,,,94e357c6098e,
train\banh_mi\banh_mi_c1eb17fff781.jpg,D:\Machine Learning project\sea_food_dataset\train\banh_mi\banh_mi_c1eb17fff781.jpg,banh_mi,Bánh Mì,Vietnam,train,224,224,,,,,07daab4a938a,
train\banh_mi\banh_mi_c239b389cd8c.jpg,D:\Machine Learning project\sea_food_dataset\train\banh_mi\banh_mi_c239b389cd8c.jpg,banh_mi,Bánh Mì,Vietnam,train,224,224,,,,,96bc884537aa,
train\banh_mi\banh_mi_c46c8a27f744.jpg,D:\Machine Learning project\sea_food_dataset\train\banh_mi\banh_mi_c46c8a27f744.jpg,banh_mi,Bánh Mì,Vietnam,train,224,224,,,,,4d212a15db2b,
train\banh_mi\banh_mi_c5c6428a98f8.jpg,D:\Machine Learning project\sea_food_dataset\train\banh_mi\banh_mi_c5c6428a98f8.jpg,banh_mi,Bánh Mì,Vietnam,train,224,224,,,,,77f48f29d9f8,
train\banh_mi\banh_mi_c6bc47f9caae.jpg,D:\Machine Learning project\sea_food_dataset\train\banh_mi\banh_mi_c6bc47f9caae.jpg,banh_mi,Bánh Mì,Vietnam,train,224,224,,,,,1ce3613b2e3a,
train\banh_mi\banh_mi_c84ebff75862.jpg,D:\Machine Learning project\sea_food_dataset\train\banh_mi\banh_mi_c84ebff75862.jpg,banh_mi,Bánh Mì,Vietnam,train,224,224,,,,,59d988628cd9,
train\banh_mi\banh_mi_c939b42df2de.jpg,D:\Machine Learning project\sea_food_dataset\train\banh_mi\banh_mi_c939b42df2de.jpg,banh_mi,Bánh Mì,Vietnam,train,224,224,,,,,334684338ebf,
train\banh_mi\banh_mi_c94edbcca517.jpg,D:\Machine Learning project\sea_food_dataset\train\banh_mi\banh_mi_c94edbcca517.jpg,banh_mi,Bánh Mì,Vietnam,train,224,224,,,,,99480d9ea068,
train\banh_mi\banh_mi_c9b3073e0821.jpg,D:\Machine Learning project\sea_food_dataset\train\banh_mi\banh_mi_c9b3073e0821.jpg,banh_mi,Bánh Mì,Vietnam,train,224,224,,,,,bb303b5c633f,
train\banh_mi\banh_mi_ca2ae5620b09.jpg,D:\Machine Learning project\sea_food_dataset\train\banh_mi\banh_mi_ca2ae5620b09.jpg,banh_mi,Bánh Mì,Vietnam,train,224,224,,,,,0b7dc2937663,
train\banh_mi\banh_mi_ca8d3ff7cda0.jpg,D:\Machine Learning project\sea_food_dataset\train\banh_mi\banh_mi_ca8d3ff7cda0.jpg,banh_mi,Bánh Mì,Vietnam,train,224,224,,,,,88edb8eab3e6,
train\banh_mi\banh_mi_cb1130d0bfe2.jpg,D:\Machine Learning project\sea_food_dataset\train\banh_mi\banh_mi_cb1130d0bfe2.jpg,banh_mi,Bánh Mì,Vietnam,train,224,224,,,,,c9768eefc4b3,
train\banh_mi\banh_mi_cb3f15fb277b.jpg,D:\Machine Learning project\sea_food_dataset\train\banh_mi\banh_mi_cb3f15fb277b.jpg,banh_mi,Bánh Mì,Vietnam,train,224,224,,,,,44dfd054eee9,
train\banh_mi\banh_mi_cb545782d50f.jpg,D:\Machine Learning project\sea_food_dataset\train\banh_mi\banh_mi_cb545782d50f.jpg,banh_mi,Bánh Mì,Vietnam,train,224,224,,,,,1182612bfca4,
train\banh_mi\banh_mi_cb7319751db8.jpg,D:\Machine Learning project\sea_food_dataset\train\banh_mi\banh_mi_cb7319751db8.jpg,banh_mi,Bánh Mì,Vietnam,train,224,224,,,,,1dfe5323630f,
train\banh_mi\banh_mi_cb9d13d53689.jpg,D:\Machine Learning project\sea_food_dataset\train\banh_mi\banh_mi_cb9d13d53689.jpg,banh_mi,Bánh Mì,Vietnam,train,224,224,,,,,ce54a4aa58f4,
train\banh_mi\banh_mi_cc508760de19.jpg,D:\Machine Learning project\sea_food_dataset\train\banh_mi\banh_mi_cc508760de19.jpg,banh_mi,Bánh Mì,Vietnam,train,224,224,,,,,a46d4f651a25,
train\banh_mi\banh_mi_cc71ec7d51b4.jpg,D:\Machine Learning project\sea_food_dataset\train\banh_mi\banh_mi_cc71ec7d51b4.jpg,banh_mi,Bánh Mì,Vietnam,train,224,224,,,,,59148195a090,
train\banh_mi\banh_mi_cd1609d9391e.jpg,D:\Machine Learning project\sea_food_dataset\train\banh_mi\banh_mi_cd1609d9391e.jpg,banh_mi,Bánh Mì,Vietnam,train,224,224,,,,,383d815d9b7e,
train\banh_mi\banh_mi_cd35aa4dbb61.jpg,D:\Machine Learning project\sea_food_dataset\train\banh_mi\banh_mi_cd35aa4dbb61.jpg,banh_mi,Bánh Mì,Vietnam,train,224,224,,,,,7252602c4d3b,
train\banh_mi\banh_mi_cdac55ae2bc5.jpg,D:\Machine Learning project\sea_food_dataset\train\banh_mi\banh_mi_cdac55ae2bc5.jpg,banh_mi,Bánh Mì,Vietnam,train,224,224,,,,,cdcf710ee98a,
train\banh_mi\banh_mi_ce3caef4d1dd.jpg,D:\Machine Learning project\sea_food_dataset\train\banh_mi\banh_mi_ce3caef4d1dd.jpg,banh_mi,Bánh Mì,Vietnam,train,224,224,,,,,645c57e5c35e,
train\banh_mi\banh_mi_cf1e88cd0e7a.jpg,D:\Machine Learning project\sea_food_dataset\train\banh_mi\banh_mi_cf1e88cd0e7a.jpg,banh_mi,Bánh Mì,Vietnam,train,224,224,,,,,b73e6a2be01d,
train\banh_mi\banh_mi_cf9dc9a88924.jpg,D:\Machine Learning project\sea_food_dataset\train\banh_mi\banh_mi_cf9dc9a88924.jpg,banh_mi,Bánh Mì,Vietnam,train,224,224,,,,,60985c419e99,
train\banh_mi\banh_mi_d1f8be032611.jpg,D:\Machine Learning project\sea_food_dataset\train\banh_mi\banh_mi_d1f8be032611.jpg,banh_mi,Bánh Mì,Vietnam,train,224,224,,,,,ce56eca54b5e,
train\banh_mi\banh_mi_d421d6ac1cae.jpg,D:\Machine Learning project\sea_food_dataset\train\banh_mi\banh_mi_d421d6ac1cae.jpg,banh_mi,Bánh Mì,Vietnam,train,224,224,,,,,8f0477699cf7,
train\banh_mi\banh_mi_d44b98a515dc.jpg,D:\Machine Learning project\sea_food_dataset\train\banh_mi\banh_mi_d44b98a515dc.jpg,banh_mi,Bánh Mì,Vietnam,train,224,224,,,,,cd476608d5b9,
train\banh_mi\banh_mi_d45d637a0111.jpg,D:\Machine Learning project\sea_food_dataset\train\banh_mi\banh_mi_d45d637a0111.jpg,banh_mi,Bánh Mì,Vietnam,train,224,224,,,,,fd2d3481f7f9,
train\banh_mi\banh_mi_d5be5235ec2b.jpg,D:\Machine Learning project\sea_food_dataset\train\banh_mi\banh_mi_d5be5235ec2b.jpg,banh_mi,Bánh Mì,Vietnam,train,224,224,,,,,33f8700c87d4,
train\banh_mi\banh_mi_d5e406495503.jpg,D:\Machine Learning project\sea_food_dataset\train\banh_mi\banh_mi_d5e406495503.jpg,banh_mi,Bánh Mì,Vietnam,train,224,224,,,,,8f4cae24fb4d,
train\banh_mi\banh_mi_d960e6cc4d7f.jpg,D:\Machine Learning project\sea_food_dataset\train\banh_mi\banh_mi_d960e6cc4d7f.jpg,banh_mi,Bánh Mì,Vietnam,train,224,224,,,,,1da70aac4131,
train\banh_mi\banh_mi_dae020fa7917.jpg,D:\Machine Learning project\sea_food_dataset\train\banh_mi\banh_mi_dae020fa7917.jpg,banh_mi,Bánh Mì,Vietnam,train,224,224,,,,,dd10b827ade2,
train\banh_mi\banh_mi_db957c482969.jpg,D:\Machine Learning project\sea_food_dataset\train\banh_mi\banh_mi_db957c482969.jpg,banh_mi,Bánh Mì,Vietnam,train,224,224,,,,,bb67efd44b7f,
train\banh_mi\banh_mi_dbd1d14d40d0.jpg,D:\Machine Learning project\sea_food_dataset\train\banh_mi\banh_mi_dbd1d14d40d0.jpg,banh_mi,Bánh Mì,Vietnam,train,224,224,,,,,16299c9a1e32,
train\banh_mi\banh_mi_dd02b5f2624b.jpg,D:\Machine Learning project\sea_food_dataset\train\banh_mi\banh_mi_dd02b5f2624b.jpg,banh_mi,Bánh Mì,Vietnam,train,224,224,,,,,5f5b151e2bea,
train\banh_mi\banh_mi_ddd7801f32ff.jpg,D:\Machine Learning project\sea_food_dataset\train\banh_mi\banh_mi_ddd7801f32ff.jpg,banh_mi,Bánh Mì,Vietnam,train,224,224,,,,,963ae3c5d281,
train\banh_mi\banh_mi_de2806ff2f34.jpg,D:\Machine Learning project\sea_food_dataset\train\banh_mi\banh_mi_de2806ff2f34.jpg,banh_mi,Bánh Mì,Vietnam,train,224,224,,,,,2a3c34eaa1d0,
train\banh_mi\banh_mi_de3edf76b01f.jpg,D:\Machine Learning project\sea_food_dataset\train\banh_mi\banh_mi_de3edf76b01f.jpg,banh_mi,Bánh Mì,Vietnam,train,224,224,,,,,6d40a5af213c,
train\banh_mi\banh_mi_df8904ee91cc.jpg,D:\Machine Learning project\sea_food_dataset\train\banh_mi\banh_mi_df8904ee91cc.jpg,banh_mi,Bánh Mì,Vietnam,train,224,224,,,,,ad8e94a29e7b,
train\banh_mi\banh_mi_df9aa6f00a40.jpg,D:\Machine Learning project\sea_food_dataset\train\banh_mi\banh_mi_df9aa6f00a40.jpg,banh_mi,Bánh Mì,Vietnam,train,224,224,,,,,336a0a385f3b,
train\banh_mi\banh_mi_e03ae6f18a4b.jpg,D:\Machine Learning project\sea_food_dataset\train\banh_mi\banh_mi_e03ae6f18a4b.jpg,banh_mi,Bánh Mì,Vietnam,train,224,224,,,,,c7eccd01f454,
train\banh_mi\banh_mi_e096f6b78312.jpg,D:\Machine Learning project\sea_food_dataset\train\banh_mi\banh_mi_e096f6b78312.jpg,banh_mi,Bánh Mì,Vietnam,train,224,224,,,,,8f7df939be34,
train\banh_mi\banh_mi_e0c3255b94a7.jpg,D:\Machine Learning project\sea_food_dataset\train\banh_mi\banh_mi_e0c3255b94a7.jpg,banh_mi,Bánh Mì,Vietnam,train,224,224,,,,,39370f47e2ac,
train\banh_mi\banh_mi_e12fb6fade2e.jpg,D:\Machine Learning project\sea_food_dataset\train\banh_mi\banh_mi_e12fb6fade2e.jpg,banh_mi,Bánh Mì,Vietnam,train,224,224,,,,,124caa66bbc3,
train\banh_mi\banh_mi_e12ffba31435.jpg,D:\Machine Learning project\sea_food_dataset\train\banh_mi\banh_mi_e12ffba31435.jpg,banh_mi,Bánh Mì,Vietnam,train,224,224,,,,,4d3e4f0a6b31,
train\banh_mi\banh_mi_e174d9904261.jpg,D:\Machine Learning project\sea_food_dataset\train\banh_mi\banh_mi_e174d9904261.jpg,banh_mi,Bánh Mì,Vietnam,train,224,224,,,,,6e5270ee9c9f,
train\banh_mi\banh_mi_e178a113b916.jpg,D:\Machine Learning project\sea_food_dataset\train\banh_mi\banh_mi_e178a113b916.jpg,banh_mi,Bánh Mì,Vietnam,train,224,224,,,,,a9a5deeec72d,
train\banh_mi\banh_mi_e17a3874ae28.jpg,D:\Machine Learning project\sea_food_dataset\train\banh_mi\banh_mi_e17a3874ae28.jpg,banh_mi,Bánh Mì,Vietnam,train,224,224,,,,,54cf602e2f01,
train\banh_mi\banh_mi_e233d5e7d1c7.jpg,D:\Machine Learning project\sea_food_dataset\train\banh_mi\banh_mi_e233d5e7d1c7.jpg,banh_mi,Bánh Mì,Vietnam,train,224,224,,,,,f0364c4bfec2,
train\banh_mi\banh_mi_e2d8fcf9d73d.jpg,D:\Machine Learning project\sea_food_dataset\train\banh_mi\banh_mi_e2d8fcf9d73d.jpg,banh_mi,Bánh Mì,Vietnam,train,224,224,,,,,96b8e231ebb9,
train\banh_mi\banh_mi_e309ff83aba2.jpg,D:\Machine Learning project\sea_food_dataset\train\banh_mi\banh_mi_e309ff83aba2.jpg,banh_mi,Bánh Mì,Vietnam,train,224,224,,,,,af1c2642a0c4,
train\banh_mi\banh_mi_e31adb253d11.jpg,D:\Machine Learning project\sea_food_dataset\train\banh_mi\banh_mi_e31adb253d11.jpg,banh_mi,Bánh Mì,Vietnam,train,224,224,,,,,5fe0ae57c7fc,
train\banh_mi\banh_mi_e42cb96ac910.jpg,D:\Machine Learning project\sea_food_dataset\train\banh_mi\banh_mi_e42cb96ac910.jpg,banh_mi,Bánh Mì,Vietnam,train,224,224,,,,,352dcc152c23,
train\banh_mi\banh_mi_e4415d40cc84.jpg,D:\Machine Learning project\sea_food_dataset\train\banh_mi\banh_mi_e4415d40cc84.jpg,banh_mi,Bánh Mì,Vietnam,train,224,224,,,,,ba50cc324355,
train\banh_mi\banh_mi_e63e98681f0a.jpg,D:\Machine Learning project\sea_food_dataset\train\banh_mi\banh_mi_e63e98681f0a.jpg,banh_mi,Bánh Mì,Vietnam,train,224,224,,,,,bb9c56f73ab7,
train\banh_mi\banh_mi_e73aa6b99862.jpg,D:\Machine Learning project\sea_food_dataset\train\banh_mi\banh_mi_e73aa6b99862.jpg,banh_mi,Bánh Mì,Vietnam,train,224,224,,,,,9057ec62ccc4,
train\banh_mi\banh_mi_ea3bbc1c5eb5.jpg,D:\Machine Learning project\sea_food_dataset\train\banh_mi\banh_mi_ea3bbc1c5eb5.jpg,banh_mi,Bánh Mì,Vietnam,train,224,224,,,,,b4a15365747a,
train\banh_mi\banh_mi_ec3fe17aa990.jpg,D:\Machine Learning project\sea_food_dataset\train\banh_mi\banh_mi_ec3fe17aa990.jpg,banh_mi,Bánh Mì,Vietnam,train,224,224,,,,,067320a9059b,
train\banh_mi\banh_mi_ed2c84a83f36.jpg,D:\Machine Learning project\sea_food_dataset\train\banh_mi\banh_mi_ed2c84a83f36.jpg,banh_mi,Bánh Mì,Vietnam,train,224,224,,,,,b1de43baa24d,
train\banh_mi\banh_mi_ed51a14c96bf.jpg,D:\Machine Learning project\sea_food_dataset\train\banh_mi\banh_mi_ed51a14c96bf.jpg,banh_mi,Bánh Mì,Vietnam,train,224,224,,,,,22497358ae33,
train\banh_mi\banh_mi_ee0600536549.jpg,D:\Machine Learning project\sea_food_dataset\train\banh_mi\banh_mi_ee0600536549.jpg,banh_mi,Bánh Mì,Vietnam,train,224,224,,,,,952b2a29946e,
train\banh_mi\banh_mi_ee267fc8fd38.jpg,D:\Machine Learning project\sea_food_dataset\train\banh_mi\banh_mi_ee267fc8fd38.jpg,banh_mi,Bánh Mì,Vietnam,train,224,224,,,,,25051d24993e,
train\banh_mi\banh_mi_efb57d867084.jpg,D:\Machine Learning project\sea_food_dataset\train\banh_mi\banh_mi_efb57d867084.jpg,banh_mi,Bánh Mì,Vietnam,train,224,224,,,,,96926d84331a,
train\banh_mi\banh_mi_f1aa573d91ad.jpg,D:\Machine Learning project\sea_food_dataset\train\banh_mi\banh_mi_f1aa573d91ad.jpg,banh_mi,Bánh Mì,Vietnam,train,224,224,,,,,6db378ecb4ef,
train\banh_mi\banh_mi_f2d58ae4ac10.jpg,D:\Machine Learning project\sea_food_dataset\train\banh_mi\banh_mi_f2d58ae4ac10.jpg,banh_mi,Bánh Mì,Vietnam,train,224,224,,,,,033abf2f2e07,
train\banh_mi\banh_mi_f3dd19b79832.jpg,D:\Machine Learning project\sea_food_dataset\train\banh_mi\banh_mi_f3dd19b79832.jpg,banh_mi,Bánh Mì,Vietnam,train,224,224,,,,,abdf56eb9145,
train\banh_mi\banh_mi_f3fe8c96a79e.jpg,D:\Machine Learning project\sea_food_dataset\train\banh_mi\banh_mi_f3fe8c96a79e.jpg,banh_mi,Bánh Mì,Vietnam,train,224,224,,,,,2a6d40122a77,
train\banh_mi\banh_mi_f448f0a3618f.jpg,D:\Machine Learning project\sea_food_dataset\train\banh_mi\banh_mi_f448f0a3618f.jpg,banh_mi,Bánh Mì,Vietnam,train,224,224,,,,,a4e436d311f8,
train\banh_mi\banh_mi_f45ccf4f4425.jpg,D:\Machine Learning project\sea_food_dataset\train\banh_mi\banh_mi_f45ccf4f4425.jpg,banh_mi,Bánh Mì,Vietnam,train,224,224,,,,,7f432899b6aa,
train\banh_mi\banh_mi_f48568b5c768.jpg,D:\Machine Learning project\sea_food_dataset\train\banh_mi\banh_mi_f48568b5c768.jpg,banh_mi,Bánh Mì,Vietnam,train,224,224,,,,,f3bef9037b80,
train\banh_mi\banh_mi_f4c4f5d8cf7f.jpg,D:\Machine Learning project\sea_food_dataset\train\banh_mi\banh_mi_f4c4f5d8cf7f.jpg,banh_mi,Bánh Mì,Vietnam,train,224,224,,,,,5cc401add977,
train\banh_mi\banh_mi_f4cf7e6b0145.jpg,D:\Machine Learning project\sea_food_dataset\train\banh_mi\banh_mi_f4cf7e6b0145.jpg,banh_mi,Bánh Mì,Vietnam,train,224,224,,,,,520bed438e73,
train\banh_mi\banh_mi_f4f81bf50a43.jpg,D:\Machine Learning project\sea_food_dataset\train\banh_mi\banh_mi_f4f81bf50a43.jpg,banh_mi,Bánh Mì,Vietnam,train,224,224,,,,,a0e2acec421f,
train\banh_mi\banh_mi_f52397b5891e.jpg,D:\Machine Learning project\sea_food_dataset\train\banh_mi\banh_mi_f52397b5891e.jpg,banh_mi,Bánh Mì,Vietnam,train,224,224,,,,,c0522d8ea77b,
train\banh_mi\banh_mi_f5c1bcb0331e.jpg,D:\Machine Learning project\sea_food_dataset\train\banh_mi\banh_mi_f5c1bcb0331e.jpg,banh_mi,Bánh Mì,Vietnam,train,224,224,,,,,1f2671dc35fd,
train\banh_mi\banh_mi_f61eaa42fa19.jpg,D:\Machine Learning project\sea_food_dataset\train\banh_mi\banh_mi_f61eaa42fa19.jpg,banh_mi,Bánh Mì,Vietnam,train,224,224,,,,,34b47eba2349,
train\banh_mi\banh_mi_f676a6d4ab5c.jpg,D:\Machine Learning project\sea_food_dataset\train\banh_mi\banh_mi_f676a6d4ab5c.jpg,banh_mi,Bánh Mì,Vietnam,train,224,224,,,,,05eb363edb3b,
train\banh_mi\banh_mi_f78be1f53ff2.jpg,D:\Machine Learning project\sea_food_dataset\train\banh_mi\banh_mi_f78be1f53ff2.jpg,banh_mi,Bánh Mì,Vietnam,train,224,224,,,,,01e6c587b6f1,
train\banh_mi\banh_mi_f7e13209949a.jpg,D:\Machine Learning project\sea_food_dataset\train\banh_mi\banh_mi_f7e13209949a.jpg,banh_mi,Bánh Mì,Vietnam,train,224,224,,,,,8e356ea4796c,
train\banh_mi\banh_mi_f955194c6303.jpg,D:\Machine Learning project\sea_food_dataset\train\banh_mi\banh_mi_f955194c6303.jpg,banh_mi,Bánh Mì,Vietnam,train,224,224,,,,,d1d2320acab8,
train\banh_mi\banh_mi_f9978e31fe13.jpg,D:\Machine Learning project\sea_food_dataset\train\banh_mi\banh_mi_f9978e31fe13.jpg,banh_mi,Bánh Mì,Vietnam,train,224,224,,,,,a3f1296c4836,
train\banh_mi\banh_mi_fa67d7e504af.jpg,D:\Machine Learning project\sea_food_dataset\train\banh_mi\banh_mi_fa67d7e504af.jpg,banh_mi,Bánh Mì,Vietnam,train,224,224,,,,,b7e20e95ccfb,
train\banh_mi\banh_mi_fad565b3d59f.jpg,D:\Machine Learning project\sea_food_dataset\train\banh_mi\banh_mi_fad565b3d59f.jpg,banh_mi,Bánh Mì,Vietnam,train,224,224,,,,,c8f1a8bd4329,
train\banh_mi\banh_mi_fc71eb86700b.jpg,D:\Machine Learning project\sea_food_dataset\train\banh_mi\banh_mi_fc71eb86700b.jpg,banh_mi,Bánh Mì,Vietnam,train,224,224,,,,,6cf5b8e0bdfc,
train\banh_mi\banh_mi_fcd7a64ad5a7.jpg,D:\Machine Learning project\sea_food_dataset\train\banh_mi\banh_mi_fcd7a64ad5a7.jpg,banh_mi,Bánh Mì,Vietnam,train,224,224,,,,,52847ce3c92a,
train\banh_mi\banh_mi_fecb45246583.jpg,D:\Machine Learning project\sea_food_dataset\train\banh_mi\banh_mi_fecb45246583.jpg,banh_mi,Bánh Mì,Vietnam,train,224,224,,,,,9bd285b32b77,
train\hainanese_chicken_rice\hainanese_chicken_rice_002b2887d118.jpg,D:\Machine Learning project\sea_food_dataset\train\hainanese_chicken_rice\hainanese_chicken_rice_002b2887d118.jpg,hainanese_chicken_rice,Hainanese Chicken Rice,Singapore,train,224,224,,,,,b131b432ce98,
train\hainanese_chicken_rice\hainanese_chicken_rice_002c103fde82.jpg,D:\Machine Learning project\sea_food_dataset\train\hainanese_chicken_rice\hainanese_chicken_rice_002c103fde82.jpg,hainanese_chicken_rice,Hainanese Chicken Rice,Singapore,train,224,224,,,,,e91961973196,
train\hainanese_chicken_rice\hainanese_chicken_rice_007281282265.jpg,D:\Machine Learning project\sea_food_dataset\train\hainanese_chicken_rice\hainanese_chicken_rice_007281282265.jpg,hainanese_chicken_rice,Hainanese Chicken Rice,Singapore,train,224,224,,,,,7b513a64aa56,
train\hainanese_chicken_rice\hainanese_chicken_rice_0123d9713369.jpg,D:\Machine Learning project\sea_food_dataset\train\hainanese_chicken_rice\hainanese_chicken_rice_0123d9713369.jpg,hainanese_chicken_rice,Hainanese Chicken Rice,Singapore,train,224,224,,,,,20468dd4e4c7,
train\hainanese_chicken_rice\hainanese_chicken_rice_02764ae0636d.jpg,D:\Machine Learning project\sea_food_dataset\train\hainanese_chicken_rice\hainanese_chicken_rice_02764ae0636d.jpg,hainanese_chicken_rice,Hainanese Chicken Rice,Singapore,train,224,224,,,,,2da3f6077c5b,
train\hainanese_chicken_rice\hainanese_chicken_rice_030133648028.jpg,D:\Machine Learning project\sea_food_dataset\train\hainanese_chicken_rice\hainanese_chicken_rice_030133648028.jpg,hainanese_chicken_rice,Hainanese Chicken Rice,Singapore,train,224,224,,,,,94ea72a52eec,
train\hainanese_chicken_rice\hainanese_chicken_rice_0385a3467073.jpg,D:\Machine Learning project\sea_food_dataset\train\hainanese_chicken_rice\hainanese_chicken_rice_0385a3467073.jpg,hainanese_chicken_rice,Hainanese Chicken Rice,Singapore,train,224,224,,,,,e40177ee3d0d,
train\hainanese_chicken_rice\hainanese_chicken_rice_0418ac81ba2f.jpg,D:\Machine Learning project\sea_food_dataset\train\hainanese_chicken_rice\hainanese_chicken_rice_0418ac81ba2f.jpg,hainanese_chicken_rice,Hainanese Chicken Rice,Singapore,train,224,224,,,,,e230e8a73815,
train\hainanese_chicken_rice\hainanese_chicken_rice_053ee20970cc.jpg,D:\Machine Learning project\sea_food_dataset\train\hainanese_chicken_rice\hainanese_chicken_rice_053ee20970cc.jpg,hainanese_chicken_rice,Hainanese Chicken Rice,Singapore,train,224,224,,,,,9e036cdda068,
train\hainanese_chicken_rice\hainanese_chicken_rice_056c3e6252ed.jpg,D:\Machine Learning project\sea_food_dataset\train\hainanese_chicken_rice\hainanese_chicken_rice_056c3e6252ed.jpg,hainanese_chicken_rice,Hainanese Chicken Rice,Singapore,train,224,224,,,,,57cfdbc823d2,
train\hainanese_chicken_rice\hainanese_chicken_rice_067316a6f8bf.jpg,D:\Machine Learning project\sea_food_dataset\train\hainanese_chicken_rice\hainanese_chicken_rice_067316a6f8bf.jpg,hainanese_chicken_rice,Hainanese Chicken Rice,Singapore,train,224,224,,,,,2c9f6367529d,
train\hainanese_chicken_rice\hainanese_chicken_rice_08973ebaecd1.jpg,D:\Machine Learning project\sea_food_dataset\train\hainanese_chicken_rice\hainanese_chicken_rice_08973ebaecd1.jpg,hainanese_chicken_rice,Hainanese Chicken Rice,Singapore,train,224,224,,,,,91b5d3c4c832,
train\hainanese_chicken_rice\hainanese_chicken_rice_08a1917c1a61.jpg,D:\Machine Learning project\sea_food_dataset\train\hainanese_chicken_rice\hainanese_chicken_rice_08a1917c1a61.jpg,hainanese_chicken_rice,Hainanese Chicken Rice,Singapore,train,224,224,,,,,aabce321af76,
train\hainanese_chicken_rice\hainanese_chicken_rice_091b3c0d965d.jpg,D:\Machine Learning project\sea_food_dataset\train\hainanese_chicken_rice\hainanese_chicken_rice_091b3c0d965d.jpg,hainanese_chicken_rice,Hainanese Chicken Rice,Singapore,train,224,224,,,,,a89c92da6e25,
train\hainanese_chicken_rice\hainanese_chicken_rice_0a40963b132f.jpg,D:\Machine Learning project\sea_food_dataset\train\hainanese_chicken_rice\hainanese_chicken_rice_0a40963b132f.jpg,hainanese_chicken_rice,Hainanese Chicken Rice,Singapore,train,224,224,,,,,b8ecd768568b,
train\hainanese_chicken_rice\hainanese_chicken_rice_0bec57d7c524.jpg,D:\Machine Learning project\sea_food_dataset\train\hainanese_chicken_rice\hainanese_chicken_rice_0bec57d7c524.jpg,hainanese_chicken_rice,Hainanese Chicken Rice,Singapore,train,224,224,,,,,9d4571d677f1,
train\hainanese_chicken_rice\hainanese_chicken_rice_0dbad92be4d3.jpg,D:\Machine Learning project\sea_food_dataset\train\hainanese_chicken_rice\hainanese_chicken_rice_0dbad92be4d3.jpg,hainanese_chicken_rice,Hainanese Chicken Rice,Singapore,train,224,224,,,,,6f146fb2e018,
train\hainanese_chicken_rice\hainanese_chicken_rice_0e0affd86a0b.jpg,D:\Machine Learning project\sea_food_dataset\train\hainanese_chicken_rice\hainanese_chicken_rice_0e0affd86a0b.jpg,hainanese_chicken_rice,Hainanese Chicken Rice,Singapore,train,224,224,,,,,67e1cf29815b,
train\hainanese_chicken_rice\hainanese_chicken_rice_0edc77b0120a.jpg,D:\Machine Learning project\sea_food_dataset\train\hainanese_chicken_rice\hainanese_chicken_rice_0edc77b0120a.jpg,hainanese_chicken_rice,Hainanese Chicken Rice,Singapore,train,224,224,,,,,3a062aa394d2,
train\hainanese_chicken_rice\hainanese_chicken_rice_0fdd92b716a0.jpg,D:\Machine Learning project\sea_food_dataset\train\hainanese_chicken_rice\hainanese_chicken_rice_0fdd92b716a0.jpg,hainanese_chicken_rice,Hainanese Chicken Rice,Singapore,train,224,224,,,,,28c33f558d1c,
train\hainanese_chicken_rice\hainanese_chicken_rice_141d6704eb65.jpg,D:\Machine Learning project\sea_food_dataset\train\hainanese_chicken_rice\hainanese_chicken_rice_141d6704eb65.jpg,hainanese_chicken_rice,Hainanese Chicken Rice,Singapore,train,224,224,,,,,f3774b64be59,
train\hainanese_chicken_rice\hainanese_chicken_rice_144a9fd0f817.jpg,D:\Machine Learning project\sea_food_dataset\train\hainanese_chicken_rice\hainanese_chicken_rice_144a9fd0f817.jpg,hainanese_chicken_rice,Hainanese Chicken Rice,Singapore,train,224,224,,,,,17092dd82bc6,
train\hainanese_chicken_rice\hainanese_chicken_rice_166cbaf7193c.jpg,D:\Machine Learning project\sea_food_dataset\train\hainanese_chicken_rice\hainanese_chicken_rice_166cbaf7193c.jpg,hainanese_chicken_rice,Hainanese Chicken Rice,Singapore,train,224,224,,,,,e3978aa869a2,
train\hainanese_chicken_rice\hainanese_chicken_rice_16b3e0b5ce89.jpg,D:\Machine Learning project\sea_food_dataset\train\hainanese_chicken_rice\hainanese_chicken_rice_16b3e0b5ce89.jpg,hainanese_chicken_rice,Hainanese Chicken Rice,Singapore,train,224,224,,,,,8875cc2f5e1a,
train\hainanese_chicken_rice\hainanese_chicken_rice_172ec1c78673.jpg,D:\Machine Learning project\sea_food_dataset\train\hainanese_chicken_rice\hainanese_chicken_rice_172ec1c78673.jpg,hainanese_chicken_rice,Hainanese Chicken Rice,Singapore,train,224,224,,,,,17c824540541,
train\hainanese_chicken_rice\hainanese_chicken_rice_174bc90639cb.jpg,D:\Machine Learning project\sea_food_dataset\train\hainanese_chicken_rice\hainanese_chicken_rice_174bc90639cb.jpg,hainanese_chicken_rice,Hainanese Chicken Rice,Singapore,train,224,224,,,,,b3828803c79f,
train\hainanese_chicken_rice\hainanese_chicken_rice_1913626713ac.jpg,D:\Machine Learning project\sea_food_dataset\train\hainanese_chicken_rice\hainanese_chicken_rice_1913626713ac.jpg,hainanese_chicken_rice,Hainanese Chicken Rice,Singapore,train,224,224,,,,,f053b5a66b5f,
train\hainanese_chicken_rice\hainanese_chicken_rice_1934e8d5ceb9.jpg,D:\Machine Learning project\sea_food_dataset\train\hainanese_chicken_rice\hainanese_chicken_rice_1934e8d5ceb9.jpg,hainanese_chicken_rice,Hainanese Chicken Rice,Singapore,train,224,224,,,,,020c409c1457,
train\hainanese_chicken_rice\hainanese_chicken_rice_19d44beb42c6.jpg,D:\Machine Learning project\sea_food_dataset\train\hainanese_chicken_rice\hainanese_chicken_rice_19d44beb42c6.jpg,hainanese_chicken_rice,Hainanese Chicken Rice,Singapore,train,224,224,,,,,4998a543679d,
train\hainanese_chicken_rice\hainanese_chicken_rice_19f28cbf6340.jpg,D:\Machine Learning project\sea_food_dataset\train\hainanese_chicken_rice\hainanese_chicken_rice_19f28cbf6340.jpg,hainanese_chicken_rice,Hainanese Chicken Rice,Singapore,train,224,224,,,,,8e0d0e5843e1,
train\hainanese_chicken_rice\hainanese_chicken_rice_1a597a1c5449.jpg,D:\Machine Learning project\sea_food_dataset\train\hainanese_chicken_rice\hainanese_chicken_rice_1a597a1c5449.jpg,hainanese_chicken_rice,Hainanese Chicken Rice,Singapore,train,224,224,,,,,51bb708814a1,
train\hainanese_chicken_rice\hainanese_chicken_rice_1a5f3aeae8e0.jpg,D:\Machine Learning project\sea_food_dataset\train\hainanese_chicken_rice\hainanese_chicken_rice_1a5f3aeae8e0.jpg,hainanese_chicken_rice,Hainanese Chicken Rice,Singapore,train,224,224,,,,,3ecbdd7ffbee,
train\hainanese_chicken_rice\hainanese_chicken_rice_1a749db0710e.jpg,D:\Machine Learning project\sea_food_dataset\train\hainanese_chicken_rice\hainanese_chicken_rice_1a749db0710e.jpg,hainanese_chicken_rice,Hainanese Chicken Rice,Singapore,train,224,224,,,,,09d5242faabc,
train\hainanese_chicken_rice\hainanese_chicken_rice_1b0982d370a9.jpg,D:\Machine Learning project\sea_food_dataset\train\hainanese_chicken_rice\hainanese_chicken_rice_1b0982d370a9.jpg,hainanese_chicken_rice,Hainanese Chicken Rice,Singapore,train,224,224,,,,,5e0a39e66b58,
train\hainanese_chicken_rice\hainanese_chicken_rice_1d38d17e16f5.jpg,D:\Machine Learning project\sea_food_dataset\train\hainanese_chicken_rice\hainanese_chicken_rice_1d38d17e16f5.jpg,hainanese_chicken_rice,Hainanese Chicken Rice,Singapore,train,224,224,,,,,8b781660f4cf,
train\hainanese_chicken_rice\hainanese_chicken_rice_1dd3b90b0d11.jpg,D:\Machine Learning project\sea_food_dataset\train\hainanese_chicken_rice\hainanese_chicken_rice_1dd3b90b0d11.jpg,hainanese_chicken_rice,Hainanese Chicken Rice,Singapore,train,224,224,,,,,f287f5812ecf,
train\hainanese_chicken_rice\hainanese_chicken_rice_1ea5847234b1.jpg,D:\Machine Learning project\sea_food_dataset\train\hainanese_chicken_rice\hainanese_chicken_rice_1ea5847234b1.jpg,hainanese_chicken_rice,Hainanese Chicken Rice,Singapore,train,224,224,,,,,d2531699f2f0,
train\hainanese_chicken_rice\hainanese_chicken_rice_1f6bb0d18c4a.jpg,D:\Machine Learning project\sea_food_dataset\train\hainanese_chicken_rice\hainanese_chicken_rice_1f6bb0d18c4a.jpg,hainanese_chicken_rice,Hainanese Chicken Rice,Singapore,train,224,224,,,,,6f3b2b54d278,
train\hainanese_chicken_rice\hainanese_chicken_rice_1f6c25218a35.jpg,D:\Machine Learning project\sea_food_dataset\train\hainanese_chicken_rice\hainanese_chicken_rice_1f6c25218a35.jpg,hainanese_chicken_rice,Hainanese Chicken Rice,Singapore,train,224,224,,,,,d9e734d639d6,
train\hainanese_chicken_rice\hainanese_chicken_rice_2094c03f09d2.jpg,D:\Machine Learning project\sea_food_dataset\train\hainanese_chicken_rice\hainanese_chicken_rice_2094c03f09d2.jpg,hainanese_chicken_rice,Hainanese Chicken Rice,Singapore,train,224,224,,,,,bd66df41df35,
train\hainanese_chicken_rice\hainanese_chicken_rice_209ec729086b.jpg,D:\Machine Learning project\sea_food_dataset\train\hainanese_chicken_rice\hainanese_chicken_rice_209ec729086b.jpg,hainanese_chicken_rice,Hainanese Chicken Rice,Singapore,train,224,224,,,,,ad7e1f2df232,
train\hainanese_chicken_rice\hainanese_chicken_rice_2163eaf1b4ab.jpg,D:\Machine Learning project\sea_food_dataset\train\hainanese_chicken_rice\hainanese_chicken_rice_2163eaf1b4ab.jpg,hainanese_chicken_rice,Hainanese Chicken Rice,Singapore,train,224,224,,,,,e40831d11046,
train\hainanese_chicken_rice\hainanese_chicken_rice_21a4883b6925.jpg,D:\Machine Learning project\sea_food_dataset\train\hainanese_chicken_rice\hainanese_chicken_rice_21a4883b6925.jpg,hainanese_chicken_rice,Hainanese Chicken Rice,Singapore,train,224,224,,,,,90bdb3105f91,
train\hainanese_chicken_rice\hainanese_chicken_rice_21b05571df34.jpg,D:\Machine Learning project\sea_food_dataset\train\hainanese_chicken_rice\hainanese_chicken_rice_21b05571df34.jpg,hainanese_chicken_rice,Hainanese Chicken Rice,Singapore,train,224,224,,,,,5f165f8f68c9,
train\hainanese_chicken_rice\hainanese_chicken_rice_2359bf4bbf9d.jpg,D:\Machine Learning project\sea_food_dataset\train\hainanese_chicken_rice\hainanese_chicken_rice_2359bf4bbf9d.jpg,hainanese_chicken_rice,Hainanese Chicken Rice,Singapore,train,224,224,,,,,b6ca16a871e5,
train\hainanese_chicken_rice\hainanese_chicken_rice_23ae7170e9d6.jpg,D:\Machine Learning project\sea_food_dataset\train\hainanese_chicken_rice\hainanese_chicken_rice_23ae7170e9d6.jpg,hainanese_chicken_rice,Hainanese Chicken Rice,Singapore,train,224,224,,,,,1ab8201285e0,
train\hainanese_chicken_rice\hainanese_chicken_rice_25499a6440ba.jpg,D:\Machine Learning project\sea_food_dataset\train\hainanese_chicken_rice\hainanese_chicken_rice_25499a6440ba.jpg,hainanese_chicken_rice,Hainanese Chicken Rice,Singapore,train,224,224,,,,,2d9e65f5f5c6,
train\hainanese_chicken_rice\hainanese_chicken_rice_25ad2a42b820.jpg,D:\Machine Learning project\sea_food_dataset\train\hainanese_chicken_rice\hainanese_chicken_rice_25ad2a42b820.jpg,hainanese_chicken_rice,Hainanese Chicken Rice,Singapore,train,224,224,,,,,ee86f1d4b17a,
train\hainanese_chicken_rice\hainanese_chicken_rice_26b18101fd8e.jpg,D:\Machine Learning project\sea_food_dataset\train\hainanese_chicken_rice\hainanese_chicken_rice_26b18101fd8e.jpg,hainanese_chicken_rice,Hainanese Chicken Rice,Singapore,train,224,224,,,,,7d32b0ae6687,
train\hainanese_chicken_rice\hainanese_chicken_rice_2741868cd4b5.jpg,D:\Machine Learning project\sea_food_dataset\train\hainanese_chicken_rice\hainanese_chicken_rice_2741868cd4b5.jpg,hainanese_chicken_rice,Hainanese Chicken Rice,Singapore,train,224,224,,,,,5b126065a15a,
train\hainanese_chicken_rice\hainanese_chicken_rice_2781cb07278d.jpg,D:\Machine Learning project\sea_food_dataset\train\hainanese_chicken_rice\hainanese_chicken_rice_2781cb07278d.jpg,hainanese_chicken_rice,Hainanese Chicken Rice,Singapore,train,224,224,,,,,4200b57003da,
train\hainanese_chicken_rice\hainanese_chicken_rice_28e7fa2aae13.jpg,D:\Machine Learning project\sea_food_dataset\train\hainanese_chicken_rice\hainanese_chicken_rice_28e7fa2aae13.jpg,hainanese_chicken_rice,Hainanese Chicken Rice,Singapore,train,224,224,,,,,8b0372db0b90,
train\hainanese_chicken_rice\hainanese_chicken_rice_292c1cd95836.jpg,D:\Machine Learning project\sea_food_dataset\train\hainanese_chicken_rice\hainanese_chicken_rice_292c1cd95836.jpg,hainanese_chicken_rice,Hainanese Chicken Rice,Singapore,train,224,224,,,,,e431728b65df,
train\hainanese_chicken_rice\hainanese_chicken_rice_29462a939c51.jpg,D:\Machine Learning project\sea_food_dataset\train\hainanese_chicken_rice\hainanese_chicken_rice_29462a939c51.jpg,hainanese_chicken_rice,Hainanese Chicken Rice,Singapore,train,224,224,,,,,d96ff1dcce18,
train\hainanese_chicken_rice\hainanese_chicken_rice_29f98e0d03a5.jpg,D:\Machine Learning project\sea_food_dataset\train\hainanese_chicken_rice\hainanese_chicken_rice_29f98e0d03a5.jpg,hainanese_chicken_rice,Hainanese Chicken Rice,Singapore,train,224,224,,,,,07d756f3ca85,
train\hainanese_chicken_rice\hainanese_chicken_rice_2ac5c9bb0c6b.jpg,D:\Machine Learning project\sea_food_dataset\train\hainanese_chicken_rice\hainanese_chicken_rice_2ac5c9bb0c6b.jpg,hainanese_chicken_rice,Hainanese Chicken Rice,Singapore,train,224,224,,,,,4ef791ce3a26,
train\hainanese_chicken_rice\hainanese_chicken_rice_2b86cedd266f.jpg,D:\Machine Learning project\sea_food_dataset\train\hainanese_chicken_rice\hainanese_chicken_rice_2b86cedd266f.jpg,hainanese_chicken_rice,Hainanese Chicken Rice,Singapore,train,224,224,,,,,280f0a8e1bab,
train\hainanese_chicken_rice\hainanese_chicken_rice_2c9d717d1d43.jpg,D:\Machine Learning project\sea_food_dataset\train\hainanese_chicken_rice\hainanese_chicken_rice_2c9d717d1d43.jpg,hainanese_chicken_rice,Hainanese Chicken Rice,Singapore,train,224,224,,,,,82fccaa83d0a,
train\hainanese_chicken_rice\hainanese_chicken_rice_2d07ef321591.jpg,D:\Machine Learning project\sea_food_dataset\train\hainanese_chicken_rice\hainanese_chicken_rice_2d07ef321591.jpg,hainanese_chicken_rice,Hainanese Chicken Rice,Singapore,train,224,224,,,,,c1b8586bcf82,
train\hainanese_chicken_rice\hainanese_chicken_rice_2d104b907689.jpg,D:\Machine Learning project\sea_food_dataset\train\hainanese_chicken_rice\hainanese_chicken_rice_2d104b907689.jpg,hainanese_chicken_rice,Hainanese Chicken Rice,Singapore,train,224,224,,,,,ca1336196630,
train\hainanese_chicken_rice\hainanese_chicken_rice_2dd77391ff73.jpg,D:\Machine Learning project\sea_food_dataset\train\hainanese_chicken_rice\hainanese_chicken_rice_2dd77391ff73.jpg,hainanese_chicken_rice,Hainanese Chicken Rice,Singapore,train,224,224,,,,,942e3a2aa8ec,
train\hainanese_chicken_rice\hainanese_chicken_rice_2ea43b2062b9.jpg,D:\Machine Learning project\sea_food_dataset\train\hainanese_chicken_rice\hainanese_chicken_rice_2ea43b2062b9.jpg,hainanese_chicken_rice,Hainanese Chicken Rice,Singapore,train,224,224,,,,,e616488b7df4,
train\hainanese_chicken_rice\hainanese_chicken_rice_2f3660eb1937.jpg,D:\Machine Learning project\sea_food_dataset\train\hainanese_chicken_rice\hainanese_chicken_rice_2f3660eb1937.jpg,hainanese_chicken_rice,Hainanese Chicken Rice,Singapore,train,224,224,,,,,f3eb203c254c,
train\hainanese_chicken_rice\hainanese_chicken_rice_2f7b6e841952.jpg,D:\Machine Learning project\sea_food_dataset\train\hainanese_chicken_rice\hainanese_chicken_rice_2f7b6e841952.jpg,hainanese_chicken_rice,Hainanese Chicken Rice,Singapore,train,224,224,,,,,2b69293681a5,
train\hainanese_chicken_rice\hainanese_chicken_rice_30d703d86ad2.jpg,D:\Machine Learning project\sea_food_dataset\train\hainanese_chicken_rice\hainanese_chicken_rice_30d703d86ad2.jpg,hainanese_chicken_rice,Hainanese Chicken Rice,Singapore,train,224,224,,,,,0ddf5337f983,
train\hainanese_chicken_rice\hainanese_chicken_rice_31929b0cf020.jpg,D:\Machine Learning project\sea_food_dataset\train\hainanese_chicken_rice\hainanese_chicken_rice_31929b0cf020.jpg,hainanese_chicken_rice,Hainanese Chicken Rice,Singapore,train,224,224,,,,,3b5d51b67280,
train\hainanese_chicken_rice\hainanese_chicken_rice_32815fea817b.jpg,D:\Machine Learning project\sea_food_dataset\train\hainanese_chicken_rice\hainanese_chicken_rice_32815fea817b.jpg,hainanese_chicken_rice,Hainanese Chicken Rice,Singapore,train,224,224,,,,,c1a3e2800b5e,
train\hainanese_chicken_rice\hainanese_chicken_rice_349dabd9ef28.jpg,D:\Machine Learning project\sea_food_dataset\train\hainanese_chicken_rice\hainanese_chicken_rice_349dabd9ef28.jpg,hainanese_chicken_rice,Hainanese Chicken Rice,Singapore,train,224,224,,,,,fe75a8d1db0d,
train\hainanese_chicken_rice\hainanese_chicken_rice_35df234da0d1.jpg,D:\Machine Learning project\sea_food_dataset\train\hainanese_chicken_rice\hainanese_chicken_rice_35df234da0d1.jpg,hainanese_chicken_rice,Hainanese Chicken Rice,Singapore,train,224,224,,,,,ce1b6758e19b,
train\hainanese_chicken_rice\hainanese_chicken_rice_36091bc64fc4.jpg,D:\Machine Learning project\sea_food_dataset\train\hainanese_chicken_rice\hainanese_chicken_rice_36091bc64fc4.jpg,hainanese_chicken_rice,Hainanese Chicken Rice,Singapore,train,224,224,,,,,bff7ced98856,
train\hainanese_chicken_rice\hainanese_chicken_rice_36561ae036fd.jpg,D:\Machine Learning project\sea_food_dataset\train\hainanese_chicken_rice\hainanese_chicken_rice_36561ae036fd.jpg,hainanese_chicken_rice,Hainanese Chicken Rice,Singapore,train,224,224,,,,,3bda02966903,
train\hainanese_chicken_rice\hainanese_chicken_rice_3935286288a6.jpg,D:\Machine Learning project\sea_food_dataset\train\hainanese_chicken_rice\hainanese_chicken_rice_3935286288a6.jpg,hainanese_chicken_rice,Hainanese Chicken Rice,Singapore,train,224,224,,,,,5d786e1ed72e,
train\hainanese_chicken_rice\hainanese_chicken_rice_39a01cd45d10.jpg,D:\Machine Learning project\sea_food_dataset\train\hainanese_chicken_rice\hainanese_chicken_rice_39a01cd45d10.jpg,hainanese_chicken_rice,Hainanese Chicken Rice,Singapore,train,224,224,,,,,a1e8a85c577c,
train\hainanese_chicken_rice\hainanese_chicken_rice_39a725d85671.jpg,D:\Machine Learning project\sea_food_dataset\train\hainanese_chicken_rice\hainanese_chicken_rice_39a725d85671.jpg,hainanese_chicken_rice,Hainanese Chicken Rice,Singapore,train,224,224,,,,,26703de99b8a,
train\hainanese_chicken_rice\hainanese_chicken_rice_39a9e9282506.jpg,D:\Machine Learning project\sea_food_dataset\train\hainanese_chicken_rice\hainanese_chicken_rice_39a9e9282506.jpg,hainanese_chicken_rice,Hainanese Chicken Rice,Singapore,train,224,224,,,,,1026fe09aafb,
train\hainanese_chicken_rice\hainanese_chicken_rice_39c38d82b8d0.jpg,D:\Machine Learning project\sea_food_dataset\train\hainanese_chicken_rice\hainanese_chicken_rice_39c38d82b8d0.jpg,hainanese_chicken_rice,Hainanese Chicken Rice,Singapore,train,224,224,,,,,cd96903187cd,
train\hainanese_chicken_rice\hainanese_chicken_rice_3a664fe08ed0.jpg,D:\Machine Learning project\sea_food_dataset\train\hainanese_chicken_rice\hainanese_chicken_rice_3a664fe08ed0.jpg,hainanese_chicken_rice,Hainanese Chicken Rice,Singapore,train,224,224,,,,,ed2030ae87b6,
train\hainanese_chicken_rice\hainanese_chicken_rice_3a9d30df117c.jpg,D:\Machine Learning project\sea_food_dataset\train\hainanese_chicken_rice\hainanese_chicken_rice_3a9d30df117c.jpg,hainanese_chicken_rice,Hainanese Chicken Rice,Singapore,train,224,224,,,,,070fb947d430,
train\hainanese_chicken_rice\hainanese_chicken_rice_3ada0eeada12.jpg,D:\Machine Learning project\sea_food_dataset\train\hainanese_chicken_rice\hainanese_chicken_rice_3ada0eeada12.jpg,hainanese_chicken_rice,Hainanese Chicken Rice,Singapore,train,224,224,,,,,7ad19282d76d,
train\hainanese_chicken_rice\hainanese_chicken_rice_3d73d58f36a9.jpg,D:\Machine Learning project\sea_food_dataset\train\hainanese_chicken_rice\hainanese_chicken_rice_3d73d58f36a9.jpg,hainanese_chicken_rice,Hainanese Chicken Rice,Singapore,train,224,224,,,,,a1596a11ab4e,
train\hainanese_chicken_rice\hainanese_chicken_rice_3da36c6dedf8.jpg,D:\Machine Learning project\sea_food_dataset\train\hainanese_chicken_rice\hainanese_chicken_rice_3da36c6dedf8.jpg,hainanese_chicken_rice,Hainanese Chicken Rice,Singapore,train,224,224,,,,,396b78102db7,
train\hainanese_chicken_rice\hainanese_chicken_rice_3deaa4328282.jpg,D:\Machine Learning project\sea_food_dataset\train\hainanese_chicken_rice\hainanese_chicken_rice_3deaa4328282.jpg,hainanese_chicken_rice,Hainanese Chicken Rice,Singapore,train,224,224,,,,,2333abc60822,
train\hainanese_chicken_rice\hainanese_chicken_rice_3e1dffdbfb65.jpg,D:\Machine Learning project\sea_food_dataset\train\hainanese_chicken_rice\hainanese_chicken_rice_3e1dffdbfb65.jpg,hainanese_chicken_rice,Hainanese Chicken Rice,Singapore,train,224,224,,,,,479c2bf08be0,
train\hainanese_chicken_rice\hainanese_chicken_rice_3f2bb9cfe86b.jpg,D:\Machine Learning project\sea_food_dataset\train\hainanese_chicken_rice\hainanese_chicken_rice_3f2bb9cfe86b.jpg,hainanese_chicken_rice,Hainanese Chicken Rice,Singapore,train,224,224,,,,,d68d3b5a1051,
train\hainanese_chicken_rice\hainanese_chicken_rice_3fbe93082491.jpg,D:\Machine Learning project\sea_food_dataset\train\hainanese_chicken_rice\hainanese_chicken_rice_3fbe93082491.jpg,hainanese_chicken_rice,Hainanese Chicken Rice,Singapore,train,224,224,,,,,fa6014dda955,
train\hainanese_chicken_rice\hainanese_chicken_rice_40fa943f8c4c.jpg,D:\Machine Learning project\sea_food_dataset\train\hainanese_chicken_rice\hainanese_chicken_rice_40fa943f8c4c.jpg,hainanese_chicken_rice,Hainanese Chicken Rice,Singapore,train,224,224,,,,,bf8739896d41,
train\hainanese_chicken_rice\hainanese_chicken_rice_41cec767d556.jpg,D:\Machine Learning project\sea_food_dataset\train\hainanese_chicken_rice\hainanese_chicken_rice_41cec767d556.jpg,hainanese_chicken_rice,Hainanese Chicken Rice,Singapore,train,224,224,,,,,df83b5531df6,
train\hainanese_chicken_rice\hainanese_chicken_rice_4202b0bb9e9d.jpg,D:\Machine Learning project\sea_food_dataset\train\hainanese_chicken_rice\hainanese_chicken_rice_4202b0bb9e9d.jpg,hainanese_chicken_rice,Hainanese Chicken Rice,Singapore,train,224,224,,,,,651d476732b9,
train\hainanese_chicken_rice\hainanese_chicken_rice_4231302fbd3a.jpg,D:\Machine Learning project\sea_food_dataset\train\hainanese_chicken_rice\hainanese_chicken_rice_4231302fbd3a.jpg,hainanese_chicken_rice,Hainanese Chicken Rice,Singapore,train,224,224,,,,,846780d572c1,
train\hainanese_chicken_rice\hainanese_chicken_rice_42dd409bdd02.jpg,D:\Machine Learning project\sea_food_dataset\train\hainanese_chicken_rice\hainanese_chicken_rice_42dd409bdd02.jpg,hainanese_chicken_rice,Hainanese Chicken Rice,Singapore,train,224,224,,,,,1bafee9b58d3,
train\hainanese_chicken_rice\hainanese_chicken_rice_430042c14ef4.jpg,D:\Machine Learning project\sea_food_dataset\train\hainanese_chicken_rice\hainanese_chicken_rice_430042c14ef4.jpg,hainanese_chicken_rice,Hainanese Chicken Rice,Singapore,train,224,224,,,,,49b0304e0231,
train\hainanese_chicken_rice\hainanese_chicken_rice_43e3c79c21f7.jpg,D:\Machine Learning project\sea_food_dataset\train\hainanese_chicken_rice\hainanese_chicken_rice_43e3c79c21f7.jpg,hainanese_chicken_rice,Hainanese Chicken Rice,Singapore,train,224,224,,,,,0f16af6ee624,
train\hainanese_chicken_rice\hainanese_chicken_rice_4469b0051849.jpg,D:\Machine Learning project\sea_food_dataset\train\hainanese_chicken_rice\hainanese_chicken_rice_4469b0051849.jpg,hainanese_chicken_rice,Hainanese Chicken Rice,Singapore,train,224,224,,,,,fe365e83437d,
train\hainanese_chicken_rice\hainanese_chicken_rice_46e3e829079c.jpg,D:\Machine Learning project\sea_food_dataset\train\hainanese_chicken_rice\hainanese_chicken_rice_46e3e829079c.jpg,hainanese_chicken_rice,Hainanese Chicken Rice,Singapore,train,224,224,,,,,309746ec7b87,
train\hainanese_chicken_rice\hainanese_chicken_rice_4b01d9c3dc30.jpg,D:\Machine Learning project\sea_food_dataset\train\hainanese_chicken_rice\hainanese_chicken_rice_4b01d9c3dc30.jpg,hainanese_chicken_rice,Hainanese Chicken Rice,Singapore,train,224,224,,,,,fa0414435d1d,
train\hainanese_chicken_rice\hainanese_chicken_rice_4b4f81eeb1cb.jpg,D:\Machine Learning project\sea_food_dataset\train\hainanese_chicken_rice\hainanese_chicken_rice_4b4f81eeb1cb.jpg,hainanese_chicken_rice,Hainanese Chicken Rice,Singapore,train,224,224,,,,,b2d92cb9d07d,
train\hainanese_chicken_rice\hainanese_chicken_rice_4bfef3a493de.jpg,D:\Machine Learning project\sea_food_dataset\train\hainanese_chicken_rice\hainanese_chicken_rice_4bfef3a493de.jpg,hainanese_chicken_rice,Hainanese Chicken Rice,Singapore,train,224,224,,,,,359499018b57,
train\hainanese_chicken_rice\hainanese_chicken_rice_4d474a97a60a.jpg,D:\Machine Learning project\sea_food_dataset\train\hainanese_chicken_rice\hainanese_chicken_rice_4d474a97a60a.jpg,hainanese_chicken_rice,Hainanese Chicken Rice,Singapore,train,224,224,,,,,8d6b8ba7a32f,
train\hainanese_chicken_rice\hainanese_chicken_rice_4de969687a4a.jpg,D:\Machine Learning project\sea_food_dataset\train\hainanese_chicken_rice\hainanese_chicken_rice_4de969687a4a.jpg,hainanese_chicken_rice,Hainanese Chicken Rice,Singapore,train,224,224,,,,,f310c98d1f05,
train\hainanese_chicken_rice\hainanese_chicken_rice_4f44d64356fd.jpg,D:\Machine Learning project\sea_food_dataset\train\hainanese_chicken_rice\hainanese_chicken_rice_4f44d64356fd.jpg,hainanese_chicken_rice,Hainanese Chicken Rice,Singapore,train,224,224,,,,,ea8422adacd6,
train\hainanese_chicken_rice\hainanese_chicken_rice_4ffb45824159.jpg,D:\Machine Learning project\sea_food_dataset\train\hainanese_chicken_rice\hainanese_chicken_rice_4ffb45824159.jpg,hainanese_chicken_rice,Hainanese Chicken Rice,Singapore,train,224,224,,,,,ed628212cf1c,
train\hainanese_chicken_rice\hainanese_chicken_rice_502d0d690cc3.jpg,D:\Machine Learning project\sea_food_dataset\train\hainanese_chicken_rice\hainanese_chicken_rice_502d0d690cc3.jpg,hainanese_chicken_rice,Hainanese Chicken Rice,Singapore,train,224,224,,,,,903162c4eac7,
train\hainanese_chicken_rice\hainanese_chicken_rice_50e3fe261df3.jpg,D:\Machine Learning project\sea_food_dataset\train\hainanese_chicken_rice\hainanese_chicken_rice_50e3fe261df3.jpg,hainanese_chicken_rice,Hainanese Chicken Rice,Singapore,train,224,224,,,,,7bcf3447a3f4,
train\hainanese_chicken_rice\hainanese_chicken_rice_517f1c9e4b68.jpg,D:\Machine Learning project\sea_food_dataset\train\hainanese_chicken_rice\hainanese_chicken_rice_517f1c9e4b68.jpg,hainanese_chicken_rice,Hainanese Chicken Rice,Singapore,train,224,224,,,,,df5dbf83cb3f,
train\hainanese_chicken_rice\hainanese_chicken_rice_51f65cb667d8.jpg,D:\Machine Learning project\sea_food_dataset\train\hainanese_chicken_rice\hainanese_chicken_rice_51f65cb667d8.jpg,hainanese_chicken_rice,Hainanese Chicken Rice,Singapore,train,224,224,,,,,635ab02ace53,
train\hainanese_chicken_rice\hainanese_chicken_rice_51f9cb6c81af.jpg,D:\Machine Learning project\sea_food_dataset\train\hainanese_chicken_rice\hainanese_chicken_rice_51f9cb6c81af.jpg,hainanese_chicken_rice,Hainanese Chicken Rice,Singapore,train,224,224,,,,,036cb214b835,
train\hainanese_chicken_rice\hainanese_chicken_rice_5201ab5415c5.jpg,D:\Machine Learning project\sea_food_dataset\train\hainanese_chicken_rice\hainanese_chicken_rice_5201ab5415c5.jpg,hainanese_chicken_rice,Hainanese Chicken Rice,Singapore,train,224,224,,,,,e73fa1407e17,
train\hainanese_chicken_rice\hainanese_chicken_rice_521c452f532a.jpg,D:\Machine Learning project\sea_food_dataset\train\hainanese_chicken_rice\hainanese_chicken_rice_521c452f532a.jpg,hainanese_chicken_rice,Hainanese Chicken Rice,Singapore,train,224,224,,,,,e6bdd0f7bad1,
train\hainanese_chicken_rice\hainanese_chicken_rice_540dff70b229.jpg,D:\Machine Learning project\sea_food_dataset\train\hainanese_chicken_rice\hainanese_chicken_rice_540dff70b229.jpg,hainanese_chicken_rice,Hainanese Chicken Rice,Singapore,train,224,224,,,,,48022339046b,
train\hainanese_chicken_rice\hainanese_chicken_rice_55d0fc45652a.jpg,D:\Machine Learning project\sea_food_dataset\train\hainanese_chicken_rice\hainanese_chicken_rice_55d0fc45652a.jpg,hainanese_chicken_rice,Hainanese Chicken Rice,Singapore,train,224,224,,,,,c2bb590b4875,
train\hainanese_chicken_rice\hainanese_chicken_rice_55e7de985aed.jpg,D:\Machine Learning project\sea_food_dataset\train\hainanese_chicken_rice\hainanese_chicken_rice_55e7de985aed.jpg,hainanese_chicken_rice,Hainanese Chicken Rice,Singapore,train,224,224,,,,,3a24967790b3,
train\hainanese_chicken_rice\hainanese_chicken_rice_5665530e0094.jpg,D:\Machine Learning project\sea_food_dataset\train\hainanese_chicken_rice\hainanese_chicken_rice_5665530e0094.jpg,hainanese_chicken_rice,Hainanese Chicken Rice,Singapore,train,224,224,,,,,644ae99cead6,
train\hainanese_chicken_rice\hainanese_chicken_rice_57ad30a64d46.jpg,D:\Machine Learning project\sea_food_dataset\train\hainanese_chicken_rice\hainanese_chicken_rice_57ad30a64d46.jpg,hainanese_chicken_rice,Hainanese Chicken Rice,Singapore,train,224,224,,,,,2e9cef91defd,
train\hainanese_chicken_rice\hainanese_chicken_rice_57bc7536f74d.jpg,D:\Machine Learning project\sea_food_dataset\train\hainanese_chicken_rice\hainanese_chicken_rice_57bc7536f74d.jpg,hainanese_chicken_rice,Hainanese Chicken Rice,Singapore,train,224,224,,,,,9213c3fc0505,
train\hainanese_chicken_rice\hainanese_chicken_rice_59a807e30aba.jpg,D:\Machine Learning project\sea_food_dataset\train\hainanese_chicken_rice\hainanese_chicken_rice_59a807e30aba.jpg,hainanese_chicken_rice,Hainanese Chicken Rice,Singapore,train,224,224,,,,,502e36906720,
train\hainanese_chicken_rice\hainanese_chicken_rice_5af9b870baf2.jpg,D:\Machine Learning project\sea_food_dataset\train\hainanese_chicken_rice\hainanese_chicken_rice_5af9b870baf2.jpg,hainanese_chicken_rice,Hainanese Chicken Rice,Singapore,train,224,224,,,,,1e2468150fb7,
train\hainanese_chicken_rice\hainanese_chicken_rice_5b9dc8e3b3bf.jpg,D:\Machine Learning project\sea_food_dataset\train\hainanese_chicken_rice\hainanese_chicken_rice_5b9dc8e3b3bf.jpg,hainanese_chicken_rice,Hainanese Chicken Rice,Singapore,train,224,224,,,,,01ff8b033290,
train\hainanese_chicken_rice\hainanese_chicken_rice_5dbdebcee734.jpg,D:\Machine Learning project\sea_food_dataset\train\hainanese_chicken_rice\hainanese_chicken_rice_5dbdebcee734.jpg,hainanese_chicken_rice,Hainanese Chicken Rice,Singapore,train,224,224,,,,,fe1a22fbf9bb,
train\hainanese_chicken_rice\hainanese_chicken_rice_5dd4168e2653.jpg,D:\Machine Learning project\sea_food_dataset\train\hainanese_chicken_rice\hainanese_chicken_rice_5dd4168e2653.jpg,hainanese_chicken_rice,Hainanese Chicken Rice,Singapore,train,224,224,,,,,daf012f81806,
train\hainanese_chicken_rice\hainanese_chicken_rice_5dd4f52c34fe.jpg,D:\Machine Learning project\sea_food_dataset\train\hainanese_chicken_rice\hainanese_chicken_rice_5dd4f52c34fe.jpg,hainanese_chicken_rice,Hainanese Chicken Rice,Singapore,train,224,224,,,,,20f3e38fa906,
train\hainanese_chicken_rice\hainanese_chicken_rice_5fabdaa91d0b.jpg,D:\Machine Learning project\sea_food_dataset\train\hainanese_chicken_rice\hainanese_chicken_rice_5fabdaa91d0b.jpg,hainanese_chicken_rice,Hainanese Chicken Rice,Singapore,train,224,224,,,,,c47cedaa79a8,
train\hainanese_chicken_rice\hainanese_chicken_rice_604ce4e1876f.jpg,D:\Machine Learning project\sea_food_dataset\train\hainanese_chicken_rice\hainanese_chicken_rice_604ce4e1876f.jpg,hainanese_chicken_rice,Hainanese Chicken Rice,Singapore,train,224,224,,,,,81f3399c3895,
train\hainanese_chicken_rice\hainanese_chicken_rice_611db28e99b2.jpg,D:\Machine Learning project\sea_food_dataset\train\hainanese_chicken_rice\hainanese_chicken_rice_611db28e99b2.jpg,hainanese_chicken_rice,Hainanese Chicken Rice,Singapore,train,224,224,,,,,70732bb5d66c,
train\hainanese_chicken_rice\hainanese_chicken_rice_61ad8875ff12.jpg,D:\Machine Learning project\sea_food_dataset\train\hainanese_chicken_rice\hainanese_chicken_rice_61ad8875ff12.jpg,hainanese_chicken_rice,Hainanese Chicken Rice,Singapore,train,224,224,,,,,23859198e386,
train\hainanese_chicken_rice\hainanese_chicken_rice_639cbfc28287.jpg,D:\Machine Learning project\sea_food_dataset\train\hainanese_chicken_rice\hainanese_chicken_rice_639cbfc28287.jpg,hainanese_chicken_rice,Hainanese Chicken Rice,Singapore,train,224,224,,,,,b6d2d2a0a01b,
train\hainanese_chicken_rice\hainanese_chicken_rice_642c3c8b135c.jpg,D:\Machine Learning project\sea_food_dataset\train\hainanese_chicken_rice\hainanese_chicken_rice_642c3c8b135c.jpg,hainanese_chicken_rice,Hainanese Chicken Rice,Singapore,train,224,224,,,,,a4aecf7ed257,
train\hainanese_chicken_rice\hainanese_chicken_rice_64b1464a60b0.jpg,D:\Machine Learning project\sea_food_dataset\train\hainanese_chicken_rice\hainanese_chicken_rice_64b1464a60b0.jpg,hainanese_chicken_rice,Hainanese Chicken Rice,Singapore,train,224,224,,,,,523eac81d701,
train\hainanese_chicken_rice\hainanese_chicken_rice_66da7834d8ce.jpg,D:\Machine Learning project\sea_food_dataset\train\hainanese_chicken_rice\hainanese_chicken_rice_66da7834d8ce.jpg,hainanese_chicken_rice,Hainanese Chicken Rice,Singapore,train,224,224,,,,,515333f82f13,
train\hainanese_chicken_rice\hainanese_chicken_rice_671d58bf1d9e.jpg,D:\Machine Learning project\sea_food_dataset\train\hainanese_chicken_rice\hainanese_chicken_rice_671d58bf1d9e.jpg,hainanese_chicken_rice,Hainanese Chicken Rice,Singapore,train,224,224,,,,,f1cdb1d17946,
train\hainanese_chicken_rice\hainanese_chicken_rice_679fd58e245b.jpg,D:\Machine Learning project\sea_food_dataset\train\hainanese_chicken_rice\hainanese_chicken_rice_679fd58e245b.jpg,hainanese_chicken_rice,Hainanese Chicken Rice,Singapore,train,224,224,,,,,8fb6121dae61,
train\hainanese_chicken_rice\hainanese_chicken_rice_67abb8bb97bf.jpg,D:\Machine Learning project\sea_food_dataset\train\hainanese_chicken_rice\hainanese_chicken_rice_67abb8bb97bf.jpg,hainanese_chicken_rice,Hainanese Chicken Rice,Singapore,train,224,224,,,,,a9cdf9297c39,
train\hainanese_chicken_rice\hainanese_chicken_rice_67e809255a6b.jpg,D:\Machine Learning project\sea_food_dataset\train\hainanese_chicken_rice\hainanese_chicken_rice_67e809255a6b.jpg,hainanese_chicken_rice,Hainanese Chicken Rice,Singapore,train,224,224,,,,,b33c638e5811,
train\hainanese_chicken_rice\hainanese_chicken_rice_68ba3fd6f2c1.jpg,D:\Machine Learning project\sea_food_dataset\train\hainanese_chicken_rice\hainanese_chicken_rice_68ba3fd6f2c1.jpg,hainanese_chicken_rice,Hainanese Chicken Rice,Singapore,train,224,224,,,,,bac5ddc707cb,
train\hainanese_chicken_rice\hainanese_chicken_rice_69c3bd6b6da1.jpg,D:\Machine Learning project\sea_food_dataset\train\hainanese_chicken_rice\hainanese_chicken_rice_69c3bd6b6da1.jpg,hainanese_chicken_rice,Hainanese Chicken Rice,Singapore,train,224,224,,,,,82bbfd2236e3,
train\hainanese_chicken_rice\hainanese_chicken_rice_6ae8d6a3f890.jpg,D:\Machine Learning project\sea_food_dataset\train\hainanese_chicken_rice\hainanese_chicken_rice_6ae8d6a3f890.jpg,hainanese_chicken_rice,Hainanese Chicken Rice,Singapore,train,224,224,,,,,6c85eb0027ac,
train\hainanese_chicken_rice\hainanese_chicken_rice_6bac9a43c4c3.jpg,D:\Machine Learning project\sea_food_dataset\train\hainanese_chicken_rice\hainanese_chicken_rice_6bac9a43c4c3.jpg,hainanese_chicken_rice,Hainanese Chicken Rice,Singapore,train,224,224,,,,,c2f7ed9b1181,
train\hainanese_chicken_rice\hainanese_chicken_rice_6c09c2d14d19.jpg,D:\Machine Learning project\sea_food_dataset\train\hainanese_chicken_rice\hainanese_chicken_rice_6c09c2d14d19.jpg,hainanese_chicken_rice,Hainanese Chicken Rice,Singapore,train,224,224,,,,,576aba3c6f75,
train\hainanese_chicken_rice\hainanese_chicken_rice_6cbdb607e9d7.jpg,D:\Machine Learning project\sea_food_dataset\train\hainanese_chicken_rice\hainanese_chicken_rice_6cbdb607e9d7.jpg,hainanese_chicken_rice,Hainanese Chicken Rice,Singapore,train,224,224,,,,,27aa1c8ba065,
train\hainanese_chicken_rice\hainanese_chicken_rice_6e332734d967.jpg,D:\Machine Learning project\sea_food_dataset\train\hainanese_chicken_rice\hainanese_chicken_rice_6e332734d967.jpg,hainanese_chicken_rice,Hainanese Chicken Rice,Singapore,train,224,224,,,,,b78637424c5b,
train\hainanese_chicken_rice\hainanese_chicken_rice_6e467937fa5f.jpg,D:\Machine Learning project\sea_food_dataset\train\hainanese_chicken_rice\hainanese_chicken_rice_6e467937fa5f.jpg,hainanese_chicken_rice,Hainanese Chicken Rice,Singapore,train,224,224,,,,,d287f05a1ffb,
train\hainanese_chicken_rice\hainanese_chicken_rice_6ea3267c55d9.jpg,D:\Machine Learning project\sea_food_dataset\train\hainanese_chicken_rice\hainanese_chicken_rice_6ea3267c55d9.jpg,hainanese_chicken_rice,Hainanese Chicken Rice,Singapore,train,224,224,,,,,36fb3bb02ff2,
train\hainanese_chicken_rice\hainanese_chicken_rice_6f1e378cb003.jpg,D:\Machine Learning project\sea_food_dataset\train\hainanese_chicken_rice\hainanese_chicken_rice_6f1e378cb003.jpg,hainanese_chicken_rice,Hainanese Chicken Rice,Singapore,train,224,224,,,,,f997b4e6ae5d,
train\hainanese_chicken_rice\hainanese_chicken_rice_6f216bd57afe.jpg,D:\Machine Learning project\sea_food_dataset\train\hainanese_chicken_rice\hainanese_chicken_rice_6f216bd57afe.jpg,hainanese_chicken_rice,Hainanese Chicken Rice,Singapore,train,224,224,,,,,dd9b2860ed8b,
train\hainanese_chicken_rice\hainanese_chicken_rice_6f3eeba16650.jpg,D:\Machine Learning project\sea_food_dataset\train\hainanese_chicken_rice\hainanese_chicken_rice_6f3eeba16650.jpg,hainanese_chicken_rice,Hainanese Chicken Rice,Singapore,train,224,224,,,,,87ff195c7d06,
train\hainanese_chicken_rice\hainanese_chicken_rice_6f4aa677f8c0.jpg,D:\Machine Learning project\sea_food_dataset\train\hainanese_chicken_rice\hainanese_chicken_rice_6f4aa677f8c0.jpg,hainanese_chicken_rice,Hainanese Chicken Rice,Singapore,train,224,224,,,,,bed207bd4070,
train\hainanese_chicken_rice\hainanese_chicken_rice_6f8b3f37d068.jpg,D:\Machine Learning project\sea_food_dataset\train\hainanese_chicken_rice\hainanese_chicken_rice_6f8b3f37d068.jpg,hainanese_chicken_rice,Hainanese Chicken Rice,Singapore,train,224,224,,,,,a029a7f8f629,
train\hainanese_chicken_rice\hainanese_chicken_rice_73c5655afde7.jpg,D:\Machine Learning project\sea_food_dataset\train\hainanese_chicken_rice\hainanese_chicken_rice_73c5655afde7.jpg,hainanese_chicken_rice,Hainanese Chicken Rice,Singapore,train,224,224,,,,,f4d5e14fea0f,
train\hainanese_chicken_rice\hainanese_chicken_rice_742f09898048.jpg,D:\Machine Learning project\sea_food_dataset\train\hainanese_chicken_rice\hainanese_chicken_rice_742f09898048.jpg,hainanese_chicken_rice,Hainanese Chicken Rice,Singapore,train,224,224,,,,,f9c15e3ffef3,
train\hainanese_chicken_rice\hainanese_chicken_rice_769f577e6e53.jpg,D:\Machine Learning project\sea_food_dataset\train\hainanese_chicken_rice\hainanese_chicken_rice_769f577e6e53.jpg,hainanese_chicken_rice,Hainanese Chicken Rice,Singapore,train,224,224,,,,,cb102754b4b2,
train\hainanese_chicken_rice\hainanese_chicken_rice_77dc4a7d21b6.jpg,D:\Machine Learning project\sea_food_dataset\train\hainanese_chicken_rice\hainanese_chicken_rice_77dc4a7d21b6.jpg,hainanese_chicken_rice,Hainanese Chicken Rice,Singapore,train,224,224,,,,,24f84ffa6eea,
train\hainanese_chicken_rice\hainanese_chicken_rice_7a2f91a862a7.jpg,D:\Machine Learning project\sea_food_dataset\train\hainanese_chicken_rice\hainanese_chicken_rice_7a2f91a862a7.jpg,hainanese_chicken_rice,Hainanese Chicken Rice,Singapore,train,224,224,,,,,fe26eb8fe58a,
train\hainanese_chicken_rice\hainanese_chicken_rice_7abb1f2d5dec.jpg,D:\Machine Learning project\sea_food_dataset\train\hainanese_chicken_rice\hainanese_chicken_rice_7abb1f2d5dec.jpg,hainanese_chicken_rice,Hainanese Chicken Rice,Singapore,train,224,224,,,,,42dd5718c4b8,
train\hainanese_chicken_rice\hainanese_chicken_rice_7ad8013fe0ba.jpg,D:\Machine Learning project\sea_food_dataset\train\hainanese_chicken_rice\hainanese_chicken_rice_7ad8013fe0ba.jpg,hainanese_chicken_rice,Hainanese Chicken Rice,Singapore,train,224,224,,,,,9e1a8a391c9f,
train\hainanese_chicken_rice\hainanese_chicken_rice_7afd203c2f9d.jpg,D:\Machine Learning project\sea_food_dataset\train\hainanese_chicken_rice\hainanese_chicken_rice_7afd203c2f9d.jpg,hainanese_chicken_rice,Hainanese Chicken Rice,Singapore,train,224,224,,,,,cc7558dea49b,
train\hainanese_chicken_rice\hainanese_chicken_rice_7c920309234a.jpg,D:\Machine Learning project\sea_food_dataset\train\hainanese_chicken_rice\hainanese_chicken_rice_7c920309234a.jpg,hainanese_chicken_rice,Hainanese Chicken Rice,Singapore,train,224,224,,,,,cffeb43c30c9,
train\hainanese_chicken_rice\hainanese_chicken_rice_7cc7e675bbc5.jpg,D:\Machine Learning project\sea_food_dataset\train\hainanese_chicken_rice\hainanese_chicken_rice_7cc7e675bbc5.jpg,hainanese_chicken_rice,Hainanese Chicken Rice,Singapore,train,224,224,,,,,bfcb466a8d89,
train\hainanese_chicken_rice\hainanese_chicken_rice_7d0079d0bbbd.jpg,D:\Machine Learning project\sea_food_dataset\train\hainanese_chicken_rice\hainanese_chicken_rice_7d0079d0bbbd.jpg,hainanese_chicken_rice,Hainanese Chicken Rice,Singapore,train,224,224,,,,,bd888f391942,
train\hainanese_chicken_rice\hainanese_chicken_rice_7d896c09e465.jpg,D:\Machine Learning project\sea_food_dataset\train\hainanese_chicken_rice\hainanese_chicken_rice_7d896c09e465.jpg,hainanese_chicken_rice,Hainanese Chicken Rice,Singapore,train,224,224,,,,,7a8f0ae4de76,
train\hainanese_chicken_rice\hainanese_chicken_rice_7de524cc8924.jpg,D:\Machine Learning project\sea_food_dataset\train\hainanese_chicken_rice\hainanese_chicken_rice_7de524cc8924.jpg,hainanese_chicken_rice,Hainanese Chicken Rice,Singapore,train,224,224,,,,,88e89f9e60ed,
train\hainanese_chicken_rice\hainanese_chicken_rice_7e2089af9fc2.jpg,D:\Machine Learning project\sea_food_dataset\train\hainanese_chicken_rice\hainanese_chicken_rice_7e2089af9fc2.jpg,hainanese_chicken_rice,Hainanese Chicken Rice,Singapore,train,224,224,,,,,d66869b751e3,
train\hainanese_chicken_rice\hainanese_chicken_rice_7fcb8d57860e.jpg,D:\Machine Learning project\sea_food_dataset\train\hainanese_chicken_rice\hainanese_chicken_rice_7fcb8d57860e.jpg,hainanese_chicken_rice,Hainanese Chicken Rice,Singapore,train,224,224,,,,,67225c0e3216,
train\hainanese_chicken_rice\hainanese_chicken_rice_805b3f9df2e9.jpg,D:\Machine Learning project\sea_food_dataset\train\hainanese_chicken_rice\hainanese_chicken_rice_805b3f9df2e9.jpg,hainanese_chicken_rice,Hainanese Chicken Rice,Singapore,train,224,224,,,,,f87f45b5697b,
train\hainanese_chicken_rice\hainanese_chicken_rice_8116d354c94c.jpg,D:\Machine Learning project\sea_food_dataset\train\hainanese_chicken_rice\hainanese_chicken_rice_8116d354c94c.jpg,hainanese_chicken_rice,Hainanese Chicken Rice,Singapore,train,224,224,,,,,7f87afc5f43e,
train\hainanese_chicken_rice\hainanese_chicken_rice_814726d5e6c0.jpg,D:\Machine Learning project\sea_food_dataset\train\hainanese_chicken_rice\hainanese_chicken_rice_814726d5e6c0.jpg,hainanese_chicken_rice,Hainanese Chicken Rice,Singapore,train,224,224,,,,,0431283ca44c,
train\hainanese_chicken_rice\hainanese_chicken_rice_820d69d20404.jpg,D:\Machine Learning project\sea_food_dataset\train\hainanese_chicken_rice\hainanese_chicken_rice_820d69d20404.jpg,hainanese_chicken_rice,Hainanese Chicken Rice,Singapore,train,224,224,,,,,58f68f8f65b5,
train\hainanese_chicken_rice\hainanese_chicken_rice_825bfc596f6c.jpg,D:\Machine Learning project\sea_food_dataset\train\hainanese_chicken_rice\hainanese_chicken_rice_825bfc596f6c.jpg,hainanese_chicken_rice,Hainanese Chicken Rice,Singapore,train,224,224,,,,,ca572e77ad4b,
train\hainanese_chicken_rice\hainanese_chicken_rice_851eed38019d.jpg,D:\Machine Learning project\sea_food_dataset\train\hainanese_chicken_rice\hainanese_chicken_rice_851eed38019d.jpg,hainanese_chicken_rice,Hainanese Chicken Rice,Singapore,train,224,224,,,,,cd7325e6ea02,
train\hainanese_chicken_rice\hainanese_chicken_rice_8675eb52c595.jpg,D:\Machine Learning project\sea_food_dataset\train\hainanese_chicken_rice\hainanese_chicken_rice_8675eb52c595.jpg,hainanese_chicken_rice,Hainanese Chicken Rice,Singapore,train,224,224,,,,,d90f1efdc9d6,
train\hainanese_chicken_rice\hainanese_chicken_rice_8682f4611efe.jpg,D:\Machine Learning project\sea_food_dataset\train\hainanese_chicken_rice\hainanese_chicken_rice_8682f4611efe.jpg,hainanese_chicken_rice,Hainanese Chicken Rice,Singapore,train,224,224,,,,,686727b70699,
train\hainanese_chicken_rice\hainanese_chicken_rice_872e30293f72.jpg,D:\Machine Learning project\sea_food_dataset\train\hainanese_chicken_rice\hainanese_chicken_rice_872e30293f72.jpg,hainanese_chicken_rice,Hainanese Chicken Rice,Singapore,train,224,224,,,,,dc15f16670f1,
train\hainanese_chicken_rice\hainanese_chicken_rice_87a919423329.jpg,D:\Machine Learning project\sea_food_dataset\train\hainanese_chicken_rice\hainanese_chicken_rice_87a919423329.jpg,hainanese_chicken_rice,Hainanese Chicken Rice,Singapore,train,224,224,,,,,9ae6eb169883,
train\hainanese_chicken_rice\hainanese_chicken_rice_88bb2301459a.jpg,D:\Machine Learning project\sea_food_dataset\train\hainanese_chicken_rice\hainanese_chicken_rice_88bb2301459a.jpg,hainanese_chicken_rice,Hainanese Chicken Rice,Singapore,train,224,224,,,,,24a779944c8f,
train\hainanese_chicken_rice\hainanese_chicken_rice_8d2b73498f52.jpg,D:\Machine Learning project\sea_food_dataset\train\hainanese_chicken_rice\hainanese_chicken_rice_8d2b73498f52.jpg,hainanese_chicken_rice,Hainanese Chicken Rice,Singapore,train,224,224,,,,,8c370f42d0db,
train\hainanese_chicken_rice\hainanese_chicken_rice_8e2a0a51932e.jpg,D:\Machine Learning project\sea_food_dataset\train\hainanese_chicken_rice\hainanese_chicken_rice_8e2a0a51932e.jpg,hainanese_chicken_rice,Hainanese Chicken Rice,Singapore,train,224,224,,,,,e69cee1cbe4e,
train\hainanese_chicken_rice\hainanese_chicken_rice_8edebfe681be.jpg,D:\Machine Learning project\sea_food_dataset\train\hainanese_chicken_rice\hainanese_chicken_rice_8edebfe681be.jpg,hainanese_chicken_rice,Hainanese Chicken Rice,Singapore,train,224,224,,,,,be0494f78992,
train\hainanese_chicken_rice\hainanese_chicken_rice_8f7ea61793ef.jpg,D:\Machine Learning project\sea_food_dataset\train\hainanese_chicken_rice\hainanese_chicken_rice_8f7ea61793ef.jpg,hainanese_chicken_rice,Hainanese Chicken Rice,Singapore,train,224,224,,,,,6d9ffef471aa,
train\hainanese_chicken_rice\hainanese_chicken_rice_9148e7008967.jpg,D:\Machine Learning project\sea_food_dataset\train\hainanese_chicken_rice\hainanese_chicken_rice_9148e7008967.jpg,hainanese_chicken_rice,Hainanese Chicken Rice,Singapore,train,224,224,,,,,c618533aa923,
train\hainanese_chicken_rice\hainanese_chicken_rice_91e7a75137d4.jpg,D:\Machine Learning project\sea_food_dataset\train\hainanese_chicken_rice\hainanese_chicken_rice_91e7a75137d4.jpg,hainanese_chicken_rice,Hainanese Chicken Rice,Singapore,train,224,224,,,,,4dc0a74b6a32,
train\hainanese_chicken_rice\hainanese_chicken_rice_920fcc28c678.jpg,D:\Machine Learning project\sea_food_dataset\train\hainanese_chicken_rice\hainanese_chicken_rice_920fcc28c678.jpg,hainanese_chicken_rice,Hainanese Chicken Rice,Singapore,train,224,224,,,,,78b37792c102,
train\hainanese_chicken_rice\hainanese_chicken_rice_92adb0b1ecfa.jpg,D:\Machine Learning project\sea_food_dataset\train\hainanese_chicken_rice\hainanese_chicken_rice_92adb0b1ecfa.jpg,hainanese_chicken_rice,Hainanese Chicken Rice,Singapore,train,224,224,,,,,67da41a1fa40,
train\hainanese_chicken_rice\hainanese_chicken_rice_944571319b94.jpg,D:\Machine Learning project\sea_food_dataset\train\hainanese_chicken_rice\hainanese_chicken_rice_944571319b94.jpg,hainanese_chicken_rice,Hainanese Chicken Rice,Singapore,train,224,224,,,,,5127d793af40,
train\hainanese_chicken_rice\hainanese_chicken_rice_94c81e11d486.jpg,D:\Machine Learning project\sea_food_dataset\train\hainanese_chicken_rice\hainanese_chicken_rice_94c81e11d486.jpg,hainanese_chicken_rice,Hainanese Chicken Rice,Singapore,train,224,224,,,,,d78e6983751c,
train\hainanese_chicken_rice\hainanese_chicken_rice_94e3374aee34.jpg,D:\Machine Learning project\sea_food_dataset\train\hainanese_chicken_rice\hainanese_chicken_rice_94e3374aee34.jpg,hainanese_chicken_rice,Hainanese Chicken Rice,Singapore,train,224,224,,,,,3cdb1c76c2c3,
train\hainanese_chicken_rice\hainanese_chicken_rice_94ffc8952fdb.jpg,D:\Machine Learning project\sea_food_dataset\train\hainanese_chicken_rice\hainanese_chicken_rice_94ffc8952fdb.jpg,hainanese_chicken_rice,Hainanese Chicken Rice,Singapore,train,224,224,,,,,97410f048d18,
train\hainanese_chicken_rice\hainanese_chicken_rice_9577ba50e052.jpg,D:\Machine Learning project\sea_food_dataset\train\hainanese_chicken_rice\hainanese_chicken_rice_9577ba50e052.jpg,hainanese_chicken_rice,Hainanese Chicken Rice,Singapore,train,224,224,,,,,7ce8263262ec,
train\hainanese_chicken_rice\hainanese_chicken_rice_9610611ab6d4.jpg,D:\Machine Learning project\sea_food_dataset\train\hainanese_chicken_rice\hainanese_chicken_rice_9610611ab6d4.jpg,hainanese_chicken_rice,Hainanese Chicken Rice,Singapore,train,224,224,,,,,cbfe27cd772e,
train\hainanese_chicken_rice\hainanese_chicken_rice_986b4405217b.jpg,D:\Machine Learning project\sea_food_dataset\train\hainanese_chicken_rice\hainanese_chicken_rice_986b4405217b.jpg,hainanese_chicken_rice,Hainanese Chicken Rice,Singapore,train,224,224,,,,,bedc28594a9f,
train\hainanese_chicken_rice\hainanese_chicken_rice_9ad231ac7fb8.jpg,D:\Machine Learning project\sea_food_dataset\train\hainanese_chicken_rice\hainanese_chicken_rice_9ad231ac7fb8.jpg,hainanese_chicken_rice,Hainanese Chicken Rice,Singapore,train,224,224,,,,,d6077e54a10f,
train\hainanese_chicken_rice\hainanese_chicken_rice_9bca33db6496.jpg,D:\Machine Learning project\sea_food_dataset\train\hainanese_chicken_rice\hainanese_chicken_rice_9bca33db6496.jpg,hainanese_chicken_rice,Hainanese Chicken Rice,Singapore,train,224,224,,,,,2efdeed338ad,
train\hainanese_chicken_rice\hainanese_chicken_rice_9c425d21a05c.jpg,D:\Machine Learning project\sea_food_dataset\train\hainanese_chicken_rice\hainanese_chicken_rice_9c425d21a05c.jpg,hainanese_chicken_rice,Hainanese Chicken Rice,Singapore,train,224,224,,,,,a10c99c41ab9,
train\hainanese_chicken_rice\hainanese_chicken_rice_9c7221b00f86.jpg,D:\Machine Learning project\sea_food_dataset\train\hainanese_chicken_rice\hainanese_chicken_rice_9c7221b00f86.jpg,hainanese_chicken_rice,Hainanese Chicken Rice,Singapore,train,224,224,,,,,974c2c45533f,
train\hainanese_chicken_rice\hainanese_chicken_rice_9cb98c11eb39.jpg,D:\Machine Learning project\sea_food_dataset\train\hainanese_chicken_rice\hainanese_chicken_rice_9cb98c11eb39.jpg,hainanese_chicken_rice,Hainanese Chicken Rice,Singapore,train,224,224,,,,,f65273f46374,
train\hainanese_chicken_rice\hainanese_chicken_rice_9e421592689e.jpg,D:\Machine Learning project\sea_food_dataset\train\hainanese_chicken_rice\hainanese_chicken_rice_9e421592689e.jpg,hainanese_chicken_rice,Hainanese Chicken Rice,Singapore,train,224,224,,,,,d70195745eb7,
train\hainanese_chicken_rice\hainanese_chicken_rice_9e8077c9d0c8.jpg,D:\Machine Learning project\sea_food_dataset\train\hainanese_chicken_rice\hainanese_chicken_rice_9e8077c9d0c8.jpg,hainanese_chicken_rice,Hainanese Chicken Rice,Singapore,train,224,224,,,,,8c687a46588b,
train\hainanese_chicken_rice\hainanese_chicken_rice_9f7c489eb7d2.jpg,D:\Machine Learning project\sea_food_dataset\train\hainanese_chicken_rice\hainanese_chicken_rice_9f7c489eb7d2.jpg,hainanese_chicken_rice,Hainanese Chicken Rice,Singapore,train,224,224,,,,,4a4f13b54c23,
train\hainanese_chicken_rice\hainanese_chicken_rice_9fc74dfc7ca7.jpg,D:\Machine Learning project\sea_food_dataset\train\hainanese_chicken_rice\hainanese_chicken_rice_9fc74dfc7ca7.jpg,hainanese_chicken_rice,Hainanese Chicken Rice,Singapore,train,224,224,,,,,22113fe80306,
train\hainanese_chicken_rice\hainanese_chicken_rice_a0526657ccfa.jpg,D:\Machine Learning project\sea_food_dataset\train\hainanese_chicken_rice\hainanese_chicken_rice_a0526657ccfa.jpg,hainanese_chicken_rice,Hainanese Chicken Rice,Singapore,train,224,224,,,,,5caf5235f02c,
train\hainanese_chicken_rice\hainanese_chicken_rice_a2202c9201fe.jpg,D:\Machine Learning project\sea_food_dataset\train\hainanese_chicken_rice\hainanese_chicken_rice_a2202c9201fe.jpg,hainanese_chicken_rice,Hainanese Chicken Rice,Singapore,train,224,224,,,,,9db11eb75364,
train\hainanese_chicken_rice\hainanese_chicken_rice_a35abc79e2ad.jpg,D:\Machine Learning project\sea_food_dataset\train\hainanese_chicken_rice\hainanese_chicken_rice_a35abc79e2ad.jpg,hainanese_chicken_rice,Hainanese Chicken Rice,Singapore,train,224,224,,,,,736e43dbb42a,
train\hainanese_chicken_rice\hainanese_chicken_rice_a51f426ee7cc.jpg,D:\Machine Learning project\sea_food_dataset\train\hainanese_chicken_rice\hainanese_chicken_rice_a51f426ee7cc.jpg,hainanese_chicken_rice,Hainanese Chicken Rice,Singapore,train,224,224,,,,,bdfc984452fa,
train\hainanese_chicken_rice\hainanese_chicken_rice_a547ba74b228.jpg,D:\Machine Learning project\sea_food_dataset\train\hainanese_chicken_rice\hainanese_chicken_rice_a547ba74b228.jpg,hainanese_chicken_rice,Hainanese Chicken Rice,Singapore,train,224,224,,,,,fb577db1429d,
train\hainanese_chicken_rice\hainanese_chicken_rice_a72a35e5d91d.jpg,D:\Machine Learning project\sea_food_dataset\train\hainanese_chicken_rice\hainanese_chicken_rice_a72a35e5d91d.jpg,hainanese_chicken_rice,Hainanese Chicken Rice,Singapore,train,224,224,,,,,1fe4b0b862bb,
train\hainanese_chicken_rice\hainanese_chicken_rice_a845c246d694.jpg,D:\Machine Learning project\sea_food_dataset\train\hainanese_chicken_rice\hainanese_chicken_rice_a845c246d694.jpg,hainanese_chicken_rice,Hainanese Chicken Rice,Singapore,train,224,224,,,,,d1958339d8a6,
train\hainanese_chicken_rice\hainanese_chicken_rice_abe5d7abe9e5.jpg,D:\Machine Learning project\sea_food_dataset\train\hainanese_chicken_rice\hainanese_chicken_rice_abe5d7abe9e5.jpg,hainanese_chicken_rice,Hainanese Chicken Rice,Singapore,train,224,224,,,,,646ee4513896,
train\hainanese_chicken_rice\hainanese_chicken_rice_ac46d8c79de5.jpg,D:\Machine Learning project\sea_food_dataset\train\hainanese_chicken_rice\hainanese_chicken_rice_ac46d8c79de5.jpg,hainanese_chicken_rice,Hainanese Chicken Rice,Singapore,train,224,224,,,,,791f2d44f0fe,
train\hainanese_chicken_rice\hainanese_chicken_rice_ac99a36d85bf.jpg,D:\Machine Learning project\sea_food_dataset\train\hainanese_chicken_rice\hainanese_chicken_rice_ac99a36d85bf.jpg,hainanese_chicken_rice,Hainanese Chicken Rice,Singapore,train,224,224,,,,,f42813122371,
train\hainanese_chicken_rice\hainanese_chicken_rice_ad2839681c1f.jpg,D:\Machine Learning project\sea_food_dataset\train\hainanese_chicken_rice\hainanese_chicken_rice_ad2839681c1f.jpg,hainanese_chicken_rice,Hainanese Chicken Rice,Singapore,train,224,224,,,,,939b420f8b0b,
train\hainanese_chicken_rice\hainanese_chicken_rice_ad65d217b7c1.jpg,D:\Machine Learning project\sea_food_dataset\train\hainanese_chicken_rice\hainanese_chicken_rice_ad65d217b7c1.jpg,hainanese_chicken_rice,Hainanese Chicken Rice,Singapore,train,224,224,,,,,c513497c8222,
train\hainanese_chicken_rice\hainanese_chicken_rice_ad9570a331a4.jpg,D:\Machine Learning project\sea_food_dataset\train\hainanese_chicken_rice\hainanese_chicken_rice_ad9570a331a4.jpg,hainanese_chicken_rice,Hainanese Chicken Rice,Singapore,train,224,224,,,,,e8b1336e06bf,
train\hainanese_chicken_rice\hainanese_chicken_rice_aed358bb97eb.jpg,D:\Machine Learning project\sea_food_dataset\train\hainanese_chicken_rice\hainanese_chicken_rice_aed358bb97eb.jpg,hainanese_chicken_rice,Hainanese Chicken Rice,Singapore,train,224,224,,,,,09a874a11fed,
train\hainanese_chicken_rice\hainanese_chicken_rice_af0825db7b62.jpg,D:\Machine Learning project\sea_food_dataset\train\hainanese_chicken_rice\hainanese_chicken_rice_af0825db7b62.jpg,hainanese_chicken_rice,Hainanese Chicken Rice,Singapore,train,224,224,,,,,33a76f38bf32,
train\hainanese_chicken_rice\hainanese_chicken_rice_af49b7c9b355.jpg,D:\Machine Learning project\sea_food_dataset\train\hainanese_chicken_rice\hainanese_chicken_rice_af49b7c9b355.jpg,hainanese_chicken_rice,Hainanese Chicken Rice,Singapore,train,224,224,,,,,ede63d328f39,
train\hainanese_chicken_rice\hainanese_chicken_rice_b0e6e6be447f.jpg,D:\Machine Learning project\sea_food_dataset\train\hainanese_chicken_rice\hainanese_chicken_rice_b0e6e6be447f.jpg,hainanese_chicken_rice,Hainanese Chicken Rice,Singapore,train,224,224,,,,,786d2a7ec2d7,
train\hainanese_chicken_rice\hainanese_chicken_rice_b1a072f6270d.jpg,D:\Machine Learning project\sea_food_dataset\train\hainanese_chicken_rice\hainanese_chicken_rice_b1a072f6270d.jpg,hainanese_chicken_rice,Hainanese Chicken Rice,Singapore,train,224,224,,,,,3610b63ffda4,
train\hainanese_chicken_rice\hainanese_chicken_rice_b1cbaf4d88b7.jpg,D:\Machine Learning project\sea_food_dataset\train\hainanese_chicken_rice\hainanese_chicken_rice_b1cbaf4d88b7.jpg,hainanese_chicken_rice,Hainanese Chicken Rice,Singapore,train,224,224,,,,,6cff9049c678,
train\hainanese_chicken_rice\hainanese_chicken_rice_b218f7f4b470.jpg,D:\Machine Learning project\sea_food_dataset\train\hainanese_chicken_rice\hainanese_chicken_rice_b218f7f4b470.jpg,hainanese_chicken_rice,Hainanese Chicken Rice,Singapore,train,224,224,,,,,65f768b9dee5,
train\hainanese_chicken_rice\hainanese_chicken_rice_b3262d9df352.jpg,D:\Machine Learning project\sea_food_dataset\train\hainanese_chicken_rice\hainanese_chicken_rice_b3262d9df352.jpg,hainanese_chicken_rice,Hainanese Chicken Rice,Singapore,train,224,224,,,,,afc621d9a190,
train\hainanese_chicken_rice\hainanese_chicken_rice_b3a8af6b7eb3.jpg,D:\Machine Learning project\sea_food_dataset\train\hainanese_chicken_rice\hainanese_chicken_rice_b3a8af6b7eb3.jpg,hainanese_chicken_rice,Hainanese Chicken Rice,Singapore,train,224,224,,,,,e01bc3cbdf48,
train\hainanese_chicken_rice\hainanese_chicken_rice_b454a33564e0.jpg,D:\Machine Learning project\sea_food_dataset\train\hainanese_chicken_rice\hainanese_chicken_rice_b454a33564e0.jpg,hainanese_chicken_rice,Hainanese Chicken Rice,Singapore,train,224,224,,,,,c19023d244f2,
train\hainanese_chicken_rice\hainanese_chicken_rice_b45579ac93b9.jpg,D:\Machine Learning project\sea_food_dataset\train\hainanese_chicken_rice\hainanese_chicken_rice_b45579ac93b9.jpg,hainanese_chicken_rice,Hainanese Chicken Rice,Singapore,train,224,224,,,,,17398662800a,
train\hainanese_chicken_rice\hainanese_chicken_rice_b4c1f5108b93.jpg,D:\Machine Learning project\sea_food_dataset\train\hainanese_chicken_rice\hainanese_chicken_rice_b4c1f5108b93.jpg,hainanese_chicken_rice,Hainanese Chicken Rice,Singapore,train,224,224,,,,,6aac694838f5,
train\hainanese_chicken_rice\hainanese_chicken_rice_b5392416a140.jpg,D:\Machine Learning project\sea_food_dataset\train\hainanese_chicken_rice\hainanese_chicken_rice_b5392416a140.jpg,hainanese_chicken_rice,Hainanese Chicken Rice,Singapore,train,224,224,,,,,810629c56056,
train\hainanese_chicken_rice\hainanese_chicken_rice_b5a5334c80cc.jpg,D:\Machine Learning project\sea_food_dataset\train\hainanese_chicken_rice\hainanese_chicken_rice_b5a5334c80cc.jpg,hainanese_chicken_rice,Hainanese Chicken Rice,Singapore,train,224,224,,,,,f6948448a745,
train\hainanese_chicken_rice\hainanese_chicken_rice_b7469863b5b5.jpg,D:\Machine Learning project\sea_food_dataset\train\hainanese_chicken_rice\hainanese_chicken_rice_b7469863b5b5.jpg,hainanese_chicken_rice,Hainanese Chicken Rice,Singapore,train,224,224,,,,,ae5365e524f1,
train\hainanese_chicken_rice\hainanese_chicken_rice_b756a50a0f44.jpg,D:\Machine Learning project\sea_food_dataset\train\hainanese_chicken_rice\hainanese_chicken_rice_b756a50a0f44.jpg,hainanese_chicken_rice,Hainanese Chicken Rice,Singapore,train,224,224,,,,,a5b7a8df2982,
train\hainanese_chicken_rice\hainanese_chicken_rice_b7feb9e63daf.jpg,D:\Machine Learning project\sea_food_dataset\train\hainanese_chicken_rice\hainanese_chicken_rice_b7feb9e63daf.jpg,hainanese_chicken_rice,Hainanese Chicken Rice,Singapore,train,224,224,,,,,96ca4fb6819a,
train\hainanese_chicken_rice\hainanese_chicken_rice_b81de789cc05.jpg,D:\Machine Learning project\sea_food_dataset\train\hainanese_chicken_rice\hainanese_chicken_rice_b81de789cc05.jpg,hainanese_chicken_rice,Hainanese Chicken Rice,Singapore,train,224,224,,,,,447535ac8502,
train\hainanese_chicken_rice\hainanese_chicken_rice_ba9b0f955bf7.jpg,D:\Machine Learning project\sea_food_dataset\train\hainanese_chicken_rice\hainanese_chicken_rice_ba9b0f955bf7.jpg,hainanese_chicken_rice,Hainanese Chicken Rice,Singapore,train,224,224,,,,,d39766c4ea94,
train\hainanese_chicken_rice\hainanese_chicken_rice_bb6ce5bb8132.jpg,D:\Machine Learning project\sea_food_dataset\train\hainanese_chicken_rice\hainanese_chicken_rice_bb6ce5bb8132.jpg,hainanese_chicken_rice,Hainanese Chicken Rice,Singapore,train,224,224,,,,,7d8b6c482511,
train\hainanese_chicken_rice\hainanese_chicken_rice_bbdea38d940d.jpg,D:\Machine Learning project\sea_food_dataset\train\hainanese_chicken_rice\hainanese_chicken_rice_bbdea38d940d.jpg,hainanese_chicken_rice,Hainanese Chicken Rice,Singapore,train,224,224,,,,,a9f0ec86340c,
train\hainanese_chicken_rice\hainanese_chicken_rice_bddee1588aee.jpg,D:\Machine Learning project\sea_food_dataset\train\hainanese_chicken_rice\hainanese_chicken_rice_bddee1588aee.jpg,hainanese_chicken_rice,Hainanese Chicken Rice,Singapore,train,224,224,,,,,c7c2d061675e,
train\hainanese_chicken_rice\hainanese_chicken_rice_be81d0800b6e.jpg,D:\Machine Learning project\sea_food_dataset\train\hainanese_chicken_rice\hainanese_chicken_rice_be81d0800b6e.jpg,hainanese_chicken_rice,Hainanese Chicken Rice,Singapore,train,224,224,,,,,23bca1650ed3,
train\hainanese_chicken_rice\hainanese_chicken_rice_bf293178dabd.jpg,D:\Machine Learning project\sea_food_dataset\train\hainanese_chicken_rice\hainanese_chicken_rice_bf293178dabd.jpg,hainanese_chicken_rice,Hainanese Chicken Rice,Singapore,train,224,224,,,,,6631561032d7,
train\hainanese_chicken_rice\hainanese_chicken_rice_bf6620d8f4ed.jpg,D:\Machine Learning project\sea_food_dataset\train\hainanese_chicken_rice\hainanese_chicken_rice_bf6620d8f4ed.jpg,hainanese_chicken_rice,Hainanese Chicken Rice,Singapore,train,224,224,,,,,598c2e09dfa2,
train\hainanese_chicken_rice\hainanese_chicken_rice_c03bb7a0e60b.jpg,D:\Machine Learning project\sea_food_dataset\train\hainanese_chicken_rice\hainanese_chicken_rice_c03bb7a0e60b.jpg,hainanese_chicken_rice,Hainanese Chicken Rice,Singapore,train,224,224,,,,,a38a12344300,
train\hainanese_chicken_rice\hainanese_chicken_rice_c17df2ddfd80.jpg,D:\Machine Learning project\sea_food_dataset\train\hainanese_chicken_rice\hainanese_chicken_rice_c17df2ddfd80.jpg,hainanese_chicken_rice,Hainanese Chicken Rice,Singapore,train,224,224,,,,,53ab68a8de83,
train\hainanese_chicken_rice\hainanese_chicken_rice_c18e4dc9952c.jpg,D:\Machine Learning project\sea_food_dataset\train\hainanese_chicken_rice\hainanese_chicken_rice_c18e4dc9952c.jpg,hainanese_chicken_rice,Hainanese Chicken Rice,Singapore,train,224,224,,,,,0927ceee4ee3,
train\hainanese_chicken_rice\hainanese_chicken_rice_c1a800e43733.jpg,D:\Machine Learning project\sea_food_dataset\train\hainanese_chicken_rice\hainanese_chicken_rice_c1a800e43733.jpg,hainanese_chicken_rice,Hainanese Chicken Rice,Singapore,train,224,224,,,,,5b2a12f66136,
train\hainanese_chicken_rice\hainanese_chicken_rice_c2e0bbab331e.jpg,D:\Machine Learning project\sea_food_dataset\train\hainanese_chicken_rice\hainanese_chicken_rice_c2e0bbab331e.jpg,hainanese_chicken_rice,Hainanese Chicken Rice,Singapore,train,224,224,,,,,09c7b5774f44,
train\hainanese_chicken_rice\hainanese_chicken_rice_c33938dac69a.jpg,D:\Machine Learning project\sea_food_dataset\train\hainanese_chicken_rice\hainanese_chicken_rice_c33938dac69a.jpg,hainanese_chicken_rice,Hainanese Chicken Rice,Singapore,train,224,224,,,,,0c0ab89fb945,
train\hainanese_chicken_rice\hainanese_chicken_rice_c43e5ecb3a02.jpg,D:\Machine Learning project\sea_food_dataset\train\hainanese_chicken_rice\hainanese_chicken_rice_c43e5ecb3a02.jpg,hainanese_chicken_rice,Hainanese Chicken Rice,Singapore,train,224,224,,,,,58908abff69d,
train\hainanese_chicken_rice\hainanese_chicken_rice_c4c60e279027.jpg,D:\Machine Learning project\sea_food_dataset\train\hainanese_chicken_rice\hainanese_chicken_rice_c4c60e279027.jpg,hainanese_chicken_rice,Hainanese Chicken Rice,Singapore,train,224,224,,,,,3e285d0966ab,
train\hainanese_chicken_rice\hainanese_chicken_rice_c5d4462123f7.jpg,D:\Machine Learning project\sea_food_dataset\train\hainanese_chicken_rice\hainanese_chicken_rice_c5d4462123f7.jpg,hainanese_chicken_rice,Hainanese Chicken Rice,Singapore,train,224,224,,,,,ad8d1184a472,
train\hainanese_chicken_rice\hainanese_chicken_rice_c5fe3a2f5221.jpg,D:\Machine Learning project\sea_food_dataset\train\hainanese_chicken_rice\hainanese_chicken_rice_c5fe3a2f5221.jpg,hainanese_chicken_rice,Hainanese Chicken Rice,Singapore,train,224,224,,,,,ea9d9090dd2d,
train\hainanese_chicken_rice\hainanese_chicken_rice_c7c2d418c4e0.jpg,D:\Machine Learning project\sea_food_dataset\train\hainanese_chicken_rice\hainanese_chicken_rice_c7c2d418c4e0.jpg,hainanese_chicken_rice,Hainanese Chicken Rice,Singapore,train,224,224,,,,,373b4fde973d,
train\hainanese_chicken_rice\hainanese_chicken_rice_c7d7c20e50d0.jpg,D:\Machine Learning project\sea_food_dataset\train\hainanese_chicken_rice\hainanese_chicken_rice_c7d7c20e50d0.jpg,hainanese_chicken_rice,Hainanese Chicken Rice,Singapore,train,224,224,,,,,90b3a4e71ea4,
train\hainanese_chicken_rice\hainanese_chicken_rice_c7e7b07d1dc9.jpg,D:\Machine Learning project\sea_food_dataset\train\hainanese_chicken_rice\hainanese_chicken_rice_c7e7b07d1dc9.jpg,hainanese_chicken_rice,Hainanese Chicken Rice,Singapore,train,224,224,,,,,fc804e9de9b2,
train\hainanese_chicken_rice\hainanese_chicken_rice_c9b7c03a90fa.jpg,D:\Machine Learning project\sea_food_dataset\train\hainanese_chicken_rice\hainanese_chicken_rice_c9b7c03a90fa.jpg,hainanese_chicken_rice,Hainanese Chicken Rice,Singapore,train,224,224,,,,,cd567213cf31,
train\hainanese_chicken_rice\hainanese_chicken_rice_ca5f630fd6d1.jpg,D:\Machine Learning project\sea_food_dataset\train\hainanese_chicken_rice\hainanese_chicken_rice_ca5f630fd6d1.jpg,hainanese_chicken_rice,Hainanese Chicken Rice,Singapore,train,224,224,,,,,c0d6ecafc685,
train\hainanese_chicken_rice\hainanese_chicken_rice_cc151639410d.jpg,D:\Machine Learning project\sea_food_dataset\train\hainanese_chicken_rice\hainanese_chicken_rice_cc151639410d.jpg,hainanese_chicken_rice,Hainanese Chicken Rice,Singapore,train,224,224,,,,,93bc510724c5,
train\hainanese_chicken_rice\hainanese_chicken_rice_cea8811e7e92.jpg,D:\Machine Learning project\sea_food_dataset\train\hainanese_chicken_rice\hainanese_chicken_rice_cea8811e7e92.jpg,hainanese_chicken_rice,Hainanese Chicken Rice,Singapore,train,224,224,,,,,4ca892b2c87e,
train\hainanese_chicken_rice\hainanese_chicken_rice_cf29c6b0130a.jpg,D:\Machine Learning project\sea_food_dataset\train\hainanese_chicken_rice\hainanese_chicken_rice_cf29c6b0130a.jpg,hainanese_chicken_rice,Hainanese Chicken Rice,Singapore,train,224,224,,,,,3ea47e66206d,
train\hainanese_chicken_rice\hainanese_chicken_rice_cf6ebfd3f081.jpg,D:\Machine Learning project\sea_food_dataset\train\hainanese_chicken_rice\hainanese_chicken_rice_cf6ebfd3f081.jpg,hainanese_chicken_rice,Hainanese Chicken Rice,Singapore,train,224,224,,,,,fb25b544e000,
train\hainanese_chicken_rice\hainanese_chicken_rice_d2d6cef84a66.jpg,D:\Machine Learning project\sea_food_dataset\train\hainanese_chicken_rice\hainanese_chicken_rice_d2d6cef84a66.jpg,hainanese_chicken_rice,Hainanese Chicken Rice,Singapore,train,224,224,,,,,f44b968541a9,
train\hainanese_chicken_rice\hainanese_chicken_rice_d3338982b63a.jpg,D:\Machine Learning project\sea_food_dataset\train\hainanese_chicken_rice\hainanese_chicken_rice_d3338982b63a.jpg,hainanese_chicken_rice,Hainanese Chicken Rice,Singapore,train,224,224,,,,,34c7994e61e3,
train\hainanese_chicken_rice\hainanese_chicken_rice_d3ad03e58a56.jpg,D:\Machine Learning project\sea_food_dataset\train\hainanese_chicken_rice\hainanese_chicken_rice_d3ad03e58a56.jpg,hainanese_chicken_rice,Hainanese Chicken Rice,Singapore,train,224,224,,,,,3450ce26fdf1,
train\hainanese_chicken_rice\hainanese_chicken_rice_d3f80c0a73ce.jpg,D:\Machine Learning project\sea_food_dataset\train\hainanese_chicken_rice\hainanese_chicken_rice_d3f80c0a73ce.jpg,hainanese_chicken_rice,Hainanese Chicken Rice,Singapore,train,224,224,,,,,7bf98b90f690,
train\hainanese_chicken_rice\hainanese_chicken_rice_d4260a2ed7ab.jpg,D:\Machine Learning project\sea_food_dataset\train\hainanese_chicken_rice\hainanese_chicken_rice_d4260a2ed7ab.jpg,hainanese_chicken_rice,Hainanese Chicken Rice,Singapore,train,224,224,,,,,54deb1fcd424,
train\hainanese_chicken_rice\hainanese_chicken_rice_d6c9fddbd978.jpg,D:\Machine Learning project\sea_food_dataset\train\hainanese_chicken_rice\hainanese_chicken_rice_d6c9fddbd978.jpg,hainanese_chicken_rice,Hainanese Chicken Rice,Singapore,train,224,224,,,,,bac839ddae3b,
train\hainanese_chicken_rice\hainanese_chicken_rice_d6f2ea7ccaec.jpg,D:\Machine Learning project\sea_food_dataset\train\hainanese_chicken_rice\hainanese_chicken_rice_d6f2ea7ccaec.jpg,hainanese_chicken_rice,Hainanese Chicken Rice,Singapore,train,224,224,,,,,90342b64c132,
train\hainanese_chicken_rice\hainanese_chicken_rice_d997d74b7573.jpg,D:\Machine Learning project\sea_food_dataset\train\hainanese_chicken_rice\hainanese_chicken_rice_d997d74b7573.jpg,hainanese_chicken_rice,Hainanese Chicken Rice,Singapore,train,224,224,,,,,a8a305c0569d,
train\hainanese_chicken_rice\hainanese_chicken_rice_d9c033f94b42.jpg,D:\Machine Learning project\sea_food_dataset\train\hainanese_chicken_rice\hainanese_chicken_rice_d9c033f94b42.jpg,hainanese_chicken_rice,Hainanese Chicken Rice,Singapore,train,224,224,,,,,5c9adeee9448,
train\hainanese_chicken_rice\hainanese_chicken_rice_dbda2b4bc582.jpg,D:\Machine Learning project\sea_food_dataset\train\hainanese_chicken_rice\hainanese_chicken_rice_dbda2b4bc582.jpg,hainanese_chicken_rice,Hainanese Chicken Rice,Singapore,train,224,224,,,,,0c5b6a1d1d9b,
train\hainanese_chicken_rice\hainanese_chicken_rice_dc151f87be2c.jpg,D:\Machine Learning project\sea_food_dataset\train\hainanese_chicken_rice\hainanese_chicken_rice_dc151f87be2c.jpg,hainanese_chicken_rice,Hainanese Chicken Rice,Singapore,train,224,224,,,,,37bc7dfa3577,
train\hainanese_chicken_rice\hainanese_chicken_rice_ddad6115c605.jpg,D:\Machine Learning project\sea_food_dataset\train\hainanese_chicken_rice\hainanese_chicken_rice_ddad6115c605.jpg,hainanese_chicken_rice,Hainanese Chicken Rice,Singapore,train,224,224,,,,,65f7129abe64,
train\hainanese_chicken_rice\hainanese_chicken_rice_ddb45ac3d43a.jpg,D:\Machine Learning project\sea_food_dataset\train\hainanese_chicken_rice\hainanese_chicken_rice_ddb45ac3d43a.jpg,hainanese_chicken_rice,Hainanese Chicken Rice,Singapore,train,224,224,,,,,f7a90b72105f,
train\hainanese_chicken_rice\hainanese_chicken_rice_ddf089b9c479.jpg,D:\Machine Learning project\sea_food_dataset\train\hainanese_chicken_rice\hainanese_chicken_rice_ddf089b9c479.jpg,hainanese_chicken_rice,Hainanese Chicken Rice,Singapore,train,224,224,,,,,6bdc8e2939d2,
train\hainanese_chicken_rice\hainanese_chicken_rice_ddf4f77b855e.jpg,D:\Machine Learning project\sea_food_dataset\train\hainanese_chicken_rice\hainanese_chicken_rice_ddf4f77b855e.jpg,hainanese_chicken_rice,Hainanese Chicken Rice,Singapore,train,224,224,,,,,c8cf3a5e013b,
train\hainanese_chicken_rice\hainanese_chicken_rice_e05ce2da0a33.jpg,D:\Machine Learning project\sea_food_dataset\train\hainanese_chicken_rice\hainanese_chicken_rice_e05ce2da0a33.jpg,hainanese_chicken_rice,Hainanese Chicken Rice,Singapore,train,224,224,,,,,5973e18bbe61,
train\hainanese_chicken_rice\hainanese_chicken_rice_e0a6d06dccc1.jpg,D:\Machine Learning project\sea_food_dataset\train\hainanese_chicken_rice\hainanese_chicken_rice_e0a6d06dccc1.jpg,hainanese_chicken_rice,Hainanese Chicken Rice,Singapore,train,224,224,,,,,d6dc6d696724,
train\hainanese_chicken_rice\hainanese_chicken_rice_e0aa3804c9f0.jpg,D:\Machine Learning project\sea_food_dataset\train\hainanese_chicken_rice\hainanese_chicken_rice_e0aa3804c9f0.jpg,hainanese_chicken_rice,Hainanese Chicken Rice,Singapore,train,224,224,,,,,174f21fbd7cd,
train\hainanese_chicken_rice\hainanese_chicken_rice_e0d25b6c88bc.jpg,D:\Machine Learning project\sea_food_dataset\train\hainanese_chicken_rice\hainanese_chicken_rice_e0d25b6c88bc.jpg,hainanese_chicken_rice,Hainanese Chicken Rice,Singapore,train,224,224,,,,,973e4e0538ab,
train\hainanese_chicken_rice\hainanese_chicken_rice_e0e69aabfb1a.jpg,D:\Machine Learning project\sea_food_dataset\train\hainanese_chicken_rice\hainanese_chicken_rice_e0e69aabfb1a.jpg,hainanese_chicken_rice,Hainanese Chicken Rice,Singapore,train,224,224,,,,,f061432dbe02,
train\hainanese_chicken_rice\hainanese_chicken_rice_e15ba8a8da7b.jpg,D:\Machine Learning project\sea_food_dataset\train\hainanese_chicken_rice\hainanese_chicken_rice_e15ba8a8da7b.jpg,hainanese_chicken_rice,Hainanese Chicken Rice,Singapore,train,224,224,,,,,2a31959d8bfb,
train\hainanese_chicken_rice\hainanese_chicken_rice_e1b82e5d31fe.jpg,D:\Machine Learning project\sea_food_dataset\train\hainanese_chicken_rice\hainanese_chicken_rice_e1b82e5d31fe.jpg,hainanese_chicken_rice,Hainanese Chicken Rice,Singapore,train,224,224,,,,,6bb2108a5239,
train\hainanese_chicken_rice\hainanese_chicken_rice_e1d1f16a299e.jpg,D:\Machine Learning project\sea_food_dataset\train\hainanese_chicken_rice\hainanese_chicken_rice_e1d1f16a299e.jpg,hainanese_chicken_rice,Hainanese Chicken Rice,Singapore,train,224,224,,,,,6a9ffd61d664,
train\hainanese_chicken_rice\hainanese_chicken_rice_e305d5f240df.jpg,D:\Machine Learning project\sea_food_dataset\train\hainanese_chicken_rice\hainanese_chicken_rice_e305d5f240df.jpg,hainanese_chicken_rice,Hainanese Chicken Rice,Singapore,train,224,224,,,,,e40f33f9c781,
train\hainanese_chicken_rice\hainanese_chicken_rice_e3d1d6bff949.jpg,D:\Machine Learning project\sea_food_dataset\train\hainanese_chicken_rice\hainanese_chicken_rice_e3d1d6bff949.jpg,hainanese_chicken_rice,Hainanese Chicken Rice,Singapore,train,224,224,,,,,2415a2eb5571,
train\hainanese_chicken_rice\hainanese_chicken_rice_e3de425c93ad.jpg,D:\Machine Learning project\sea_food_dataset\train\hainanese_chicken_rice\hainanese_chicken_rice_e3de425c93ad.jpg,hainanese_chicken_rice,Hainanese Chicken Rice,Singapore,train,224,224,,,,,a1cda031980c,
train\hainanese_chicken_rice\hainanese_chicken_rice_e41e291ccdb2.jpg,D:\Machine Learning project\sea_food_dataset\train\hainanese_chicken_rice\hainanese_chicken_rice_e41e291ccdb2.jpg,hainanese_chicken_rice,Hainanese Chicken Rice,Singapore,train,224,224,,,,,7eae3184e99b,
train\hainanese_chicken_rice\hainanese_chicken_rice_e4fb2d731cd7.jpg,D:\Machine Learning project\sea_food_dataset\train\hainanese_chicken_rice\hainanese_chicken_rice_e4fb2d731cd7.jpg,hainanese_chicken_rice,Hainanese Chicken Rice,Singapore,train,224,224,,,,,6a23fa242e5e,
train\hainanese_chicken_rice\hainanese_chicken_rice_e64a5b6776cb.jpg,D:\Machine Learning project\sea_food_dataset\train\hainanese_chicken_rice\hainanese_chicken_rice_e64a5b6776cb.jpg,hainanese_chicken_rice,Hainanese Chicken Rice,Singapore,train,224,224,,,,,0ff2e59d8f69,
train\hainanese_chicken_rice\hainanese_chicken_rice_e8897d869554.jpg,D:\Machine Learning project\sea_food_dataset\train\hainanese_chicken_rice\hainanese_chicken_rice_e8897d869554.jpg,hainanese_chicken_rice,Hainanese Chicken Rice,Singapore,train,224,224,,,,,ea1881b7c282,
train\hainanese_chicken_rice\hainanese_chicken_rice_e9017f9ed1f9.jpg,D:\Machine Learning project\sea_food_dataset\train\hainanese_chicken_rice\hainanese_chicken_rice_e9017f9ed1f9.jpg,hainanese_chicken_rice,Hainanese Chicken Rice,Singapore,train,224,224,,,,,820b2862d708,
train\hainanese_chicken_rice\hainanese_chicken_rice_e971e706de23.jpg,D:\Machine Learning project\sea_food_dataset\train\hainanese_chicken_rice\hainanese_chicken_rice_e971e706de23.jpg,hainanese_chicken_rice,Hainanese Chicken Rice,Singapore,train,224,224,,,,,9b8da411b0c7,
train\hainanese_chicken_rice\hainanese_chicken_rice_ea7fb4a304ec.jpg,D:\Machine Learning project\sea_food_dataset\train\hainanese_chicken_rice\hainanese_chicken_rice_ea7fb4a304ec.jpg,hainanese_chicken_rice,Hainanese Chicken Rice,Singapore,train,224,224,,,,,25e59337d341,
train\hainanese_chicken_rice\hainanese_chicken_rice_ebb2cdee3583.jpg,D:\Machine Learning project\sea_food_dataset\train\hainanese_chicken_rice\hainanese_chicken_rice_ebb2cdee3583.jpg,hainanese_chicken_rice,Hainanese Chicken Rice,Singapore,train,224,224,,,,,2091cd1a48d7,
train\hainanese_chicken_rice\hainanese_chicken_rice_ee5377dca860.jpg,D:\Machine Learning project\sea_food_dataset\train\hainanese_chicken_rice\hainanese_chicken_rice_ee5377dca860.jpg,hainanese_chicken_rice,Hainanese Chicken Rice,Singapore,train,224,224,,,,,d9800216304c,
train\hainanese_chicken_rice\hainanese_chicken_rice_efaba39fa745.jpg,D:\Machine Learning project\sea_food_dataset\train\hainanese_chicken_rice\hainanese_chicken_rice_efaba39fa745.jpg,hainanese_chicken_rice,Hainanese Chicken Rice,Singapore,train,224,224,,,,,5ffe734c1e91,
train\hainanese_chicken_rice\hainanese_chicken_rice_efb38626792e.jpg,D:\Machine Learning project\sea_food_dataset\train\hainanese_chicken_rice\hainanese_chicken_rice_efb38626792e.jpg,hainanese_chicken_rice,Hainanese Chicken Rice,Singapore,train,224,224,,,,,8e9d7d2bf755,
train\hainanese_chicken_rice\hainanese_chicken_rice_f08086d3f899.jpg,D:\Machine Learning project\sea_food_dataset\train\hainanese_chicken_rice\hainanese_chicken_rice_f08086d3f899.jpg,hainanese_chicken_rice,Hainanese Chicken Rice,Singapore,train,224,224,,,,,792a79764a99,
train\hainanese_chicken_rice\hainanese_chicken_rice_f1c7446f183d.jpg,D:\Machine Learning project\sea_food_dataset\train\hainanese_chicken_rice\hainanese_chicken_rice_f1c7446f183d.jpg,hainanese_chicken_rice,Hainanese Chicken Rice,Singapore,train,224,224,,,,,04ca80878f52,
train\hainanese_chicken_rice\hainanese_chicken_rice_f21d73da3c0c.jpg,D:\Machine Learning project\sea_food_dataset\train\hainanese_chicken_rice\hainanese_chicken_rice_f21d73da3c0c.jpg,hainanese_chicken_rice,Hainanese Chicken Rice,Singapore,train,224,224,,,,,45e1e467179a,
train\hainanese_chicken_rice\hainanese_chicken_rice_f2bb7fd7d945.jpg,D:\Machine Learning project\sea_food_dataset\train\hainanese_chicken_rice\hainanese_chicken_rice_f2bb7fd7d945.jpg,hainanese_chicken_rice,Hainanese Chicken Rice,Singapore,train,224,224,,,,,db93d049182c,
train\hainanese_chicken_rice\hainanese_chicken_rice_f5c43f50c3fd.jpg,D:\Machine Learning project\sea_food_dataset\train\hainanese_chicken_rice\hainanese_chicken_rice_f5c43f50c3fd.jpg,hainanese_chicken_rice,Hainanese Chicken Rice,Singapore,train,224,224,,,,,f8fbe2e7c616,
train\hainanese_chicken_rice\hainanese_chicken_rice_f7bd89515cbb.jpg,D:\Machine Learning project\sea_food_dataset\train\hainanese_chicken_rice\hainanese_chicken_rice_f7bd89515cbb.jpg,hainanese_chicken_rice,Hainanese Chicken Rice,Singapore,train,224,224,,,,,8ae81363b8d5,
train\hainanese_chicken_rice\hainanese_chicken_rice_f85120442d71.jpg,D:\Machine Learning project\sea_food_dataset\train\hainanese_chicken_rice\hainanese_chicken_rice_f85120442d71.jpg,hainanese_chicken_rice,Hainanese Chicken Rice,Singapore,train,224,224,,,,,0cc7ddd5b4d7,
train\hainanese_chicken_rice\hainanese_chicken_rice_f8aed6448942.jpg,D:\Machine Learning project\sea_food_dataset\train\hainanese_chicken_rice\hainanese_chicken_rice_f8aed6448942.jpg,hainanese_chicken_rice,Hainanese Chicken Rice,Singapore,train,224,224,,,,,81c852d86401,
train\hainanese_chicken_rice\hainanese_chicken_rice_f8c49668f00d.jpg,D:\Machine Learning project\sea_food_dataset\train\hainanese_chicken_rice\hainanese_chicken_rice_f8c49668f00d.jpg,hainanese_chicken_rice,Hainanese Chicken Rice,Singapore,train,224,224,,,,,35a084821c71,
train\hainanese_chicken_rice\hainanese_chicken_rice_f9b61f96ffce.jpg,D:\Machine Learning project\sea_food_dataset\train\hainanese_chicken_rice\hainanese_chicken_rice_f9b61f96ffce.jpg,hainanese_chicken_rice,Hainanese Chicken Rice,Singapore,train,224,224,,,,,1a42f95e963b,
train\hainanese_chicken_rice\hainanese_chicken_rice_f9f30b587140.jpg,D:\Machine Learning project\sea_food_dataset\train\hainanese_chicken_rice\hainanese_chicken_rice_f9f30b587140.jpg,hainanese_chicken_rice,Hainanese Chicken Rice,Singapore,train,224,224,,,,,680d0b2fdd51,
train\hainanese_chicken_rice\hainanese_chicken_rice_fa3b941d0c39.jpg,D:\Machine Learning project\sea_food_dataset\train\hainanese_chicken_rice\hainanese_chicken_rice_fa3b941d0c39.jpg,hainanese_chicken_rice,Hainanese Chicken Rice,Singapore,train,224,224,,,,,e4d1c9bed5be,
train\hainanese_chicken_rice\hainanese_chicken_rice_fa5bfe75aa06.jpg,D:\Machine Learning project\sea_food_dataset\train\hainanese_chicken_rice\hainanese_chicken_rice_fa5bfe75aa06.jpg,hainanese_chicken_rice,Hainanese Chicken Rice,Singapore,train,224,224,,,,,29b35fc3f5f9,
train\hainanese_chicken_rice\hainanese_chicken_rice_fa665f9232aa.jpg,D:\Machine Learning project\sea_food_dataset\train\hainanese_chicken_rice\hainanese_chicken_rice_fa665f9232aa.jpg,hainanese_chicken_rice,Hainanese Chicken Rice,Singapore,train,224,224,,,,,cf567fb431e8,
train\hainanese_chicken_rice\hainanese_chicken_rice_faf837d3bfb1.jpg,D:\Machine Learning project\sea_food_dataset\train\hainanese_chicken_rice\hainanese_chicken_rice_faf837d3bfb1.jpg,hainanese_chicken_rice,Hainanese Chicken Rice,Singapore,train,224,224,,,,,65d3682c48c6,
train\hainanese_chicken_rice\hainanese_chicken_rice_fba84e247d45.jpg,D:\Machine Learning project\sea_food_dataset\train\hainanese_chicken_rice\hainanese_chicken_rice_fba84e247d45.jpg,hainanese_chicken_rice,Hainanese Chicken Rice,Singapore,train,224,224,,,,,5c4be948860e,
train\hainanese_chicken_rice\hainanese_chicken_rice_fbfa74fdd337.jpg,D:\Machine Learning project\sea_food_dataset\train\hainanese_chicken_rice\hainanese_chicken_rice_fbfa74fdd337.jpg,hainanese_chicken_rice,Hainanese Chicken Rice,Singapore,train,224,224,,,,,8d9998d278e8,
train\hainanese_chicken_rice\hainanese_chicken_rice_fd7afeafe293.jpg,D:\Machine Learning project\sea_food_dataset\train\hainanese_chicken_rice\hainanese_chicken_rice_fd7afeafe293.jpg,hainanese_chicken_rice,Hainanese Chicken Rice,Singapore,train,224,224,,,,,ba77b49240c1,
train\hainanese_chicken_rice\hainanese_chicken_rice_fe5568417e60.jpg,D:\Machine Learning project\sea_food_dataset\train\hainanese_chicken_rice\hainanese_chicken_rice_fe5568417e60.jpg,hainanese_chicken_rice,Hainanese Chicken Rice,Singapore,train,224,224,,,,,c2753b32fe19,
train\hainanese_chicken_rice\hainanese_chicken_rice_feb30fd778b7.jpg,D:\Machine Learning project\sea_food_dataset\train\hainanese_chicken_rice\hainanese_chicken_rice_feb30fd778b7.jpg,hainanese_chicken_rice,Hainanese Chicken Rice,Singapore,train,224,224,,,,,c069931a5e72,
train\hainanese_chicken_rice\hainanese_chicken_rice_ff4f6408d108.jpg,D:\Machine Learning project\sea_food_dataset\train\hainanese_chicken_rice\hainanese_chicken_rice_ff4f6408d108.jpg,hainanese_chicken_rice,Hainanese Chicken Rice,Singapore,train,224,224,,,,,58fb62c1b74f,
train\laksa\laksa_00c298764c85.jpg,D:\Machine Learning project\sea_food_dataset\train\laksa\laksa_00c298764c85.jpg,laksa,Laksa,Malaysia / Singapore,train,224,224,,,,,e030772ff7fb,
train\laksa\laksa_01a549c4b51c.jpg,D:\Machine Learning project\sea_food_dataset\train\laksa\laksa_01a549c4b51c.jpg,laksa,Laksa,Malaysia / Singapore,train,224,224,,,,,137f5ed5af93,
train\laksa\laksa_03aec1c06461.jpg,D:\Machine Learning project\sea_food_dataset\train\laksa\laksa_03aec1c06461.jpg,laksa,Laksa,Malaysia / Singapore,train,224,224,,,,,e2d4caa20c8c,
train\laksa\laksa_04206876ba67.jpg,D:\Machine Learning project\sea_food_dataset\train\laksa\laksa_04206876ba67.jpg,laksa,Laksa,Malaysia / Singapore,train,224,224,,,,,e1bac38a7f11,
train\laksa\laksa_04887617db56.jpg,D:\Machine Learning project\sea_food_dataset\train\laksa\laksa_04887617db56.jpg,laksa,Laksa,Malaysia / Singapore,train,224,224,,,,,f2aa51782084,
train\laksa\laksa_049b97109a65.jpg,D:\Machine Learning project\sea_food_dataset\train\laksa\laksa_049b97109a65.jpg,laksa,Laksa,Malaysia / Singapore,train,224,224,,,,,d6ca0e648fff,
train\laksa\laksa_05de4e375ca5.jpg,D:\Machine Learning project\sea_food_dataset\train\laksa\laksa_05de4e375ca5.jpg,laksa,Laksa,Malaysia / Singapore,train,224,224,,,,,a1421aebbcd4,
train\laksa\laksa_0678df55301e.jpg,D:\Machine Learning project\sea_food_dataset\train\laksa\laksa_0678df55301e.jpg,laksa,Laksa,Malaysia / Singapore,train,224,224,,,,,86cd28250af9,
train\laksa\laksa_070928100140.jpg,D:\Machine Learning project\sea_food_dataset\train\laksa\laksa_070928100140.jpg,laksa,Laksa,Malaysia / Singapore,train,224,224,,,,,23fce85c482c,
train\laksa\laksa_071a6d6824fa.jpg,D:\Machine Learning project\sea_food_dataset\train\laksa\laksa_071a6d6824fa.jpg,laksa,Laksa,Malaysia / Singapore,train,224,224,,,,,13497f9fd3c2,
train\laksa\laksa_07353df81c55.jpg,D:\Machine Learning project\sea_food_dataset\train\laksa\laksa_07353df81c55.jpg,laksa,Laksa,Malaysia / Singapore,train,224,224,,,,,3a0de150e38a,
train\laksa\laksa_074a0ccd6972.jpg,D:\Machine Learning project\sea_food_dataset\train\laksa\laksa_074a0ccd6972.jpg,laksa,Laksa,Malaysia / Singapore,train,224,224,,,,,8fc155729562,
train\laksa\laksa_09f3f38c419d.jpg,D:\Machine Learning project\sea_food_dataset\train\laksa\laksa_09f3f38c419d.jpg,laksa,Laksa,Malaysia / Singapore,train,224,224,,,,,e013639007ad,
train\laksa\laksa_0a46dda31b80.jpg,D:\Machine Learning project\sea_food_dataset\train\laksa\laksa_0a46dda31b80.jpg,laksa,Laksa,Malaysia / Singapore,train,224,224,,,,,c5810346ca3e,
train\laksa\laksa_0a63f83d8dbc.jpg,D:\Machine Learning project\sea_food_dataset\train\laksa\laksa_0a63f83d8dbc.jpg,laksa,Laksa,Malaysia / Singapore,train,224,224,,,,,3e41e63f02e4,
train\laksa\laksa_0ae13818def9.jpg,D:\Machine Learning project\sea_food_dataset\train\laksa\laksa_0ae13818def9.jpg,laksa,Laksa,Malaysia / Singapore,train,224,224,,,,,bbab8d93298b,
train\laksa\laksa_0af7358334b7.jpg,D:\Machine Learning project\sea_food_dataset\train\laksa\laksa_0af7358334b7.jpg,laksa,Laksa,Malaysia / Singapore,train,224,224,,,,,b5e7cc859d51,
train\laksa\laksa_0c9028e856fd.jpg,D:\Machine Learning project\sea_food_dataset\train\laksa\laksa_0c9028e856fd.jpg,laksa,Laksa,Malaysia / Singapore,train,224,224,,,,,063925aaded5,
train\laksa\laksa_0cec47eea61b.jpg,D:\Machine Learning project\sea_food_dataset\train\laksa\laksa_0cec47eea61b.jpg,laksa,Laksa,Malaysia / Singapore,train,224,224,,,,,e6aaa1da7f6f,
train\laksa\laksa_0da6eb4aedae.jpg,D:\Machine Learning project\sea_food_dataset\train\laksa\laksa_0da6eb4aedae.jpg,laksa,Laksa,Malaysia / Singapore,train,224,224,,,,,99e0cddcd6ed,
train\laksa\laksa_0e8a630f66fc.jpg,D:\Machine Learning project\sea_food_dataset\train\laksa\laksa_0e8a630f66fc.jpg,laksa,Laksa,Malaysia / Singapore,train,224,224,,,,,755bc76bf127,
train\laksa\laksa_0e91a5ccedd3.jpg,D:\Machine Learning project\sea_food_dataset\train\laksa\laksa_0e91a5ccedd3.jpg,laksa,Laksa,Malaysia / Singapore,train,224,224,,,,,7077e19a7a5e,
train\laksa\laksa_0e93a1a2b8d9.jpg,D:\Machine Learning project\sea_food_dataset\train\laksa\laksa_0e93a1a2b8d9.jpg,laksa,Laksa,Malaysia / Singapore,train,224,224,,,,,258bacbfd397,
train\laksa\laksa_1139908ceda5.jpg,D:\Machine Learning project\sea_food_dataset\train\laksa\laksa_1139908ceda5.jpg,laksa,Laksa,Malaysia / Singapore,train,224,224,,,,,05d25f91d2d4,
train\laksa\laksa_119d6118ac96.jpg,D:\Machine Learning project\sea_food_dataset\train\laksa\laksa_119d6118ac96.jpg,laksa,Laksa,Malaysia / Singapore,train,224,224,,,,,3bbbca91e5fe,
train\laksa\laksa_11dfd2460f3c.jpg,D:\Machine Learning project\sea_food_dataset\train\laksa\laksa_11dfd2460f3c.jpg,laksa,Laksa,Malaysia / Singapore,train,224,224,,,,,431efb61d402,
train\laksa\laksa_11ee69215422.jpg,D:\Machine Learning project\sea_food_dataset\train\laksa\laksa_11ee69215422.jpg,laksa,Laksa,Malaysia / Singapore,train,224,224,,,,,c424fa53651e,
train\laksa\laksa_131726d9c10a.jpg,D:\Machine Learning project\sea_food_dataset\train\laksa\laksa_131726d9c10a.jpg,laksa,Laksa,Malaysia / Singapore,train,224,224,,,,,a6c69400a682,
train\laksa\laksa_13ecfb2b17cc.jpg,D:\Machine Learning project\sea_food_dataset\train\laksa\laksa_13ecfb2b17cc.jpg,laksa,Laksa,Malaysia / Singapore,train,224,224,,,,,2066d891634d,
train\laksa\laksa_144fb8eda7d4.jpg,D:\Machine Learning project\sea_food_dataset\train\laksa\laksa_144fb8eda7d4.jpg,laksa,Laksa,Malaysia / Singapore,train,224,224,,,,,39d4a8c6be72,
train\laksa\laksa_161a1ea17447.jpg,D:\Machine Learning project\sea_food_dataset\train\laksa\laksa_161a1ea17447.jpg,laksa,Laksa,Malaysia / Singapore,train,224,224,,,,,734331540296,
train\laksa\laksa_165bcdd89afc.jpg,D:\Machine Learning project\sea_food_dataset\train\laksa\laksa_165bcdd89afc.jpg,laksa,Laksa,Malaysia / Singapore,train,224,224,,,,,06b0ca6b23de,
train\laksa\laksa_1939a5a5ca9e.jpg,D:\Machine Learning project\sea_food_dataset\train\laksa\laksa_1939a5a5ca9e.jpg,laksa,Laksa,Malaysia / Singapore,train,224,224,,,,,f93e66b62198,
train\laksa\laksa_1acc48f39429.jpg,D:\Machine Learning project\sea_food_dataset\train\laksa\laksa_1acc48f39429.jpg,laksa,Laksa,Malaysia / Singapore,train,224,224,,,,,cf9b3ab68216,
train\laksa\laksa_1b3ba5855d3b.jpg,D:\Machine Learning project\sea_food_dataset\train\laksa\laksa_1b3ba5855d3b.jpg,laksa,Laksa,Malaysia / Singapore,train,224,224,,,,,e815a8bdbc42,
train\laksa\laksa_1b74bc687364.jpg,D:\Machine Learning project\sea_food_dataset\train\laksa\laksa_1b74bc687364.jpg,laksa,Laksa,Malaysia / Singapore,train,224,224,,,,,809f226fdae5,
train\laksa\laksa_1d57d88cb757.jpg,D:\Machine Learning project\sea_food_dataset\train\laksa\laksa_1d57d88cb757.jpg,laksa,Laksa,Malaysia / Singapore,train,224,224,,,,,2862b7a65514,
train\laksa\laksa_1d8d6080435a.jpg,D:\Machine Learning project\sea_food_dataset\train\laksa\laksa_1d8d6080435a.jpg,laksa,Laksa,Malaysia / Singapore,train,224,224,,,,,04ad074b2ab8,
train\laksa\laksa_21204c242af7.jpg,D:\Machine Learning project\sea_food_dataset\train\laksa\laksa_21204c242af7.jpg,laksa,Laksa,Malaysia / Singapore,train,224,224,,,,,ed8f67087e7e,
train\laksa\laksa_217f9a42a451.jpg,D:\Machine Learning project\sea_food_dataset\train\laksa\laksa_217f9a42a451.jpg,laksa,Laksa,Malaysia / Singapore,train,224,224,,,,,5b7f5b0a6e59,
train\laksa\laksa_21d12bef8c67.jpg,D:\Machine Learning project\sea_food_dataset\train\laksa\laksa_21d12bef8c67.jpg,laksa,Laksa,Malaysia / Singapore,train,224,224,,,,,c7eae4af0e3d,
train\laksa\laksa_22a9a052e01f.jpg,D:\Machine Learning project\sea_food_dataset\train\laksa\laksa_22a9a052e01f.jpg,laksa,Laksa,Malaysia / Singapore,train,224,224,,,,,40388a1521b6,
train\laksa\laksa_23546ada9c89.jpg,D:\Machine Learning project\sea_food_dataset\train\laksa\laksa_23546ada9c89.jpg,laksa,Laksa,Malaysia / Singapore,train,224,224,,,,,a4c89a5ff098,
train\laksa\laksa_240032344ebe.jpg,D:\Machine Learning project\sea_food_dataset\train\laksa\laksa_240032344ebe.jpg,laksa,Laksa,Malaysia / Singapore,train,224,224,,,,,a7c3b9ab9b04,
train\laksa\laksa_288165826b52.jpg,D:\Machine Learning project\sea_food_dataset\train\laksa\laksa_288165826b52.jpg,laksa,Laksa,Malaysia / Singapore,train,224,224,,,,,ccd31c310ece,
train\laksa\laksa_290bc8601588.jpg,D:\Machine Learning project\sea_food_dataset\train\laksa\laksa_290bc8601588.jpg,laksa,Laksa,Malaysia / Singapore,train,224,224,,,,,02d640f25d52,
train\laksa\laksa_292e1a3ad4e3.jpg,D:\Machine Learning project\sea_food_dataset\train\laksa\laksa_292e1a3ad4e3.jpg,laksa,Laksa,Malaysia / Singapore,train,224,224,,,,,8e02c7daaec0,
train\laksa\laksa_296a9c21f084.jpg,D:\Machine Learning project\sea_food_dataset\train\laksa\laksa_296a9c21f084.jpg,laksa,Laksa,Malaysia / Singapore,train,224,224,,,,,170fd109ecb0,
train\laksa\laksa_2974f0a51c2b.jpg,D:\Machine Learning project\sea_food_dataset\train\laksa\laksa_2974f0a51c2b.jpg,laksa,Laksa,Malaysia / Singapore,train,224,224,,,,,ce54dd92d515,
train\laksa\laksa_2a122f96a6d9.jpg,D:\Machine Learning project\sea_food_dataset\train\laksa\laksa_2a122f96a6d9.jpg,laksa,Laksa,Malaysia / Singapore,train,224,224,,,,,761ef8effdc8,
train\laksa\laksa_2c2372ae30ff.jpg,D:\Machine Learning project\sea_food_dataset\train\laksa\laksa_2c2372ae30ff.jpg,laksa,Laksa,Malaysia / Singapore,train,224,224,,,,,26a13dd0ea0d,
train\laksa\laksa_2c514b43698d.jpg,D:\Machine Learning project\sea_food_dataset\train\laksa\laksa_2c514b43698d.jpg,laksa,Laksa,Malaysia / Singapore,train,224,224,,,,,54f385c24239,
train\laksa\laksa_2cf20da2dbcf.jpg,D:\Machine Learning project\sea_food_dataset\train\laksa\laksa_2cf20da2dbcf.jpg,laksa,Laksa,Malaysia / Singapore,train,224,224,,,,,b25a39627abd,
train\laksa\laksa_2d69c63377a1.jpg,D:\Machine Learning project\sea_food_dataset\train\laksa\laksa_2d69c63377a1.jpg,laksa,Laksa,Malaysia / Singapore,train,224,224,,,,,93400307cef1,
train\laksa\laksa_2d9fde9436f0.jpg,D:\Machine Learning project\sea_food_dataset\train\laksa\laksa_2d9fde9436f0.jpg,laksa,Laksa,Malaysia / Singapore,train,224,224,,,,,63b193e28b78,
train\laksa\laksa_2fbb5e3e519a.jpg,D:\Machine Learning project\sea_food_dataset\train\laksa\laksa_2fbb5e3e519a.jpg,laksa,Laksa,Malaysia / Singapore,train,224,224,,,,,3a535ac8d99d,
train\laksa\laksa_30457086d131.jpg,D:\Machine Learning project\sea_food_dataset\train\laksa\laksa_30457086d131.jpg,laksa,Laksa,Malaysia / Singapore,train,224,224,,,,,edc2ec64429d,
train\laksa\laksa_31513c061d45.jpg,D:\Machine Learning project\sea_food_dataset\train\laksa\laksa_31513c061d45.jpg,laksa,Laksa,Malaysia / Singapore,train,224,224,,,,,7d9760d8de28,
train\laksa\laksa_32213bfd0ade.jpg,D:\Machine Learning project\sea_food_dataset\train\laksa\laksa_32213bfd0ade.jpg,laksa,Laksa,Malaysia / Singapore,train,224,224,,,,,8165bcb0d9f1,
train\laksa\laksa_34075e2e9f70.jpg,D:\Machine Learning project\sea_food_dataset\train\laksa\laksa_34075e2e9f70.jpg,laksa,Laksa,Malaysia / Singapore,train,224,224,,,,,ad0082526eaf,
train\laksa\laksa_34f53adea14e.jpg,D:\Machine Learning project\sea_food_dataset\train\laksa\laksa_34f53adea14e.jpg,laksa,Laksa,Malaysia / Singapore,train,224,224,,,,,4b30023ce5c7,
train\laksa\laksa_358a8bc68c15.jpg,D:\Machine Learning project\sea_food_dataset\train\laksa\laksa_358a8bc68c15.jpg,laksa,Laksa,Malaysia / Singapore,train,224,224,,,,,f01504dd561d,
train\laksa\laksa_35a543cd6b76.jpg,D:\Machine Learning project\sea_food_dataset\train\laksa\laksa_35a543cd6b76.jpg,laksa,Laksa,Malaysia / Singapore,train,224,224,,,,,ea9fb8faefae,
train\laksa\laksa_35ed5732fa11.jpg,D:\Machine Learning project\sea_food_dataset\train\laksa\laksa_35ed5732fa11.jpg,laksa,Laksa,Malaysia / Singapore,train,224,224,,,,,34be083c2698,
train\laksa\laksa_3681f5efc072.jpg,D:\Machine Learning project\sea_food_dataset\train\laksa\laksa_3681f5efc072.jpg,laksa,Laksa,Malaysia / Singapore,train,224,224,,,,,4e909995f061,
train\laksa\laksa_36ac6de4a02b.jpg,D:\Machine Learning project\sea_food_dataset\train\laksa\laksa_36ac6de4a02b.jpg,laksa,Laksa,Malaysia / Singapore,train,224,224,,,,,c413dc7c30f3,
train\laksa\laksa_3752348a39d6.jpg,D:\Machine Learning project\sea_food_dataset\train\laksa\laksa_3752348a39d6.jpg,laksa,Laksa,Malaysia / Singapore,train,224,224,,,,,bc9c6cf69e28,
train\laksa\laksa_379248fa0ef6.jpg,D:\Machine Learning project\sea_food_dataset\train\laksa\laksa_379248fa0ef6.jpg,laksa,Laksa,Malaysia / Singapore,train,224,224,,,,,06b0b0a2299d,
train\laksa\laksa_38333e986333.jpg,D:\Machine Learning project\sea_food_dataset\train\laksa\laksa_38333e986333.jpg,laksa,Laksa,Malaysia / Singapore,train,224,224,,,,,88a35e3a599e,
train\laksa\laksa_384f2e8352db.jpg,D:\Machine Learning project\sea_food_dataset\train\laksa\laksa_384f2e8352db.jpg,laksa,Laksa,Malaysia / Singapore,train,224,224,,,,,8cf2f60298f6,
train\laksa\laksa_389aefcae9e4.jpg,D:\Machine Learning project\sea_food_dataset\train\laksa\laksa_389aefcae9e4.jpg,laksa,Laksa,Malaysia / Singapore,train,224,224,,,,,46fab9519f76,
train\laksa\laksa_38c38b55a627.jpg,D:\Machine Learning project\sea_food_dataset\train\laksa\laksa_38c38b55a627.jpg,laksa,Laksa,Malaysia / Singapore,train,224,224,,,,,8666dc46eff9,
train\laksa\laksa_3a3946bce702.jpg,D:\Machine Learning project\sea_food_dataset\train\laksa\laksa_3a3946bce702.jpg,laksa,Laksa,Malaysia / Singapore,train,224,224,,,,,f5a8e47cd994,
train\laksa\laksa_3c059b5db8f3.jpg,D:\Machine Learning project\sea_food_dataset\train\laksa\laksa_3c059b5db8f3.jpg,laksa,Laksa,Malaysia / Singapore,train,224,224,,,,,c5bd7a05f166,
train\laksa\laksa_3cfea03de0a5.jpg,D:\Machine Learning project\sea_food_dataset\train\laksa\laksa_3cfea03de0a5.jpg,laksa,Laksa,Malaysia / Singapore,train,224,224,,,,,4d7f13bdca04,
train\laksa\laksa_3e7d820b9cdb.jpg,D:\Machine Learning project\sea_food_dataset\train\laksa\laksa_3e7d820b9cdb.jpg,laksa,Laksa,Malaysia / Singapore,train,224,224,,,,,2bf67ad3bddb,
train\laksa\laksa_3f69d7960c49.jpg,D:\Machine Learning project\sea_food_dataset\train\laksa\laksa_3f69d7960c49.jpg,laksa,Laksa,Malaysia / Singapore,train,224,224,,,,,fbe451185014,
train\laksa\laksa_3fe8b0215179.jpg,D:\Machine Learning project\sea_food_dataset\train\laksa\laksa_3fe8b0215179.jpg,laksa,Laksa,Malaysia / Singapore,train,224,224,,,,,71e2e02c3aee,
train\laksa\laksa_411e7bcc40cd.jpg,D:\Machine Learning project\sea_food_dataset\train\laksa\laksa_411e7bcc40cd.jpg,laksa,Laksa,Malaysia / Singapore,train,224,224,,,,,d4d2ea6d8a50,
train\laksa\laksa_418cf3505684.jpg,D:\Machine Learning project\sea_food_dataset\train\laksa\laksa_418cf3505684.jpg,laksa,Laksa,Malaysia / Singapore,train,224,224,,,,,7ea4c3f3c423,
train\laksa\laksa_4344b7885d88.jpg,D:\Machine Learning project\sea_food_dataset\train\laksa\laksa_4344b7885d88.jpg,laksa,Laksa,Malaysia / Singapore,train,224,224,,,,,0c383aeefb5a,
train\laksa\laksa_441cf3bd0c9c.jpg,D:\Machine Learning project\sea_food_dataset\train\laksa\laksa_441cf3bd0c9c.jpg,laksa,Laksa,Malaysia / Singapore,train,224,224,,,,,3e2ec608d651,
train\laksa\laksa_4435cbb64e52.jpg,D:\Machine Learning project\sea_food_dataset\train\laksa\laksa_4435cbb64e52.jpg,laksa,Laksa,Malaysia / Singapore,train,224,224,,,,,f5714ffff38d,
train\laksa\laksa_4469505000f0.jpg,D:\Machine Learning project\sea_food_dataset\train\laksa\laksa_4469505000f0.jpg,laksa,Laksa,Malaysia / Singapore,train,224,224,,,,,515ee06fed8a,
train\laksa\laksa_44eb8c260a9a.jpg,D:\Machine Learning project\sea_food_dataset\train\laksa\laksa_44eb8c260a9a.jpg,laksa,Laksa,Malaysia / Singapore,train,224,224,,,,,9224c0df9833,
train\laksa\laksa_450301a43d19.jpg,D:\Machine Learning project\sea_food_dataset\train\laksa\laksa_450301a43d19.jpg,laksa,Laksa,Malaysia / Singapore,train,224,224,,,,,109ecfe2deb1,
train\laksa\laksa_4555928e8f6d.jpg,D:\Machine Learning project\sea_food_dataset\train\laksa\laksa_4555928e8f6d.jpg,laksa,Laksa,Malaysia / Singapore,train,224,224,,,,,9cc39ccfa505,
train\laksa\laksa_4632ae0e0ee7.jpg,D:\Machine Learning project\sea_food_dataset\train\laksa\laksa_4632ae0e0ee7.jpg,laksa,Laksa,Malaysia / Singapore,train,224,224,,,,,e1e67a8a8755,
train\laksa\laksa_464af0ee8e5c.jpg,D:\Machine Learning project\sea_food_dataset\train\laksa\laksa_464af0ee8e5c.jpg,laksa,Laksa,Malaysia / Singapore,train,224,224,,,,,5ddbf6979ae3,
train\laksa\laksa_4734e991a01f.jpg,D:\Machine Learning project\sea_food_dataset\train\laksa\laksa_4734e991a01f.jpg,laksa,Laksa,Malaysia / Singapore,train,224,224,,,,,0c29180dad6d,
train\laksa\laksa_475c8c6b8514.jpg,D:\Machine Learning project\sea_food_dataset\train\laksa\laksa_475c8c6b8514.jpg,laksa,Laksa,Malaysia / Singapore,train,224,224,,,,,355fb3930049,
train\laksa\laksa_479cbd826e43.jpg,D:\Machine Learning project\sea_food_dataset\train\laksa\laksa_479cbd826e43.jpg,laksa,Laksa,Malaysia / Singapore,train,224,224,,,,,6385d9febd9d,
train\laksa\laksa_4886835c9b41.jpg,D:\Machine Learning project\sea_food_dataset\train\laksa\laksa_4886835c9b41.jpg,laksa,Laksa,Malaysia / Singapore,train,224,224,,,,,01312b3821d4,
train\laksa\laksa_4a12af2a6602.jpg,D:\Machine Learning project\sea_food_dataset\train\laksa\laksa_4a12af2a6602.jpg,laksa,Laksa,Malaysia / Singapore,train,224,224,,,,,7ab3650b8bea,
train\laksa\laksa_4c0f5cd614e0.jpg,D:\Machine Learning project\sea_food_dataset\train\laksa\laksa_4c0f5cd614e0.jpg,laksa,Laksa,Malaysia / Singapore,train,224,224,,,,,060a6d07058e,
train\laksa\laksa_4c53afee34a0.jpg,D:\Machine Learning project\sea_food_dataset\train\laksa\laksa_4c53afee34a0.jpg,laksa,Laksa,Malaysia / Singapore,train,224,224,,,,,b142bf74509d,
train\laksa\laksa_4e0ef3a6b326.jpg,D:\Machine Learning project\sea_food_dataset\train\laksa\laksa_4e0ef3a6b326.jpg,laksa,Laksa,Malaysia / Singapore,train,224,224,,,,,d213aa0ffddb,
train\laksa\laksa_4f32fe6d26ee.jpg,D:\Machine Learning project\sea_food_dataset\train\laksa\laksa_4f32fe6d26ee.jpg,laksa,Laksa,Malaysia / Singapore,train,224,224,,,,,40618c20d042,
train\laksa\laksa_4f8579695133.jpg,D:\Machine Learning project\sea_food_dataset\train\laksa\laksa_4f8579695133.jpg,laksa,Laksa,Malaysia / Singapore,train,224,224,,,,,127de1f7c61a,
train\laksa\laksa_4fbf799cb3be.jpg,D:\Machine Learning project\sea_food_dataset\train\laksa\laksa_4fbf799cb3be.jpg,laksa,Laksa,Malaysia / Singapore,train,224,224,,,,,d7ef34688fc7,
train\laksa\laksa_4fe24c6e10fb.jpg,D:\Machine Learning project\sea_food_dataset\train\laksa\laksa_4fe24c6e10fb.jpg,laksa,Laksa,Malaysia / Singapore,train,224,224,,,,,6d36b0814e94,
train\laksa\laksa_5158897d0e1b.jpg,D:\Machine Learning project\sea_food_dataset\train\laksa\laksa_5158897d0e1b.jpg,laksa,Laksa,Malaysia / Singapore,train,224,224,,,,,9d15a8f8074e,
train\laksa\laksa_526ab206c422.jpg,D:\Machine Learning project\sea_food_dataset\train\laksa\laksa_526ab206c422.jpg,laksa,Laksa,Malaysia / Singapore,train,224,224,,,,,31bc4d66802e,
train\laksa\laksa_526ccd4ef1f8.jpg,D:\Machine Learning project\sea_food_dataset\train\laksa\laksa_526ccd4ef1f8.jpg,laksa,Laksa,Malaysia / Singapore,train,224,224,,,,,73c4f394a4b1,
train\laksa\laksa_5402682cb3fe.jpg,D:\Machine Learning project\sea_food_dataset\train\laksa\laksa_5402682cb3fe.jpg,laksa,Laksa,Malaysia / Singapore,train,224,224,,,,,cf52dd9efa5f,
train\laksa\laksa_565307d8ae64.jpg,D:\Machine Learning project\sea_food_dataset\train\laksa\laksa_565307d8ae64.jpg,laksa,Laksa,Malaysia / Singapore,train,224,224,,,,,8672476c5180,
train\laksa\laksa_566ee0d901fd.jpg,D:\Machine Learning project\sea_food_dataset\train\laksa\laksa_566ee0d901fd.jpg,laksa,Laksa,Malaysia / Singapore,train,224,224,,,,,26b3233f7b0f,
train\laksa\laksa_57b9a680bc7d.jpg,D:\Machine Learning project\sea_food_dataset\train\laksa\laksa_57b9a680bc7d.jpg,laksa,Laksa,Malaysia / Singapore,train,224,224,,,,,ce95169d0590,
train\laksa\laksa_58bb9d75e1bb.jpg,D:\Machine Learning project\sea_food_dataset\train\laksa\laksa_58bb9d75e1bb.jpg,laksa,Laksa,Malaysia / Singapore,train,224,224,,,,,45e70272078e,
train\laksa\laksa_590ca09f605a.jpg,D:\Machine Learning project\sea_food_dataset\train\laksa\laksa_590ca09f605a.jpg,laksa,Laksa,Malaysia / Singapore,train,224,224,,,,,b8ed0b5bef1d,
train\laksa\laksa_5934802d54aa.jpg,D:\Machine Learning project\sea_food_dataset\train\laksa\laksa_5934802d54aa.jpg,laksa,Laksa,Malaysia / Singapore,train,224,224,,,,,329d579d217c,
train\laksa\laksa_5a9ac34dc0f4.jpg,D:\Machine Learning project\sea_food_dataset\train\laksa\laksa_5a9ac34dc0f4.jpg,laksa,Laksa,Malaysia / Singapore,train,224,224,,,,,ed49c3f85dfc,
train\laksa\laksa_5b762141ab76.jpg,D:\Machine Learning project\sea_food_dataset\train\laksa\laksa_5b762141ab76.jpg,laksa,Laksa,Malaysia / Singapore,train,224,224,,,,,0f30e653c04e,
train\laksa\laksa_5bd87c7eea90.jpg,D:\Machine Learning project\sea_food_dataset\train\laksa\laksa_5bd87c7eea90.jpg,laksa,Laksa,Malaysia / Singapore,train,224,224,,,,,138d3409e7bb,
train\laksa\laksa_5c3e76fb4180.jpg,D:\Machine Learning project\sea_food_dataset\train\laksa\laksa_5c3e76fb4180.jpg,laksa,Laksa,Malaysia / Singapore,train,224,224,,,,,4eb0eba9659f,
train\laksa\laksa_5c73b7e6dc28.jpg,D:\Machine Learning project\sea_food_dataset\train\laksa\laksa_5c73b7e6dc28.jpg,laksa,Laksa,Malaysia / Singapore,train,224,224,,,,,a2a4b061caa3,
train\laksa\laksa_5ce63c741fba.jpg,D:\Machine Learning project\sea_food_dataset\train\laksa\laksa_5ce63c741fba.jpg,laksa,Laksa,Malaysia / Singapore,train,224,224,,,,,b4c343ed8abf,
train\laksa\laksa_5cf4a49b71e1.jpg,D:\Machine Learning project\sea_food_dataset\train\laksa\laksa_5cf4a49b71e1.jpg,laksa,Laksa,Malaysia / Singapore,train,224,224,,,,,acf4511c8d41,
train\laksa\laksa_5db054faa3ab.jpg,D:\Machine Learning project\sea_food_dataset\train\laksa\laksa_5db054faa3ab.jpg,laksa,Laksa,Malaysia / Singapore,train,224,224,,,,,065b3e512ef0,
train\laksa\laksa_5dfa34311d01.jpg,D:\Machine Learning project\sea_food_dataset\train\laksa\laksa_5dfa34311d01.jpg,laksa,Laksa,Malaysia / Singapore,train,224,224,,,,,0a84ff22cbe0,
train\laksa\laksa_5ea35e3c3ce9.jpg,D:\Machine Learning project\sea_food_dataset\train\laksa\laksa_5ea35e3c3ce9.jpg,laksa,Laksa,Malaysia / Singapore,train,224,224,,,,,427f2fba34e4,
train\laksa\laksa_5eb511607844.jpg,D:\Machine Learning project\sea_food_dataset\train\laksa\laksa_5eb511607844.jpg,laksa,Laksa,Malaysia / Singapore,train,224,224,,,,,9b6ade4920e5,
train\laksa\laksa_60a303036c1e.jpg,D:\Machine Learning project\sea_food_dataset\train\laksa\laksa_60a303036c1e.jpg,laksa,Laksa,Malaysia / Singapore,train,224,224,,,,,56f42af0149c,
train\laksa\laksa_610ed6e8ca08.jpg,D:\Machine Learning project\sea_food_dataset\train\laksa\laksa_610ed6e8ca08.jpg,laksa,Laksa,Malaysia / Singapore,train,224,224,,,,,b9e4a89b4757,
train\laksa\laksa_624b84798b97.jpg,D:\Machine Learning project\sea_food_dataset\train\laksa\laksa_624b84798b97.jpg,laksa,Laksa,Malaysia / Singapore,train,224,224,,,,,673907617891,
train\laksa\laksa_633270e56bd0.jpg,D:\Machine Learning project\sea_food_dataset\train\laksa\laksa_633270e56bd0.jpg,laksa,Laksa,Malaysia / Singapore,train,224,224,,,,,6d72eca0c533,
train\laksa\laksa_6333367ea7e6.jpg,D:\Machine Learning project\sea_food_dataset\train\laksa\laksa_6333367ea7e6.jpg,laksa,Laksa,Malaysia / Singapore,train,224,224,,,,,e27a6292ba69,
train\laksa\laksa_64209b052183.jpg,D:\Machine Learning project\sea_food_dataset\train\laksa\laksa_64209b052183.jpg,laksa,Laksa,Malaysia / Singapore,train,224,224,,,,,3fcd1d4d8a30,
train\laksa\laksa_6471d5e21d5d.jpg,D:\Machine Learning project\sea_food_dataset\train\laksa\laksa_6471d5e21d5d.jpg,laksa,Laksa,Malaysia / Singapore,train,224,224,,,,,d62ac3b29bb5,
train\laksa\laksa_64cfaea20a08.jpg,D:\Machine Learning project\sea_food_dataset\train\laksa\laksa_64cfaea20a08.jpg,laksa,Laksa,Malaysia / Singapore,train,224,224,,,,,869fe9a561f6,
train\laksa\laksa_652226d91eda.jpg,D:\Machine Learning project\sea_food_dataset\train\laksa\laksa_652226d91eda.jpg,laksa,Laksa,Malaysia / Singapore,train,224,224,,,,,2572b062a5ff,
train\laksa\laksa_65a6ea085271.jpg,D:\Machine Learning project\sea_food_dataset\train\laksa\laksa_65a6ea085271.jpg,laksa,Laksa,Malaysia / Singapore,train,224,224,,,,,4a496ac8bbb7,
train\laksa\laksa_67cb3a3460d1.jpg,D:\Machine Learning project\sea_food_dataset\train\laksa\laksa_67cb3a3460d1.jpg,laksa,Laksa,Malaysia / Singapore,train,224,224,,,,,c2519ec2e72d,
train\laksa\laksa_6856ceaa8346.jpg,D:\Machine Learning project\sea_food_dataset\train\laksa\laksa_6856ceaa8346.jpg,laksa,Laksa,Malaysia / Singapore,train,224,224,,,,,4f5fb632e75d,
train\laksa\laksa_689dad91268b.jpg,D:\Machine Learning project\sea_food_dataset\train\laksa\laksa_689dad91268b.jpg,laksa,Laksa,Malaysia / Singapore,train,224,224,,,,,dfaceab4d1b9,
train\laksa\laksa_692bc80e1b32.jpg,D:\Machine Learning project\sea_food_dataset\train\laksa\laksa_692bc80e1b32.jpg,laksa,Laksa,Malaysia / Singapore,train,224,224,,,,,4896a084cba6,
train\laksa\laksa_6a77bdae2066.jpg,D:\Machine Learning project\sea_food_dataset\train\laksa\laksa_6a77bdae2066.jpg,laksa,Laksa,Malaysia / Singapore,train,224,224,,,,,19eb243a344c,
train\laksa\laksa_6b3179d792a5.jpg,D:\Machine Learning project\sea_food_dataset\train\laksa\laksa_6b3179d792a5.jpg,laksa,Laksa,Malaysia / Singapore,train,224,224,,,,,c172fa7fb632,
train\laksa\laksa_6b7c530d0540.jpg,D:\Machine Learning project\sea_food_dataset\train\laksa\laksa_6b7c530d0540.jpg,laksa,Laksa,Malaysia / Singapore,train,224,224,,,,,e541942d621d,
train\laksa\laksa_6c9989631b06.jpg,D:\Machine Learning project\sea_food_dataset\train\laksa\laksa_6c9989631b06.jpg,laksa,Laksa,Malaysia / Singapore,train,224,224,,,,,73a9912f2191,
train\laksa\laksa_6d25ac809797.jpg,D:\Machine Learning project\sea_food_dataset\train\laksa\laksa_6d25ac809797.jpg,laksa,Laksa,Malaysia / Singapore,train,224,224,,,,,16db4a924a9a,
train\laksa\laksa_6e99f60cfee8.jpg,D:\Machine Learning project\sea_food_dataset\train\laksa\laksa_6e99f60cfee8.jpg,laksa,Laksa,Malaysia / Singapore,train,224,224,,,,,67d38af31520,
train\laksa\laksa_70f446493b9a.jpg,D:\Machine Learning project\sea_food_dataset\train\laksa\laksa_70f446493b9a.jpg,laksa,Laksa,Malaysia / Singapore,train,224,224,,,,,596e8e0e6f58,
train\laksa\laksa_71c33acbff41.jpg,D:\Machine Learning project\sea_food_dataset\train\laksa\laksa_71c33acbff41.jpg,laksa,Laksa,Malaysia / Singapore,train,224,224,,,,,0a3fc6e81355,
train\laksa\laksa_72d3327b236d.jpg,D:\Machine Learning project\sea_food_dataset\train\laksa\laksa_72d3327b236d.jpg,laksa,Laksa,Malaysia / Singapore,train,224,224,,,,,5495d9a6bfda,
train\laksa\laksa_73e5507de001.jpg,D:\Machine Learning project\sea_food_dataset\train\laksa\laksa_73e5507de001.jpg,laksa,Laksa,Malaysia / Singapore,train,224,224,,,,,30cf250a1161,
train\laksa\laksa_741b83593c30.jpg,D:\Machine Learning project\sea_food_dataset\train\laksa\laksa_741b83593c30.jpg,laksa,Laksa,Malaysia / Singapore,train,224,224,,,,,0868f41ded5a,
train\laksa\laksa_7478ae4e2ea0.jpg,D:\Machine Learning project\sea_food_dataset\train\laksa\laksa_7478ae4e2ea0.jpg,laksa,Laksa,Malaysia / Singapore,train,224,224,,,,,8ab141e69e61,
train\laksa\laksa_751c31e63bff.jpg,D:\Machine Learning project\sea_food_dataset\train\laksa\laksa_751c31e63bff.jpg,laksa,Laksa,Malaysia / Singapore,train,224,224,,,,,6ab5a519decb,
train\laksa\laksa_75b5f93c8e3b.jpg,D:\Machine Learning project\sea_food_dataset\train\laksa\laksa_75b5f93c8e3b.jpg,laksa,Laksa,Malaysia / Singapore,train,224,224,,,,,484f061fb967,
train\laksa\laksa_75c0eeffccbf.jpg,D:\Machine Learning project\sea_food_dataset\train\laksa\laksa_75c0eeffccbf.jpg,laksa,Laksa,Malaysia / Singapore,train,224,224,,,,,4fd755f77529,
train\laksa\laksa_77b85c2a9406.jpg,D:\Machine Learning project\sea_food_dataset\train\laksa\laksa_77b85c2a9406.jpg,laksa,Laksa,Malaysia / Singapore,train,224,224,,,,,a32bfff88ae4,
train\laksa\laksa_7847596687de.jpg,D:\Machine Learning project\sea_food_dataset\train\laksa\laksa_7847596687de.jpg,laksa,Laksa,Malaysia / Singapore,train,224,224,,,,,2947f4724cc0,
train\laksa\laksa_796c1863cd0f.jpg,D:\Machine Learning project\sea_food_dataset\train\laksa\laksa_796c1863cd0f.jpg,laksa,Laksa,Malaysia / Singapore,train,224,224,,,,,1dc41882bf22,
train\laksa\laksa_79e61201a703.jpg,D:\Machine Learning project\sea_food_dataset\train\laksa\laksa_79e61201a703.jpg,laksa,Laksa,Malaysia / Singapore,train,224,224,,,,,475af67b0f40,
train\laksa\laksa_7a33a26081fe.jpg,D:\Machine Learning project\sea_food_dataset\train\laksa\laksa_7a33a26081fe.jpg,laksa,Laksa,Malaysia / Singapore,train,224,224,,,,,f2162b585482,
train\laksa\laksa_7c1d7ce31074.jpg,D:\Machine Learning project\sea_food_dataset\train\laksa\laksa_7c1d7ce31074.jpg,laksa,Laksa,Malaysia / Singapore,train,224,224,,,,,feab5a59be55,
train\laksa\laksa_7c35a8a5d907.jpg,D:\Machine Learning project\sea_food_dataset\train\laksa\laksa_7c35a8a5d907.jpg,laksa,Laksa,Malaysia / Singapore,train,224,224,,,,,aa6dab5ce6d5,
train\laksa\laksa_7c5651415cde.jpg,D:\Machine Learning project\sea_food_dataset\train\laksa\laksa_7c5651415cde.jpg,laksa,Laksa,Malaysia / Singapore,train,224,224,,,,,46dfe21f6aff,
train\laksa\laksa_7c77c6111239.jpg,D:\Machine Learning project\sea_food_dataset\train\laksa\laksa_7c77c6111239.jpg,laksa,Laksa,Malaysia / Singapore,train,224,224,,,,,e060569275b1,
train\laksa\laksa_7d7d02f90aeb.jpg,D:\Machine Learning project\sea_food_dataset\train\laksa\laksa_7d7d02f90aeb.jpg,laksa,Laksa,Malaysia / Singapore,train,224,224,,,,,6bc4617fb370,
train\laksa\laksa_7dcc36d8f756.jpg,D:\Machine Learning project\sea_food_dataset\train\laksa\laksa_7dcc36d8f756.jpg,laksa,Laksa,Malaysia / Singapore,train,224,224,,,,,b5ad5902c842,
train\laksa\laksa_7eef859c26eb.jpg,D:\Machine Learning project\sea_food_dataset\train\laksa\laksa_7eef859c26eb.jpg,laksa,Laksa,Malaysia / Singapore,train,224,224,,,,,01a6094c45bd,
train\laksa\laksa_7f1f252a8bea.jpg,D:\Machine Learning project\sea_food_dataset\train\laksa\laksa_7f1f252a8bea.jpg,laksa,Laksa,Malaysia / Singapore,train,224,224,,,,,e5c56539f777,
train\laksa\laksa_8332d409a812.jpg,D:\Machine Learning project\sea_food_dataset\train\laksa\laksa_8332d409a812.jpg,laksa,Laksa,Malaysia / Singapore,train,224,224,,,,,d32fa52c271f,
train\laksa\laksa_8648b9a8401e.jpg,D:\Machine Learning project\sea_food_dataset\train\laksa\laksa_8648b9a8401e.jpg,laksa,Laksa,Malaysia / Singapore,train,224,224,,,,,ab549485ccb2,
train\laksa\laksa_865011e2fc51.jpg,D:\Machine Learning project\sea_food_dataset\train\laksa\laksa_865011e2fc51.jpg,laksa,Laksa,Malaysia / Singapore,train,224,224,,,,,b3804eb26f4e,
train\laksa\laksa_86da71abee0b.jpg,D:\Machine Learning project\sea_food_dataset\train\laksa\laksa_86da71abee0b.jpg,laksa,Laksa,Malaysia / Singapore,train,224,224,,,,,69aa0b448f8c,
train\laksa\laksa_8710c5d3c913.jpg,D:\Machine Learning project\sea_food_dataset\train\laksa\laksa_8710c5d3c913.jpg,laksa,Laksa,Malaysia / Singapore,train,224,224,,,,,c0b5ab0b400f,
train\laksa\laksa_880dc367bcc1.jpg,D:\Machine Learning project\sea_food_dataset\train\laksa\laksa_880dc367bcc1.jpg,laksa,Laksa,Malaysia / Singapore,train,224,224,,,,,1eefbb79e35c,
train\laksa\laksa_8826b22649cc.jpg,D:\Machine Learning project\sea_food_dataset\train\laksa\laksa_8826b22649cc.jpg,laksa,Laksa,Malaysia / Singapore,train,224,224,,,,,0df7f31f5ba1,
train\laksa\laksa_883a84ac5929.jpg,D:\Machine Learning project\sea_food_dataset\train\laksa\laksa_883a84ac5929.jpg,laksa,Laksa,Malaysia / Singapore,train,224,224,,,,,05dcb3eab93a,
train\laksa\laksa_89f007dc450c.jpg,D:\Machine Learning project\sea_food_dataset\train\laksa\laksa_89f007dc450c.jpg,laksa,Laksa,Malaysia / Singapore,train,224,224,,,,,b2faeb09041b,
train\laksa\laksa_8a120ddf40a4.jpg,D:\Machine Learning project\sea_food_dataset\train\laksa\laksa_8a120ddf40a4.jpg,laksa,Laksa,Malaysia / Singapore,train,224,224,,,,,c1e2df390b72,
train\laksa\laksa_8a2a24b56afc.jpg,D:\Machine Learning project\sea_food_dataset\train\laksa\laksa_8a2a24b56afc.jpg,laksa,Laksa,Malaysia / Singapore,train,224,224,,,,,42ecd5942cf5,
train\laksa\laksa_8bc771e4c443.jpg,D:\Machine Learning project\sea_food_dataset\train\laksa\laksa_8bc771e4c443.jpg,laksa,Laksa,Malaysia / Singapore,train,224,224,,,,,c10447f97d44,
train\laksa\laksa_8d69b94cc5ff.jpg,D:\Machine Learning project\sea_food_dataset\train\laksa\laksa_8d69b94cc5ff.jpg,laksa,Laksa,Malaysia / Singapore,train,224,224,,,,,0232b38b0f45,
train\laksa\laksa_8e4036344786.jpg,D:\Machine Learning project\sea_food_dataset\train\laksa\laksa_8e4036344786.jpg,laksa,Laksa,Malaysia / Singapore,train,224,224,,,,,f6e74ad98d44,
train\laksa\laksa_92045fe3844f.jpg,D:\Machine Learning project\sea_food_dataset\train\laksa\laksa_92045fe3844f.jpg,laksa,Laksa,Malaysia / Singapore,train,224,224,,,,,073f5e4810fe,
train\laksa\laksa_920edc9596a0.jpg,D:\Machine Learning project\sea_food_dataset\train\laksa\laksa_920edc9596a0.jpg,laksa,Laksa,Malaysia / Singapore,train,224,224,,,,,4897822bfdfd,
train\laksa\laksa_92c1bc66667d.jpg,D:\Machine Learning project\sea_food_dataset\train\laksa\laksa_92c1bc66667d.jpg,laksa,Laksa,Malaysia / Singapore,train,224,224,,,,,7e7d03144a67,
train\laksa\laksa_93b120660e5c.jpg,D:\Machine Learning project\sea_food_dataset\train\laksa\laksa_93b120660e5c.jpg,laksa,Laksa,Malaysia / Singapore,train,224,224,,,,,a50dff982ccc,
train\laksa\laksa_93f8561ea186.jpg,D:\Machine Learning project\sea_food_dataset\train\laksa\laksa_93f8561ea186.jpg,laksa,Laksa,Malaysia / Singapore,train,224,224,,,,,a0297a2ba7f7,
train\laksa\laksa_94b0a0c2ab31.jpg,D:\Machine Learning project\sea_food_dataset\train\laksa\laksa_94b0a0c2ab31.jpg,laksa,Laksa,Malaysia / Singapore,train,224,224,,,,,c88675b8edd4,
train\laksa\laksa_955f35793530.jpg,D:\Machine Learning project\sea_food_dataset\train\laksa\laksa_955f35793530.jpg,laksa,Laksa,Malaysia / Singapore,train,224,224,,,,,b5c7d744580a,
train\laksa\laksa_95998e40933f.jpg,D:\Machine Learning project\sea_food_dataset\train\laksa\laksa_95998e40933f.jpg,laksa,Laksa,Malaysia / Singapore,train,224,224,,,,,b0b0362f7b3d,
train\laksa\laksa_960900069577.jpg,D:\Machine Learning project\sea_food_dataset\train\laksa\laksa_960900069577.jpg,laksa,Laksa,Malaysia / Singapore,train,224,224,,,,,f63f1f64d506,
train\laksa\laksa_964145391cd7.jpg,D:\Machine Learning project\sea_food_dataset\train\laksa\laksa_964145391cd7.jpg,laksa,Laksa,Malaysia / Singapore,train,224,224,,,,,af4c7d12ddcf,
train\laksa\laksa_98d3747d20c6.jpg,D:\Machine Learning project\sea_food_dataset\train\laksa\laksa_98d3747d20c6.jpg,laksa,Laksa,Malaysia / Singapore,train,224,224,,,,,0290375f4435,
train\laksa\laksa_9905d3959cdb.jpg,D:\Machine Learning project\sea_food_dataset\train\laksa\laksa_9905d3959cdb.jpg,laksa,Laksa,Malaysia / Singapore,train,224,224,,,,,430c3c83bac2,
train\laksa\laksa_995e770aad4b.jpg,D:\Machine Learning project\sea_food_dataset\train\laksa\laksa_995e770aad4b.jpg,laksa,Laksa,Malaysia / Singapore,train,224,224,,,,,1ed5a481347c,
train\laksa\laksa_99ca61f20e8a.jpg,D:\Machine Learning project\sea_food_dataset\train\laksa\laksa_99ca61f20e8a.jpg,laksa,Laksa,Malaysia / Singapore,train,224,224,,,,,d606f174affe,
train\laksa\laksa_9a9b80a4b5d1.jpg,D:\Machine Learning project\sea_food_dataset\train\laksa\laksa_9a9b80a4b5d1.jpg,laksa,Laksa,Malaysia / Singapore,train,224,224,,,,,315888afc1f2,
train\laksa\laksa_9bd0edb1f800.jpg,D:\Machine Learning project\sea_food_dataset\train\laksa\laksa_9bd0edb1f800.jpg,laksa,Laksa,Malaysia / Singapore,train,224,224,,,,,66e07a4d187c,
train\laksa\laksa_9c1223168dc4.jpg,D:\Machine Learning project\sea_food_dataset\train\laksa\laksa_9c1223168dc4.jpg,laksa,Laksa,Malaysia / Singapore,train,224,224,,,,,69ad28743330,
train\laksa\laksa_9c4864648c7a.jpg,D:\Machine Learning project\sea_food_dataset\train\laksa\laksa_9c4864648c7a.jpg,laksa,Laksa,Malaysia / Singapore,train,224,224,,,,,83911105d66e,
train\laksa\laksa_9cc98a739738.jpg,D:\Machine Learning project\sea_food_dataset\train\laksa\laksa_9cc98a739738.jpg,laksa,Laksa,Malaysia / Singapore,train,224,224,,,,,20ffb263305a,
train\laksa\laksa_9ce637206183.jpg,D:\Machine Learning project\sea_food_dataset\train\laksa\laksa_9ce637206183.jpg,laksa,Laksa,Malaysia / Singapore,train,224,224,,,,,88d3aeafb8ef,
train\laksa\laksa_9d7baea7e118.jpg,D:\Machine Learning project\sea_food_dataset\train\laksa\laksa_9d7baea7e118.jpg,laksa,Laksa,Malaysia / Singapore,train,224,224,,,,,18b616bd63fe,
train\laksa\laksa_9dc163d99fac.jpg,D:\Machine Learning project\sea_food_dataset\train\laksa\laksa_9dc163d99fac.jpg,laksa,Laksa,Malaysia / Singapore,train,224,224,,,,,07f1d9ac84be,
train\laksa\laksa_a16344101823.jpg,D:\Machine Learning project\sea_food_dataset\train\laksa\laksa_a16344101823.jpg,laksa,Laksa,Malaysia / Singapore,train,224,224,,,,,ccd70ee641c5,
train\laksa\laksa_a2a86b11ac91.jpg,D:\Machine Learning project\sea_food_dataset\train\laksa\laksa_a2a86b11ac91.jpg,laksa,Laksa,Malaysia / Singapore,train,224,224,,,,,63a5b80bd372,
train\laksa\laksa_a314495397e7.jpg,D:\Machine Learning project\sea_food_dataset\train\laksa\laksa_a314495397e7.jpg,laksa,Laksa,Malaysia / Singapore,train,224,224,,,,,615c749cf3c1,
train\laksa\laksa_a3c851413376.jpg,D:\Machine Learning project\sea_food_dataset\train\laksa\laksa_a3c851413376.jpg,laksa,Laksa,Malaysia / Singapore,train,224,224,,,,,2f6a7c604fd0,
train\laksa\laksa_a40dcc324cd1.jpg,D:\Machine Learning project\sea_food_dataset\train\laksa\laksa_a40dcc324cd1.jpg,laksa,Laksa,Malaysia / Singapore,train,224,224,,,,,84438ee607e9,
train\laksa\laksa_a41f5253fd7a.jpg,D:\Machine Learning project\sea_food_dataset\train\laksa\laksa_a41f5253fd7a.jpg,laksa,Laksa,Malaysia / Singapore,train,224,224,,,,,83c89676e41e,
train\laksa\laksa_a49d2bd2e127.jpg,D:\Machine Learning project\sea_food_dataset\train\laksa\laksa_a49d2bd2e127.jpg,laksa,Laksa,Malaysia / Singapore,train,224,224,,,,,eaaaf96c9779,
train\laksa\laksa_a572b5deaf5c.jpg,D:\Machine Learning project\sea_food_dataset\train\laksa\laksa_a572b5deaf5c.jpg,laksa,Laksa,Malaysia / Singapore,train,224,224,,,,,8747c40d8412,
train\laksa\laksa_a57d86fd9026.jpg,D:\Machine Learning project\sea_food_dataset\train\laksa\laksa_a57d86fd9026.jpg,laksa,Laksa,Malaysia / Singapore,train,224,224,,,,,9ef06bfb3c3b,
train\laksa\laksa_a8273673e74f.jpg,D:\Machine Learning project\sea_food_dataset\train\laksa\laksa_a8273673e74f.jpg,laksa,Laksa,Malaysia / Singapore,train,224,224,,,,,44e3e777f65a,
train\laksa\laksa_a855d2d622c4.jpg,D:\Machine Learning project\sea_food_dataset\train\laksa\laksa_a855d2d622c4.jpg,laksa,Laksa,Malaysia / Singapore,train,224,224,,,,,0b1d5632ce9e,
train\laksa\laksa_a8ad6edf954a.jpg,D:\Machine Learning project\sea_food_dataset\train\laksa\laksa_a8ad6edf954a.jpg,laksa,Laksa,Malaysia / Singapore,train,224,224,,,,,64e852846541,
train\laksa\laksa_a96129c51926.jpg,D:\Machine Learning project\sea_food_dataset\train\laksa\laksa_a96129c51926.jpg,laksa,Laksa,Malaysia / Singapore,train,224,224,,,,,e349ecec00ff,
train\laksa\laksa_a97642297881.jpg,D:\Machine Learning project\sea_food_dataset\train\laksa\laksa_a97642297881.jpg,laksa,Laksa,Malaysia / Singapore,train,224,224,,,,,0efff4e2e411,
train\laksa\laksa_a99518449104.jpg,D:\Machine Learning project\sea_food_dataset\train\laksa\laksa_a99518449104.jpg,laksa,Laksa,Malaysia / Singapore,train,224,224,,,,,be6c714306d1,
train\laksa\laksa_aaa5d2e8a094.jpg,D:\Machine Learning project\sea_food_dataset\train\laksa\laksa_aaa5d2e8a094.jpg,laksa,Laksa,Malaysia / Singapore,train,224,224,,,,,c803df018454,
train\laksa\laksa_ab0ba23ec2e7.jpg,D:\Machine Learning project\sea_food_dataset\train\laksa\laksa_ab0ba23ec2e7.jpg,laksa,Laksa,Malaysia / Singapore,train,224,224,,,,,2db522d2fbf2,
train\laksa\laksa_ab8c0eef1d8f.jpg,D:\Machine Learning project\sea_food_dataset\train\laksa\laksa_ab8c0eef1d8f.jpg,laksa,Laksa,Malaysia / Singapore,train,224,224,,,,,810c20bc8e25,
train\laksa\laksa_abd42ad9d10a.jpg,D:\Machine Learning project\sea_food_dataset\train\laksa\laksa_abd42ad9d10a.jpg,laksa,Laksa,Malaysia / Singapore,train,224,224,,,,,c3138572cf19,
train\laksa\laksa_adf48ebfbb33.jpg,D:\Machine Learning project\sea_food_dataset\train\laksa\laksa_adf48ebfbb33.jpg,laksa,Laksa,Malaysia / Singapore,train,224,224,,,,,a8e7677131cb,
train\laksa\laksa_aeb465cdbe2a.jpg,D:\Machine Learning project\sea_food_dataset\train\laksa\laksa_aeb465cdbe2a.jpg,laksa,Laksa,Malaysia / Singapore,train,224,224,,,,,d84607282e7b,
train\laksa\laksa_aecf5447eec2.jpg,D:\Machine Learning project\sea_food_dataset\train\laksa\laksa_aecf5447eec2.jpg,laksa,Laksa,Malaysia / Singapore,train,224,224,,,,,43d2b17f1ed5,
train\laksa\laksa_af7be5e9b296.jpg,D:\Machine Learning project\sea_food_dataset\train\laksa\laksa_af7be5e9b296.jpg,laksa,Laksa,Malaysia / Singapore,train,224,224,,,,,43a50cd47a45,
train\laksa\laksa_b084afb68462.jpg,D:\Machine Learning project\sea_food_dataset\train\laksa\laksa_b084afb68462.jpg,laksa,Laksa,Malaysia / Singapore,train,224,224,,,,,9f15bfdb253d,
train\laksa\laksa_b0ba49627a8f.jpg,D:\Machine Learning project\sea_food_dataset\train\laksa\laksa_b0ba49627a8f.jpg,laksa,Laksa,Malaysia / Singapore,train,224,224,,,,,d2ccf1b23d43,
train\laksa\laksa_b0ecfc62ad7f.jpg,D:\Machine Learning project\sea_food_dataset\train\laksa\laksa_b0ecfc62ad7f.jpg,laksa,Laksa,Malaysia / Singapore,train,224,224,,,,,aa17c6f69ab1,
train\laksa\laksa_b12baa435df7.jpg,D:\Machine Learning project\sea_food_dataset\train\laksa\laksa_b12baa435df7.jpg,laksa,Laksa,Malaysia / Singapore,train,224,224,,,,,0e91ca0fd2b8,
train\laksa\laksa_b1a6b9754a23.jpg,D:\Machine Learning project\sea_food_dataset\train\laksa\laksa_b1a6b9754a23.jpg,laksa,Laksa,Malaysia / Singapore,train,224,224,,,,,ee36c257168a,
train\laksa\laksa_b3fc4e16ba93.jpg,D:\Machine Learning project\sea_food_dataset\train\laksa\laksa_b3fc4e16ba93.jpg,laksa,Laksa,Malaysia / Singapore,train,224,224,,,,,d18e4251fc76,
train\laksa\laksa_b41d0f84a005.jpg,D:\Machine Learning project\sea_food_dataset\train\laksa\laksa_b41d0f84a005.jpg,laksa,Laksa,Malaysia / Singapore,train,224,224,,,,,18e5fea24de3,
train\laksa\laksa_b439e5857c80.jpg,D:\Machine Learning project\sea_food_dataset\train\laksa\laksa_b439e5857c80.jpg,laksa,Laksa,Malaysia / Singapore,train,224,224,,,,,2bab9a0cb568,
train\laksa\laksa_b49da8c4275e.jpg,D:\Machine Learning project\sea_food_dataset\train\laksa\laksa_b49da8c4275e.jpg,laksa,Laksa,Malaysia / Singapore,train,224,224,,,,,16fb2d5af6aa,
train\laksa\laksa_b4e370514a21.jpg,D:\Machine Learning project\sea_food_dataset\train\laksa\laksa_b4e370514a21.jpg,laksa,Laksa,Malaysia / Singapore,train,224,224,,,,,eb998aefc107,
train\laksa\laksa_b532ea7babd5.jpg,D:\Machine Learning project\sea_food_dataset\train\laksa\laksa_b532ea7babd5.jpg,laksa,Laksa,Malaysia / Singapore,train,224,224,,,,,b3b3b57fa892,
train\laksa\laksa_b55899a8cabe.jpg,D:\Machine Learning project\sea_food_dataset\train\laksa\laksa_b55899a8cabe.jpg,laksa,Laksa,Malaysia / Singapore,train,224,224,,,,,b89e9ba5deca,
train\laksa\laksa_b58e4051ca82.jpg,D:\Machine Learning project\sea_food_dataset\train\laksa\laksa_b58e4051ca82.jpg,laksa,Laksa,Malaysia / Singapore,train,224,224,,,,,cffafd6f24d0,
train\laksa\laksa_b5b894136780.jpg,D:\Machine Learning project\sea_food_dataset\train\laksa\laksa_b5b894136780.jpg,laksa,Laksa,Malaysia / Singapore,train,224,224,,,,,e09b45c1c024,
train\laksa\laksa_b62d69c28378.jpg,D:\Machine Learning project\sea_food_dataset\train\laksa\laksa_b62d69c28378.jpg,laksa,Laksa,Malaysia / Singapore,train,224,224,,,,,88a0ade12fd5,
train\laksa\laksa_b7478f4b779f.jpg,D:\Machine Learning project\sea_food_dataset\train\laksa\laksa_b7478f4b779f.jpg,laksa,Laksa,Malaysia / Singapore,train,224,224,,,,,8c8a2507e49d,
train\laksa\laksa_b78be728f579.jpg,D:\Machine Learning project\sea_food_dataset\train\laksa\laksa_b78be728f579.jpg,laksa,Laksa,Malaysia / Singapore,train,224,224,,,,,f53cc208a82e,
train\laksa\laksa_b7ea24e6c60e.jpg,D:\Machine Learning project\sea_food_dataset\train\laksa\laksa_b7ea24e6c60e.jpg,laksa,Laksa,Malaysia / Singapore,train,224,224,,,,,cdf84c4b13c9,
train\laksa\laksa_b98485fe5ab6.jpg,D:\Machine Learning project\sea_food_dataset\train\laksa\laksa_b98485fe5ab6.jpg,laksa,Laksa,Malaysia / Singapore,train,224,224,,,,,cad0658aa960,
train\laksa\laksa_ba8c88725e52.jpg,D:\Machine Learning project\sea_food_dataset\train\laksa\laksa_ba8c88725e52.jpg,laksa,Laksa,Malaysia / Singapore,train,224,224,,,,,3c22d3a40d7c,
train\laksa\laksa_bc5a566c3193.jpg,D:\Machine Learning project\sea_food_dataset\train\laksa\laksa_bc5a566c3193.jpg,laksa,Laksa,Malaysia / Singapore,train,224,224,,,,,1049bb19bf99,
train\laksa\laksa_bc5a7646bdbe.jpg,D:\Machine Learning project\sea_food_dataset\train\laksa\laksa_bc5a7646bdbe.jpg,laksa,Laksa,Malaysia / Singapore,train,224,224,,,,,98e61e1ff2eb,
train\laksa\laksa_bdbfae64d44e.jpg,D:\Machine Learning project\sea_food_dataset\train\laksa\laksa_bdbfae64d44e.jpg,laksa,Laksa,Malaysia / Singapore,train,224,224,,,,,782792a98241,
train\laksa\laksa_be810fbd793d.jpg,D:\Machine Learning project\sea_food_dataset\train\laksa\laksa_be810fbd793d.jpg,laksa,Laksa,Malaysia / Singapore,train,224,224,,,,,24b99bbd917b,
train\laksa\laksa_bf0a4194f141.jpg,D:\Machine Learning project\sea_food_dataset\train\laksa\laksa_bf0a4194f141.jpg,laksa,Laksa,Malaysia / Singapore,train,224,224,,,,,451e0ff77854,
train\laksa\laksa_bf91bf95d4a1.jpg,D:\Machine Learning project\sea_food_dataset\train\laksa\laksa_bf91bf95d4a1.jpg,laksa,Laksa,Malaysia / Singapore,train,224,224,,,,,b6a3e3eea6b8,
train\laksa\laksa_c1145bf9f7dd.jpg,D:\Machine Learning project\sea_food_dataset\train\laksa\laksa_c1145bf9f7dd.jpg,laksa,Laksa,Malaysia / Singapore,train,224,224,,,,,1b89bf2a3c56,
train\laksa\laksa_c132d895e62e.jpg,D:\Machine Learning project\sea_food_dataset\train\laksa\laksa_c132d895e62e.jpg,laksa,Laksa,Malaysia / Singapore,train,224,224,,,,,5a1f7c00cec8,
train\laksa\laksa_c17ee17e2414.jpg,D:\Machine Learning project\sea_food_dataset\train\laksa\laksa_c17ee17e2414.jpg,laksa,Laksa,Malaysia / Singapore,train,224,224,,,,,8f1e4372ca99,
train\laksa\laksa_c2b54bb3e5b5.jpg,D:\Machine Learning project\sea_food_dataset\train\laksa\laksa_c2b54bb3e5b5.jpg,laksa,Laksa,Malaysia / Singapore,train,224,224,,,,,d3b245b81217,
train\laksa\laksa_c3773bc8250b.jpg,D:\Machine Learning project\sea_food_dataset\train\laksa\laksa_c3773bc8250b.jpg,laksa,Laksa,Malaysia / Singapore,train,224,224,,,,,003f14a6d4c5,
train\laksa\laksa_c40b1f633b51.jpg,D:\Machine Learning project\sea_food_dataset\train\laksa\laksa_c40b1f633b51.jpg,laksa,Laksa,Malaysia / Singapore,train,224,224,,,,,c84d83750f91,
train\laksa\laksa_c46d560ac8bf.jpg,D:\Machine Learning project\sea_food_dataset\train\laksa\laksa_c46d560ac8bf.jpg,laksa,Laksa,Malaysia / Singapore,train,224,224,,,,,c9c0ed05ba8d,
train\laksa\laksa_c4a9ad3c43bb.jpg,D:\Machine Learning project\sea_food_dataset\train\laksa\laksa_c4a9ad3c43bb.jpg,laksa,Laksa,Malaysia / Singapore,train,224,224,,,,,ae3cc624a938,
train\laksa\laksa_c4ab94c69b6b.jpg,D:\Machine Learning project\sea_food_dataset\train\laksa\laksa_c4ab94c69b6b.jpg,laksa,Laksa,Malaysia / Singapore,train,224,224,,,,,0f841a5e9445,
train\laksa\laksa_c6ee78f98d8e.jpg,D:\Machine Learning project\sea_food_dataset\train\laksa\laksa_c6ee78f98d8e.jpg,laksa,Laksa,Malaysia / Singapore,train,224,224,,,,,a2cfae2e4522,
train\laksa\laksa_c70530fefeaf.jpg,D:\Machine Learning project\sea_food_dataset\train\laksa\laksa_c70530fefeaf.jpg,laksa,Laksa,Malaysia / Singapore,train,224,224,,,,,c28db5bff4ce,
train\laksa\laksa_c70f5914ca6f.jpg,D:\Machine Learning project\sea_food_dataset\train\laksa\laksa_c70f5914ca6f.jpg,laksa,Laksa,Malaysia / Singapore,train,224,224,,,,,21d2e15bf4ab,
train\laksa\laksa_c7c0cd615f7c.jpg,D:\Machine Learning project\sea_food_dataset\train\laksa\laksa_c7c0cd615f7c.jpg,laksa,Laksa,Malaysia / Singapore,train,224,224,,,,,59a8384f7e55,
train\laksa\laksa_c87335b90fec.jpg,D:\Machine Learning project\sea_food_dataset\train\laksa\laksa_c87335b90fec.jpg,laksa,Laksa,Malaysia / Singapore,train,224,224,,,,,531afaf59a8f,
train\laksa\laksa_c8da9cd37b41.jpg,D:\Machine Learning project\sea_food_dataset\train\laksa\laksa_c8da9cd37b41.jpg,laksa,Laksa,Malaysia / Singapore,train,224,224,,,,,4a3e662ad781,
train\laksa\laksa_c9109e13d5a0.jpg,D:\Machine Learning project\sea_food_dataset\train\laksa\laksa_c9109e13d5a0.jpg,laksa,Laksa,Malaysia / Singapore,train,224,224,,,,,d521e9d3a6be,
train\laksa\laksa_ca2210517b4f.jpg,D:\Machine Learning project\sea_food_dataset\train\laksa\laksa_ca2210517b4f.jpg,laksa,Laksa,Malaysia / Singapore,train,224,224,,,,,22c1ccb5bbdf,
train\laksa\laksa_ca307e71e26a.jpg,D:\Machine Learning project\sea_food_dataset\train\laksa\laksa_ca307e71e26a.jpg,laksa,Laksa,Malaysia / Singapore,train,224,224,,,,,ffebf16ee2d7,
train\laksa\laksa_cb43352904bf.jpg,D:\Machine Learning project\sea_food_dataset\train\laksa\laksa_cb43352904bf.jpg,laksa,Laksa,Malaysia / Singapore,train,224,224,,,,,46b6beb5b61e,
train\laksa\laksa_cc71a47596ef.jpg,D:\Machine Learning project\sea_food_dataset\train\laksa\laksa_cc71a47596ef.jpg,laksa,Laksa,Malaysia / Singapore,train,224,224,,,,,ec0dd816a2cb,
train\laksa\laksa_cd4c60575659.jpg,D:\Machine Learning project\sea_food_dataset\train\laksa\laksa_cd4c60575659.jpg,laksa,Laksa,Malaysia / Singapore,train,224,224,,,,,2b3ffbe527b1,
train\laksa\laksa_cd92270865bf.jpg,D:\Machine Learning project\sea_food_dataset\train\laksa\laksa_cd92270865bf.jpg,laksa,Laksa,Malaysia / Singapore,train,224,224,,,,,4737cfd97956,
train\laksa\laksa_cdb56670cfc0.jpg,D:\Machine Learning project\sea_food_dataset\train\laksa\laksa_cdb56670cfc0.jpg,laksa,Laksa,Malaysia / Singapore,train,224,224,,,,,36354f3285cd,
train\laksa\laksa_ced745245954.jpg,D:\Machine Learning project\sea_food_dataset\train\laksa\laksa_ced745245954.jpg,laksa,Laksa,Malaysia / Singapore,train,224,224,,,,,1edacbbbebda,
train\laksa\laksa_cef6ba4a52a0.jpg,D:\Machine Learning project\sea_food_dataset\train\laksa\laksa_cef6ba4a52a0.jpg,laksa,Laksa,Malaysia / Singapore,train,224,224,,,,,c3526bb4163b,
train\laksa\laksa_d008bd5951f5.jpg,D:\Machine Learning project\sea_food_dataset\train\laksa\laksa_d008bd5951f5.jpg,laksa,Laksa,Malaysia / Singapore,train,224,224,,,,,5b9672d39b1e,
train\laksa\laksa_d07a7ecc2b1b.jpg,D:\Machine Learning project\sea_food_dataset\train\laksa\laksa_d07a7ecc2b1b.jpg,laksa,Laksa,Malaysia / Singapore,train,224,224,,,,,e69d45d79921,
train\laksa\laksa_d0b5bbb27e32.jpg,D:\Machine Learning project\sea_food_dataset\train\laksa\laksa_d0b5bbb27e32.jpg,laksa,Laksa,Malaysia / Singapore,train,224,224,,,,,10bbc08dddcb,
train\laksa\laksa_d19481770b4b.jpg,D:\Machine Learning project\sea_food_dataset\train\laksa\laksa_d19481770b4b.jpg,laksa,Laksa,Malaysia / Singapore,train,224,224,,,,,208c9fe54fce,
train\laksa\laksa_d1dc2dce05b7.jpg,D:\Machine Learning project\sea_food_dataset\train\laksa\laksa_d1dc2dce05b7.jpg,laksa,Laksa,Malaysia / Singapore,train,224,224,,,,,f508c5ea1793,
train\laksa\laksa_d23e73cba6f9.jpg,D:\Machine Learning project\sea_food_dataset\train\laksa\laksa_d23e73cba6f9.jpg,laksa,Laksa,Malaysia / Singapore,train,224,224,,,,,c881f2a03b7e,
train\laksa\laksa_d2c28f44a677.jpg,D:\Machine Learning project\sea_food_dataset\train\laksa\laksa_d2c28f44a677.jpg,laksa,Laksa,Malaysia / Singapore,train,224,224,,,,,5ce92410b97d,
train\laksa\laksa_d34ac727acdb.jpg,D:\Machine Learning project\sea_food_dataset\train\laksa\laksa_d34ac727acdb.jpg,laksa,Laksa,Malaysia / Singapore,train,224,224,,,,,1d2cd69f7089,
train\laksa\laksa_d5ce9d8694d4.jpg,D:\Machine Learning project\sea_food_dataset\train\laksa\laksa_d5ce9d8694d4.jpg,laksa,Laksa,Malaysia / Singapore,train,224,224,,,,,5374990408c7,
train\laksa\laksa_d619191cd657.jpg,D:\Machine Learning project\sea_food_dataset\train\laksa\laksa_d619191cd657.jpg,laksa,Laksa,Malaysia / Singapore,train,224,224,,,,,0b213ef45f43,
train\laksa\laksa_d6b66975ffdf.jpg,D:\Machine Learning project\sea_food_dataset\train\laksa\laksa_d6b66975ffdf.jpg,laksa,Laksa,Malaysia / Singapore,train,224,224,,,,,5ee75b42a3f4,
train\laksa\laksa_d7285f2f35e6.jpg,D:\Machine Learning project\sea_food_dataset\train\laksa\laksa_d7285f2f35e6.jpg,laksa,Laksa,Malaysia / Singapore,train,224,224,,,,,6c0b515c9a21,
train\laksa\laksa_d74d96382a9b.jpg,D:\Machine Learning project\sea_food_dataset\train\laksa\laksa_d74d96382a9b.jpg,laksa,Laksa,Malaysia / Singapore,train,224,224,,,,,31d5a318092a,
train\laksa\laksa_d76548fc9d4d.jpg,D:\Machine Learning project\sea_food_dataset\train\laksa\laksa_d76548fc9d4d.jpg,laksa,Laksa,Malaysia / Singapore,train,224,224,,,,,fd289fa9f463,
train\laksa\laksa_d8626314d07f.jpg,D:\Machine Learning project\sea_food_dataset\train\laksa\laksa_d8626314d07f.jpg,laksa,Laksa,Malaysia / Singapore,train,224,224,,,,,83d259c549d8,
train\laksa\laksa_d9ce6e3dad33.jpg,D:\Machine Learning project\sea_food_dataset\train\laksa\laksa_d9ce6e3dad33.jpg,laksa,Laksa,Malaysia / Singapore,train,224,224,,,,,ef6d48560186,
train\laksa\laksa_d9d5f43b8fde.jpg,D:\Machine Learning project\sea_food_dataset\train\laksa\laksa_d9d5f43b8fde.jpg,laksa,Laksa,Malaysia / Singapore,train,224,224,,,,,af86cce97a81,
train\laksa\laksa_dc32615b0e7a.jpg,D:\Machine Learning project\sea_food_dataset\train\laksa\laksa_dc32615b0e7a.jpg,laksa,Laksa,Malaysia / Singapore,train,224,224,,,,,f3704319ca89,
train\laksa\laksa_dc5c41adbfc5.jpg,D:\Machine Learning project\sea_food_dataset\train\laksa\laksa_dc5c41adbfc5.jpg,laksa,Laksa,Malaysia / Singapore,train,224,224,,,,,58276537de9e,
train\laksa\laksa_dd11d2020805.jpg,D:\Machine Learning project\sea_food_dataset\train\laksa\laksa_dd11d2020805.jpg,laksa,Laksa,Malaysia / Singapore,train,224,224,,,,,06fb82405431,
train\laksa\laksa_dd1a325d60c6.jpg,D:\Machine Learning project\sea_food_dataset\train\laksa\laksa_dd1a325d60c6.jpg,laksa,Laksa,Malaysia / Singapore,train,224,224,,,,,6eed72f78c9a,
train\laksa\laksa_dd4cf50710d7.jpg,D:\Machine Learning project\sea_food_dataset\train\laksa\laksa_dd4cf50710d7.jpg,laksa,Laksa,Malaysia / Singapore,train,224,224,,,,,a589a2ce4f2e,
train\laksa\laksa_ddf448a85b61.jpg,D:\Machine Learning project\sea_food_dataset\train\laksa\laksa_ddf448a85b61.jpg,laksa,Laksa,Malaysia / Singapore,train,224,224,,,,,d8ee716a165b,
train\laksa\laksa_df761a28e436.jpg,D:\Machine Learning project\sea_food_dataset\train\laksa\laksa_df761a28e436.jpg,laksa,Laksa,Malaysia / Singapore,train,224,224,,,,,58c14991182d,
train\laksa\laksa_df8344a8bf48.jpg,D:\Machine Learning project\sea_food_dataset\train\laksa\laksa_df8344a8bf48.jpg,laksa,Laksa,Malaysia / Singapore,train,224,224,,,,,903b9bd917ae,
train\laksa\laksa_dfb9edb29a47.jpg,D:\Machine Learning project\sea_food_dataset\train\laksa\laksa_dfb9edb29a47.jpg,laksa,Laksa,Malaysia / Singapore,train,224,224,,,,,da89955eeb6d,
train\laksa\laksa_dfda252a9c50.jpg,D:\Machine Learning project\sea_food_dataset\train\laksa\laksa_dfda252a9c50.jpg,laksa,Laksa,Malaysia / Singapore,train,224,224,,,,,7c0f519cdc5b,
train\laksa\laksa_e084d11582cc.jpg,D:\Machine Learning project\sea_food_dataset\train\laksa\laksa_e084d11582cc.jpg,laksa,Laksa,Malaysia / Singapore,train,224,224,,,,,7899ed3b8fda,
train\laksa\laksa_e0ca3abd45ca.jpg,D:\Machine Learning project\sea_food_dataset\train\laksa\laksa_e0ca3abd45ca.jpg,laksa,Laksa,Malaysia / Singapore,train,224,224,,,,,2a63e67d4c25,
train\laksa\laksa_e2f1908a3417.jpg,D:\Machine Learning project\sea_food_dataset\train\laksa\laksa_e2f1908a3417.jpg,laksa,Laksa,Malaysia / Singapore,train,224,224,,,,,abfc3eb3abd7,
train\laksa\laksa_e438676b17dc.jpg,D:\Machine Learning project\sea_food_dataset\train\laksa\laksa_e438676b17dc.jpg,laksa,Laksa,Malaysia / Singapore,train,224,224,,,,,f3f30f9069f3,
train\laksa\laksa_e4bdd0431b2d.jpg,D:\Machine Learning project\sea_food_dataset\train\laksa\laksa_e4bdd0431b2d.jpg,laksa,Laksa,Malaysia / Singapore,train,224,224,,,,,1bda61fc2c9b,
train\laksa\laksa_e4d8b27adb4f.jpg,D:\Machine Learning project\sea_food_dataset\train\laksa\laksa_e4d8b27adb4f.jpg,laksa,Laksa,Malaysia / Singapore,train,224,224,,,,,6c73871308ad,
train\laksa\laksa_e528fc426e2d.jpg,D:\Machine Learning project\sea_food_dataset\train\laksa\laksa_e528fc426e2d.jpg,laksa,Laksa,Malaysia / Singapore,train,224,224,,,,,50d57f5874fa,
train\laksa\laksa_e5e55a05bab7.jpg,D:\Machine Learning project\sea_food_dataset\train\laksa\laksa_e5e55a05bab7.jpg,laksa,Laksa,Malaysia / Singapore,train,224,224,,,,,fb5689e8459a,
train\laksa\laksa_e6d26bfe39df.jpg,D:\Machine Learning project\sea_food_dataset\train\laksa\laksa_e6d26bfe39df.jpg,laksa,Laksa,Malaysia / Singapore,train,224,224,,,,,5bcf1f5214e5,
train\laksa\laksa_e85ce6fcb374.jpg,D:\Machine Learning project\sea_food_dataset\train\laksa\laksa_e85ce6fcb374.jpg,laksa,Laksa,Malaysia / Singapore,train,224,224,,,,,a60790d9e969,
train\laksa\laksa_e992f0b7d955.jpg,D:\Machine Learning project\sea_food_dataset\train\laksa\laksa_e992f0b7d955.jpg,laksa,Laksa,Malaysia / Singapore,train,224,224,,,,,230ad6a3a883,
train\laksa\laksa_ea3c57901c05.jpg,D:\Machine Learning project\sea_food_dataset\train\laksa\laksa_ea3c57901c05.jpg,laksa,Laksa,Malaysia / Singapore,train,224,224,,,,,70512777f559,
train\laksa\laksa_ea7fbc1d9b2c.jpg,D:\Machine Learning project\sea_food_dataset\train\laksa\laksa_ea7fbc1d9b2c.jpg,laksa,Laksa,Malaysia / Singapore,train,224,224,,,,,8cbb8376fcc9,
train\laksa\laksa_eb1d88f62dae.jpg,D:\Machine Learning project\sea_food_dataset\train\laksa\laksa_eb1d88f62dae.jpg,laksa,Laksa,Malaysia / Singapore,train,224,224,,,,,efcb020480bb,
train\laksa\laksa_eb5b9b944462.jpg,D:\Machine Learning project\sea_food_dataset\train\laksa\laksa_eb5b9b944462.jpg,laksa,Laksa,Malaysia / Singapore,train,224,224,,,,,aed843a449de,
train\laksa\laksa_ed92961ed9a1.jpg,D:\Machine Learning project\sea_food_dataset\train\laksa\laksa_ed92961ed9a1.jpg,laksa,Laksa,Malaysia / Singapore,train,224,224,,,,,7c57c09e4050,
train\laksa\laksa_efdbeeaabd57.jpg,D:\Machine Learning project\sea_food_dataset\train\laksa\laksa_efdbeeaabd57.jpg,laksa,Laksa,Malaysia / Singapore,train,224,224,,,,,987a720672ff,
train\laksa\laksa_f19c28a07027.jpg,D:\Machine Learning project\sea_food_dataset\train\laksa\laksa_f19c28a07027.jpg,laksa,Laksa,Malaysia / Singapore,train,224,224,,,,,2f7d048af24d,
train\laksa\laksa_f1ca06e53cf2.jpg,D:\Machine Learning project\sea_food_dataset\train\laksa\laksa_f1ca06e53cf2.jpg,laksa,Laksa,Malaysia / Singapore,train,224,224,,,,,b8b6a23385f4,
train\laksa\laksa_f1d0e900c1d4.jpg,D:\Machine Learning project\sea_food_dataset\train\laksa\laksa_f1d0e900c1d4.jpg,laksa,Laksa,Malaysia / Singapore,train,224,224,,,,,27f8283ff918,
train\laksa\laksa_f21bb70af90c.jpg,D:\Machine Learning project\sea_food_dataset\train\laksa\laksa_f21bb70af90c.jpg,laksa,Laksa,Malaysia / Singapore,train,224,224,,,,,44f344d0b056,
train\laksa\laksa_f277ebad285e.jpg,D:\Machine Learning project\sea_food_dataset\train\laksa\laksa_f277ebad285e.jpg,laksa,Laksa,Malaysia / Singapore,train,224,224,,,,,33afa078f930,
train\laksa\laksa_f29ed237ee4f.jpg,D:\Machine Learning project\sea_food_dataset\train\laksa\laksa_f29ed237ee4f.jpg,laksa,Laksa,Malaysia / Singapore,train,224,224,,,,,4437dfde67a1,
train\laksa\laksa_f548b201ed08.jpg,D:\Machine Learning project\sea_food_dataset\train\laksa\laksa_f548b201ed08.jpg,laksa,Laksa,Malaysia / Singapore,train,224,224,,,,,d1d389a5521f,
train\laksa\laksa_f63822344993.jpg,D:\Machine Learning project\sea_food_dataset\train\laksa\laksa_f63822344993.jpg,laksa,Laksa,Malaysia / Singapore,train,224,224,,,,,c68ee8182238,
train\laksa\laksa_f640340ee6d1.jpg,D:\Machine Learning project\sea_food_dataset\train\laksa\laksa_f640340ee6d1.jpg,laksa,Laksa,Malaysia / Singapore,train,224,224,,,,,23ece40803af,
train\laksa\laksa_f70bedc3f52b.jpg,D:\Machine Learning project\sea_food_dataset\train\laksa\laksa_f70bedc3f52b.jpg,laksa,Laksa,Malaysia / Singapore,train,224,224,,,,,852d7dd1e34f,
train\laksa\laksa_f72d60d12c41.jpg,D:\Machine Learning project\sea_food_dataset\train\laksa\laksa_f72d60d12c41.jpg,laksa,Laksa,Malaysia / Singapore,train,224,224,,,,,80dd153b8812,
train\laksa\laksa_f854d101fb35.jpg,D:\Machine Learning project\sea_food_dataset\train\laksa\laksa_f854d101fb35.jpg,laksa,Laksa,Malaysia / Singapore,train,224,224,,,,,03352e225c43,
train\laksa\laksa_f8ef4663e038.jpg,D:\Machine Learning project\sea_food_dataset\train\laksa\laksa_f8ef4663e038.jpg,laksa,Laksa,Malaysia / Singapore,train,224,224,,,,,63df3b79f1f4,
train\laksa\laksa_f9f87fd62643.jpg,D:\Machine Learning project\sea_food_dataset\train\laksa\laksa_f9f87fd62643.jpg,laksa,Laksa,Malaysia / Singapore,train,224,224,,,,,2dea3deb8bac,
train\laksa\laksa_fbdc57579b5f.jpg,D:\Machine Learning project\sea_food_dataset\train\laksa\laksa_fbdc57579b5f.jpg,laksa,Laksa,Malaysia / Singapore,train,224,224,,,,,34605e5fb2d5,
train\laksa\laksa_fcc527848ffc.jpg,D:\Machine Learning project\sea_food_dataset\train\laksa\laksa_fcc527848ffc.jpg,laksa,Laksa,Malaysia / Singapore,train,224,224,,,,,685c44aa55af,
train\laksa\laksa_fd8f476fe34c.jpg,D:\Machine Learning project\sea_food_dataset\train\laksa\laksa_fd8f476fe34c.jpg,laksa,Laksa,Malaysia / Singapore,train,224,224,,,,,2252c52d0440,
train\laksa\laksa_fdd0a84bd81a.jpg,D:\Machine Learning project\sea_food_dataset\train\laksa\laksa_fdd0a84bd81a.jpg,laksa,Laksa,Malaysia / Singapore,train,224,224,,,,,43ade446674e,
train\laksa\laksa_fde9412192de.jpg,D:\Machine Learning project\sea_food_dataset\train\laksa\laksa_fde9412192de.jpg,laksa,Laksa,Malaysia / Singapore,train,224,224,,,,,4dc25e54233f,
train\laksa\laksa_fe0d6bb31038.jpg,D:\Machine Learning project\sea_food_dataset\train\laksa\laksa_fe0d6bb31038.jpg,laksa,Laksa,Malaysia / Singapore,train,224,224,,,,,1c909300ae56,
train\mohinga\mohinga_001df53f8e4c.jpg,D:\Machine Learning project\sea_food_dataset\train\mohinga\mohinga_001df53f8e4c.jpg,mohinga,Mohinga,Myanmar,train,224,224,,,,,edf1716e061c,
train\mohinga\mohinga_012b311caa89.jpg,D:\Machine Learning project\sea_food_dataset\train\mohinga\mohinga_012b311caa89.jpg,mohinga,Mohinga,Myanmar,train,224,224,,,,,94adc1a9b606,
train\mohinga\mohinga_0185344f1162.jpg,D:\Machine Learning project\sea_food_dataset\train\mohinga\mohinga_0185344f1162.jpg,mohinga,Mohinga,Myanmar,train,224,224,,,,,4dd265e9d78a,
train\mohinga\mohinga_01f2edc0e8ab.jpg,D:\Machine Learning project\sea_food_dataset\train\mohinga\mohinga_01f2edc0e8ab.jpg,mohinga,Mohinga,Myanmar,train,224,224,,,,,1e76d3bf5997,
train\mohinga\mohinga_0203ff21a1f8.jpg,D:\Machine Learning project\sea_food_dataset\train\mohinga\mohinga_0203ff21a1f8.jpg,mohinga,Mohinga,Myanmar,train,224,224,,,,,7dfea989bc4a,
train\mohinga\mohinga_0248e74927d3.jpg,D:\Machine Learning project\sea_food_dataset\train\mohinga\mohinga_0248e74927d3.jpg,mohinga,Mohinga,Myanmar,train,224,224,,,,,6460a3c33058,
train\mohinga\mohinga_025a16680781.jpg,D:\Machine Learning project\sea_food_dataset\train\mohinga\mohinga_025a16680781.jpg,mohinga,Mohinga,Myanmar,train,224,224,,,,,cdeb89e14e42,
train\mohinga\mohinga_03a6dfbd0be2.jpg,D:\Machine Learning project\sea_food_dataset\train\mohinga\mohinga_03a6dfbd0be2.jpg,mohinga,Mohinga,Myanmar,train,224,224,,,,,9951404ecb57,
train\mohinga\mohinga_0456d6d44110.jpg,D:\Machine Learning project\sea_food_dataset\train\mohinga\mohinga_0456d6d44110.jpg,mohinga,Mohinga,Myanmar,train,224,224,,,,,97c23fbe37dd,
train\mohinga\mohinga_049df2653070.jpg,D:\Machine Learning project\sea_food_dataset\train\mohinga\mohinga_049df2653070.jpg,mohinga,Mohinga,Myanmar,train,224,224,,,,,0f6f78dcdcca,
train\mohinga\mohinga_04ee729ed9a2.jpg,D:\Machine Learning project\sea_food_dataset\train\mohinga\mohinga_04ee729ed9a2.jpg,mohinga,Mohinga,Myanmar,train,224,224,,,,,6950ee3344fd,
train\mohinga\mohinga_0559da30c42e.jpg,D:\Machine Learning project\sea_food_dataset\train\mohinga\mohinga_0559da30c42e.jpg,mohinga,Mohinga,Myanmar,train,224,224,,,,,cddf14e91fd0,
train\mohinga\mohinga_074b9b91f34c.jpg,D:\Machine Learning project\sea_food_dataset\train\mohinga\mohinga_074b9b91f34c.jpg,mohinga,Mohinga,Myanmar,train,224,224,,,,,5ef5b3cd9812,
train\mohinga\mohinga_07c2a99200e1.jpg,D:\Machine Learning project\sea_food_dataset\train\mohinga\mohinga_07c2a99200e1.jpg,mohinga,Mohinga,Myanmar,train,224,224,,,,,8c57c8f549e8,
train\mohinga\mohinga_07cb3b4396ab.jpg,D:\Machine Learning project\sea_food_dataset\train\mohinga\mohinga_07cb3b4396ab.jpg,mohinga,Mohinga,Myanmar,train,224,224,,,,,112255dccbac,
train\mohinga\mohinga_0806cb35bc0b.jpg,D:\Machine Learning project\sea_food_dataset\train\mohinga\mohinga_0806cb35bc0b.jpg,mohinga,Mohinga,Myanmar,train,224,224,,,,,68556abd9a88,
train\mohinga\mohinga_08d7cb4bac3d.jpg,D:\Machine Learning project\sea_food_dataset\train\mohinga\mohinga_08d7cb4bac3d.jpg,mohinga,Mohinga,Myanmar,train,224,224,,,,,d55b9e62bccf,
train\mohinga\mohinga_0a337ecbbc03.jpg,D:\Machine Learning project\sea_food_dataset\train\mohinga\mohinga_0a337ecbbc03.jpg,mohinga,Mohinga,Myanmar,train,224,224,,,,,157cd3cc193c,
train\mohinga\mohinga_0b1f7df67829.jpg,D:\Machine Learning project\sea_food_dataset\train\mohinga\mohinga_0b1f7df67829.jpg,mohinga,Mohinga,Myanmar,train,224,224,,,,,726a6570fec2,
train\mohinga\mohinga_0b9e1ce462d4.jpg,D:\Machine Learning project\sea_food_dataset\train\mohinga\mohinga_0b9e1ce462d4.jpg,mohinga,Mohinga,Myanmar,train,224,224,,,,,df6db4511131,
train\mohinga\mohinga_0bdc9970e710.jpg,D:\Machine Learning project\sea_food_dataset\train\mohinga\mohinga_0bdc9970e710.jpg,mohinga,Mohinga,Myanmar,train,224,224,,,,,ddad0df9d788,
train\mohinga\mohinga_0c55f487dcad.jpg,D:\Machine Learning project\sea_food_dataset\train\mohinga\mohinga_0c55f487dcad.jpg,mohinga,Mohinga,Myanmar,train,224,224,,,,,5b79b9895d3c,
train\mohinga\mohinga_0d56240a1b26.jpg,D:\Machine Learning project\sea_food_dataset\train\mohinga\mohinga_0d56240a1b26.jpg,mohinga,Mohinga,Myanmar,train,224,224,,,,,f66b1a1c5416,
train\mohinga\mohinga_0fe31ca96617.jpg,D:\Machine Learning project\sea_food_dataset\train\mohinga\mohinga_0fe31ca96617.jpg,mohinga,Mohinga,Myanmar,train,224,224,,,,,87aa3455d4cc,
train\mohinga\mohinga_10648ef7d03b.jpg,D:\Machine Learning project\sea_food_dataset\train\mohinga\mohinga_10648ef7d03b.jpg,mohinga,Mohinga,Myanmar,train,224,224,,,,,78119e75a8cd,
train\mohinga\mohinga_111304170728.jpg,D:\Machine Learning project\sea_food_dataset\train\mohinga\mohinga_111304170728.jpg,mohinga,Mohinga,Myanmar,train,224,224,,,,,7995c5fcd023,
train\mohinga\mohinga_1115995b51a4.jpg,D:\Machine Learning project\sea_food_dataset\train\mohinga\mohinga_1115995b51a4.jpg,mohinga,Mohinga,Myanmar,train,224,224,,,,,fa92d36c5f78,
train\mohinga\mohinga_1230cab342ca.jpg,D:\Machine Learning project\sea_food_dataset\train\mohinga\mohinga_1230cab342ca.jpg,mohinga,Mohinga,Myanmar,train,224,224,,,,,4a27068ac12b,
train\mohinga\mohinga_1267ed6e3adb.jpg,D:\Machine Learning project\sea_food_dataset\train\mohinga\mohinga_1267ed6e3adb.jpg,mohinga,Mohinga,Myanmar,train,224,224,,,,,638a1e8d49c2,
train\mohinga\mohinga_126e4820cfe4.jpg,D:\Machine Learning project\sea_food_dataset\train\mohinga\mohinga_126e4820cfe4.jpg,mohinga,Mohinga,Myanmar,train,224,224,,,,,8f3e242bcb70,
train\mohinga\mohinga_1342d20cedfd.jpg,D:\Machine Learning project\sea_food_dataset\train\mohinga\mohinga_1342d20cedfd.jpg,mohinga,Mohinga,Myanmar,train,224,224,,,,,f18f24d104df,
train\mohinga\mohinga_14f8dc58ff2f.jpg,D:\Machine Learning project\sea_food_dataset\train\mohinga\mohinga_14f8dc58ff2f.jpg,mohinga,Mohinga,Myanmar,train,224,224,,,,,42d3e1781a74,
train\mohinga\mohinga_15b07d1bc26c.jpg,D:\Machine Learning project\sea_food_dataset\train\mohinga\mohinga_15b07d1bc26c.jpg,mohinga,Mohinga,Myanmar,train,224,224,,,,,db82f6514338,
train\mohinga\mohinga_15d0448ec5cb.jpg,D:\Machine Learning project\sea_food_dataset\train\mohinga\mohinga_15d0448ec5cb.jpg,mohinga,Mohinga,Myanmar,train,224,224,,,,,c47f134ed37b,
train\mohinga\mohinga_166433049421.jpg,D:\Machine Learning project\sea_food_dataset\train\mohinga\mohinga_166433049421.jpg,mohinga,Mohinga,Myanmar,train,224,224,,,,,c6ebd36c720c,
train\mohinga\mohinga_176e3faf52c6.jpg,D:\Machine Learning project\sea_food_dataset\train\mohinga\mohinga_176e3faf52c6.jpg,mohinga,Mohinga,Myanmar,train,224,224,,,,,7342a5f0c3c6,
train\mohinga\mohinga_17e7be82a454.jpg,D:\Machine Learning project\sea_food_dataset\train\mohinga\mohinga_17e7be82a454.jpg,mohinga,Mohinga,Myanmar,train,224,224,,,,,689a545a4e5a,
train\mohinga\mohinga_1808b77f2088.jpg,D:\Machine Learning project\sea_food_dataset\train\mohinga\mohinga_1808b77f2088.jpg,mohinga,Mohinga,Myanmar,train,224,224,,,,,87dd7ca6fa5d,
train\mohinga\mohinga_182485c3bfd4.jpg,D:\Machine Learning project\sea_food_dataset\train\mohinga\mohinga_182485c3bfd4.jpg,mohinga,Mohinga,Myanmar,train,224,224,,,,,f5b6d997395d,
train\mohinga\mohinga_1956c10fbd9f.jpg,D:\Machine Learning project\sea_food_dataset\train\mohinga\mohinga_1956c10fbd9f.jpg,mohinga,Mohinga,Myanmar,train,224,224,,,,,63101ef6b6a3,
train\mohinga\mohinga_19d5c0b73142.jpg,D:\Machine Learning project\sea_food_dataset\train\mohinga\mohinga_19d5c0b73142.jpg,mohinga,Mohinga,Myanmar,train,224,224,,,,,520a6c49e44a,
train\mohinga\mohinga_19ecb55dcd11.jpg,D:\Machine Learning project\sea_food_dataset\train\mohinga\mohinga_19ecb55dcd11.jpg,mohinga,Mohinga,Myanmar,train,224,224,,,,,27c8e643267a,
train\mohinga\mohinga_1b4df1de663a.jpg,D:\Machine Learning project\sea_food_dataset\train\mohinga\mohinga_1b4df1de663a.jpg,mohinga,Mohinga,Myanmar,train,224,224,,,,,9c48398d5e62,
train\mohinga\mohinga_1c580300b05a.jpg,D:\Machine Learning project\sea_food_dataset\train\mohinga\mohinga_1c580300b05a.jpg,mohinga,Mohinga,Myanmar,train,224,224,,,,,1b6ea2127a7d,
train\mohinga\mohinga_1c77275e59b8.jpg,D:\Machine Learning project\sea_food_dataset\train\mohinga\mohinga_1c77275e59b8.jpg,mohinga,Mohinga,Myanmar,train,224,224,,,,,156c5b6f1380,
train\mohinga\mohinga_1d2d9379760c.jpg,D:\Machine Learning project\sea_food_dataset\train\mohinga\mohinga_1d2d9379760c.jpg,mohinga,Mohinga,Myanmar,train,224,224,,,,,44521bb5b77a,
train\mohinga\mohinga_1e26de57e325.jpg,D:\Machine Learning project\sea_food_dataset\train\mohinga\mohinga_1e26de57e325.jpg,mohinga,Mohinga,Myanmar,train,224,224,,,,,4ba8be0b088b,
train\mohinga\mohinga_1ef0b297f9c8.jpg,D:\Machine Learning project\sea_food_dataset\train\mohinga\mohinga_1ef0b297f9c8.jpg,mohinga,Mohinga,Myanmar,train,224,224,,,,,f26f99bb8ecd,
train\mohinga\mohinga_206e3a585f9b.jpg,D:\Machine Learning project\sea_food_dataset\train\mohinga\mohinga_206e3a585f9b.jpg,mohinga,Mohinga,Myanmar,train,224,224,,,,,c186828a734c,
train\mohinga\mohinga_20e7d30d3d34.jpg,D:\Machine Learning project\sea_food_dataset\train\mohinga\mohinga_20e7d30d3d34.jpg,mohinga,Mohinga,Myanmar,train,224,224,,,,,63f4777bbda5,
train\mohinga\mohinga_22e6bd1b8e68.jpg,D:\Machine Learning project\sea_food_dataset\train\mohinga\mohinga_22e6bd1b8e68.jpg,mohinga,Mohinga,Myanmar,train,224,224,,,,,61c13e49d5fc,
train\mohinga\mohinga_233fb0c46919.jpg,D:\Machine Learning project\sea_food_dataset\train\mohinga\mohinga_233fb0c46919.jpg,mohinga,Mohinga,Myanmar,train,224,224,,,,,b82a90d24621,
train\mohinga\mohinga_23fc538b4b84.jpg,D:\Machine Learning project\sea_food_dataset\train\mohinga\mohinga_23fc538b4b84.jpg,mohinga,Mohinga,Myanmar,train,224,224,,,,,827e40100a16,
train\mohinga\mohinga_246350d138f0.jpg,D:\Machine Learning project\sea_food_dataset\train\mohinga\mohinga_246350d138f0.jpg,mohinga,Mohinga,Myanmar,train,224,224,,,,,4f06d03fa086,
train\mohinga\mohinga_25df4f9fb574.jpg,D:\Machine Learning project\sea_food_dataset\train\mohinga\mohinga_25df4f9fb574.jpg,mohinga,Mohinga,Myanmar,train,224,224,,,,,71e2202d3a61,
train\mohinga\mohinga_267503bfcf26.jpg,D:\Machine Learning project\sea_food_dataset\train\mohinga\mohinga_267503bfcf26.jpg,mohinga,Mohinga,Myanmar,train,224,224,,,,,0aec001ac36d,
train\mohinga\mohinga_26761f2f2aef.jpg,D:\Machine Learning project\sea_food_dataset\train\mohinga\mohinga_26761f2f2aef.jpg,mohinga,Mohinga,Myanmar,train,224,224,,,,,780474062281,
train\mohinga\mohinga_2736fcaf644e.jpg,D:\Machine Learning project\sea_food_dataset\train\mohinga\mohinga_2736fcaf644e.jpg,mohinga,Mohinga,Myanmar,train,224,224,,,,,8a18c6cd5c8a,
train\mohinga\mohinga_2901e522c7de.jpg,D:\Machine Learning project\sea_food_dataset\train\mohinga\mohinga_2901e522c7de.jpg,mohinga,Mohinga,Myanmar,train,224,224,,,,,9836907b8b14,
train\mohinga\mohinga_29eaa3d59518.jpg,D:\Machine Learning project\sea_food_dataset\train\mohinga\mohinga_29eaa3d59518.jpg,mohinga,Mohinga,Myanmar,train,224,224,,,,,3547e5cae6de,
train\mohinga\mohinga_2a246e14b488.jpg,D:\Machine Learning project\sea_food_dataset\train\mohinga\mohinga_2a246e14b488.jpg,mohinga,Mohinga,Myanmar,train,224,224,,,,,d84c78bcc101,
train\mohinga\mohinga_2a4732794b7b.jpg,D:\Machine Learning project\sea_food_dataset\train\mohinga\mohinga_2a4732794b7b.jpg,mohinga,Mohinga,Myanmar,train,224,224,,,,,613d3f72bb8b,
train\mohinga\mohinga_2d7b706a75f7.jpg,D:\Machine Learning project\sea_food_dataset\train\mohinga\mohinga_2d7b706a75f7.jpg,mohinga,Mohinga,Myanmar,train,224,224,,,,,42c07b7afe8f,
train\mohinga\mohinga_2d8869ea23fc.jpg,D:\Machine Learning project\sea_food_dataset\train\mohinga\mohinga_2d8869ea23fc.jpg,mohinga,Mohinga,Myanmar,train,224,224,,,,,9672fc90b861,
train\mohinga\mohinga_2dc98df5d2b4.jpg,D:\Machine Learning project\sea_food_dataset\train\mohinga\mohinga_2dc98df5d2b4.jpg,mohinga,Mohinga,Myanmar,train,224,224,,,,,17e7da81e806,
train\mohinga\mohinga_2ddc9965a320.jpg,D:\Machine Learning project\sea_food_dataset\train\mohinga\mohinga_2ddc9965a320.jpg,mohinga,Mohinga,Myanmar,train,224,224,,,,,65b65c3fab13,
train\mohinga\mohinga_2f0389d3bd05.jpg,D:\Machine Learning project\sea_food_dataset\train\mohinga\mohinga_2f0389d3bd05.jpg,mohinga,Mohinga,Myanmar,train,224,224,,,,,9864fb5c0d2c,
train\mohinga\mohinga_2f9bd09045f3.jpg,D:\Machine Learning project\sea_food_dataset\train\mohinga\mohinga_2f9bd09045f3.jpg,mohinga,Mohinga,Myanmar,train,224,224,,,,,a2ded9219aaa,
train\mohinga\mohinga_2fe60fcfbb47.jpg,D:\Machine Learning project\sea_food_dataset\train\mohinga\mohinga_2fe60fcfbb47.jpg,mohinga,Mohinga,Myanmar,train,224,224,,,,,cf89d9b81462,
train\mohinga\mohinga_308ab69d9feb.jpg,D:\Machine Learning project\sea_food_dataset\train\mohinga\mohinga_308ab69d9feb.jpg,mohinga,Mohinga,Myanmar,train,224,224,,,,,d6c0837cbdb4,
train\mohinga\mohinga_3153004b5c4d.jpg,D:\Machine Learning project\sea_food_dataset\train\mohinga\mohinga_3153004b5c4d.jpg,mohinga,Mohinga,Myanmar,train,224,224,,,,,5685ac438e33,
train\mohinga\mohinga_31f843c855b5.jpg,D:\Machine Learning project\sea_food_dataset\train\mohinga\mohinga_31f843c855b5.jpg,mohinga,Mohinga,Myanmar,train,224,224,,,,,0ebea61c8d20,
train\mohinga\mohinga_32e6a0e41dfa.jpg,D:\Machine Learning project\sea_food_dataset\train\mohinga\mohinga_32e6a0e41dfa.jpg,mohinga,Mohinga,Myanmar,train,224,224,,,,,957da53a13cc,
train\mohinga\mohinga_338dd71f33d6.jpg,D:\Machine Learning project\sea_food_dataset\train\mohinga\mohinga_338dd71f33d6.jpg,mohinga,Mohinga,Myanmar,train,224,224,,,,,43c722820db9,
train\mohinga\mohinga_3407786ba54b.jpg,D:\Machine Learning project\sea_food_dataset\train\mohinga\mohinga_3407786ba54b.jpg,mohinga,Mohinga,Myanmar,train,224,224,,,,,5af1322b15a7,
train\mohinga\mohinga_3448cad32fc5.jpg,D:\Machine Learning project\sea_food_dataset\train\mohinga\mohinga_3448cad32fc5.jpg,mohinga,Mohinga,Myanmar,train,224,224,,,,,02f8f3a58902,
train\mohinga\mohinga_348b4f9dd925.jpg,D:\Machine Learning project\sea_food_dataset\train\mohinga\mohinga_348b4f9dd925.jpg,mohinga,Mohinga,Myanmar,train,224,224,,,,,9d34474742e5,
train\mohinga\mohinga_3549371ae96f.jpg,D:\Machine Learning project\sea_food_dataset\train\mohinga\mohinga_3549371ae96f.jpg,mohinga,Mohinga,Myanmar,train,224,224,,,,,a214c179f516,
train\mohinga\mohinga_35a48dd02f15.jpg,D:\Machine Learning project\sea_food_dataset\train\mohinga\mohinga_35a48dd02f15.jpg,mohinga,Mohinga,Myanmar,train,224,224,,,,,13190ea9b2b1,
train\mohinga\mohinga_35ee15e34026.jpg,D:\Machine Learning project\sea_food_dataset\train\mohinga\mohinga_35ee15e34026.jpg,mohinga,Mohinga,Myanmar,train,224,224,,,,,a0570465f2a3,
train\mohinga\mohinga_362f21bd107c.jpg,D:\Machine Learning project\sea_food_dataset\train\mohinga\mohinga_362f21bd107c.jpg,mohinga,Mohinga,Myanmar,train,224,224,,,,,c2d575cb3a03,
train\mohinga\mohinga_365fe875d669.jpg,D:\Machine Learning project\sea_food_dataset\train\mohinga\mohinga_365fe875d669.jpg,mohinga,Mohinga,Myanmar,train,224,224,,,,,38971b49d5b7,
train\mohinga\mohinga_36ae0d6d674c.jpg,D:\Machine Learning project\sea_food_dataset\train\mohinga\mohinga_36ae0d6d674c.jpg,mohinga,Mohinga,Myanmar,train,224,224,,,,,4eef68954e80,
train\mohinga\mohinga_36c23ea138e5.jpg,D:\Machine Learning project\sea_food_dataset\train\mohinga\mohinga_36c23ea138e5.jpg,mohinga,Mohinga,Myanmar,train,224,224,,,,,d986c25899a9,
train\mohinga\mohinga_36d16fac271c.jpg,D:\Machine Learning project\sea_food_dataset\train\mohinga\mohinga_36d16fac271c.jpg,mohinga,Mohinga,Myanmar,train,224,224,,,,,a09303fa28d5,
train\mohinga\mohinga_37ba505846b1.jpg,D:\Machine Learning project\sea_food_dataset\train\mohinga\mohinga_37ba505846b1.jpg,mohinga,Mohinga,Myanmar,train,224,224,,,,,e7d25b312766,
train\mohinga\mohinga_3860012ffa09.jpg,D:\Machine Learning project\sea_food_dataset\train\mohinga\mohinga_3860012ffa09.jpg,mohinga,Mohinga,Myanmar,train,224,224,,,,,e67d8b7a4185,
train\mohinga\mohinga_38e8799045be.jpg,D:\Machine Learning project\sea_food_dataset\train\mohinga\mohinga_38e8799045be.jpg,mohinga,Mohinga,Myanmar,train,224,224,,,,,1fd0f73d68af,
train\mohinga\mohinga_3962357fb1de.jpg,D:\Machine Learning project\sea_food_dataset\train\mohinga\mohinga_3962357fb1de.jpg,mohinga,Mohinga,Myanmar,train,224,224,,,,,16145fd6abd8,
train\mohinga\mohinga_39e4856eacb1.jpg,D:\Machine Learning project\sea_food_dataset\train\mohinga\mohinga_39e4856eacb1.jpg,mohinga,Mohinga,Myanmar,train,224,224,,,,,a4a034548f9e,
train\mohinga\mohinga_3b88b6e77f70.jpg,D:\Machine Learning project\sea_food_dataset\train\mohinga\mohinga_3b88b6e77f70.jpg,mohinga,Mohinga,Myanmar,train,224,224,,,,,f03a32c3136c,
train\mohinga\mohinga_3c71896c3b82.jpg,D:\Machine Learning project\sea_food_dataset\train\mohinga\mohinga_3c71896c3b82.jpg,mohinga,Mohinga,Myanmar,train,224,224,,,,,3cb7f6385f06,
train\mohinga\mohinga_3c793ee975df.jpg,D:\Machine Learning project\sea_food_dataset\train\mohinga\mohinga_3c793ee975df.jpg,mohinga,Mohinga,Myanmar,train,224,224,,,,,8bdcc87970fa,
train\mohinga\mohinga_3c9ca3a44190.jpg,D:\Machine Learning project\sea_food_dataset\train\mohinga\mohinga_3c9ca3a44190.jpg,mohinga,Mohinga,Myanmar,train,224,224,,,,,df69d68a18f1,
train\mohinga\mohinga_3df1aefd2500.jpg,D:\Machine Learning project\sea_food_dataset\train\mohinga\mohinga_3df1aefd2500.jpg,mohinga,Mohinga,Myanmar,train,224,224,,,,,c92db170a896,
train\mohinga\mohinga_3fce7e7f5d43.jpg,D:\Machine Learning project\sea_food_dataset\train\mohinga\mohinga_3fce7e7f5d43.jpg,mohinga,Mohinga,Myanmar,train,224,224,,,,,56d2dfab085f,
train\mohinga\mohinga_3fea3db511da.jpg,D:\Machine Learning project\sea_food_dataset\train\mohinga\mohinga_3fea3db511da.jpg,mohinga,Mohinga,Myanmar,train,224,224,,,,,a8261e39e09c,
train\mohinga\mohinga_40961b8e10bd.jpg,D:\Machine Learning project\sea_food_dataset\train\mohinga\mohinga_40961b8e10bd.jpg,mohinga,Mohinga,Myanmar,train,224,224,,,,,4711c158fcdf,
train\mohinga\mohinga_41000ec96f9e.jpg,D:\Machine Learning project\sea_food_dataset\train\mohinga\mohinga_41000ec96f9e.jpg,mohinga,Mohinga,Myanmar,train,224,224,,,,,e0916457baa6,
train\mohinga\mohinga_4151efe5c9cb.jpg,D:\Machine Learning project\sea_food_dataset\train\mohinga\mohinga_4151efe5c9cb.jpg,mohinga,Mohinga,Myanmar,train,224,224,,,,,7dd6ced2abe4,
train\mohinga\mohinga_420118951b04.jpg,D:\Machine Learning project\sea_food_dataset\train\mohinga\mohinga_420118951b04.jpg,mohinga,Mohinga,Myanmar,train,224,224,,,,,fcaf1ea166bd,
train\mohinga\mohinga_420a6e94acd1.jpg,D:\Machine Learning project\sea_food_dataset\train\mohinga\mohinga_420a6e94acd1.jpg,mohinga,Mohinga,Myanmar,train,224,224,,,,,fba3497bc3d6,
train\mohinga\mohinga_42d5dfbfe276.jpg,D:\Machine Learning project\sea_food_dataset\train\mohinga\mohinga_42d5dfbfe276.jpg,mohinga,Mohinga,Myanmar,train,224,224,,,,,38b8bdb28bb6,
train\mohinga\mohinga_433ca57d8007.jpg,D:\Machine Learning project\sea_food_dataset\train\mohinga\mohinga_433ca57d8007.jpg,mohinga,Mohinga,Myanmar,train,224,224,,,,,03056b0cc49e,
train\mohinga\mohinga_4366ec62bf5d.jpg,D:\Machine Learning project\sea_food_dataset\train\mohinga\mohinga_4366ec62bf5d.jpg,mohinga,Mohinga,Myanmar,train,224,224,,,,,fc9563152a24,
train\mohinga\mohinga_43891f513909.jpg,D:\Machine Learning project\sea_food_dataset\train\mohinga\mohinga_43891f513909.jpg,mohinga,Mohinga,Myanmar,train,224,224,,,,,a4d5d0838316,
train\mohinga\mohinga_438a22154d32.jpg,D:\Machine Learning project\sea_food_dataset\train\mohinga\mohinga_438a22154d32.jpg,mohinga,Mohinga,Myanmar,train,224,224,,,,,bc024891e66e,
train\mohinga\mohinga_43a1122d7f26.jpg,D:\Machine Learning project\sea_food_dataset\train\mohinga\mohinga_43a1122d7f26.jpg,mohinga,Mohinga,Myanmar,train,224,224,,,,,e43246d61570,
train\mohinga\mohinga_43cc47c45044.jpg,D:\Machine Learning project\sea_food_dataset\train\mohinga\mohinga_43cc47c45044.jpg,mohinga,Mohinga,Myanmar,train,224,224,,,,,83ae0cd77612,
train\mohinga\mohinga_44d78b628a16.jpg,D:\Machine Learning project\sea_food_dataset\train\mohinga\mohinga_44d78b628a16.jpg,mohinga,Mohinga,Myanmar,train,224,224,,,,,a48c5cbc3b30,
train\mohinga\mohinga_4509f0db0645.jpg,D:\Machine Learning project\sea_food_dataset\train\mohinga\mohinga_4509f0db0645.jpg,mohinga,Mohinga,Myanmar,train,224,224,,,,,bbf4fc80e321,
train\mohinga\mohinga_4562e0ca88d5.jpg,D:\Machine Learning project\sea_food_dataset\train\mohinga\mohinga_4562e0ca88d5.jpg,mohinga,Mohinga,Myanmar,train,224,224,,,,,fed921670b46,
train\mohinga\mohinga_4681fa250a96.jpg,D:\Machine Learning project\sea_food_dataset\train\mohinga\mohinga_4681fa250a96.jpg,mohinga,Mohinga,Myanmar,train,224,224,,,,,2f6d3a052952,
train\mohinga\mohinga_469d40d5b90e.jpg,D:\Machine Learning project\sea_food_dataset\train\mohinga\mohinga_469d40d5b90e.jpg,mohinga,Mohinga,Myanmar,train,224,224,,,,,d690112d6e24,
train\mohinga\mohinga_47128cbea7ee.jpg,D:\Machine Learning project\sea_food_dataset\train\mohinga\mohinga_47128cbea7ee.jpg,mohinga,Mohinga,Myanmar,train,224,224,,,,,bbcfd0bc840c,
train\mohinga\mohinga_472575192953.jpg,D:\Machine Learning project\sea_food_dataset\train\mohinga\mohinga_472575192953.jpg,mohinga,Mohinga,Myanmar,train,224,224,,,,,dce66a1948a7,
train\mohinga\mohinga_4847aba4fbc8.jpg,D:\Machine Learning project\sea_food_dataset\train\mohinga\mohinga_4847aba4fbc8.jpg,mohinga,Mohinga,Myanmar,train,224,224,,,,,c131335da026,
train\mohinga\mohinga_484a8e272f8b.jpg,D:\Machine Learning project\sea_food_dataset\train\mohinga\mohinga_484a8e272f8b.jpg,mohinga,Mohinga,Myanmar,train,224,224,,,,,682e951ed2be,
train\mohinga\mohinga_49db8e078078.jpg,D:\Machine Learning project\sea_food_dataset\train\mohinga\mohinga_49db8e078078.jpg,mohinga,Mohinga,Myanmar,train,224,224,,,,,c23be616f34b,
train\mohinga\mohinga_4a9ddb960224.jpg,D:\Machine Learning project\sea_food_dataset\train\mohinga\mohinga_4a9ddb960224.jpg,mohinga,Mohinga,Myanmar,train,224,224,,,,,05ebc8be9ae4,
train\mohinga\mohinga_4be69beb2cb1.jpg,D:\Machine Learning project\sea_food_dataset\train\mohinga\mohinga_4be69beb2cb1.jpg,mohinga,Mohinga,Myanmar,train,224,224,,,,,746ffbe5de4d,
train\mohinga\mohinga_4e6618c70b9e.jpg,D:\Machine Learning project\sea_food_dataset\train\mohinga\mohinga_4e6618c70b9e.jpg,mohinga,Mohinga,Myanmar,train,224,224,,,,,849839bcf86f,
train\mohinga\mohinga_4f3807dca3c5.jpg,D:\Machine Learning project\sea_food_dataset\train\mohinga\mohinga_4f3807dca3c5.jpg,mohinga,Mohinga,Myanmar,train,224,224,,,,,88090f38c325,
train\mohinga\mohinga_4f6ffd0736d4.jpg,D:\Machine Learning project\sea_food_dataset\train\mohinga\mohinga_4f6ffd0736d4.jpg,mohinga,Mohinga,Myanmar,train,224,224,,,,,00006bcd3bc5,
train\mohinga\mohinga_51d60d7ddea6.jpg,D:\Machine Learning project\sea_food_dataset\train\mohinga\mohinga_51d60d7ddea6.jpg,mohinga,Mohinga,Myanmar,train,224,224,,,,,689b3f576670,
train\mohinga\mohinga_525a69f7f407.jpg,D:\Machine Learning project\sea_food_dataset\train\mohinga\mohinga_525a69f7f407.jpg,mohinga,Mohinga,Myanmar,train,224,224,,,,,91d9f8afff9b,
train\mohinga\mohinga_52676a5b3710.jpg,D:\Machine Learning project\sea_food_dataset\train\mohinga\mohinga_52676a5b3710.jpg,mohinga,Mohinga,Myanmar,train,224,224,,,,,b5b52c620db8,
train\mohinga\mohinga_531c005461b4.jpg,D:\Machine Learning project\sea_food_dataset\train\mohinga\mohinga_531c005461b4.jpg,mohinga,Mohinga,Myanmar,train,224,224,,,,,d0178990ef88,
train\mohinga\mohinga_532acaf15ad0.jpg,D:\Machine Learning project\sea_food_dataset\train\mohinga\mohinga_532acaf15ad0.jpg,mohinga,Mohinga,Myanmar,train,224,224,,,,,a1a10511766f,
train\mohinga\mohinga_53680400e77b.jpg,D:\Machine Learning project\sea_food_dataset\train\mohinga\mohinga_53680400e77b.jpg,mohinga,Mohinga,Myanmar,train,224,224,,,,,7999c9cab538,
train\mohinga\mohinga_5383056c61e0.jpg,D:\Machine Learning project\sea_food_dataset\train\mohinga\mohinga_5383056c61e0.jpg,mohinga,Mohinga,Myanmar,train,224,224,,,,,b4979ae5b110,
train\mohinga\mohinga_54935ce66f83.jpg,D:\Machine Learning project\sea_food_dataset\train\mohinga\mohinga_54935ce66f83.jpg,mohinga,Mohinga,Myanmar,train,224,224,,,,,49fbc235ee2b,
train\mohinga\mohinga_54ac5d8721b1.jpg,D:\Machine Learning project\sea_food_dataset\train\mohinga\mohinga_54ac5d8721b1.jpg,mohinga,Mohinga,Myanmar,train,224,224,,,,,5996fcd22a17,
train\mohinga\mohinga_54f714093326.jpg,D:\Machine Learning project\sea_food_dataset\train\mohinga\mohinga_54f714093326.jpg,mohinga,Mohinga,Myanmar,train,224,224,,,,,c694c76ebdc7,
train\mohinga\mohinga_550f2f0e3793.jpg,D:\Machine Learning project\sea_food_dataset\train\mohinga\mohinga_550f2f0e3793.jpg,mohinga,Mohinga,Myanmar,train,224,224,,,,,2f0bd89eb99e,
train\mohinga\mohinga_55c281269846.jpg,D:\Machine Learning project\sea_food_dataset\train\mohinga\mohinga_55c281269846.jpg,mohinga,Mohinga,Myanmar,train,224,224,,,,,1d4dab130444,
train\mohinga\mohinga_56094b0bde67.jpg,D:\Machine Learning project\sea_food_dataset\train\mohinga\mohinga_56094b0bde67.jpg,mohinga,Mohinga,Myanmar,train,224,224,,,,,d89e21eb5ae4,
train\mohinga\mohinga_56bcb2764da1.jpg,D:\Machine Learning project\sea_food_dataset\train\mohinga\mohinga_56bcb2764da1.jpg,mohinga,Mohinga,Myanmar,train,224,224,,,,,91eafd4baab3,
train\mohinga\mohinga_57a4d3b2dc2b.jpg,D:\Machine Learning project\sea_food_dataset\train\mohinga\mohinga_57a4d3b2dc2b.jpg,mohinga,Mohinga,Myanmar,train,224,224,,,,,4207029225c5,
train\mohinga\mohinga_593db2acfaaf.jpg,D:\Machine Learning project\sea_food_dataset\train\mohinga\mohinga_593db2acfaaf.jpg,mohinga,Mohinga,Myanmar,train,224,224,,,,,6ca09c5a265c,
train\mohinga\mohinga_59e700786f0f.jpg,D:\Machine Learning project\sea_food_dataset\train\mohinga\mohinga_59e700786f0f.jpg,mohinga,Mohinga,Myanmar,train,224,224,,,,,53fd015b1b33,
train\mohinga\mohinga_5a12d386364a.jpg,D:\Machine Learning project\sea_food_dataset\train\mohinga\mohinga_5a12d386364a.jpg,mohinga,Mohinga,Myanmar,train,224,224,,,,,6397c807fa39,
train\mohinga\mohinga_5a2b84df3f50.jpg,D:\Machine Learning project\sea_food_dataset\train\mohinga\mohinga_5a2b84df3f50.jpg,mohinga,Mohinga,Myanmar,train,224,224,,,,,e67f3e59b139,
train\mohinga\mohinga_5ada8a0b6524.jpg,D:\Machine Learning project\sea_food_dataset\train\mohinga\mohinga_5ada8a0b6524.jpg,mohinga,Mohinga,Myanmar,train,224,224,,,,,8761c2d886f0,
train\mohinga\mohinga_5e437f03f292.jpg,D:\Machine Learning project\sea_food_dataset\train\mohinga\mohinga_5e437f03f292.jpg,mohinga,Mohinga,Myanmar,train,224,224,,,,,d688d70df553,
train\mohinga\mohinga_5ecd56cefd01.jpg,D:\Machine Learning project\sea_food_dataset\train\mohinga\mohinga_5ecd56cefd01.jpg,mohinga,Mohinga,Myanmar,train,224,224,,,,,8e19a304a38c,
train\mohinga\mohinga_604059f81bd3.jpg,D:\Machine Learning project\sea_food_dataset\train\mohinga\mohinga_604059f81bd3.jpg,mohinga,Mohinga,Myanmar,train,224,224,,,,,d0516fc4c6f4,
train\mohinga\mohinga_61ca9faf9291.jpg,D:\Machine Learning project\sea_food_dataset\train\mohinga\mohinga_61ca9faf9291.jpg,mohinga,Mohinga,Myanmar,train,224,224,,,,,1f66f17add31,
train\mohinga\mohinga_62a2a074b4c3.jpg,D:\Machine Learning project\sea_food_dataset\train\mohinga\mohinga_62a2a074b4c3.jpg,mohinga,Mohinga,Myanmar,train,224,224,,,,,917111b54f64,
train\mohinga\mohinga_63290430afd0.jpg,D:\Machine Learning project\sea_food_dataset\train\mohinga\mohinga_63290430afd0.jpg,mohinga,Mohinga,Myanmar,train,224,224,,,,,a7d2e87ac7e2,
train\mohinga\mohinga_63cc2fc1bcf1.jpg,D:\Machine Learning project\sea_food_dataset\train\mohinga\mohinga_63cc2fc1bcf1.jpg,mohinga,Mohinga,Myanmar,train,224,224,,,,,231ad90deb74,
train\mohinga\mohinga_644e071592f8.jpg,D:\Machine Learning project\sea_food_dataset\train\mohinga\mohinga_644e071592f8.jpg,mohinga,Mohinga,Myanmar,train,224,224,,,,,6f50ac1bfea5,
train\mohinga\mohinga_65a5a609790a.jpg,D:\Machine Learning project\sea_food_dataset\train\mohinga\mohinga_65a5a609790a.jpg,mohinga,Mohinga,Myanmar,train,224,224,,,,,0cd9ea40aab4,
train\mohinga\mohinga_65f10093723a.jpg,D:\Machine Learning project\sea_food_dataset\train\mohinga\mohinga_65f10093723a.jpg,mohinga,Mohinga,Myanmar,train,224,224,,,,,33bcd434dde8,
train\mohinga\mohinga_65fead2e86e4.jpg,D:\Machine Learning project\sea_food_dataset\train\mohinga\mohinga_65fead2e86e4.jpg,mohinga,Mohinga,Myanmar,train,224,224,,,,,82088f44d98e,
train\mohinga\mohinga_660f320131c2.jpg,D:\Machine Learning project\sea_food_dataset\train\mohinga\mohinga_660f320131c2.jpg,mohinga,Mohinga,Myanmar,train,224,224,,,,,7d31c5668527,
train\mohinga\mohinga_67158ee6c459.jpg,D:\Machine Learning project\sea_food_dataset\train\mohinga\mohinga_67158ee6c459.jpg,mohinga,Mohinga,Myanmar,train,224,224,,,,,18fc33e3134e,
train\mohinga\mohinga_67446effec9d.jpg,D:\Machine Learning project\sea_food_dataset\train\mohinga\mohinga_67446effec9d.jpg,mohinga,Mohinga,Myanmar,train,224,224,,,,,7d32d0143545,
train\mohinga\mohinga_694e5bad0e71.jpg,D:\Machine Learning project\sea_food_dataset\train\mohinga\mohinga_694e5bad0e71.jpg,mohinga,Mohinga,Myanmar,train,224,224,,,,,0113c0872b31,
train\mohinga\mohinga_6a0b70dab591.jpg,D:\Machine Learning project\sea_food_dataset\train\mohinga\mohinga_6a0b70dab591.jpg,mohinga,Mohinga,Myanmar,train,224,224,,,,,e6a08dea3281,
train\mohinga\mohinga_6a2274534d11.jpg,D:\Machine Learning project\sea_food_dataset\train\mohinga\mohinga_6a2274534d11.jpg,mohinga,Mohinga,Myanmar,train,224,224,,,,,f49edefa7f2f,
train\mohinga\mohinga_6a5ec10c5f49.jpg,D:\Machine Learning project\sea_food_dataset\train\mohinga\mohinga_6a5ec10c5f49.jpg,mohinga,Mohinga,Myanmar,train,224,224,,,,,600ebde08e17,
train\mohinga\mohinga_6bce714c9e55.jpg,D:\Machine Learning project\sea_food_dataset\train\mohinga\mohinga_6bce714c9e55.jpg,mohinga,Mohinga,Myanmar,train,224,224,,,,,e159f9f48621,
train\mohinga\mohinga_6d2604d24fd1.jpg,D:\Machine Learning project\sea_food_dataset\train\mohinga\mohinga_6d2604d24fd1.jpg,mohinga,Mohinga,Myanmar,train,224,224,,,,,5a1c98d7ab8c,
train\mohinga\mohinga_6e6c3bc5f709.jpg,D:\Machine Learning project\sea_food_dataset\train\mohinga\mohinga_6e6c3bc5f709.jpg,mohinga,Mohinga,Myanmar,train,224,224,,,,,38be6690f0d2,
train\mohinga\mohinga_6e6eb156bf1f.jpg,D:\Machine Learning project\sea_food_dataset\train\mohinga\mohinga_6e6eb156bf1f.jpg,mohinga,Mohinga,Myanmar,train,224,224,,,,,43368c305c53,
train\mohinga\mohinga_6efcf9dd8544.jpg,D:\Machine Learning project\sea_food_dataset\train\mohinga\mohinga_6efcf9dd8544.jpg,mohinga,Mohinga,Myanmar,train,224,224,,,,,d8ea2e9e1206,
train\mohinga\mohinga_6fd0d797e758.jpg,D:\Machine Learning project\sea_food_dataset\train\mohinga\mohinga_6fd0d797e758.jpg,mohinga,Mohinga,Myanmar,train,224,224,,,,,8d968eb1a7c9,
train\mohinga\mohinga_6fda23b59a05.jpg,D:\Machine Learning project\sea_food_dataset\train\mohinga\mohinga_6fda23b59a05.jpg,mohinga,Mohinga,Myanmar,train,224,224,,,,,1ceba8bd3899,
train\mohinga\mohinga_70733cb181fb.jpg,D:\Machine Learning project\sea_food_dataset\train\mohinga\mohinga_70733cb181fb.jpg,mohinga,Mohinga,Myanmar,train,224,224,,,,,6eaa81ee3eff,
train\mohinga\mohinga_7095cc4c6a2e.jpg,D:\Machine Learning project\sea_food_dataset\train\mohinga\mohinga_7095cc4c6a2e.jpg,mohinga,Mohinga,Myanmar,train,224,224,,,,,86654c01b186,
train\mohinga\mohinga_709e373c66e2.jpg,D:\Machine Learning project\sea_food_dataset\train\mohinga\mohinga_709e373c66e2.jpg,mohinga,Mohinga,Myanmar,train,224,224,,,,,e4e148ae4119,
train\mohinga\mohinga_70f1a7f1f4ae.jpg,D:\Machine Learning project\sea_food_dataset\train\mohinga\mohinga_70f1a7f1f4ae.jpg,mohinga,Mohinga,Myanmar,train,224,224,,,,,6e8f83b014fc,
train\mohinga\mohinga_7119527325cd.jpg,D:\Machine Learning project\sea_food_dataset\train\mohinga\mohinga_7119527325cd.jpg,mohinga,Mohinga,Myanmar,train,224,224,,,,,1dace7f8c720,
train\mohinga\mohinga_71363bc60212.jpg,D:\Machine Learning project\sea_food_dataset\train\mohinga\mohinga_71363bc60212.jpg,mohinga,Mohinga,Myanmar,train,224,224,,,,,608447d9df62,
train\mohinga\mohinga_713ddbc28591.jpg,D:\Machine Learning project\sea_food_dataset\train\mohinga\mohinga_713ddbc28591.jpg,mohinga,Mohinga,Myanmar,train,224,224,,,,,e57b56de6036,
train\mohinga\mohinga_731c84bb50d4.jpg,D:\Machine Learning project\sea_food_dataset\train\mohinga\mohinga_731c84bb50d4.jpg,mohinga,Mohinga,Myanmar,train,224,224,,,,,7d73f3d36e47,
train\mohinga\mohinga_73dd05391dd0.jpg,D:\Machine Learning project\sea_food_dataset\train\mohinga\mohinga_73dd05391dd0.jpg,mohinga,Mohinga,Myanmar,train,224,224,,,,,601e5c209d0a,
train\mohinga\mohinga_741a67787134.jpg,D:\Machine Learning project\sea_food_dataset\train\mohinga\mohinga_741a67787134.jpg,mohinga,Mohinga,Myanmar,train,224,224,,,,,d965dd12b27e,
train\mohinga\mohinga_746d20450ca0.jpg,D:\Machine Learning project\sea_food_dataset\train\mohinga\mohinga_746d20450ca0.jpg,mohinga,Mohinga,Myanmar,train,224,224,,,,,012d69d02b76,
train\mohinga\mohinga_74d53f5a0451.jpg,D:\Machine Learning project\sea_food_dataset\train\mohinga\mohinga_74d53f5a0451.jpg,mohinga,Mohinga,Myanmar,train,224,224,,,,,01f09747f65c,
train\mohinga\mohinga_7520a390be22.jpg,D:\Machine Learning project\sea_food_dataset\train\mohinga\mohinga_7520a390be22.jpg,mohinga,Mohinga,Myanmar,train,224,224,,,,,c98584df8835,
train\mohinga\mohinga_7531858b4bc0.jpg,D:\Machine Learning project\sea_food_dataset\train\mohinga\mohinga_7531858b4bc0.jpg,mohinga,Mohinga,Myanmar,train,224,224,,,,,80e8e7f89e78,
train\mohinga\mohinga_7790afd1995d.jpg,D:\Machine Learning project\sea_food_dataset\train\mohinga\mohinga_7790afd1995d.jpg,mohinga,Mohinga,Myanmar,train,224,224,,,,,730ac2de4bb3,
train\mohinga\mohinga_7826f703dc20.jpg,D:\Machine Learning project\sea_food_dataset\train\mohinga\mohinga_7826f703dc20.jpg,mohinga,Mohinga,Myanmar,train,224,224,,,,,9663ec48a0dc,
train\mohinga\mohinga_79651fbda020.jpg,D:\Machine Learning project\sea_food_dataset\train\mohinga\mohinga_79651fbda020.jpg,mohinga,Mohinga,Myanmar,train,224,224,,,,,d55746f178fd,
train\mohinga\mohinga_79c00a4ac62c.jpg,D:\Machine Learning project\sea_food_dataset\train\mohinga\mohinga_79c00a4ac62c.jpg,mohinga,Mohinga,Myanmar,train,224,224,,,,,34615df8cb92,
train\mohinga\mohinga_79e71ecfd999.jpg,D:\Machine Learning project\sea_food_dataset\train\mohinga\mohinga_79e71ecfd999.jpg,mohinga,Mohinga,Myanmar,train,224,224,,,,,578e8a42f0b6,
train\mohinga\mohinga_7a9f04c94b3c.jpg,D:\Machine Learning project\sea_food_dataset\train\mohinga\mohinga_7a9f04c94b3c.jpg,mohinga,Mohinga,Myanmar,train,224,224,,,,,11cb5b6f8aa7,
train\mohinga\mohinga_7b0be37a68b8.jpg,D:\Machine Learning project\sea_food_dataset\train\mohinga\mohinga_7b0be37a68b8.jpg,mohinga,Mohinga,Myanmar,train,224,224,,,,,c4da797dd8e4,
train\mohinga\mohinga_7b15eef63be8.jpg,D:\Machine Learning project\sea_food_dataset\train\mohinga\mohinga_7b15eef63be8.jpg,mohinga,Mohinga,Myanmar,train,224,224,,,,,9c2d7f67e165,
train\mohinga\mohinga_7b5f8d40afe3.jpg,D:\Machine Learning project\sea_food_dataset\train\mohinga\mohinga_7b5f8d40afe3.jpg,mohinga,Mohinga,Myanmar,train,224,224,,,,,5a49bce1255b,
train\mohinga\mohinga_7c4f451394ea.jpg,D:\Machine Learning project\sea_food_dataset\train\mohinga\mohinga_7c4f451394ea.jpg,mohinga,Mohinga,Myanmar,train,224,224,,,,,bc8129a927c9,
train\mohinga\mohinga_7c6059556cd0.jpg,D:\Machine Learning project\sea_food_dataset\train\mohinga\mohinga_7c6059556cd0.jpg,mohinga,Mohinga,Myanmar,train,224,224,,,,,bcd78bac1ceb,
train\mohinga\mohinga_7ea7f61bffe8.jpg,D:\Machine Learning project\sea_food_dataset\train\mohinga\mohinga_7ea7f61bffe8.jpg,mohinga,Mohinga,Myanmar,train,224,224,,,,,c5643e0b6bf5,
train\mohinga\mohinga_7f004568d7ad.jpg,D:\Machine Learning project\sea_food_dataset\train\mohinga\mohinga_7f004568d7ad.jpg,mohinga,Mohinga,Myanmar,train,224,224,,,,,969df8144bac,
train\mohinga\mohinga_7f4442f62c44.jpg,D:\Machine Learning project\sea_food_dataset\train\mohinga\mohinga_7f4442f62c44.jpg,mohinga,Mohinga,Myanmar,train,224,224,,,,,fb57512672e3,
train\mohinga\mohinga_7f478df896cb.jpg,D:\Machine Learning project\sea_food_dataset\train\mohinga\mohinga_7f478df896cb.jpg,mohinga,Mohinga,Myanmar,train,224,224,,,,,d61ef44eb614,
train\mohinga\mohinga_7fd9f0289f32.jpg,D:\Machine Learning project\sea_food_dataset\train\mohinga\mohinga_7fd9f0289f32.jpg,mohinga,Mohinga,Myanmar,train,224,224,,,,,72119ab1a941,
train\mohinga\mohinga_800a34b1604e.jpg,D:\Machine Learning project\sea_food_dataset\train\mohinga\mohinga_800a34b1604e.jpg,mohinga,Mohinga,Myanmar,train,224,224,,,,,3c622c7ef56d,
train\mohinga\mohinga_81db1f2e4a8b.jpg,D:\Machine Learning project\sea_food_dataset\train\mohinga\mohinga_81db1f2e4a8b.jpg,mohinga,Mohinga,Myanmar,train,224,224,,,,,ac8fe17e5d52,
train\mohinga\mohinga_847cb80e341e.jpg,D:\Machine Learning project\sea_food_dataset\train\mohinga\mohinga_847cb80e341e.jpg,mohinga,Mohinga,Myanmar,train,224,224,,,,,05c5883ff88e,
train\mohinga\mohinga_85ff5074beb3.jpg,D:\Machine Learning project\sea_food_dataset\train\mohinga\mohinga_85ff5074beb3.jpg,mohinga,Mohinga,Myanmar,train,224,224,,,,,7023f692c254,
train\mohinga\mohinga_86dd6ebf461d.jpg,D:\Machine Learning project\sea_food_dataset\train\mohinga\mohinga_86dd6ebf461d.jpg,mohinga,Mohinga,Myanmar,train,224,224,,,,,248d249bb86e,
train\mohinga\mohinga_88078c5b0957.jpg,D:\Machine Learning project\sea_food_dataset\train\mohinga\mohinga_88078c5b0957.jpg,mohinga,Mohinga,Myanmar,train,224,224,,,,,869acd09cc64,
train\mohinga\mohinga_8914e745204a.jpg,D:\Machine Learning project\sea_food_dataset\train\mohinga\mohinga_8914e745204a.jpg,mohinga,Mohinga,Myanmar,train,224,224,,,,,41929b25ac0c,
train\mohinga\mohinga_892aa12d49a2.jpg,D:\Machine Learning project\sea_food_dataset\train\mohinga\mohinga_892aa12d49a2.jpg,mohinga,Mohinga,Myanmar,train,224,224,,,,,d8552d68187d,
train\mohinga\mohinga_89fecedf17cb.jpg,D:\Machine Learning project\sea_food_dataset\train\mohinga\mohinga_89fecedf17cb.jpg,mohinga,Mohinga,Myanmar,train,224,224,,,,,9c3ff0e9fd95,
train\mohinga\mohinga_8a07b179a07d.jpg,D:\Machine Learning project\sea_food_dataset\train\mohinga\mohinga_8a07b179a07d.jpg,mohinga,Mohinga,Myanmar,train,224,224,,,,,27e6f0c2ba2a,
train\mohinga\mohinga_8b0b3e0a1de3.jpg,D:\Machine Learning project\sea_food_dataset\train\mohinga\mohinga_8b0b3e0a1de3.jpg,mohinga,Mohinga,Myanmar,train,224,224,,,,,ab001f70c5fa,
train\mohinga\mohinga_8b5fcb4058c8.jpg,D:\Machine Learning project\sea_food_dataset\train\mohinga\mohinga_8b5fcb4058c8.jpg,mohinga,Mohinga,Myanmar,train,224,224,,,,,a2eb8ce20501,
train\mohinga\mohinga_8d8a8602193c.jpg,D:\Machine Learning project\sea_food_dataset\train\mohinga\mohinga_8d8a8602193c.jpg,mohinga,Mohinga,Myanmar,train,224,224,,,,,8b1f5cf969e0,
train\mohinga\mohinga_8d9ef911bf4a.jpg,D:\Machine Learning project\sea_food_dataset\train\mohinga\mohinga_8d9ef911bf4a.jpg,mohinga,Mohinga,Myanmar,train,224,224,,,,,d94d6e36b0bf,
train\mohinga\mohinga_913f315f9e74.jpg,D:\Machine Learning project\sea_food_dataset\train\mohinga\mohinga_913f315f9e74.jpg,mohinga,Mohinga,Myanmar,train,224,224,,,,,c250b98a7874,
train\mohinga\mohinga_923ad17ee884.jpg,D:\Machine Learning project\sea_food_dataset\train\mohinga\mohinga_923ad17ee884.jpg,mohinga,Mohinga,Myanmar,train,224,224,,,,,a995def76c23,
train\mohinga\mohinga_935f2e9f36f3.jpg,D:\Machine Learning project\sea_food_dataset\train\mohinga\mohinga_935f2e9f36f3.jpg,mohinga,Mohinga,Myanmar,train,224,224,,,,,bebe56941a86,
train\mohinga\mohinga_9399c0f08d4b.jpg,D:\Machine Learning project\sea_food_dataset\train\mohinga\mohinga_9399c0f08d4b.jpg,mohinga,Mohinga,Myanmar,train,224,224,,,,,d625389dc128,
train\mohinga\mohinga_947a6defb5b8.jpg,D:\Machine Learning project\sea_food_dataset\train\mohinga\mohinga_947a6defb5b8.jpg,mohinga,Mohinga,Myanmar,train,224,224,,,,,ea35dab8e8b6,
train\mohinga\mohinga_9561a64866c9.jpg,D:\Machine Learning project\sea_food_dataset\train\mohinga\mohinga_9561a64866c9.jpg,mohinga,Mohinga,Myanmar,train,224,224,,,,,5219d734ac2f,
train\mohinga\mohinga_97c56952d108.jpg,D:\Machine Learning project\sea_food_dataset\train\mohinga\mohinga_97c56952d108.jpg,mohinga,Mohinga,Myanmar,train,224,224,,,,,79807e76665c,
train\mohinga\mohinga_982da0b8b446.jpg,D:\Machine Learning project\sea_food_dataset\train\mohinga\mohinga_982da0b8b446.jpg,mohinga,Mohinga,Myanmar,train,224,224,,,,,b6520dc4814c,
train\mohinga\mohinga_98919e5ab7f7.jpg,D:\Machine Learning project\sea_food_dataset\train\mohinga\mohinga_98919e5ab7f7.jpg,mohinga,Mohinga,Myanmar,train,224,224,,,,,a663c23232d2,
train\mohinga\mohinga_996a81e877d5.jpg,D:\Machine Learning project\sea_food_dataset\train\mohinga\mohinga_996a81e877d5.jpg,mohinga,Mohinga,Myanmar,train,224,224,,,,,2fb0b08fe27b,
train\mohinga\mohinga_9a116cd59143.jpg,D:\Machine Learning project\sea_food_dataset\train\mohinga\mohinga_9a116cd59143.jpg,mohinga,Mohinga,Myanmar,train,224,224,,,,,85e532edf290,
train\mohinga\mohinga_9a8c3cfed94f.jpg,D:\Machine Learning project\sea_food_dataset\train\mohinga\mohinga_9a8c3cfed94f.jpg,mohinga,Mohinga,Myanmar,train,224,224,,,,,240392ac9309,
train\mohinga\mohinga_9aa71b458095.jpg,D:\Machine Learning project\sea_food_dataset\train\mohinga\mohinga_9aa71b458095.jpg,mohinga,Mohinga,Myanmar,train,224,224,,,,,36255617b7b0,
train\mohinga\mohinga_9bd7790efcf2.jpg,D:\Machine Learning project\sea_food_dataset\train\mohinga\mohinga_9bd7790efcf2.jpg,mohinga,Mohinga,Myanmar,train,224,224,,,,,67f22e9e6178,
train\mohinga\mohinga_9c0fc68e8761.jpg,D:\Machine Learning project\sea_food_dataset\train\mohinga\mohinga_9c0fc68e8761.jpg,mohinga,Mohinga,Myanmar,train,224,224,,,,,34a1dc2e6e1c,
train\mohinga\mohinga_9c625fd4e3ee.jpg,D:\Machine Learning project\sea_food_dataset\train\mohinga\mohinga_9c625fd4e3ee.jpg,mohinga,Mohinga,Myanmar,train,224,224,,,,,60686cb55cbc,
train\mohinga\mohinga_9d26978ca564.jpg,D:\Machine Learning project\sea_food_dataset\train\mohinga\mohinga_9d26978ca564.jpg,mohinga,Mohinga,Myanmar,train,224,224,,,,,a92c6ff8f3e1,
train\mohinga\mohinga_9e54a829120c.jpg,D:\Machine Learning project\sea_food_dataset\train\mohinga\mohinga_9e54a829120c.jpg,mohinga,Mohinga,Myanmar,train,224,224,,,,,2eb18a044f2c,
train\mohinga\mohinga_9e65680fba4b.jpg,D:\Machine Learning project\sea_food_dataset\train\mohinga\mohinga_9e65680fba4b.jpg,mohinga,Mohinga,Myanmar,train,224,224,,,,,10e1feeb2e77,
train\mohinga\mohinga_9e71a6bc101c.jpg,D:\Machine Learning project\sea_food_dataset\train\mohinga\mohinga_9e71a6bc101c.jpg,mohinga,Mohinga,Myanmar,train,224,224,,,,,edb1efcd631a,
train\mohinga\mohinga_9edad63ed347.jpg,D:\Machine Learning project\sea_food_dataset\train\mohinga\mohinga_9edad63ed347.jpg,mohinga,Mohinga,Myanmar,train,224,224,,,,,eba3cffb3413,
train\mohinga\mohinga_9f68344abf3e.jpg,D:\Machine Learning project\sea_food_dataset\train\mohinga\mohinga_9f68344abf3e.jpg,mohinga,Mohinga,Myanmar,train,224,224,,,,,0ad0660ac35b,
train\mohinga\mohinga_9f96d0cf393d.jpg,D:\Machine Learning project\sea_food_dataset\train\mohinga\mohinga_9f96d0cf393d.jpg,mohinga,Mohinga,Myanmar,train,224,224,,,,,f9a2f4d2104a,
train\mohinga\mohinga_a0be3be16dd4.jpg,D:\Machine Learning project\sea_food_dataset\train\mohinga\mohinga_a0be3be16dd4.jpg,mohinga,Mohinga,Myanmar,train,224,224,,,,,f31f86d6529a,
train\mohinga\mohinga_a2297799f8dc.jpg,D:\Machine Learning project\sea_food_dataset\train\mohinga\mohinga_a2297799f8dc.jpg,mohinga,Mohinga,Myanmar,train,224,224,,,,,9fddfb057720,
train\mohinga\mohinga_a29458702915.jpg,D:\Machine Learning project\sea_food_dataset\train\mohinga\mohinga_a29458702915.jpg,mohinga,Mohinga,Myanmar,train,224,224,,,,,4e3ced2909bf,
train\mohinga\mohinga_a296b7cabfed.jpg,D:\Machine Learning project\sea_food_dataset\train\mohinga\mohinga_a296b7cabfed.jpg,mohinga,Mohinga,Myanmar,train,224,224,,,,,57e3ad3f7db5,
train\mohinga\mohinga_a48969cdaee6.jpg,D:\Machine Learning project\sea_food_dataset\train\mohinga\mohinga_a48969cdaee6.jpg,mohinga,Mohinga,Myanmar,train,224,224,,,,,b41a0fe4a913,
train\mohinga\mohinga_a4cf05c25726.jpg,D:\Machine Learning project\sea_food_dataset\train\mohinga\mohinga_a4cf05c25726.jpg,mohinga,Mohinga,Myanmar,train,224,224,,,,,fc763e5cd9b6,
train\mohinga\mohinga_a51b3e716b35.jpg,D:\Machine Learning project\sea_food_dataset\train\mohinga\mohinga_a51b3e716b35.jpg,mohinga,Mohinga,Myanmar,train,224,224,,,,,5fc0233ad8ed,
train\mohinga\mohinga_a57daf05b5ac.jpg,D:\Machine Learning project\sea_food_dataset\train\mohinga\mohinga_a57daf05b5ac.jpg,mohinga,Mohinga,Myanmar,train,224,224,,,,,1f795452ad34,
train\mohinga\mohinga_a61e1e8df1bb.jpg,D:\Machine Learning project\sea_food_dataset\train\mohinga\mohinga_a61e1e8df1bb.jpg,mohinga,Mohinga,Myanmar,train,224,224,,,,,96b1c001f84a,
train\mohinga\mohinga_a694643355c7.jpg,D:\Machine Learning project\sea_food_dataset\train\mohinga\mohinga_a694643355c7.jpg,mohinga,Mohinga,Myanmar,train,224,224,,,,,672bcf482087,
train\mohinga\mohinga_a8310f518b9e.jpg,D:\Machine Learning project\sea_food_dataset\train\mohinga\mohinga_a8310f518b9e.jpg,mohinga,Mohinga,Myanmar,train,224,224,,,,,0095c4ce7ce7,
train\mohinga\mohinga_a8346ef00f69.jpg,D:\Machine Learning project\sea_food_dataset\train\mohinga\mohinga_a8346ef00f69.jpg,mohinga,Mohinga,Myanmar,train,224,224,,,,,6b862194bcf7,
train\mohinga\mohinga_a8608dfcb598.jpg,D:\Machine Learning project\sea_food_dataset\train\mohinga\mohinga_a8608dfcb598.jpg,mohinga,Mohinga,Myanmar,train,224,224,,,,,34f1e41c1592,
train\mohinga\mohinga_a990f5099a6f.jpg,D:\Machine Learning project\sea_food_dataset\train\mohinga\mohinga_a990f5099a6f.jpg,mohinga,Mohinga,Myanmar,train,224,224,,,,,e30549983284,
train\mohinga\mohinga_aa0f38298893.jpg,D:\Machine Learning project\sea_food_dataset\train\mohinga\mohinga_aa0f38298893.jpg,mohinga,Mohinga,Myanmar,train,224,224,,,,,f888618019cc,
train\mohinga\mohinga_aa8aea9c3fec.jpg,D:\Machine Learning project\sea_food_dataset\train\mohinga\mohinga_aa8aea9c3fec.jpg,mohinga,Mohinga,Myanmar,train,224,224,,,,,7c26b027d61f,
train\mohinga\mohinga_ab11efc07272.jpg,D:\Machine Learning project\sea_food_dataset\train\mohinga\mohinga_ab11efc07272.jpg,mohinga,Mohinga,Myanmar,train,224,224,,,,,f0bff76fdddd,
train\mohinga\mohinga_ab3d2f263eef.jpg,D:\Machine Learning project\sea_food_dataset\train\mohinga\mohinga_ab3d2f263eef.jpg,mohinga,Mohinga,Myanmar,train,224,224,,,,,6946813a4151,
train\mohinga\mohinga_abeeaa9ecbbb.jpg,D:\Machine Learning project\sea_food_dataset\train\mohinga\mohinga_abeeaa9ecbbb.jpg,mohinga,Mohinga,Myanmar,train,224,224,,,,,e5077992c441,
train\mohinga\mohinga_adba92e89112.jpg,D:\Machine Learning project\sea_food_dataset\train\mohinga\mohinga_adba92e89112.jpg,mohinga,Mohinga,Myanmar,train,224,224,,,,,119cfa2834c5,
train\mohinga\mohinga_ae0933fb7546.jpg,D:\Machine Learning project\sea_food_dataset\train\mohinga\mohinga_ae0933fb7546.jpg,mohinga,Mohinga,Myanmar,train,224,224,,,,,193a87ff3a58,
train\mohinga\mohinga_aee76a4b178d.jpg,D:\Machine Learning project\sea_food_dataset\train\mohinga\mohinga_aee76a4b178d.jpg,mohinga,Mohinga,Myanmar,train,224,224,,,,,b08861cbb992,
train\mohinga\mohinga_af03430b136b.jpg,D:\Machine Learning project\sea_food_dataset\train\mohinga\mohinga_af03430b136b.jpg,mohinga,Mohinga,Myanmar,train,224,224,,,,,837d95503fd8,
train\mohinga\mohinga_af054a29c6fc.jpg,D:\Machine Learning project\sea_food_dataset\train\mohinga\mohinga_af054a29c6fc.jpg,mohinga,Mohinga,Myanmar,train,224,224,,,,,00ace9a3cca6,
train\mohinga\mohinga_af235a5198a9.jpg,D:\Machine Learning project\sea_food_dataset\train\mohinga\mohinga_af235a5198a9.jpg,mohinga,Mohinga,Myanmar,train,224,224,,,,,58adbd51efbd,
train\mohinga\mohinga_b0a55f152c5a.jpg,D:\Machine Learning project\sea_food_dataset\train\mohinga\mohinga_b0a55f152c5a.jpg,mohinga,Mohinga,Myanmar,train,224,224,,,,,559e4c6fa4f3,
train\mohinga\mohinga_b17241dadf7f.jpg,D:\Machine Learning project\sea_food_dataset\train\mohinga\mohinga_b17241dadf7f.jpg,mohinga,Mohinga,Myanmar,train,224,224,,,,,735b3d8cf54d,
train\mohinga\mohinga_b336c649eb42.jpg,D:\Machine Learning project\sea_food_dataset\train\mohinga\mohinga_b336c649eb42.jpg,mohinga,Mohinga,Myanmar,train,224,224,,,,,859ee91124da,
train\mohinga\mohinga_b4524e45ccaa.jpg,D:\Machine Learning project\sea_food_dataset\train\mohinga\mohinga_b4524e45ccaa.jpg,mohinga,Mohinga,Myanmar,train,224,224,,,,,494566cd2a2d,
train\mohinga\mohinga_b614fb936d36.jpg,D:\Machine Learning project\sea_food_dataset\train\mohinga\mohinga_b614fb936d36.jpg,mohinga,Mohinga,Myanmar,train,224,224,,,,,faaed5f961e5,
train\mohinga\mohinga_b8b3b362e30c.jpg,D:\Machine Learning project\sea_food_dataset\train\mohinga\mohinga_b8b3b362e30c.jpg,mohinga,Mohinga,Myanmar,train,224,224,,,,,c00f6d41eb40,
train\mohinga\mohinga_b9469c19870e.jpg,D:\Machine Learning project\sea_food_dataset\train\mohinga\mohinga_b9469c19870e.jpg,mohinga,Mohinga,Myanmar,train,224,224,,,,,e918caff029b,
train\mohinga\mohinga_ba74224898f1.jpg,D:\Machine Learning project\sea_food_dataset\train\mohinga\mohinga_ba74224898f1.jpg,mohinga,Mohinga,Myanmar,train,224,224,,,,,21f518da5158,
train\mohinga\mohinga_bb1d50af8931.jpg,D:\Machine Learning project\sea_food_dataset\train\mohinga\mohinga_bb1d50af8931.jpg,mohinga,Mohinga,Myanmar,train,224,224,,,,,7cd2efa12bcf,
train\mohinga\mohinga_bc53fa669cda.jpg,D:\Machine Learning project\sea_food_dataset\train\mohinga\mohinga_bc53fa669cda.jpg,mohinga,Mohinga,Myanmar,train,224,224,,,,,f329a25488a1,
train\mohinga\mohinga_bccfbc2941ee.jpg,D:\Machine Learning project\sea_food_dataset\train\mohinga\mohinga_bccfbc2941ee.jpg,mohinga,Mohinga,Myanmar,train,224,224,,,,,c8d122201614,
train\mohinga\mohinga_bdc9c5cd7162.jpg,D:\Machine Learning project\sea_food_dataset\train\mohinga\mohinga_bdc9c5cd7162.jpg,mohinga,Mohinga,Myanmar,train,224,224,,,,,22ece80e8a9c,
train\mohinga\mohinga_bdff0e612848.jpg,D:\Machine Learning project\sea_food_dataset\train\mohinga\mohinga_bdff0e612848.jpg,mohinga,Mohinga,Myanmar,train,224,224,,,,,e4f0aed88c3e,
train\mohinga\mohinga_be825be1535d.jpg,D:\Machine Learning project\sea_food_dataset\train\mohinga\mohinga_be825be1535d.jpg,mohinga,Mohinga,Myanmar,train,224,224,,,,,898829c21879,
train\mohinga\mohinga_bf072123d8e4.jpg,D:\Machine Learning project\sea_food_dataset\train\mohinga\mohinga_bf072123d8e4.jpg,mohinga,Mohinga,Myanmar,train,224,224,,,,,2af2ed58ef0d,
train\mohinga\mohinga_c1c650c90abf.jpg,D:\Machine Learning project\sea_food_dataset\train\mohinga\mohinga_c1c650c90abf.jpg,mohinga,Mohinga,Myanmar,train,224,224,,,,,f30ff830b4ed,
train\mohinga\mohinga_c1cb796fa9e3.jpg,D:\Machine Learning project\sea_food_dataset\train\mohinga\mohinga_c1cb796fa9e3.jpg,mohinga,Mohinga,Myanmar,train,224,224,,,,,3cecc4aad9f7,
train\mohinga\mohinga_c21d26fed86e.jpg,D:\Machine Learning project\sea_food_dataset\train\mohinga\mohinga_c21d26fed86e.jpg,mohinga,Mohinga,Myanmar,train,224,224,,,,,b3d94bd62e9a,
train\mohinga\mohinga_c26dfd0a2ee3.jpg,D:\Machine Learning project\sea_food_dataset\train\mohinga\mohinga_c26dfd0a2ee3.jpg,mohinga,Mohinga,Myanmar,train,224,224,,,,,524ca7eab177,
train\mohinga\mohinga_c275b579e89f.jpg,D:\Machine Learning project\sea_food_dataset\train\mohinga\mohinga_c275b579e89f.jpg,mohinga,Mohinga,Myanmar,train,224,224,,,,,f984fdd9a86f,
train\mohinga\mohinga_c2c0430290b1.jpg,D:\Machine Learning project\sea_food_dataset\train\mohinga\mohinga_c2c0430290b1.jpg,mohinga,Mohinga,Myanmar,train,224,224,,,,,b8c3e23fe6cb,
train\mohinga\mohinga_c3751ea976a6.jpg,D:\Machine Learning project\sea_food_dataset\train\mohinga\mohinga_c3751ea976a6.jpg,mohinga,Mohinga,Myanmar,train,224,224,,,,,4860a6ccecdc,
train\mohinga\mohinga_c6435f6264c8.jpg,D:\Machine Learning project\sea_food_dataset\train\mohinga\mohinga_c6435f6264c8.jpg,mohinga,Mohinga,Myanmar,train,224,224,,,,,06d9cfd09a6f,
train\mohinga\mohinga_c67a73933d87.jpg,D:\Machine Learning project\sea_food_dataset\train\mohinga\mohinga_c67a73933d87.jpg,mohinga,Mohinga,Myanmar,train,224,224,,,,,53bc2768e4f7,
train\mohinga\mohinga_c7d000fa62db.jpg,D:\Machine Learning project\sea_food_dataset\train\mohinga\mohinga_c7d000fa62db.jpg,mohinga,Mohinga,Myanmar,train,224,224,,,,,97fded2b8ee0,
train\mohinga\mohinga_c9b9935e6a9f.jpg,D:\Machine Learning project\sea_food_dataset\train\mohinga\mohinga_c9b9935e6a9f.jpg,mohinga,Mohinga,Myanmar,train,224,224,,,,,c8502ee91f0c,
train\mohinga\mohinga_ca119f1fe15c.jpg,D:\Machine Learning project\sea_food_dataset\train\mohinga\mohinga_ca119f1fe15c.jpg,mohinga,Mohinga,Myanmar,train,224,224,,,,,07f0079bf0f2,
train\mohinga\mohinga_cb7f6e5515aa.jpg,D:\Machine Learning project\sea_food_dataset\train\mohinga\mohinga_cb7f6e5515aa.jpg,mohinga,Mohinga,Myanmar,train,224,224,,,,,2ddcbfafef23,
train\mohinga\mohinga_cb8b007d7027.jpg,D:\Machine Learning project\sea_food_dataset\train\mohinga\mohinga_cb8b007d7027.jpg,mohinga,Mohinga,Myanmar,train,224,224,,,,,3e31bab4e9ce,
train\mohinga\mohinga_cc6a16cac0fa.jpg,D:\Machine Learning project\sea_food_dataset\train\mohinga\mohinga_cc6a16cac0fa.jpg,mohinga,Mohinga,Myanmar,train,224,224,,,,,3476e0001ce5,
train\mohinga\mohinga_cce877620b70.jpg,D:\Machine Learning project\sea_food_dataset\train\mohinga\mohinga_cce877620b70.jpg,mohinga,Mohinga,Myanmar,train,224,224,,,,,76b464d20843,
train\mohinga\mohinga_cd551c6a058f.jpg,D:\Machine Learning project\sea_food_dataset\train\mohinga\mohinga_cd551c6a058f.jpg,mohinga,Mohinga,Myanmar,train,224,224,,,,,0f2b37ad83cb,
train\mohinga\mohinga_ce5898231665.jpg,D:\Machine Learning project\sea_food_dataset\train\mohinga\mohinga_ce5898231665.jpg,mohinga,Mohinga,Myanmar,train,224,224,,,,,c393b5862a05,
train\mohinga\mohinga_ce5ac13eba83.jpg,D:\Machine Learning project\sea_food_dataset\train\mohinga\mohinga_ce5ac13eba83.jpg,mohinga,Mohinga,Myanmar,train,224,224,,,,,d7c6a7e1c749,
train\mohinga\mohinga_d0e3e7dc4fda.jpg,D:\Machine Learning project\sea_food_dataset\train\mohinga\mohinga_d0e3e7dc4fda.jpg,mohinga,Mohinga,Myanmar,train,224,224,,,,,e6df7d3e0d9d,
train\mohinga\mohinga_d125c616ff2e.jpg,D:\Machine Learning project\sea_food_dataset\train\mohinga\mohinga_d125c616ff2e.jpg,mohinga,Mohinga,Myanmar,train,224,224,,,,,370e55a00766,
train\mohinga\mohinga_d12f1fe2eb0d.jpg,D:\Machine Learning project\sea_food_dataset\train\mohinga\mohinga_d12f1fe2eb0d.jpg,mohinga,Mohinga,Myanmar,train,224,224,,,,,146d04f15829,
train\mohinga\mohinga_d15b79f00686.jpg,D:\Machine Learning project\sea_food_dataset\train\mohinga\mohinga_d15b79f00686.jpg,mohinga,Mohinga,Myanmar,train,224,224,,,,,15f8f18f3c5a,
train\mohinga\mohinga_d39cb78432b0.jpg,D:\Machine Learning project\sea_food_dataset\train\mohinga\mohinga_d39cb78432b0.jpg,mohinga,Mohinga,Myanmar,train,224,224,,,,,96786363cfb9,
train\mohinga\mohinga_d3ba8aca3f79.jpg,D:\Machine Learning project\sea_food_dataset\train\mohinga\mohinga_d3ba8aca3f79.jpg,mohinga,Mohinga,Myanmar,train,224,224,,,,,b5a31df163fb,
train\mohinga\mohinga_d46e72ff6f93.jpg,D:\Machine Learning project\sea_food_dataset\train\mohinga\mohinga_d46e72ff6f93.jpg,mohinga,Mohinga,Myanmar,train,224,224,,,,,3d17e8d6976f,
train\mohinga\mohinga_d48eb9f35c10.jpg,D:\Machine Learning project\sea_food_dataset\train\mohinga\mohinga_d48eb9f35c10.jpg,mohinga,Mohinga,Myanmar,train,224,224,,,,,7c186f286aed,
train\mohinga\mohinga_d4b9d26883dc.jpg,D:\Machine Learning project\sea_food_dataset\train\mohinga\mohinga_d4b9d26883dc.jpg,mohinga,Mohinga,Myanmar,train,224,224,,,,,b594727d751b,
train\mohinga\mohinga_d4f1486e2d3a.jpg,D:\Machine Learning project\sea_food_dataset\train\mohinga\mohinga_d4f1486e2d3a.jpg,mohinga,Mohinga,Myanmar,train,224,224,,,,,f10aa2de64ae,
train\mohinga\mohinga_d5276d8b785d.jpg,D:\Machine Learning project\sea_food_dataset\train\mohinga\mohinga_d5276d8b785d.jpg,mohinga,Mohinga,Myanmar,train,224,224,,,,,bb7bfb9cc3ee,
train\mohinga\mohinga_d6118256c960.jpg,D:\Machine Learning project\sea_food_dataset\train\mohinga\mohinga_d6118256c960.jpg,mohinga,Mohinga,Myanmar,train,224,224,,,,,2f768b857d54,
train\mohinga\mohinga_d66864946828.jpg,D:\Machine Learning project\sea_food_dataset\train\mohinga\mohinga_d66864946828.jpg,mohinga,Mohinga,Myanmar,train,224,224,,,,,3315ac28f98a,
train\mohinga\mohinga_d6ac3433ca0c.jpg,D:\Machine Learning project\sea_food_dataset\train\mohinga\mohinga_d6ac3433ca0c.jpg,mohinga,Mohinga,Myanmar,train,224,224,,,,,6aaa954a5104,
train\mohinga\mohinga_d76f323c86c6.jpg,D:\Machine Learning project\sea_food_dataset\train\mohinga\mohinga_d76f323c86c6.jpg,mohinga,Mohinga,Myanmar,train,224,224,,,,,cd92e257fe69,
train\mohinga\mohinga_d79d061b330c.jpg,D:\Machine Learning project\sea_food_dataset\train\mohinga\mohinga_d79d061b330c.jpg,mohinga,Mohinga,Myanmar,train,224,224,,,,,43f72b3dd974,
train\mohinga\mohinga_d93bb9131f77.jpg,D:\Machine Learning project\sea_food_dataset\train\mohinga\mohinga_d93bb9131f77.jpg,mohinga,Mohinga,Myanmar,train,224,224,,,,,7dda681f7528,
train\mohinga\mohinga_d9d77e7f2698.jpg,D:\Machine Learning project\sea_food_dataset\train\mohinga\mohinga_d9d77e7f2698.jpg,mohinga,Mohinga,Myanmar,train,224,224,,,,,9c9002508d05,
train\mohinga\mohinga_d9f8fc51439a.jpg,D:\Machine Learning project\sea_food_dataset\train\mohinga\mohinga_d9f8fc51439a.jpg,mohinga,Mohinga,Myanmar,train,224,224,,,,,e8db25f65ab2,
train\mohinga\mohinga_dcbcf6ec1c8f.jpg,D:\Machine Learning project\sea_food_dataset\train\mohinga\mohinga_dcbcf6ec1c8f.jpg,mohinga,Mohinga,Myanmar,train,224,224,,,,,e7c15fb468ce,
train\mohinga\mohinga_dd2f3ab4dedf.jpg,D:\Machine Learning project\sea_food_dataset\train\mohinga\mohinga_dd2f3ab4dedf.jpg,mohinga,Mohinga,Myanmar,train,224,224,,,,,1d2da7d4d9df,
train\mohinga\mohinga_de13fede0d97.jpg,D:\Machine Learning project\sea_food_dataset\train\mohinga\mohinga_de13fede0d97.jpg,mohinga,Mohinga,Myanmar,train,224,224,,,,,3e6f4acc4171,
train\mohinga\mohinga_de63f74c41b0.jpg,D:\Machine Learning project\sea_food_dataset\train\mohinga\mohinga_de63f74c41b0.jpg,mohinga,Mohinga,Myanmar,train,224,224,,,,,784ce02fe2d4,
train\mohinga\mohinga_df4d048cbf25.jpg,D:\Machine Learning project\sea_food_dataset\train\mohinga\mohinga_df4d048cbf25.jpg,mohinga,Mohinga,Myanmar,train,224,224,,,,,f50dcca330ac,
train\mohinga\mohinga_e1dc9506ce18.jpg,D:\Machine Learning project\sea_food_dataset\train\mohinga\mohinga_e1dc9506ce18.jpg,mohinga,Mohinga,Myanmar,train,224,224,,,,,a83abca2e641,
train\mohinga\mohinga_e2130aed175a.jpg,D:\Machine Learning project\sea_food_dataset\train\mohinga\mohinga_e2130aed175a.jpg,mohinga,Mohinga,Myanmar,train,224,224,,,,,23ed856b331b,
train\mohinga\mohinga_e28a799a849b.jpg,D:\Machine Learning project\sea_food_dataset\train\mohinga\mohinga_e28a799a849b.jpg,mohinga,Mohinga,Myanmar,train,224,224,,,,,638d7d6bfb4a,
train\mohinga\mohinga_e29ef24d6424.jpg,D:\Machine Learning project\sea_food_dataset\train\mohinga\mohinga_e29ef24d6424.jpg,mohinga,Mohinga,Myanmar,train,224,224,,,,,2d0dd334590c,
train\mohinga\mohinga_e418bf6ba17d.jpg,D:\Machine Learning project\sea_food_dataset\train\mohinga\mohinga_e418bf6ba17d.jpg,mohinga,Mohinga,Myanmar,train,224,224,,,,,29c59d0ba4c4,
train\mohinga\mohinga_e4271524973a.jpg,D:\Machine Learning project\sea_food_dataset\train\mohinga\mohinga_e4271524973a.jpg,mohinga,Mohinga,Myanmar,train,224,224,,,,,2ae335ca813c,
train\mohinga\mohinga_e49f00cb7240.jpg,D:\Machine Learning project\sea_food_dataset\train\mohinga\mohinga_e49f00cb7240.jpg,mohinga,Mohinga,Myanmar,train,224,224,,,,,6386e238e9d5,
train\mohinga\mohinga_e4af3ab374d5.jpg,D:\Machine Learning project\sea_food_dataset\train\mohinga\mohinga_e4af3ab374d5.jpg,mohinga,Mohinga,Myanmar,train,224,224,,,,,ad2e01f136bc,
train\mohinga\mohinga_e4e779f9a666.jpg,D:\Machine Learning project\sea_food_dataset\train\mohinga\mohinga_e4e779f9a666.jpg,mohinga,Mohinga,Myanmar,train,224,224,,,,,2c3f3b2ca884,
train\mohinga\mohinga_e566debdbc67.jpg,D:\Machine Learning project\sea_food_dataset\train\mohinga\mohinga_e566debdbc67.jpg,mohinga,Mohinga,Myanmar,train,224,224,,,,,25ae52617960,
train\mohinga\mohinga_e5ae73f236bc.jpg,D:\Machine Learning project\sea_food_dataset\train\mohinga\mohinga_e5ae73f236bc.jpg,mohinga,Mohinga,Myanmar,train,224,224,,,,,d9e7d74dd9b9,
train\mohinga\mohinga_e5dd1d94f754.jpg,D:\Machine Learning project\sea_food_dataset\train\mohinga\mohinga_e5dd1d94f754.jpg,mohinga,Mohinga,Myanmar,train,224,224,,,,,51f83e254124,
train\mohinga\mohinga_e66e46039f16.jpg,D:\Machine Learning project\sea_food_dataset\train\mohinga\mohinga_e66e46039f16.jpg,mohinga,Mohinga,Myanmar,train,224,224,,,,,eab934cd98d2,
train\mohinga\mohinga_e75a93bddf3f.jpg,D:\Machine Learning project\sea_food_dataset\train\mohinga\mohinga_e75a93bddf3f.jpg,mohinga,Mohinga,Myanmar,train,224,224,,,,,305dacb3c228,
train\mohinga\mohinga_e956b6db0d03.jpg,D:\Machine Learning project\sea_food_dataset\train\mohinga\mohinga_e956b6db0d03.jpg,mohinga,Mohinga,Myanmar,train,224,224,,,,,1f3c55c26a35,
train\mohinga\mohinga_eb567e30687b.jpg,D:\Machine Learning project\sea_food_dataset\train\mohinga\mohinga_eb567e30687b.jpg,mohinga,Mohinga,Myanmar,train,224,224,,,,,2bb0dfde5146,
train\mohinga\mohinga_ebd93b478ac3.jpg,D:\Machine Learning project\sea_food_dataset\train\mohinga\mohinga_ebd93b478ac3.jpg,mohinga,Mohinga,Myanmar,train,224,224,,,,,aa21e41a9343,
train\mohinga\mohinga_ecb4cd868c70.jpg,D:\Machine Learning project\sea_food_dataset\train\mohinga\mohinga_ecb4cd868c70.jpg,mohinga,Mohinga,Myanmar,train,224,224,,,,,2b3892576dfd,
train\mohinga\mohinga_ee123c093dc3.jpg,D:\Machine Learning project\sea_food_dataset\train\mohinga\mohinga_ee123c093dc3.jpg,mohinga,Mohinga,Myanmar,train,224,224,,,,,cd9693c289c5,
train\mohinga\mohinga_efddad902c6e.jpg,D:\Machine Learning project\sea_food_dataset\train\mohinga\mohinga_efddad902c6e.jpg,mohinga,Mohinga,Myanmar,train,224,224,,,,,157ac6e72fca,
train\mohinga\mohinga_f230827f1889.jpg,D:\Machine Learning project\sea_food_dataset\train\mohinga\mohinga_f230827f1889.jpg,mohinga,Mohinga,Myanmar,train,224,224,,,,,24e231cb2f5a,
train\mohinga\mohinga_f2fa3ae93578.jpg,D:\Machine Learning project\sea_food_dataset\train\mohinga\mohinga_f2fa3ae93578.jpg,mohinga,Mohinga,Myanmar,train,224,224,,,,,5fab46021a47,
train\mohinga\mohinga_f3625521d420.jpg,D:\Machine Learning project\sea_food_dataset\train\mohinga\mohinga_f3625521d420.jpg,mohinga,Mohinga,Myanmar,train,224,224,,,,,37137ef541cb,
train\mohinga\mohinga_f3af5c308e65.jpg,D:\Machine Learning project\sea_food_dataset\train\mohinga\mohinga_f3af5c308e65.jpg,mohinga,Mohinga,Myanmar,train,224,224,,,,,aa8922c68ab9,
train\mohinga\mohinga_f5e93a2554fb.jpg,D:\Machine Learning project\sea_food_dataset\train\mohinga\mohinga_f5e93a2554fb.jpg,mohinga,Mohinga,Myanmar,train,224,224,,,,,a9465a997c34,
train\mohinga\mohinga_f6aba21117b7.jpg,D:\Machine Learning project\sea_food_dataset\train\mohinga\mohinga_f6aba21117b7.jpg,mohinga,Mohinga,Myanmar,train,224,224,,,,,fe08673d2d9a,
train\mohinga\mohinga_f6d83aaaf7ed.jpg,D:\Machine Learning project\sea_food_dataset\train\mohinga\mohinga_f6d83aaaf7ed.jpg,mohinga,Mohinga,Myanmar,train,224,224,,,,,072c48cda5b6,
train\mohinga\mohinga_f8c1bedd5ec8.jpg,D:\Machine Learning project\sea_food_dataset\train\mohinga\mohinga_f8c1bedd5ec8.jpg,mohinga,Mohinga,Myanmar,train,224,224,,,,,ed76906a1dc6,
train\mohinga\mohinga_f99e9bf47ea6.jpg,D:\Machine Learning project\sea_food_dataset\train\mohinga\mohinga_f99e9bf47ea6.jpg,mohinga,Mohinga,Myanmar,train,224,224,,,,,ecaac2e1bebf,
train\mohinga\mohinga_fa08f38615e5.jpg,D:\Machine Learning project\sea_food_dataset\train\mohinga\mohinga_fa08f38615e5.jpg,mohinga,Mohinga,Myanmar,train,224,224,,,,,e7e1434abd6c,
train\mohinga\mohinga_fbea1915ceda.jpg,D:\Machine Learning project\sea_food_dataset\train\mohinga\mohinga_fbea1915ceda.jpg,mohinga,Mohinga,Myanmar,train,224,224,,,,,7e7e53cbbd23,
train\mohinga\mohinga_fe00ec5b8b9f.jpg,D:\Machine Learning project\sea_food_dataset\train\mohinga\mohinga_fe00ec5b8b9f.jpg,mohinga,Mohinga,Myanmar,train,224,224,,,,,c6362fb9545d,
train\nasi_goreng\nasi_goreng_000ef8830103.jpg,D:\Machine Learning project\sea_food_dataset\train\nasi_goreng\nasi_goreng_000ef8830103.jpg,nasi_goreng,Nasi Goreng,Indonesia,train,224,224,,,,,323688aa56ee,
train\nasi_goreng\nasi_goreng_001074807de2.jpg,D:\Machine Learning project\sea_food_dataset\train\nasi_goreng\nasi_goreng_001074807de2.jpg,nasi_goreng,Nasi Goreng,Indonesia,train,224,224,,,,,e642f569d635,
train\nasi_goreng\nasi_goreng_0052d939b09e.jpg,D:\Machine Learning project\sea_food_dataset\train\nasi_goreng\nasi_goreng_0052d939b09e.jpg,nasi_goreng,Nasi Goreng,Indonesia,train,224,224,,,,,6e5d5e6d6829,
train\nasi_goreng\nasi_goreng_012f36d288b9.jpg,D:\Machine Learning project\sea_food_dataset\train\nasi_goreng\nasi_goreng_012f36d288b9.jpg,nasi_goreng,Nasi Goreng,Indonesia,train,224,224,,,,,2f05cca56522,
train\nasi_goreng\nasi_goreng_01b491805e7e.jpg,D:\Machine Learning project\sea_food_dataset\train\nasi_goreng\nasi_goreng_01b491805e7e.jpg,nasi_goreng,Nasi Goreng,Indonesia,train,224,224,,,,,375133760fa2,
train\nasi_goreng\nasi_goreng_028a774fefd5.jpg,D:\Machine Learning project\sea_food_dataset\train\nasi_goreng\nasi_goreng_028a774fefd5.jpg,nasi_goreng,Nasi Goreng,Indonesia,train,224,224,,,,,a421dc015c88,
train\nasi_goreng\nasi_goreng_02f4358333ff.jpg,D:\Machine Learning project\sea_food_dataset\train\nasi_goreng\nasi_goreng_02f4358333ff.jpg,nasi_goreng,Nasi Goreng,Indonesia,train,224,224,,,,,44dc6797b055,
train\nasi_goreng\nasi_goreng_031ec407cd1e.jpg,D:\Machine Learning project\sea_food_dataset\train\nasi_goreng\nasi_goreng_031ec407cd1e.jpg,nasi_goreng,Nasi Goreng,Indonesia,train,224,224,,,,,f13397a8b31f,
train\nasi_goreng\nasi_goreng_04139c610aec.jpg,D:\Machine Learning project\sea_food_dataset\train\nasi_goreng\nasi_goreng_04139c610aec.jpg,nasi_goreng,Nasi Goreng,Indonesia,train,224,224,,,,,cc3c94768759,
train\nasi_goreng\nasi_goreng_042109a4d75f.jpg,D:\Machine Learning project\sea_food_dataset\train\nasi_goreng\nasi_goreng_042109a4d75f.jpg,nasi_goreng,Nasi Goreng,Indonesia,train,224,224,,,,,354c9158992d,
train\nasi_goreng\nasi_goreng_0586d46ccd5e.jpg,D:\Machine Learning project\sea_food_dataset\train\nasi_goreng\nasi_goreng_0586d46ccd5e.jpg,nasi_goreng,Nasi Goreng,Indonesia,train,224,224,,,,,7ced64969d2b,
train\nasi_goreng\nasi_goreng_0720717efe4f.jpg,D:\Machine Learning project\sea_food_dataset\train\nasi_goreng\nasi_goreng_0720717efe4f.jpg,nasi_goreng,Nasi Goreng,Indonesia,train,224,224,,,,,179f59b65335,
train\nasi_goreng\nasi_goreng_086073b75245.jpg,D:\Machine Learning project\sea_food_dataset\train\nasi_goreng\nasi_goreng_086073b75245.jpg,nasi_goreng,Nasi Goreng,Indonesia,train,224,224,,,,,fdf064aeab6c,
train\nasi_goreng\nasi_goreng_09f21f25c772.jpg,D:\Machine Learning project\sea_food_dataset\train\nasi_goreng\nasi_goreng_09f21f25c772.jpg,nasi_goreng,Nasi Goreng,Indonesia,train,224,224,,,,,6c0f144bbb4f,
train\nasi_goreng\nasi_goreng_0b1e0d950f42.jpg,D:\Machine Learning project\sea_food_dataset\train\nasi_goreng\nasi_goreng_0b1e0d950f42.jpg,nasi_goreng,Nasi Goreng,Indonesia,train,224,224,,,,,6d4d12afe75e,
train\nasi_goreng\nasi_goreng_0b59f8b583f9.jpg,D:\Machine Learning project\sea_food_dataset\train\nasi_goreng\nasi_goreng_0b59f8b583f9.jpg,nasi_goreng,Nasi Goreng,Indonesia,train,224,224,,,,,6a3fd09badaf,
train\nasi_goreng\nasi_goreng_0b7da3f59dc5.jpg,D:\Machine Learning project\sea_food_dataset\train\nasi_goreng\nasi_goreng_0b7da3f59dc5.jpg,nasi_goreng,Nasi Goreng,Indonesia,train,224,224,,,,,71a75484a29e,
train\nasi_goreng\nasi_goreng_0c4f458deeca.jpg,D:\Machine Learning project\sea_food_dataset\train\nasi_goreng\nasi_goreng_0c4f458deeca.jpg,nasi_goreng,Nasi Goreng,Indonesia,train,224,224,,,,,1bbe97e13321,
train\nasi_goreng\nasi_goreng_0d46495b7914.jpg,D:\Machine Learning project\sea_food_dataset\train\nasi_goreng\nasi_goreng_0d46495b7914.jpg,nasi_goreng,Nasi Goreng,Indonesia,train,224,224,,,,,76734847b763,
train\nasi_goreng\nasi_goreng_0dbaa2da06ad.jpg,D:\Machine Learning project\sea_food_dataset\train\nasi_goreng\nasi_goreng_0dbaa2da06ad.jpg,nasi_goreng,Nasi Goreng,Indonesia,train,224,224,,,,,6ae6f652d835,
train\nasi_goreng\nasi_goreng_0ddad0d2ce6b.jpg,D:\Machine Learning project\sea_food_dataset\train\nasi_goreng\nasi_goreng_0ddad0d2ce6b.jpg,nasi_goreng,Nasi Goreng,Indonesia,train,224,224,,,,,099f4ad8352c,
train\nasi_goreng\nasi_goreng_0e5b5f7ceb12.jpg,D:\Machine Learning project\sea_food_dataset\train\nasi_goreng\nasi_goreng_0e5b5f7ceb12.jpg,nasi_goreng,Nasi Goreng,Indonesia,train,224,224,,,,,c3938cf6bb31,
train\nasi_goreng\nasi_goreng_0f3c19fa08f0.jpg,D:\Machine Learning project\sea_food_dataset\train\nasi_goreng\nasi_goreng_0f3c19fa08f0.jpg,nasi_goreng,Nasi Goreng,Indonesia,train,224,224,,,,,9d071fc332a0,
train\nasi_goreng\nasi_goreng_0fa7e34c2de4.jpg,D:\Machine Learning project\sea_food_dataset\train\nasi_goreng\nasi_goreng_0fa7e34c2de4.jpg,nasi_goreng,Nasi Goreng,Indonesia,train,224,224,,,,,e493d1e88967,
train\nasi_goreng\nasi_goreng_10e66972fad7.jpg,D:\Machine Learning project\sea_food_dataset\train\nasi_goreng\nasi_goreng_10e66972fad7.jpg,nasi_goreng,Nasi Goreng,Indonesia,train,224,224,,,,,95bcc61b5c4d,
train\nasi_goreng\nasi_goreng_121af609dd8d.jpg,D:\Machine Learning project\sea_food_dataset\train\nasi_goreng\nasi_goreng_121af609dd8d.jpg,nasi_goreng,Nasi Goreng,Indonesia,train,224,224,,,,,5b30dfdf80d2,
train\nasi_goreng\nasi_goreng_1237cf75fa9b.jpg,D:\Machine Learning project\sea_food_dataset\train\nasi_goreng\nasi_goreng_1237cf75fa9b.jpg,nasi_goreng,Nasi Goreng,Indonesia,train,224,224,,,,,5350b94eac10,
train\nasi_goreng\nasi_goreng_139082d0877e.jpg,D:\Machine Learning project\sea_food_dataset\train\nasi_goreng\nasi_goreng_139082d0877e.jpg,nasi_goreng,Nasi Goreng,Indonesia,train,224,224,,,,,4393900bb40c,
train\nasi_goreng\nasi_goreng_14665d05bdcb.jpg,D:\Machine Learning project\sea_food_dataset\train\nasi_goreng\nasi_goreng_14665d05bdcb.jpg,nasi_goreng,Nasi Goreng,Indonesia,train,224,224,,,,,9dca3a6d3c55,
train\nasi_goreng\nasi_goreng_14c8a6118d2f.jpg,D:\Machine Learning project\sea_food_dataset\train\nasi_goreng\nasi_goreng_14c8a6118d2f.jpg,nasi_goreng,Nasi Goreng,Indonesia,train,224,224,,,,,59fe4a9aaad8,
train\nasi_goreng\nasi_goreng_14cad1ee6f23.jpg,D:\Machine Learning project\sea_food_dataset\train\nasi_goreng\nasi_goreng_14cad1ee6f23.jpg,nasi_goreng,Nasi Goreng,Indonesia,train,224,224,,,,,483371edaea6,
train\nasi_goreng\nasi_goreng_150bbeb97ce4.jpg,D:\Machine Learning project\sea_food_dataset\train\nasi_goreng\nasi_goreng_150bbeb97ce4.jpg,nasi_goreng,Nasi Goreng,Indonesia,train,224,224,,,,,4121f96fff82,
train\nasi_goreng\nasi_goreng_171a1a36db1b.jpg,D:\Machine Learning project\sea_food_dataset\train\nasi_goreng\nasi_goreng_171a1a36db1b.jpg,nasi_goreng,Nasi Goreng,Indonesia,train,224,224,,,,,07d7147d05ee,
train\nasi_goreng\nasi_goreng_1809dcdebe22.jpg,D:\Machine Learning project\sea_food_dataset\train\nasi_goreng\nasi_goreng_1809dcdebe22.jpg,nasi_goreng,Nasi Goreng,Indonesia,train,224,224,,,,,16776067eae2,
train\nasi_goreng\nasi_goreng_1842bd07585d.jpg,D:\Machine Learning project\sea_food_dataset\train\nasi_goreng\nasi_goreng_1842bd07585d.jpg,nasi_goreng,Nasi Goreng,Indonesia,train,224,224,,,,,fadfe29cf41c,
train\nasi_goreng\nasi_goreng_1a7d1e931fe1.jpg,D:\Machine Learning project\sea_food_dataset\train\nasi_goreng\nasi_goreng_1a7d1e931fe1.jpg,nasi_goreng,Nasi Goreng,Indonesia,train,224,224,,,,,742e37b2c4cc,
train\nasi_goreng\nasi_goreng_1b5859b9260c.jpg,D:\Machine Learning project\sea_food_dataset\train\nasi_goreng\nasi_goreng_1b5859b9260c.jpg,nasi_goreng,Nasi Goreng,Indonesia,train,224,224,,,,,f8dca6af03fe,
train\nasi_goreng\nasi_goreng_1caa525e65b6.jpg,D:\Machine Learning project\sea_food_dataset\train\nasi_goreng\nasi_goreng_1caa525e65b6.jpg,nasi_goreng,Nasi Goreng,Indonesia,train,224,224,,,,,0ef9e4c99dd6,
train\nasi_goreng\nasi_goreng_1d32fc1a1a01.jpg,D:\Machine Learning project\sea_food_dataset\train\nasi_goreng\nasi_goreng_1d32fc1a1a01.jpg,nasi_goreng,Nasi Goreng,Indonesia,train,224,224,,,,,56018e86a0d6,
train\nasi_goreng\nasi_goreng_1ec38c0607a5.jpg,D:\Machine Learning project\sea_food_dataset\train\nasi_goreng\nasi_goreng_1ec38c0607a5.jpg,nasi_goreng,Nasi Goreng,Indonesia,train,224,224,,,,,a9f70c90c54a,
train\nasi_goreng\nasi_goreng_203cf001c7f2.jpg,D:\Machine Learning project\sea_food_dataset\train\nasi_goreng\nasi_goreng_203cf001c7f2.jpg,nasi_goreng,Nasi Goreng,Indonesia,train,224,224,,,,,6d7240fcb9e5,
train\nasi_goreng\nasi_goreng_208f429eff77.jpg,D:\Machine Learning project\sea_food_dataset\train\nasi_goreng\nasi_goreng_208f429eff77.jpg,nasi_goreng,Nasi Goreng,Indonesia,train,224,224,,,,,3338c3038b02,
train\nasi_goreng\nasi_goreng_214baeb6d889.jpg,D:\Machine Learning project\sea_food_dataset\train\nasi_goreng\nasi_goreng_214baeb6d889.jpg,nasi_goreng,Nasi Goreng,Indonesia,train,224,224,,,,,bf4bb48e7ba0,
train\nasi_goreng\nasi_goreng_21bd1c217ce4.jpg,D:\Machine Learning project\sea_food_dataset\train\nasi_goreng\nasi_goreng_21bd1c217ce4.jpg,nasi_goreng,Nasi Goreng,Indonesia,train,224,224,,,,,fb28005c2d4f,
train\nasi_goreng\nasi_goreng_225b15185786.jpg,D:\Machine Learning project\sea_food_dataset\train\nasi_goreng\nasi_goreng_225b15185786.jpg,nasi_goreng,Nasi Goreng,Indonesia,train,224,224,,,,,bb049567cf94,
train\nasi_goreng\nasi_goreng_23cec4579ec1.jpg,D:\Machine Learning project\sea_food_dataset\train\nasi_goreng\nasi_goreng_23cec4579ec1.jpg,nasi_goreng,Nasi Goreng,Indonesia,train,224,224,,,,,665065714843,
train\nasi_goreng\nasi_goreng_24734c033129.jpg,D:\Machine Learning project\sea_food_dataset\train\nasi_goreng\nasi_goreng_24734c033129.jpg,nasi_goreng,Nasi Goreng,Indonesia,train,224,224,,,,,14fa9a26b367,
train\nasi_goreng\nasi_goreng_24883f8fab13.jpg,D:\Machine Learning project\sea_food_dataset\train\nasi_goreng\nasi_goreng_24883f8fab13.jpg,nasi_goreng,Nasi Goreng,Indonesia,train,224,224,,,,,1d3198f05b39,
train\nasi_goreng\nasi_goreng_264d8c733dfa.jpg,D:\Machine Learning project\sea_food_dataset\train\nasi_goreng\nasi_goreng_264d8c733dfa.jpg,nasi_goreng,Nasi Goreng,Indonesia,train,224,224,,,,,c68b59c74c7e,
train\nasi_goreng\nasi_goreng_27581e14d8ec.jpg,D:\Machine Learning project\sea_food_dataset\train\nasi_goreng\nasi_goreng_27581e14d8ec.jpg,nasi_goreng,Nasi Goreng,Indonesia,train,224,224,,,,,1d3445f67161,
train\nasi_goreng\nasi_goreng_27a0f3a20ecc.jpg,D:\Machine Learning project\sea_food_dataset\train\nasi_goreng\nasi_goreng_27a0f3a20ecc.jpg,nasi_goreng,Nasi Goreng,Indonesia,train,224,224,,,,,c57e6b3c6473,
train\nasi_goreng\nasi_goreng_282b49e222ea.jpg,D:\Machine Learning project\sea_food_dataset\train\nasi_goreng\nasi_goreng_282b49e222ea.jpg,nasi_goreng,Nasi Goreng,Indonesia,train,224,224,,,,,13a2c084646a,
train\nasi_goreng\nasi_goreng_29cf42537fdd.jpg,D:\Machine Learning project\sea_food_dataset\train\nasi_goreng\nasi_goreng_29cf42537fdd.jpg,nasi_goreng,Nasi Goreng,Indonesia,train,224,224,,,,,4ffcda1acaf6,
train\nasi_goreng\nasi_goreng_29ebf9d2e087.jpg,D:\Machine Learning project\sea_food_dataset\train\nasi_goreng\nasi_goreng_29ebf9d2e087.jpg,nasi_goreng,Nasi Goreng,Indonesia,train,224,224,,,,,073e6e5747a8,
train\nasi_goreng\nasi_goreng_2c665a7863eb.jpg,D:\Machine Learning project\sea_food_dataset\train\nasi_goreng\nasi_goreng_2c665a7863eb.jpg,nasi_goreng,Nasi Goreng,Indonesia,train,224,224,,,,,2b8448f100e7,
train\nasi_goreng\nasi_goreng_2ec42e1cd7ca.jpg,D:\Machine Learning project\sea_food_dataset\train\nasi_goreng\nasi_goreng_2ec42e1cd7ca.jpg,nasi_goreng,Nasi Goreng,Indonesia,train,224,224,,,,,17e8d55fc23a,
train\nasi_goreng\nasi_goreng_2ef520706d1f.jpg,D:\Machine Learning project\sea_food_dataset\train\nasi_goreng\nasi_goreng_2ef520706d1f.jpg,nasi_goreng,Nasi Goreng,Indonesia,train,224,224,,,,,b1dd6c2d196d,
train\nasi_goreng\nasi_goreng_2fa418986b7a.jpg,D:\Machine Learning project\sea_food_dataset\train\nasi_goreng\nasi_goreng_2fa418986b7a.jpg,nasi_goreng,Nasi Goreng,Indonesia,train,224,224,,,,,bb1fee2114eb,
train\nasi_goreng\nasi_goreng_3038d3b96169.jpg,D:\Machine Learning project\sea_food_dataset\train\nasi_goreng\nasi_goreng_3038d3b96169.jpg,nasi_goreng,Nasi Goreng,Indonesia,train,224,224,,,,,4b981e54bdc1,
train\nasi_goreng\nasi_goreng_30a2c16a916f.jpg,D:\Machine Learning project\sea_food_dataset\train\nasi_goreng\nasi_goreng_30a2c16a916f.jpg,nasi_goreng,Nasi Goreng,Indonesia,train,224,224,,,,,3d07a0dcdfca,
train\nasi_goreng\nasi_goreng_30af30893d68.jpg,D:\Machine Learning project\sea_food_dataset\train\nasi_goreng\nasi_goreng_30af30893d68.jpg,nasi_goreng,Nasi Goreng,Indonesia,train,224,224,,,,,89526cf88d78,
train\nasi_goreng\nasi_goreng_30b96da8b0d8.jpg,D:\Machine Learning project\sea_food_dataset\train\nasi_goreng\nasi_goreng_30b96da8b0d8.jpg,nasi_goreng,Nasi Goreng,Indonesia,train,224,224,,,,,c4d9209a69b4,
train\nasi_goreng\nasi_goreng_3130d69f34da.jpg,D:\Machine Learning project\sea_food_dataset\train\nasi_goreng\nasi_goreng_3130d69f34da.jpg,nasi_goreng,Nasi Goreng,Indonesia,train,224,224,,,,,ae15b2b247a1,
train\nasi_goreng\nasi_goreng_3233ed462861.jpg,D:\Machine Learning project\sea_food_dataset\train\nasi_goreng\nasi_goreng_3233ed462861.jpg,nasi_goreng,Nasi Goreng,Indonesia,train,224,224,,,,,569f6d779326,
train\nasi_goreng\nasi_goreng_35caa346ef05.jpg,D:\Machine Learning project\sea_food_dataset\train\nasi_goreng\nasi_goreng_35caa346ef05.jpg,nasi_goreng,Nasi Goreng,Indonesia,train,224,224,,,,,92cdc8667500,
train\nasi_goreng\nasi_goreng_37476c9f2d47.jpg,D:\Machine Learning project\sea_food_dataset\train\nasi_goreng\nasi_goreng_37476c9f2d47.jpg,nasi_goreng,Nasi Goreng,Indonesia,train,224,224,,,,,8ad1fa64325a,
train\nasi_goreng\nasi_goreng_37689cebad11.jpg,D:\Machine Learning project\sea_food_dataset\train\nasi_goreng\nasi_goreng_37689cebad11.jpg,nasi_goreng,Nasi Goreng,Indonesia,train,224,224,,,,,77aadca9a6f0,
train\nasi_goreng\nasi_goreng_37c6176ce427.jpg,D:\Machine Learning project\sea_food_dataset\train\nasi_goreng\nasi_goreng_37c6176ce427.jpg,nasi_goreng,Nasi Goreng,Indonesia,train,224,224,,,,,8606aebc083f,
train\nasi_goreng\nasi_goreng_37c8475fad55.jpg,D:\Machine Learning project\sea_food_dataset\train\nasi_goreng\nasi_goreng_37c8475fad55.jpg,nasi_goreng,Nasi Goreng,Indonesia,train,224,224,,,,,9351c87f9978,
train\nasi_goreng\nasi_goreng_37f4fc86a616.jpg,D:\Machine Learning project\sea_food_dataset\train\nasi_goreng\nasi_goreng_37f4fc86a616.jpg,nasi_goreng,Nasi Goreng,Indonesia,train,224,224,,,,,059ba22a399b,
train\nasi_goreng\nasi_goreng_38088b53ac5c.jpg,D:\Machine Learning project\sea_food_dataset\train\nasi_goreng\nasi_goreng_38088b53ac5c.jpg,nasi_goreng,Nasi Goreng,Indonesia,train,224,224,,,,,8debc69971d2,
train\nasi_goreng\nasi_goreng_3844ba5a38c8.jpg,D:\Machine Learning project\sea_food_dataset\train\nasi_goreng\nasi_goreng_3844ba5a38c8.jpg,nasi_goreng,Nasi Goreng,Indonesia,train,224,224,,,,,93b625afb7d0,
train\nasi_goreng\nasi_goreng_39273c57678d.jpg,D:\Machine Learning project\sea_food_dataset\train\nasi_goreng\nasi_goreng_39273c57678d.jpg,nasi_goreng,Nasi Goreng,Indonesia,train,224,224,,,,,bb13d722ffe7,
train\nasi_goreng\nasi_goreng_39370ae09be1.jpg,D:\Machine Learning project\sea_food_dataset\train\nasi_goreng\nasi_goreng_39370ae09be1.jpg,nasi_goreng,Nasi Goreng,Indonesia,train,224,224,,,,,403b8f7222b4,
train\nasi_goreng\nasi_goreng_394804b765ed.jpg,D:\Machine Learning project\sea_food_dataset\train\nasi_goreng\nasi_goreng_394804b765ed.jpg,nasi_goreng,Nasi Goreng,Indonesia,train,224,224,,,,,d9b13cc95212,
train\nasi_goreng\nasi_goreng_397fe1e1f3d5.jpg,D:\Machine Learning project\sea_food_dataset\train\nasi_goreng\nasi_goreng_397fe1e1f3d5.jpg,nasi_goreng,Nasi Goreng,Indonesia,train,224,224,,,,,2bd061483831,
train\nasi_goreng\nasi_goreng_3a124576e4e0.jpg,D:\Machine Learning project\sea_food_dataset\train\nasi_goreng\nasi_goreng_3a124576e4e0.jpg,nasi_goreng,Nasi Goreng,Indonesia,train,224,224,,,,,620bd455dbf4,
train\nasi_goreng\nasi_goreng_3a825e3879ca.jpg,D:\Machine Learning project\sea_food_dataset\train\nasi_goreng\nasi_goreng_3a825e3879ca.jpg,nasi_goreng,Nasi Goreng,Indonesia,train,224,224,,,,,946ac8973820,
train\nasi_goreng\nasi_goreng_3bcec98b5927.jpg,D:\Machine Learning project\sea_food_dataset\train\nasi_goreng\nasi_goreng_3bcec98b5927.jpg,nasi_goreng,Nasi Goreng,Indonesia,train,224,224,,,,,1faa972587ae,
train\nasi_goreng\nasi_goreng_3c097820819a.jpg,D:\Machine Learning project\sea_food_dataset\train\nasi_goreng\nasi_goreng_3c097820819a.jpg,nasi_goreng,Nasi Goreng,Indonesia,train,224,224,,,,,bf17b2a2b3d2,
train\nasi_goreng\nasi_goreng_3d3de2d8218c.jpg,D:\Machine Learning project\sea_food_dataset\train\nasi_goreng\nasi_goreng_3d3de2d8218c.jpg,nasi_goreng,Nasi Goreng,Indonesia,train,224,224,,,,,a2887b95ebda,
train\nasi_goreng\nasi_goreng_3e25f754e0c1.jpg,D:\Machine Learning project\sea_food_dataset\train\nasi_goreng\nasi_goreng_3e25f754e0c1.jpg,nasi_goreng,Nasi Goreng,Indonesia,train,224,224,,,,,309a1b9fb202,
train\nasi_goreng\nasi_goreng_3e9e3637e122.jpg,D:\Machine Learning project\sea_food_dataset\train\nasi_goreng\nasi_goreng_3e9e3637e122.jpg,nasi_goreng,Nasi Goreng,Indonesia,train,224,224,,,,,7d1262af0c41,
train\nasi_goreng\nasi_goreng_3ea3d0a55e46.jpg,D:\Machine Learning project\sea_food_dataset\train\nasi_goreng\nasi_goreng_3ea3d0a55e46.jpg,nasi_goreng,Nasi Goreng,Indonesia,train,224,224,,,,,f503509ff3b3,
train\nasi_goreng\nasi_goreng_40f0d023696b.jpg,D:\Machine Learning project\sea_food_dataset\train\nasi_goreng\nasi_goreng_40f0d023696b.jpg,nasi_goreng,Nasi Goreng,Indonesia,train,224,224,,,,,1fededf50b0c,
train\nasi_goreng\nasi_goreng_40fb5163f2ce.jpg,D:\Machine Learning project\sea_food_dataset\train\nasi_goreng\nasi_goreng_40fb5163f2ce.jpg,nasi_goreng,Nasi Goreng,Indonesia,train,224,224,,,,,aeecba304a61,
train\nasi_goreng\nasi_goreng_41f1373da6a2.jpg,D:\Machine Learning project\sea_food_dataset\train\nasi_goreng\nasi_goreng_41f1373da6a2.jpg,nasi_goreng,Nasi Goreng,Indonesia,train,224,224,,,,,78f9c7b7c00a,
train\nasi_goreng\nasi_goreng_425d9e1edf16.jpg,D:\Machine Learning project\sea_food_dataset\train\nasi_goreng\nasi_goreng_425d9e1edf16.jpg,nasi_goreng,Nasi Goreng,Indonesia,train,224,224,,,,,b9c4e52365b9,
train\nasi_goreng\nasi_goreng_457f32e27df5.jpg,D:\Machine Learning project\sea_food_dataset\train\nasi_goreng\nasi_goreng_457f32e27df5.jpg,nasi_goreng,Nasi Goreng,Indonesia,train,224,224,,,,,38c41b3a56b9,
train\nasi_goreng\nasi_goreng_45f2fd4973ad.jpg,D:\Machine Learning project\sea_food_dataset\train\nasi_goreng\nasi_goreng_45f2fd4973ad.jpg,nasi_goreng,Nasi Goreng,Indonesia,train,224,224,,,,,eec746c4f944,
train\nasi_goreng\nasi_goreng_478d5d3e9be1.jpg,D:\Machine Learning project\sea_food_dataset\train\nasi_goreng\nasi_goreng_478d5d3e9be1.jpg,nasi_goreng,Nasi Goreng,Indonesia,train,224,224,,,,,13c2f0542ac7,
train\nasi_goreng\nasi_goreng_4838ac5fcee3.jpg,D:\Machine Learning project\sea_food_dataset\train\nasi_goreng\nasi_goreng_4838ac5fcee3.jpg,nasi_goreng,Nasi Goreng,Indonesia,train,224,224,,,,,7eaf2867212b,
train\nasi_goreng\nasi_goreng_494cd8875ce1.jpg,D:\Machine Learning project\sea_food_dataset\train\nasi_goreng\nasi_goreng_494cd8875ce1.jpg,nasi_goreng,Nasi Goreng,Indonesia,train,224,224,,,,,1aff30ecc8d4,
train\nasi_goreng\nasi_goreng_49927b4b8084.jpg,D:\Machine Learning project\sea_food_dataset\train\nasi_goreng\nasi_goreng_49927b4b8084.jpg,nasi_goreng,Nasi Goreng,Indonesia,train,224,224,,,,,efb9a4e89a39,
train\nasi_goreng\nasi_goreng_49f3f9c920cd.jpg,D:\Machine Learning project\sea_food_dataset\train\nasi_goreng\nasi_goreng_49f3f9c920cd.jpg,nasi_goreng,Nasi Goreng,Indonesia,train,224,224,,,,,6fbafa666e45,
train\nasi_goreng\nasi_goreng_4bd07cdb30aa.jpg,D:\Machine Learning project\sea_food_dataset\train\nasi_goreng\nasi_goreng_4bd07cdb30aa.jpg,nasi_goreng,Nasi Goreng,Indonesia,train,224,224,,,,,29664f88415e,
train\nasi_goreng\nasi_goreng_4c2eb50d1129.jpg,D:\Machine Learning project\sea_food_dataset\train\nasi_goreng\nasi_goreng_4c2eb50d1129.jpg,nasi_goreng,Nasi Goreng,Indonesia,train,224,224,,,,,73c8c5827710,
train\nasi_goreng\nasi_goreng_4c63df625a47.jpg,D:\Machine Learning project\sea_food_dataset\train\nasi_goreng\nasi_goreng_4c63df625a47.jpg,nasi_goreng,Nasi Goreng,Indonesia,train,224,224,,,,,13bb3c604267,
train\nasi_goreng\nasi_goreng_4d7c8b679029.jpg,D:\Machine Learning project\sea_food_dataset\train\nasi_goreng\nasi_goreng_4d7c8b679029.jpg,nasi_goreng,Nasi Goreng,Indonesia,train,224,224,,,,,108ed09b63e8,
train\nasi_goreng\nasi_goreng_4d9058bc0c43.jpg,D:\Machine Learning project\sea_food_dataset\train\nasi_goreng\nasi_goreng_4d9058bc0c43.jpg,nasi_goreng,Nasi Goreng,Indonesia,train,224,224,,,,,74ac202b0d4f,
train\nasi_goreng\nasi_goreng_4e01a9e8bb78.jpg,D:\Machine Learning project\sea_food_dataset\train\nasi_goreng\nasi_goreng_4e01a9e8bb78.jpg,nasi_goreng,Nasi Goreng,Indonesia,train,224,224,,,,,c9cffae4be2f,
train\nasi_goreng\nasi_goreng_4e9aa0994ef7.jpg,D:\Machine Learning project\sea_food_dataset\train\nasi_goreng\nasi_goreng_4e9aa0994ef7.jpg,nasi_goreng,Nasi Goreng,Indonesia,train,224,224,,,,,4d401c604995,
train\nasi_goreng\nasi_goreng_4ebd22922ea0.jpg,D:\Machine Learning project\sea_food_dataset\train\nasi_goreng\nasi_goreng_4ebd22922ea0.jpg,nasi_goreng,Nasi Goreng,Indonesia,train,224,224,,,,,586c2b55e1f6,
train\nasi_goreng\nasi_goreng_4efed28f3b80.jpg,D:\Machine Learning project\sea_food_dataset\train\nasi_goreng\nasi_goreng_4efed28f3b80.jpg,nasi_goreng,Nasi Goreng,Indonesia,train,224,224,,,,,69bd634673a4,
train\nasi_goreng\nasi_goreng_4f27a1563bbb.jpg,D:\Machine Learning project\sea_food_dataset\train\nasi_goreng\nasi_goreng_4f27a1563bbb.jpg,nasi_goreng,Nasi Goreng,Indonesia,train,224,224,,,,,a4e69bcfeb2d,
train\nasi_goreng\nasi_goreng_4fe97727736e.jpg,D:\Machine Learning project\sea_food_dataset\train\nasi_goreng\nasi_goreng_4fe97727736e.jpg,nasi_goreng,Nasi Goreng,Indonesia,train,224,224,,,,,d56906428451,
train\nasi_goreng\nasi_goreng_509b10137a23.jpg,D:\Machine Learning project\sea_food_dataset\train\nasi_goreng\nasi_goreng_509b10137a23.jpg,nasi_goreng,Nasi Goreng,Indonesia,train,224,224,,,,,200bd54e4b67,
train\nasi_goreng\nasi_goreng_50d0baaf2cdc.jpg,D:\Machine Learning project\sea_food_dataset\train\nasi_goreng\nasi_goreng_50d0baaf2cdc.jpg,nasi_goreng,Nasi Goreng,Indonesia,train,224,224,,,,,6350a44f24ec,
train\nasi_goreng\nasi_goreng_51cd19d64360.jpg,D:\Machine Learning project\sea_food_dataset\train\nasi_goreng\nasi_goreng_51cd19d64360.jpg,nasi_goreng,Nasi Goreng,Indonesia,train,224,224,,,,,59d1ba693f9c,
train\nasi_goreng\nasi_goreng_52b4cf057c4d.jpg,D:\Machine Learning project\sea_food_dataset\train\nasi_goreng\nasi_goreng_52b4cf057c4d.jpg,nasi_goreng,Nasi Goreng,Indonesia,train,224,224,,,,,34c37f8679b9,
train\nasi_goreng\nasi_goreng_5320688b269e.jpg,D:\Machine Learning project\sea_food_dataset\train\nasi_goreng\nasi_goreng_5320688b269e.jpg,nasi_goreng,Nasi Goreng,Indonesia,train,224,224,,,,,d0401af9643c,
train\nasi_goreng\nasi_goreng_53e32513f7eb.jpg,D:\Machine Learning project\sea_food_dataset\train\nasi_goreng\nasi_goreng_53e32513f7eb.jpg,nasi_goreng,Nasi Goreng,Indonesia,train,224,224,,,,,9ee83a07b6cc,
train\nasi_goreng\nasi_goreng_54cf8af613cc.jpg,D:\Machine Learning project\sea_food_dataset\train\nasi_goreng\nasi_goreng_54cf8af613cc.jpg,nasi_goreng,Nasi Goreng,Indonesia,train,224,224,,,,,7a648b5f4876,
train\nasi_goreng\nasi_goreng_552d1774ba0f.jpg,D:\Machine Learning project\sea_food_dataset\train\nasi_goreng\nasi_goreng_552d1774ba0f.jpg,nasi_goreng,Nasi Goreng,Indonesia,train,224,224,,,,,d093eb41c9da,
train\nasi_goreng\nasi_goreng_55d6ea0d2639.jpg,D:\Machine Learning project\sea_food_dataset\train\nasi_goreng\nasi_goreng_55d6ea0d2639.jpg,nasi_goreng,Nasi Goreng,Indonesia,train,224,224,,,,,e560fd387a10,
train\nasi_goreng\nasi_goreng_5602e776ccb5.jpg,D:\Machine Learning project\sea_food_dataset\train\nasi_goreng\nasi_goreng_5602e776ccb5.jpg,nasi_goreng,Nasi Goreng,Indonesia,train,224,224,,,,,5ac8c72b0ef6,
train\nasi_goreng\nasi_goreng_564626abfb0c.jpg,D:\Machine Learning project\sea_food_dataset\train\nasi_goreng\nasi_goreng_564626abfb0c.jpg,nasi_goreng,Nasi Goreng,Indonesia,train,224,224,,,,,df3f81046721,
train\nasi_goreng\nasi_goreng_5762a3dd92e8.jpg,D:\Machine Learning project\sea_food_dataset\train\nasi_goreng\nasi_goreng_5762a3dd92e8.jpg,nasi_goreng,Nasi Goreng,Indonesia,train,224,224,,,,,d4db21f223ff,
train\nasi_goreng\nasi_goreng_57c67c1eb1db.jpg,D:\Machine Learning project\sea_food_dataset\train\nasi_goreng\nasi_goreng_57c67c1eb1db.jpg,nasi_goreng,Nasi Goreng,Indonesia,train,224,224,,,,,7bca2f01bbef,
train\nasi_goreng\nasi_goreng_57f58a5a66cf.jpg,D:\Machine Learning project\sea_food_dataset\train\nasi_goreng\nasi_goreng_57f58a5a66cf.jpg,nasi_goreng,Nasi Goreng,Indonesia,train,224,224,,,,,b176882d5200,
train\nasi_goreng\nasi_goreng_584079e1b4e8.jpg,D:\Machine Learning project\sea_food_dataset\train\nasi_goreng\nasi_goreng_584079e1b4e8.jpg,nasi_goreng,Nasi Goreng,Indonesia,train,224,224,,,,,9e1d0f9cd7e9,
train\nasi_goreng\nasi_goreng_5a32cfaf73ab.jpg,D:\Machine Learning project\sea_food_dataset\train\nasi_goreng\nasi_goreng_5a32cfaf73ab.jpg,nasi_goreng,Nasi Goreng,Indonesia,train,224,224,,,,,cebfd275d3e5,
train\nasi_goreng\nasi_goreng_5ac6bff825e9.jpg,D:\Machine Learning project\sea_food_dataset\train\nasi_goreng\nasi_goreng_5ac6bff825e9.jpg,nasi_goreng,Nasi Goreng,Indonesia,train,224,224,,,,,0413f6c8f49d,
train\nasi_goreng\nasi_goreng_5b06194d6fc0.jpg,D:\Machine Learning project\sea_food_dataset\train\nasi_goreng\nasi_goreng_5b06194d6fc0.jpg,nasi_goreng,Nasi Goreng,Indonesia,train,224,224,,,,,f7c5973aba76,
train\nasi_goreng\nasi_goreng_5be67ec440c0.jpg,D:\Machine Learning project\sea_food_dataset\train\nasi_goreng\nasi_goreng_5be67ec440c0.jpg,nasi_goreng,Nasi Goreng,Indonesia,train,224,224,,,,,81d861f321cb,
train\nasi_goreng\nasi_goreng_5bf4c11f4604.jpg,D:\Machine Learning project\sea_food_dataset\train\nasi_goreng\nasi_goreng_5bf4c11f4604.jpg,nasi_goreng,Nasi Goreng,Indonesia,train,224,224,,,,,6f32b1b83723,
train\nasi_goreng\nasi_goreng_5c820cd0aeb7.jpg,D:\Machine Learning project\sea_food_dataset\train\nasi_goreng\nasi_goreng_5c820cd0aeb7.jpg,nasi_goreng,Nasi Goreng,Indonesia,train,224,224,,,,,92c2f9ffb006,
train\nasi_goreng\nasi_goreng_5d0dd8ddc93d.jpg,D:\Machine Learning project\sea_food_dataset\train\nasi_goreng\nasi_goreng_5d0dd8ddc93d.jpg,nasi_goreng,Nasi Goreng,Indonesia,train,224,224,,,,,13186f2727f6,
train\nasi_goreng\nasi_goreng_5d6fc0cb104e.jpg,D:\Machine Learning project\sea_food_dataset\train\nasi_goreng\nasi_goreng_5d6fc0cb104e.jpg,nasi_goreng,Nasi Goreng,Indonesia,train,224,224,,,,,484a46b83bf5,
train\nasi_goreng\nasi_goreng_5e8338dca0d6.jpg,D:\Machine Learning project\sea_food_dataset\train\nasi_goreng\nasi_goreng_5e8338dca0d6.jpg,nasi_goreng,Nasi Goreng,Indonesia,train,224,224,,,,,b017cb27a670,
train\nasi_goreng\nasi_goreng_5ef346be0703.jpg,D:\Machine Learning project\sea_food_dataset\train\nasi_goreng\nasi_goreng_5ef346be0703.jpg,nasi_goreng,Nasi Goreng,Indonesia,train,224,224,,,,,02eaadbb3d2f,
train\nasi_goreng\nasi_goreng_60a73428932e.jpg,D:\Machine Learning project\sea_food_dataset\train\nasi_goreng\nasi_goreng_60a73428932e.jpg,nasi_goreng,Nasi Goreng,Indonesia,train,224,224,,,,,5c28cb1432bd,
train\nasi_goreng\nasi_goreng_60b43f75ad37.jpg,D:\Machine Learning project\sea_food_dataset\train\nasi_goreng\nasi_goreng_60b43f75ad37.jpg,nasi_goreng,Nasi Goreng,Indonesia,train,224,224,,,,,03dd44bbfbb1,
train\nasi_goreng\nasi_goreng_60c01076b5ba.jpg,D:\Machine Learning project\sea_food_dataset\train\nasi_goreng\nasi_goreng_60c01076b5ba.jpg,nasi_goreng,Nasi Goreng,Indonesia,train,224,224,,,,,7a72afee2c6a,
train\nasi_goreng\nasi_goreng_62fb94de0a9f.jpg,D:\Machine Learning project\sea_food_dataset\train\nasi_goreng\nasi_goreng_62fb94de0a9f.jpg,nasi_goreng,Nasi Goreng,Indonesia,train,224,224,,,,,bc4dffbdda72,
train\nasi_goreng\nasi_goreng_636662b1f094.jpg,D:\Machine Learning project\sea_food_dataset\train\nasi_goreng\nasi_goreng_636662b1f094.jpg,nasi_goreng,Nasi Goreng,Indonesia,train,224,224,,,,,2e5868b1fb2f,
train\nasi_goreng\nasi_goreng_639cb742b213.jpg,D:\Machine Learning project\sea_food_dataset\train\nasi_goreng\nasi_goreng_639cb742b213.jpg,nasi_goreng,Nasi Goreng,Indonesia,train,224,224,,,,,281011b68889,
train\nasi_goreng\nasi_goreng_6465022815d3.jpg,D:\Machine Learning project\sea_food_dataset\train\nasi_goreng\nasi_goreng_6465022815d3.jpg,nasi_goreng,Nasi Goreng,Indonesia,train,224,224,,,,,b47f4cae7483,
train\nasi_goreng\nasi_goreng_65f8eefa11cd.jpg,D:\Machine Learning project\sea_food_dataset\train\nasi_goreng\nasi_goreng_65f8eefa11cd.jpg,nasi_goreng,Nasi Goreng,Indonesia,train,224,224,,,,,6e9b762f9484,
train\nasi_goreng\nasi_goreng_6668fb03cd71.jpg,D:\Machine Learning project\sea_food_dataset\train\nasi_goreng\nasi_goreng_6668fb03cd71.jpg,nasi_goreng,Nasi Goreng,Indonesia,train,224,224,,,,,73f6044d3a3b,
train\nasi_goreng\nasi_goreng_66a143781c01.jpg,D:\Machine Learning project\sea_food_dataset\train\nasi_goreng\nasi_goreng_66a143781c01.jpg,nasi_goreng,Nasi Goreng,Indonesia,train,224,224,,,,,9be15be6f786,
train\nasi_goreng\nasi_goreng_671cd27c83c9.jpg,D:\Machine Learning project\sea_food_dataset\train\nasi_goreng\nasi_goreng_671cd27c83c9.jpg,nasi_goreng,Nasi Goreng,Indonesia,train,224,224,,,,,8e883e61844f,
train\nasi_goreng\nasi_goreng_674c3a6fd071.jpg,D:\Machine Learning project\sea_food_dataset\train\nasi_goreng\nasi_goreng_674c3a6fd071.jpg,nasi_goreng,Nasi Goreng,Indonesia,train,224,224,,,,,32053915eb90,
train\nasi_goreng\nasi_goreng_68ad20a1e8ff.jpg,D:\Machine Learning project\sea_food_dataset\train\nasi_goreng\nasi_goreng_68ad20a1e8ff.jpg,nasi_goreng,Nasi Goreng,Indonesia,train,224,224,,,,,1c804dfb2d37,
train\nasi_goreng\nasi_goreng_68d9d57fdf9d.jpg,D:\Machine Learning project\sea_food_dataset\train\nasi_goreng\nasi_goreng_68d9d57fdf9d.jpg,nasi_goreng,Nasi Goreng,Indonesia,train,224,224,,,,,87f0ddfe384e,
train\nasi_goreng\nasi_goreng_6a38c32e5c3c.jpg,D:\Machine Learning project\sea_food_dataset\train\nasi_goreng\nasi_goreng_6a38c32e5c3c.jpg,nasi_goreng,Nasi Goreng,Indonesia,train,224,224,,,,,fd2ec8a45421,
train\nasi_goreng\nasi_goreng_6c055a226464.jpg,D:\Machine Learning project\sea_food_dataset\train\nasi_goreng\nasi_goreng_6c055a226464.jpg,nasi_goreng,Nasi Goreng,Indonesia,train,224,224,,,,,5e22562e4379,
train\nasi_goreng\nasi_goreng_6e2f18f253b0.jpg,D:\Machine Learning project\sea_food_dataset\train\nasi_goreng\nasi_goreng_6e2f18f253b0.jpg,nasi_goreng,Nasi Goreng,Indonesia,train,224,224,,,,,72b045c62fa2,
train\nasi_goreng\nasi_goreng_6e32cd7ee0ec.jpg,D:\Machine Learning project\sea_food_dataset\train\nasi_goreng\nasi_goreng_6e32cd7ee0ec.jpg,nasi_goreng,Nasi Goreng,Indonesia,train,224,224,,,,,3d646669024f,
train\nasi_goreng\nasi_goreng_7006120fc9aa.jpg,D:\Machine Learning project\sea_food_dataset\train\nasi_goreng\nasi_goreng_7006120fc9aa.jpg,nasi_goreng,Nasi Goreng,Indonesia,train,224,224,,,,,148fcd8d893a,
train\nasi_goreng\nasi_goreng_70654905e150.jpg,D:\Machine Learning project\sea_food_dataset\train\nasi_goreng\nasi_goreng_70654905e150.jpg,nasi_goreng,Nasi Goreng,Indonesia,train,224,224,,,,,cecaf8caf647,
train\nasi_goreng\nasi_goreng_70a08e30df2c.jpg,D:\Machine Learning project\sea_food_dataset\train\nasi_goreng\nasi_goreng_70a08e30df2c.jpg,nasi_goreng,Nasi Goreng,Indonesia,train,224,224,,,,,121412b5ef0d,
train\nasi_goreng\nasi_goreng_70bdac2803d4.jpg,D:\Machine Learning project\sea_food_dataset\train\nasi_goreng\nasi_goreng_70bdac2803d4.jpg,nasi_goreng,Nasi Goreng,Indonesia,train,224,224,,,,,8573c39b2e6c,
train\nasi_goreng\nasi_goreng_70f71dc60da2.jpg,D:\Machine Learning project\sea_food_dataset\train\nasi_goreng\nasi_goreng_70f71dc60da2.jpg,nasi_goreng,Nasi Goreng,Indonesia,train,224,224,,,,,15c607dbea7d,
train\nasi_goreng\nasi_goreng_714537974b43.jpg,D:\Machine Learning project\sea_food_dataset\train\nasi_goreng\nasi_goreng_714537974b43.jpg,nasi_goreng,Nasi Goreng,Indonesia,train,224,224,,,,,ce637cfe8cae,
train\nasi_goreng\nasi_goreng_731bd678288f.jpg,D:\Machine Learning project\sea_food_dataset\train\nasi_goreng\nasi_goreng_731bd678288f.jpg,nasi_goreng,Nasi Goreng,Indonesia,train,224,224,,,,,2b2b693b7b7a,
train\nasi_goreng\nasi_goreng_74e192001353.jpg,D:\Machine Learning project\sea_food_dataset\train\nasi_goreng\nasi_goreng_74e192001353.jpg,nasi_goreng,Nasi Goreng,Indonesia,train,224,224,,,,,55eb5a09a8a8,
train\nasi_goreng\nasi_goreng_761448abe980.jpg,D:\Machine Learning project\sea_food_dataset\train\nasi_goreng\nasi_goreng_761448abe980.jpg,nasi_goreng,Nasi Goreng,Indonesia,train,224,224,,,,,e4428d93953b,
train\nasi_goreng\nasi_goreng_76c8298bb6a0.jpg,D:\Machine Learning project\sea_food_dataset\train\nasi_goreng\nasi_goreng_76c8298bb6a0.jpg,nasi_goreng,Nasi Goreng,Indonesia,train,224,224,,,,,9a65a148ac11,
train\nasi_goreng\nasi_goreng_772448084fc1.jpg,D:\Machine Learning project\sea_food_dataset\train\nasi_goreng\nasi_goreng_772448084fc1.jpg,nasi_goreng,Nasi Goreng,Indonesia,train,224,224,,,,,4479c4221a3a,
train\nasi_goreng\nasi_goreng_77931496cebc.jpg,D:\Machine Learning project\sea_food_dataset\train\nasi_goreng\nasi_goreng_77931496cebc.jpg,nasi_goreng,Nasi Goreng,Indonesia,train,224,224,,,,,24582a715b37,
train\nasi_goreng\nasi_goreng_7841e1171d3f.jpg,D:\Machine Learning project\sea_food_dataset\train\nasi_goreng\nasi_goreng_7841e1171d3f.jpg,nasi_goreng,Nasi Goreng,Indonesia,train,224,224,,,,,50f5f019f46c,
train\nasi_goreng\nasi_goreng_78734212ee1f.jpg,D:\Machine Learning project\sea_food_dataset\train\nasi_goreng\nasi_goreng_78734212ee1f.jpg,nasi_goreng,Nasi Goreng,Indonesia,train,224,224,,,,,f1eaf847e9c2,
train\nasi_goreng\nasi_goreng_7a467912eeb5.jpg,D:\Machine Learning project\sea_food_dataset\train\nasi_goreng\nasi_goreng_7a467912eeb5.jpg,nasi_goreng,Nasi Goreng,Indonesia,train,224,224,,,,,836ce450590f,
train\nasi_goreng\nasi_goreng_7a83fe1caa6f.jpg,D:\Machine Learning project\sea_food_dataset\train\nasi_goreng\nasi_goreng_7a83fe1caa6f.jpg,nasi_goreng,Nasi Goreng,Indonesia,train,224,224,,,,,31c93e61062d,
train\nasi_goreng\nasi_goreng_7a8dd63156f6.jpg,D:\Machine Learning project\sea_food_dataset\train\nasi_goreng\nasi_goreng_7a8dd63156f6.jpg,nasi_goreng,Nasi Goreng,Indonesia,train,224,224,,,,,70aee073a64b,
train\nasi_goreng\nasi_goreng_7af3f203285b.jpg,D:\Machine Learning project\sea_food_dataset\train\nasi_goreng\nasi_goreng_7af3f203285b.jpg,nasi_goreng,Nasi Goreng,Indonesia,train,224,224,,,,,0fb0905a34cc,
train\nasi_goreng\nasi_goreng_7b21474e5954.jpg,D:\Machine Learning project\sea_food_dataset\train\nasi_goreng\nasi_goreng_7b21474e5954.jpg,nasi_goreng,Nasi Goreng,Indonesia,train,224,224,,,,,0f8ff5c3abac,
train\nasi_goreng\nasi_goreng_7c00cfd716f9.jpg,D:\Machine Learning project\sea_food_dataset\train\nasi_goreng\nasi_goreng_7c00cfd716f9.jpg,nasi_goreng,Nasi Goreng,Indonesia,train,224,224,,,,,3db39bfeab35,
train\nasi_goreng\nasi_goreng_7df182087121.jpg,D:\Machine Learning project\sea_food_dataset\train\nasi_goreng\nasi_goreng_7df182087121.jpg,nasi_goreng,Nasi Goreng,Indonesia,train,224,224,,,,,0f80fab449c5,
train\nasi_goreng\nasi_goreng_7e237664b121.jpg,D:\Machine Learning project\sea_food_dataset\train\nasi_goreng\nasi_goreng_7e237664b121.jpg,nasi_goreng,Nasi Goreng,Indonesia,train,224,224,,,,,11fbae641ad8,
train\nasi_goreng\nasi_goreng_7e332a9f9a6a.jpg,D:\Machine Learning project\sea_food_dataset\train\nasi_goreng\nasi_goreng_7e332a9f9a6a.jpg,nasi_goreng,Nasi Goreng,Indonesia,train,224,224,,,,,6f2829e8f388,
train\nasi_goreng\nasi_goreng_7e5d9dc7d9bd.jpg,D:\Machine Learning project\sea_food_dataset\train\nasi_goreng\nasi_goreng_7e5d9dc7d9bd.jpg,nasi_goreng,Nasi Goreng,Indonesia,train,224,224,,,,,490972a0f462,
train\nasi_goreng\nasi_goreng_7eaa1207c1d2.jpg,D:\Machine Learning project\sea_food_dataset\train\nasi_goreng\nasi_goreng_7eaa1207c1d2.jpg,nasi_goreng,Nasi Goreng,Indonesia,train,224,224,,,,,8964fb1e9984,
train\nasi_goreng\nasi_goreng_7f4a9e257c0c.jpg,D:\Machine Learning project\sea_food_dataset\train\nasi_goreng\nasi_goreng_7f4a9e257c0c.jpg,nasi_goreng,Nasi Goreng,Indonesia,train,224,224,,,,,8e7ca8b86444,
train\nasi_goreng\nasi_goreng_7f92b1462489.jpg,D:\Machine Learning project\sea_food_dataset\train\nasi_goreng\nasi_goreng_7f92b1462489.jpg,nasi_goreng,Nasi Goreng,Indonesia,train,224,224,,,,,f030734f2303,
train\nasi_goreng\nasi_goreng_7fa01d577fce.jpg,D:\Machine Learning project\sea_food_dataset\train\nasi_goreng\nasi_goreng_7fa01d577fce.jpg,nasi_goreng,Nasi Goreng,Indonesia,train,224,224,,,,,41f865d5fd28,
train\nasi_goreng\nasi_goreng_7fffa18a71b5.jpg,D:\Machine Learning project\sea_food_dataset\train\nasi_goreng\nasi_goreng_7fffa18a71b5.jpg,nasi_goreng,Nasi Goreng,Indonesia,train,224,224,,,,,d3d1ff528f2d,
train\nasi_goreng\nasi_goreng_8009f41efdfd.jpg,D:\Machine Learning project\sea_food_dataset\train\nasi_goreng\nasi_goreng_8009f41efdfd.jpg,nasi_goreng,Nasi Goreng,Indonesia,train,224,224,,,,,075c04caeeb5,
train\nasi_goreng\nasi_goreng_819b0acac66e.jpg,D:\Machine Learning project\sea_food_dataset\train\nasi_goreng\nasi_goreng_819b0acac66e.jpg,nasi_goreng,Nasi Goreng,Indonesia,train,224,224,,,,,cd470ed1bb4f,
train\nasi_goreng\nasi_goreng_8441a2f1b483.jpg,D:\Machine Learning project\sea_food_dataset\train\nasi_goreng\nasi_goreng_8441a2f1b483.jpg,nasi_goreng,Nasi Goreng,Indonesia,train,224,224,,,,,9500c1a38088,
train\nasi_goreng\nasi_goreng_8557452c32cb.jpg,D:\Machine Learning project\sea_food_dataset\train\nasi_goreng\nasi_goreng_8557452c32cb.jpg,nasi_goreng,Nasi Goreng,Indonesia,train,224,224,,,,,9be4f6edeb28,
train\nasi_goreng\nasi_goreng_855916b681f5.jpg,D:\Machine Learning project\sea_food_dataset\train\nasi_goreng\nasi_goreng_855916b681f5.jpg,nasi_goreng,Nasi Goreng,Indonesia,train,224,224,,,,,70c2a2c7166c,
train\nasi_goreng\nasi_goreng_85698bf35106.jpg,D:\Machine Learning project\sea_food_dataset\train\nasi_goreng\nasi_goreng_85698bf35106.jpg,nasi_goreng,Nasi Goreng,Indonesia,train,224,224,,,,,18c8e0996a5a,
train\nasi_goreng\nasi_goreng_85a877470b42.jpg,D:\Machine Learning project\sea_food_dataset\train\nasi_goreng\nasi_goreng_85a877470b42.jpg,nasi_goreng,Nasi Goreng,Indonesia,train,224,224,,,,,e71bc3ff8bab,
train\nasi_goreng\nasi_goreng_86958ce0289a.jpg,D:\Machine Learning project\sea_food_dataset\train\nasi_goreng\nasi_goreng_86958ce0289a.jpg,nasi_goreng,Nasi Goreng,Indonesia,train,224,224,,,,,76033320bae5,
train\nasi_goreng\nasi_goreng_87ae57fc5132.jpg,D:\Machine Learning project\sea_food_dataset\train\nasi_goreng\nasi_goreng_87ae57fc5132.jpg,nasi_goreng,Nasi Goreng,Indonesia,train,224,224,,,,,7c4b457479bd,
train\nasi_goreng\nasi_goreng_88e0d9382016.jpg,D:\Machine Learning project\sea_food_dataset\train\nasi_goreng\nasi_goreng_88e0d9382016.jpg,nasi_goreng,Nasi Goreng,Indonesia,train,224,224,,,,,dd9cf4d54031,
train\nasi_goreng\nasi_goreng_8a6e1cd31e6e.jpg,D:\Machine Learning project\sea_food_dataset\train\nasi_goreng\nasi_goreng_8a6e1cd31e6e.jpg,nasi_goreng,Nasi Goreng,Indonesia,train,224,224,,,,,19f76e90b442,
train\nasi_goreng\nasi_goreng_8bdc7e53ea56.jpg,D:\Machine Learning project\sea_food_dataset\train\nasi_goreng\nasi_goreng_8bdc7e53ea56.jpg,nasi_goreng,Nasi Goreng,Indonesia,train,224,224,,,,,3783080b49c9,
train\nasi_goreng\nasi_goreng_8caedcda93f2.jpg,D:\Machine Learning project\sea_food_dataset\train\nasi_goreng\nasi_goreng_8caedcda93f2.jpg,nasi_goreng,Nasi Goreng,Indonesia,train,224,224,,,,,4ea67ff4878f,
train\nasi_goreng\nasi_goreng_8f160da9d8fc.jpg,D:\Machine Learning project\sea_food_dataset\train\nasi_goreng\nasi_goreng_8f160da9d8fc.jpg,nasi_goreng,Nasi Goreng,Indonesia,train,224,224,,,,,9efca6db3bdc,
train\nasi_goreng\nasi_goreng_8f739936c11f.jpg,D:\Machine Learning project\sea_food_dataset\train\nasi_goreng\nasi_goreng_8f739936c11f.jpg,nasi_goreng,Nasi Goreng,Indonesia,train,224,224,,,,,79dcd3d3efe4,
train\nasi_goreng\nasi_goreng_8f8f04ab5f7a.jpg,D:\Machine Learning project\sea_food_dataset\train\nasi_goreng\nasi_goreng_8f8f04ab5f7a.jpg,nasi_goreng,Nasi Goreng,Indonesia,train,224,224,,,,,6134be34973f,
train\nasi_goreng\nasi_goreng_8f97d2d6b41f.jpg,D:\Machine Learning project\sea_food_dataset\train\nasi_goreng\nasi_goreng_8f97d2d6b41f.jpg,nasi_goreng,Nasi Goreng,Indonesia,train,224,224,,,,,39559ead8b8f,
train\nasi_goreng\nasi_goreng_903ad80c5a51.jpg,D:\Machine Learning project\sea_food_dataset\train\nasi_goreng\nasi_goreng_903ad80c5a51.jpg,nasi_goreng,Nasi Goreng,Indonesia,train,224,224,,,,,8b7482916159,
train\nasi_goreng\nasi_goreng_90dd87bedede.jpg,D:\Machine Learning project\sea_food_dataset\train\nasi_goreng\nasi_goreng_90dd87bedede.jpg,nasi_goreng,Nasi Goreng,Indonesia,train,224,224,,,,,92ec551ec685,
train\nasi_goreng\nasi_goreng_91e652176611.jpg,D:\Machine Learning project\sea_food_dataset\train\nasi_goreng\nasi_goreng_91e652176611.jpg,nasi_goreng,Nasi Goreng,Indonesia,train,224,224,,,,,d7d0b4ce3f1c,
train\nasi_goreng\nasi_goreng_92631d737793.jpg,D:\Machine Learning project\sea_food_dataset\train\nasi_goreng\nasi_goreng_92631d737793.jpg,nasi_goreng,Nasi Goreng,Indonesia,train,224,224,,,,,cca967d787b8,
train\nasi_goreng\nasi_goreng_93789dcff9ce.jpg,D:\Machine Learning project\sea_food_dataset\train\nasi_goreng\nasi_goreng_93789dcff9ce.jpg,nasi_goreng,Nasi Goreng,Indonesia,train,224,224,,,,,56fdbe9f8551,
train\nasi_goreng\nasi_goreng_93a2f1276f47.jpg,D:\Machine Learning project\sea_food_dataset\train\nasi_goreng\nasi_goreng_93a2f1276f47.jpg,nasi_goreng,Nasi Goreng,Indonesia,train,224,224,,,,,144ac69dfde7,
train\nasi_goreng\nasi_goreng_93ea5545513c.jpg,D:\Machine Learning project\sea_food_dataset\train\nasi_goreng\nasi_goreng_93ea5545513c.jpg,nasi_goreng,Nasi Goreng,Indonesia,train,224,224,,,,,a8e89ce6e131,
train\nasi_goreng\nasi_goreng_94216fa4c76f.jpg,D:\Machine Learning project\sea_food_dataset\train\nasi_goreng\nasi_goreng_94216fa4c76f.jpg,nasi_goreng,Nasi Goreng,Indonesia,train,224,224,,,,,542ab265239b,
train\nasi_goreng\nasi_goreng_947252c93fb9.jpg,D:\Machine Learning project\sea_food_dataset\train\nasi_goreng\nasi_goreng_947252c93fb9.jpg,nasi_goreng,Nasi Goreng,Indonesia,train,224,224,,,,,2761d306b7ac,
train\nasi_goreng\nasi_goreng_957455d5aa84.jpg,D:\Machine Learning project\sea_food_dataset\train\nasi_goreng\nasi_goreng_957455d5aa84.jpg,nasi_goreng,Nasi Goreng,Indonesia,train,224,224,,,,,2b49b7761bf8,
train\nasi_goreng\nasi_goreng_96896b16faf9.jpg,D:\Machine Learning project\sea_food_dataset\train\nasi_goreng\nasi_goreng_96896b16faf9.jpg,nasi_goreng,Nasi Goreng,Indonesia,train,224,224,,,,,24dfad6e9430,
train\nasi_goreng\nasi_goreng_9732dc5c60ec.jpg,D:\Machine Learning project\sea_food_dataset\train\nasi_goreng\nasi_goreng_9732dc5c60ec.jpg,nasi_goreng,Nasi Goreng,Indonesia,train,224,224,,,,,5d6f8e826717,
train\nasi_goreng\nasi_goreng_98e32108ff7d.jpg,D:\Machine Learning project\sea_food_dataset\train\nasi_goreng\nasi_goreng_98e32108ff7d.jpg,nasi_goreng,Nasi Goreng,Indonesia,train,224,224,,,,,95070e8b30ab,
train\nasi_goreng\nasi_goreng_9bc3b8219a29.jpg,D:\Machine Learning project\sea_food_dataset\train\nasi_goreng\nasi_goreng_9bc3b8219a29.jpg,nasi_goreng,Nasi Goreng,Indonesia,train,224,224,,,,,d1120b5d5dbe,
train\nasi_goreng\nasi_goreng_9d9620f419ef.jpg,D:\Machine Learning project\sea_food_dataset\train\nasi_goreng\nasi_goreng_9d9620f419ef.jpg,nasi_goreng,Nasi Goreng,Indonesia,train,224,224,,,,,679f162c4701,
train\nasi_goreng\nasi_goreng_9f15537947f9.jpg,D:\Machine Learning project\sea_food_dataset\train\nasi_goreng\nasi_goreng_9f15537947f9.jpg,nasi_goreng,Nasi Goreng,Indonesia,train,224,224,,,,,3eb56430efe0,
train\nasi_goreng\nasi_goreng_9f7cbd08b43a.jpg,D:\Machine Learning project\sea_food_dataset\train\nasi_goreng\nasi_goreng_9f7cbd08b43a.jpg,nasi_goreng,Nasi Goreng,Indonesia,train,224,224,,,,,e3be4268f9c2,
train\nasi_goreng\nasi_goreng_a10b77e9d072.jpg,D:\Machine Learning project\sea_food_dataset\train\nasi_goreng\nasi_goreng_a10b77e9d072.jpg,nasi_goreng,Nasi Goreng,Indonesia,train,224,224,,,,,2c0ccfd70f26,
train\nasi_goreng\nasi_goreng_a23a56a2004d.jpg,D:\Machine Learning project\sea_food_dataset\train\nasi_goreng\nasi_goreng_a23a56a2004d.jpg,nasi_goreng,Nasi Goreng,Indonesia,train,224,224,,,,,98067654e934,
train\nasi_goreng\nasi_goreng_a23cafbb40aa.jpg,D:\Machine Learning project\sea_food_dataset\train\nasi_goreng\nasi_goreng_a23cafbb40aa.jpg,nasi_goreng,Nasi Goreng,Indonesia,train,224,224,,,,,fab05754cd71,
train\nasi_goreng\nasi_goreng_a32d2d72a0ed.jpg,D:\Machine Learning project\sea_food_dataset\train\nasi_goreng\nasi_goreng_a32d2d72a0ed.jpg,nasi_goreng,Nasi Goreng,Indonesia,train,224,224,,,,,b1007f9c59dd,
train\nasi_goreng\nasi_goreng_a3c6d1a5b62e.jpg,D:\Machine Learning project\sea_food_dataset\train\nasi_goreng\nasi_goreng_a3c6d1a5b62e.jpg,nasi_goreng,Nasi Goreng,Indonesia,train,224,224,,,,,297fd8aa3b8f,
train\nasi_goreng\nasi_goreng_a47f079d7778.jpg,D:\Machine Learning project\sea_food_dataset\train\nasi_goreng\nasi_goreng_a47f079d7778.jpg,nasi_goreng,Nasi Goreng,Indonesia,train,224,224,,,,,39be739285cb,
train\nasi_goreng\nasi_goreng_a5d35661bc1d.jpg,D:\Machine Learning project\sea_food_dataset\train\nasi_goreng\nasi_goreng_a5d35661bc1d.jpg,nasi_goreng,Nasi Goreng,Indonesia,train,224,224,,,,,6e0b4f5b5497,
train\nasi_goreng\nasi_goreng_a5df850d377b.jpg,D:\Machine Learning project\sea_food_dataset\train\nasi_goreng\nasi_goreng_a5df850d377b.jpg,nasi_goreng,Nasi Goreng,Indonesia,train,224,224,,,,,f2a13069539a,
train\nasi_goreng\nasi_goreng_a6ab539e6ac7.jpg,D:\Machine Learning project\sea_food_dataset\train\nasi_goreng\nasi_goreng_a6ab539e6ac7.jpg,nasi_goreng,Nasi Goreng,Indonesia,train,224,224,,,,,ba135caef128,
train\nasi_goreng\nasi_goreng_a6e12ebe9a79.jpg,D:\Machine Learning project\sea_food_dataset\train\nasi_goreng\nasi_goreng_a6e12ebe9a79.jpg,nasi_goreng,Nasi Goreng,Indonesia,train,224,224,,,,,94b4260f0c0c,
train\nasi_goreng\nasi_goreng_a6e7d4fe041a.jpg,D:\Machine Learning project\sea_food_dataset\train\nasi_goreng\nasi_goreng_a6e7d4fe041a.jpg,nasi_goreng,Nasi Goreng,Indonesia,train,224,224,,,,,d8c1e7de07b7,
train\nasi_goreng\nasi_goreng_a7e4371020dd.jpg,D:\Machine Learning project\sea_food_dataset\train\nasi_goreng\nasi_goreng_a7e4371020dd.jpg,nasi_goreng,Nasi Goreng,Indonesia,train,224,224,,,,,48cc5a20ef7b,
train\nasi_goreng\nasi_goreng_a93374fd13b8.jpg,D:\Machine Learning project\sea_food_dataset\train\nasi_goreng\nasi_goreng_a93374fd13b8.jpg,nasi_goreng,Nasi Goreng,Indonesia,train,224,224,,,,,71335b439b3c,
train\nasi_goreng\nasi_goreng_aad66bdcccca.jpg,D:\Machine Learning project\sea_food_dataset\train\nasi_goreng\nasi_goreng_aad66bdcccca.jpg,nasi_goreng,Nasi Goreng,Indonesia,train,224,224,,,,,d8fbf0c71575,
train\nasi_goreng\nasi_goreng_aad946b56dac.jpg,D:\Machine Learning project\sea_food_dataset\train\nasi_goreng\nasi_goreng_aad946b56dac.jpg,nasi_goreng,Nasi Goreng,Indonesia,train,224,224,,,,,9c05efd8a66b,
train\nasi_goreng\nasi_goreng_ab3fbb91dbbd.jpg,D:\Machine Learning project\sea_food_dataset\train\nasi_goreng\nasi_goreng_ab3fbb91dbbd.jpg,nasi_goreng,Nasi Goreng,Indonesia,train,224,224,,,,,c7c7f7d7368a,
train\nasi_goreng\nasi_goreng_ab87dbd64b72.jpg,D:\Machine Learning project\sea_food_dataset\train\nasi_goreng\nasi_goreng_ab87dbd64b72.jpg,nasi_goreng,Nasi Goreng,Indonesia,train,224,224,,,,,0d2faca32576,
train\nasi_goreng\nasi_goreng_ac5ee5d4c3c8.jpg,D:\Machine Learning project\sea_food_dataset\train\nasi_goreng\nasi_goreng_ac5ee5d4c3c8.jpg,nasi_goreng,Nasi Goreng,Indonesia,train,224,224,,,,,bb35438c88af,
train\nasi_goreng\nasi_goreng_accb0c7e2df9.jpg,D:\Machine Learning project\sea_food_dataset\train\nasi_goreng\nasi_goreng_accb0c7e2df9.jpg,nasi_goreng,Nasi Goreng,Indonesia,train,224,224,,,,,0a70b4e3aa48,
train\nasi_goreng\nasi_goreng_aec77e0fd4d5.jpg,D:\Machine Learning project\sea_food_dataset\train\nasi_goreng\nasi_goreng_aec77e0fd4d5.jpg,nasi_goreng,Nasi Goreng,Indonesia,train,224,224,,,,,65fc4b480320,
train\nasi_goreng\nasi_goreng_aef8777c4327.jpg,D:\Machine Learning project\sea_food_dataset\train\nasi_goreng\nasi_goreng_aef8777c4327.jpg,nasi_goreng,Nasi Goreng,Indonesia,train,224,224,,,,,af7b35c97b68,
train\nasi_goreng\nasi_goreng_af0ff77761e7.jpg,D:\Machine Learning project\sea_food_dataset\train\nasi_goreng\nasi_goreng_af0ff77761e7.jpg,nasi_goreng,Nasi Goreng,Indonesia,train,224,224,,,,,68fb24643dd4,
train\nasi_goreng\nasi_goreng_af1b49def71d.jpg,D:\Machine Learning project\sea_food_dataset\train\nasi_goreng\nasi_goreng_af1b49def71d.jpg,nasi_goreng,Nasi Goreng,Indonesia,train,224,224,,,,,0ed34cc8ff56,
train\nasi_goreng\nasi_goreng_af8ce557ee0b.jpg,D:\Machine Learning project\sea_food_dataset\train\nasi_goreng\nasi_goreng_af8ce557ee0b.jpg,nasi_goreng,Nasi Goreng,Indonesia,train,224,224,,,,,be24726f6530,
train\nasi_goreng\nasi_goreng_afb49683b217.jpg,D:\Machine Learning project\sea_food_dataset\train\nasi_goreng\nasi_goreng_afb49683b217.jpg,nasi_goreng,Nasi Goreng,Indonesia,train,224,224,,,,,22c6a96f7f7f,
train\nasi_goreng\nasi_goreng_affde4980ee1.jpg,D:\Machine Learning project\sea_food_dataset\train\nasi_goreng\nasi_goreng_affde4980ee1.jpg,nasi_goreng,Nasi Goreng,Indonesia,train,224,224,,,,,58354cac631a,
train\nasi_goreng\nasi_goreng_b045aa48ed6c.jpg,D:\Machine Learning project\sea_food_dataset\train\nasi_goreng\nasi_goreng_b045aa48ed6c.jpg,nasi_goreng,Nasi Goreng,Indonesia,train,224,224,,,,,31815843003f,
train\nasi_goreng\nasi_goreng_b04dfb4cede1.jpg,D:\Machine Learning project\sea_food_dataset\train\nasi_goreng\nasi_goreng_b04dfb4cede1.jpg,nasi_goreng,Nasi Goreng,Indonesia,train,224,224,,,,,0870cf92803e,
train\nasi_goreng\nasi_goreng_b189fbd152f7.jpg,D:\Machine Learning project\sea_food_dataset\train\nasi_goreng\nasi_goreng_b189fbd152f7.jpg,nasi_goreng,Nasi Goreng,Indonesia,train,224,224,,,,,826d95c6d1a1,
train\nasi_goreng\nasi_goreng_b19e1bd570d2.jpg,D:\Machine Learning project\sea_food_dataset\train\nasi_goreng\nasi_goreng_b19e1bd570d2.jpg,nasi_goreng,Nasi Goreng,Indonesia,train,224,224,,,,,f198e6a3f74b,
train\nasi_goreng\nasi_goreng_b1bfe6cd5989.jpg,D:\Machine Learning project\sea_food_dataset\train\nasi_goreng\nasi_goreng_b1bfe6cd5989.jpg,nasi_goreng,Nasi Goreng,Indonesia,train,224,224,,,,,24566e8b196b,
train\nasi_goreng\nasi_goreng_b25b266cc298.jpg,D:\Machine Learning project\sea_food_dataset\train\nasi_goreng\nasi_goreng_b25b266cc298.jpg,nasi_goreng,Nasi Goreng,Indonesia,train,224,224,,,,,9b0f5147ab01,
train\nasi_goreng\nasi_goreng_b34793d9d7b4.jpg,D:\Machine Learning project\sea_food_dataset\train\nasi_goreng\nasi_goreng_b34793d9d7b4.jpg,nasi_goreng,Nasi Goreng,Indonesia,train,224,224,,,,,ffc0f41bc350,
train\nasi_goreng\nasi_goreng_b3b64a91576b.jpg,D:\Machine Learning project\sea_food_dataset\train\nasi_goreng\nasi_goreng_b3b64a91576b.jpg,nasi_goreng,Nasi Goreng,Indonesia,train,224,224,,,,,59bd1b07c03f,
train\nasi_goreng\nasi_goreng_b4709893c790.jpg,D:\Machine Learning project\sea_food_dataset\train\nasi_goreng\nasi_goreng_b4709893c790.jpg,nasi_goreng,Nasi Goreng,Indonesia,train,224,224,,,,,2639aad7f100,
train\nasi_goreng\nasi_goreng_b54af897bb4f.jpg,D:\Machine Learning project\sea_food_dataset\train\nasi_goreng\nasi_goreng_b54af897bb4f.jpg,nasi_goreng,Nasi Goreng,Indonesia,train,224,224,,,,,49112a8f348c,
train\nasi_goreng\nasi_goreng_b5cd1112bb1a.jpg,D:\Machine Learning project\sea_food_dataset\train\nasi_goreng\nasi_goreng_b5cd1112bb1a.jpg,nasi_goreng,Nasi Goreng,Indonesia,train,224,224,,,,,0348216dc021,
train\nasi_goreng\nasi_goreng_b635023a7294.jpg,D:\Machine Learning project\sea_food_dataset\train\nasi_goreng\nasi_goreng_b635023a7294.jpg,nasi_goreng,Nasi Goreng,Indonesia,train,224,224,,,,,23c326dd8192,
train\nasi_goreng\nasi_goreng_b6abed45755d.jpg,D:\Machine Learning project\sea_food_dataset\train\nasi_goreng\nasi_goreng_b6abed45755d.jpg,nasi_goreng,Nasi Goreng,Indonesia,train,224,224,,,,,ff1859380754,
train\nasi_goreng\nasi_goreng_b72c8278c4ec.jpg,D:\Machine Learning project\sea_food_dataset\train\nasi_goreng\nasi_goreng_b72c8278c4ec.jpg,nasi_goreng,Nasi Goreng,Indonesia,train,224,224,,,,,014fb2599803,
train\nasi_goreng\nasi_goreng_b7fc0e342c56.jpg,D:\Machine Learning project\sea_food_dataset\train\nasi_goreng\nasi_goreng_b7fc0e342c56.jpg,nasi_goreng,Nasi Goreng,Indonesia,train,224,224,,,,,9b6cff96b183,
train\nasi_goreng\nasi_goreng_b880a544064b.jpg,D:\Machine Learning project\sea_food_dataset\train\nasi_goreng\nasi_goreng_b880a544064b.jpg,nasi_goreng,Nasi Goreng,Indonesia,train,224,224,,,,,d3f327bc2859,
train\nasi_goreng\nasi_goreng_b99c8e51d6ec.jpg,D:\Machine Learning project\sea_food_dataset\train\nasi_goreng\nasi_goreng_b99c8e51d6ec.jpg,nasi_goreng,Nasi Goreng,Indonesia,train,224,224,,,,,731580f16842,
train\nasi_goreng\nasi_goreng_ba548a52e1ba.jpg,D:\Machine Learning project\sea_food_dataset\train\nasi_goreng\nasi_goreng_ba548a52e1ba.jpg,nasi_goreng,Nasi Goreng,Indonesia,train,224,224,,,,,b4e1e1ba1635,
train\nasi_goreng\nasi_goreng_bb9883ad412d.jpg,D:\Machine Learning project\sea_food_dataset\train\nasi_goreng\nasi_goreng_bb9883ad412d.jpg,nasi_goreng,Nasi Goreng,Indonesia,train,224,224,,,,,cad10e61cc31,
train\nasi_goreng\nasi_goreng_bbc7a370ac9f.jpg,D:\Machine Learning project\sea_food_dataset\train\nasi_goreng\nasi_goreng_bbc7a370ac9f.jpg,nasi_goreng,Nasi Goreng,Indonesia,train,224,224,,,,,0fde1ea86969,
train\nasi_goreng\nasi_goreng_bc0de2d946cc.jpg,D:\Machine Learning project\sea_food_dataset\train\nasi_goreng\nasi_goreng_bc0de2d946cc.jpg,nasi_goreng,Nasi Goreng,Indonesia,train,224,224,,,,,5763681f1aa3,
train\nasi_goreng\nasi_goreng_bc2f7c45b947.jpg,D:\Machine Learning project\sea_food_dataset\train\nasi_goreng\nasi_goreng_bc2f7c45b947.jpg,nasi_goreng,Nasi Goreng,Indonesia,train,224,224,,,,,b2b305438253,
train\nasi_goreng\nasi_goreng_bc3a6ac31981.jpg,D:\Machine Learning project\sea_food_dataset\train\nasi_goreng\nasi_goreng_bc3a6ac31981.jpg,nasi_goreng,Nasi Goreng,Indonesia,train,224,224,,,,,f7dcc40125c2,
train\nasi_goreng\nasi_goreng_bd22e6225b46.jpg,D:\Machine Learning project\sea_food_dataset\train\nasi_goreng\nasi_goreng_bd22e6225b46.jpg,nasi_goreng,Nasi Goreng,Indonesia,train,224,224,,,,,b7e81ab78d6e,
train\nasi_goreng\nasi_goreng_bd4ca3164d7e.jpg,D:\Machine Learning project\sea_food_dataset\train\nasi_goreng\nasi_goreng_bd4ca3164d7e.jpg,nasi_goreng,Nasi Goreng,Indonesia,train,224,224,,,,,b5afb89fa088,
train\nasi_goreng\nasi_goreng_be707d2b1cc2.jpg,D:\Machine Learning project\sea_food_dataset\train\nasi_goreng\nasi_goreng_be707d2b1cc2.jpg,nasi_goreng,Nasi Goreng,Indonesia,train,224,224,,,,,10c7bd756d9d,
train\nasi_goreng\nasi_goreng_bfccae219084.jpg,D:\Machine Learning project\sea_food_dataset\train\nasi_goreng\nasi_goreng_bfccae219084.jpg,nasi_goreng,Nasi Goreng,Indonesia,train,224,224,,,,,e220aa04519e,
train\nasi_goreng\nasi_goreng_c186c4a5b4a6.jpg,D:\Machine Learning project\sea_food_dataset\train\nasi_goreng\nasi_goreng_c186c4a5b4a6.jpg,nasi_goreng,Nasi Goreng,Indonesia,train,224,224,,,,,e9c664638f6a,
train\nasi_goreng\nasi_goreng_c197820283bf.jpg,D:\Machine Learning project\sea_food_dataset\train\nasi_goreng\nasi_goreng_c197820283bf.jpg,nasi_goreng,Nasi Goreng,Indonesia,train,224,224,,,,,34bc23802bf2,
train\nasi_goreng\nasi_goreng_c1a3672ab593.jpg,D:\Machine Learning project\sea_food_dataset\train\nasi_goreng\nasi_goreng_c1a3672ab593.jpg,nasi_goreng,Nasi Goreng,Indonesia,train,224,224,,,,,20441af7b513,
train\nasi_goreng\nasi_goreng_c378b1751ee3.jpg,D:\Machine Learning project\sea_food_dataset\train\nasi_goreng\nasi_goreng_c378b1751ee3.jpg,nasi_goreng,Nasi Goreng,Indonesia,train,224,224,,,,,772253a4e98b,
train\nasi_goreng\nasi_goreng_c386de8f57cf.jpg,D:\Machine Learning project\sea_food_dataset\train\nasi_goreng\nasi_goreng_c386de8f57cf.jpg,nasi_goreng,Nasi Goreng,Indonesia,train,224,224,,,,,ae9b13b5303b,
train\nasi_goreng\nasi_goreng_c50144abd15e.jpg,D:\Machine Learning project\sea_food_dataset\train\nasi_goreng\nasi_goreng_c50144abd15e.jpg,nasi_goreng,Nasi Goreng,Indonesia,train,224,224,,,,,d373a9023172,
train\nasi_goreng\nasi_goreng_c649ae03f505.jpg,D:\Machine Learning project\sea_food_dataset\train\nasi_goreng\nasi_goreng_c649ae03f505.jpg,nasi_goreng,Nasi Goreng,Indonesia,train,224,224,,,,,0ae86525c5dc,
train\nasi_goreng\nasi_goreng_c69f85636def.jpg,D:\Machine Learning project\sea_food_dataset\train\nasi_goreng\nasi_goreng_c69f85636def.jpg,nasi_goreng,Nasi Goreng,Indonesia,train,224,224,,,,,f43ffaf3995d,
train\nasi_goreng\nasi_goreng_c6b3a7c28bff.jpg,D:\Machine Learning project\sea_food_dataset\train\nasi_goreng\nasi_goreng_c6b3a7c28bff.jpg,nasi_goreng,Nasi Goreng,Indonesia,train,224,224,,,,,a1edf2042d9c,
train\nasi_goreng\nasi_goreng_c86a6d4e5aa9.jpg,D:\Machine Learning project\sea_food_dataset\train\nasi_goreng\nasi_goreng_c86a6d4e5aa9.jpg,nasi_goreng,Nasi Goreng,Indonesia,train,224,224,,,,,b7537399fdca,
train\nasi_goreng\nasi_goreng_c93715c36560.jpg,D:\Machine Learning project\sea_food_dataset\train\nasi_goreng\nasi_goreng_c93715c36560.jpg,nasi_goreng,Nasi Goreng,Indonesia,train,224,224,,,,,f3c9b8801197,
train\nasi_goreng\nasi_goreng_c9cd71fea168.jpg,D:\Machine Learning project\sea_food_dataset\train\nasi_goreng\nasi_goreng_c9cd71fea168.jpg,nasi_goreng,Nasi Goreng,Indonesia,train,224,224,,,,,af9e736d9d40,
train\nasi_goreng\nasi_goreng_caaa25398086.jpg,D:\Machine Learning project\sea_food_dataset\train\nasi_goreng\nasi_goreng_caaa25398086.jpg,nasi_goreng,Nasi Goreng,Indonesia,train,224,224,,,,,61d8c540399f,
train\nasi_goreng\nasi_goreng_cb0bae0f2402.jpg,D:\Machine Learning project\sea_food_dataset\train\nasi_goreng\nasi_goreng_cb0bae0f2402.jpg,nasi_goreng,Nasi Goreng,Indonesia,train,224,224,,,,,ec17b485e93a,
train\nasi_goreng\nasi_goreng_cb563f9af742.jpg,D:\Machine Learning project\sea_food_dataset\train\nasi_goreng\nasi_goreng_cb563f9af742.jpg,nasi_goreng,Nasi Goreng,Indonesia,train,224,224,,,,,c9b9c486e6d5,
train\nasi_goreng\nasi_goreng_ccd38a8d64a2.jpg,D:\Machine Learning project\sea_food_dataset\train\nasi_goreng\nasi_goreng_ccd38a8d64a2.jpg,nasi_goreng,Nasi Goreng,Indonesia,train,224,224,,,,,7243e191f0f3,
train\nasi_goreng\nasi_goreng_cd1415489f3d.jpg,D:\Machine Learning project\sea_food_dataset\train\nasi_goreng\nasi_goreng_cd1415489f3d.jpg,nasi_goreng,Nasi Goreng,Indonesia,train,224,224,,,,,8947e9968284,
train\nasi_goreng\nasi_goreng_ce72cf5a837b.jpg,D:\Machine Learning project\sea_food_dataset\train\nasi_goreng\nasi_goreng_ce72cf5a837b.jpg,nasi_goreng,Nasi Goreng,Indonesia,train,224,224,,,,,1f9a9aee90b6,
train\nasi_goreng\nasi_goreng_cf2fa2f319d9.jpg,D:\Machine Learning project\sea_food_dataset\train\nasi_goreng\nasi_goreng_cf2fa2f319d9.jpg,nasi_goreng,Nasi Goreng,Indonesia,train,224,224,,,,,54ba898cf525,
train\nasi_goreng\nasi_goreng_d05a06f1ad61.jpg,D:\Machine Learning project\sea_food_dataset\train\nasi_goreng\nasi_goreng_d05a06f1ad61.jpg,nasi_goreng,Nasi Goreng,Indonesia,train,224,224,,,,,391cde3186ae,
train\nasi_goreng\nasi_goreng_d0689a5bc9ae.jpg,D:\Machine Learning project\sea_food_dataset\train\nasi_goreng\nasi_goreng_d0689a5bc9ae.jpg,nasi_goreng,Nasi Goreng,Indonesia,train,224,224,,,,,a6c121d87a3e,
train\nasi_goreng\nasi_goreng_d0ea6ff446e2.jpg,D:\Machine Learning project\sea_food_dataset\train\nasi_goreng\nasi_goreng_d0ea6ff446e2.jpg,nasi_goreng,Nasi Goreng,Indonesia,train,224,224,,,,,de4438cf6292,
train\nasi_goreng\nasi_goreng_d207169a257e.jpg,D:\Machine Learning project\sea_food_dataset\train\nasi_goreng\nasi_goreng_d207169a257e.jpg,nasi_goreng,Nasi Goreng,Indonesia,train,224,224,,,,,fd8234e64019,
train\nasi_goreng\nasi_goreng_d26a063f7d03.jpg,D:\Machine Learning project\sea_food_dataset\train\nasi_goreng\nasi_goreng_d26a063f7d03.jpg,nasi_goreng,Nasi Goreng,Indonesia,train,224,224,,,,,3870453ece6b,
train\nasi_goreng\nasi_goreng_d2bd2570d472.jpg,D:\Machine Learning project\sea_food_dataset\train\nasi_goreng\nasi_goreng_d2bd2570d472.jpg,nasi_goreng,Nasi Goreng,Indonesia,train,224,224,,,,,bfae70ac936b,
train\nasi_goreng\nasi_goreng_d3b1771a3adc.jpg,D:\Machine Learning project\sea_food_dataset\train\nasi_goreng\nasi_goreng_d3b1771a3adc.jpg,nasi_goreng,Nasi Goreng,Indonesia,train,224,224,,,,,4212e66bd075,
train\nasi_goreng\nasi_goreng_d3f171a631bc.jpg,D:\Machine Learning project\sea_food_dataset\train\nasi_goreng\nasi_goreng_d3f171a631bc.jpg,nasi_goreng,Nasi Goreng,Indonesia,train,224,224,,,,,cf20158ecdf7,
train\nasi_goreng\nasi_goreng_d4af2e02170b.jpg,D:\Machine Learning project\sea_food_dataset\train\nasi_goreng\nasi_goreng_d4af2e02170b.jpg,nasi_goreng,Nasi Goreng,Indonesia,train,224,224,,,,,00c796b5ca12,
train\nasi_goreng\nasi_goreng_d4e41e99f458.jpg,D:\Machine Learning project\sea_food_dataset\train\nasi_goreng\nasi_goreng_d4e41e99f458.jpg,nasi_goreng,Nasi Goreng,Indonesia,train,224,224,,,,,8cd7b13fda6f,
train\nasi_goreng\nasi_goreng_d63fadb5f402.jpg,D:\Machine Learning project\sea_food_dataset\train\nasi_goreng\nasi_goreng_d63fadb5f402.jpg,nasi_goreng,Nasi Goreng,Indonesia,train,224,224,,,,,6029d9cb60f0,
train\nasi_goreng\nasi_goreng_d6939158ccdf.jpg,D:\Machine Learning project\sea_food_dataset\train\nasi_goreng\nasi_goreng_d6939158ccdf.jpg,nasi_goreng,Nasi Goreng,Indonesia,train,224,224,,,,,03bb71fa0b8d,
train\nasi_goreng\nasi_goreng_d7d568fbd740.jpg,D:\Machine Learning project\sea_food_dataset\train\nasi_goreng\nasi_goreng_d7d568fbd740.jpg,nasi_goreng,Nasi Goreng,Indonesia,train,224,224,,,,,d31c36da4c7a,
train\nasi_goreng\nasi_goreng_da2956891109.jpg,D:\Machine Learning project\sea_food_dataset\train\nasi_goreng\nasi_goreng_da2956891109.jpg,nasi_goreng,Nasi Goreng,Indonesia,train,224,224,,,,,a5a82b8e5ea9,
train\nasi_goreng\nasi_goreng_da73463c2ca6.jpg,D:\Machine Learning project\sea_food_dataset\train\nasi_goreng\nasi_goreng_da73463c2ca6.jpg,nasi_goreng,Nasi Goreng,Indonesia,train,224,224,,,,,dccd7bfe71d2,
train\nasi_goreng\nasi_goreng_dc7d31806617.jpg,D:\Machine Learning project\sea_food_dataset\train\nasi_goreng\nasi_goreng_dc7d31806617.jpg,nasi_goreng,Nasi Goreng,Indonesia,train,224,224,,,,,8a35d232f245,
train\nasi_goreng\nasi_goreng_dcfaab72de6a.jpg,D:\Machine Learning project\sea_food_dataset\train\nasi_goreng\nasi_goreng_dcfaab72de6a.jpg,nasi_goreng,Nasi Goreng,Indonesia,train,224,224,,,,,fb4535dc1023,
train\nasi_goreng\nasi_goreng_dd5fba4a4871.jpg,D:\Machine Learning project\sea_food_dataset\train\nasi_goreng\nasi_goreng_dd5fba4a4871.jpg,nasi_goreng,Nasi Goreng,Indonesia,train,224,224,,,,,0b90afa7b4a1,
train\nasi_goreng\nasi_goreng_df82e303b9b1.jpg,D:\Machine Learning project\sea_food_dataset\train\nasi_goreng\nasi_goreng_df82e303b9b1.jpg,nasi_goreng,Nasi Goreng,Indonesia,train,224,224,,,,,a55903c14fef,
train\nasi_goreng\nasi_goreng_e26af0199cc3.jpg,D:\Machine Learning project\sea_food_dataset\train\nasi_goreng\nasi_goreng_e26af0199cc3.jpg,nasi_goreng,Nasi Goreng,Indonesia,train,224,224,,,,,ad1d984f9148,
train\nasi_goreng\nasi_goreng_e2c546fcba7d.jpg,D:\Machine Learning project\sea_food_dataset\train\nasi_goreng\nasi_goreng_e2c546fcba7d.jpg,nasi_goreng,Nasi Goreng,Indonesia,train,224,224,,,,,8a362dedb283,
train\nasi_goreng\nasi_goreng_e2d7926eb350.jpg,D:\Machine Learning project\sea_food_dataset\train\nasi_goreng\nasi_goreng_e2d7926eb350.jpg,nasi_goreng,Nasi Goreng,Indonesia,train,224,224,,,,,a190446458af,
train\nasi_goreng\nasi_goreng_e3a92b6d96f8.jpg,D:\Machine Learning project\sea_food_dataset\train\nasi_goreng\nasi_goreng_e3a92b6d96f8.jpg,nasi_goreng,Nasi Goreng,Indonesia,train,224,224,,,,,68850eb2dfed,
train\nasi_goreng\nasi_goreng_e411965109ec.jpg,D:\Machine Learning project\sea_food_dataset\train\nasi_goreng\nasi_goreng_e411965109ec.jpg,nasi_goreng,Nasi Goreng,Indonesia,train,224,224,,,,,01d2a95dea5b,
train\nasi_goreng\nasi_goreng_e47061f0f218.jpg,D:\Machine Learning project\sea_food_dataset\train\nasi_goreng\nasi_goreng_e47061f0f218.jpg,nasi_goreng,Nasi Goreng,Indonesia,train,224,224,,,,,9283f3c995e3,
train\nasi_goreng\nasi_goreng_e48c1103810a.jpg,D:\Machine Learning project\sea_food_dataset\train\nasi_goreng\nasi_goreng_e48c1103810a.jpg,nasi_goreng,Nasi Goreng,Indonesia,train,224,224,,,,,32b90fef6ede,
train\nasi_goreng\nasi_goreng_e73a40097ea9.jpg,D:\Machine Learning project\sea_food_dataset\train\nasi_goreng\nasi_goreng_e73a40097ea9.jpg,nasi_goreng,Nasi Goreng,Indonesia,train,224,224,,,,,588939b72564,
train\nasi_goreng\nasi_goreng_e767ef07e7d4.jpg,D:\Machine Learning project\sea_food_dataset\train\nasi_goreng\nasi_goreng_e767ef07e7d4.jpg,nasi_goreng,Nasi Goreng,Indonesia,train,224,224,,,,,c910638ba2a4,
train\nasi_goreng\nasi_goreng_e7f2c43b60bb.jpg,D:\Machine Learning project\sea_food_dataset\train\nasi_goreng\nasi_goreng_e7f2c43b60bb.jpg,nasi_goreng,Nasi Goreng,Indonesia,train,224,224,,,,,d06bf4d66266,
train\nasi_goreng\nasi_goreng_e854d0e5dc19.jpg,D:\Machine Learning project\sea_food_dataset\train\nasi_goreng\nasi_goreng_e854d0e5dc19.jpg,nasi_goreng,Nasi Goreng,Indonesia,train,224,224,,,,,9b572dbebcdc,
train\nasi_goreng\nasi_goreng_e85a518dd40e.jpg,D:\Machine Learning project\sea_food_dataset\train\nasi_goreng\nasi_goreng_e85a518dd40e.jpg,nasi_goreng,Nasi Goreng,Indonesia,train,224,224,,,,,ebeac80d3cb4,
train\nasi_goreng\nasi_goreng_e97340b659cd.jpg,D:\Machine Learning project\sea_food_dataset\train\nasi_goreng\nasi_goreng_e97340b659cd.jpg,nasi_goreng,Nasi Goreng,Indonesia,train,224,224,,,,,364618dd5042,
train\nasi_goreng\nasi_goreng_e98d52b75bb4.jpg,D:\Machine Learning project\sea_food_dataset\train\nasi_goreng\nasi_goreng_e98d52b75bb4.jpg,nasi_goreng,Nasi Goreng,Indonesia,train,224,224,,,,,6688a77a3342,
train\nasi_goreng\nasi_goreng_eaba9e9edccd.jpg,D:\Machine Learning project\sea_food_dataset\train\nasi_goreng\nasi_goreng_eaba9e9edccd.jpg,nasi_goreng,Nasi Goreng,Indonesia,train,224,224,,,,,41186dd3b1c3,
train\nasi_goreng\nasi_goreng_ec913989fc1a.jpg,D:\Machine Learning project\sea_food_dataset\train\nasi_goreng\nasi_goreng_ec913989fc1a.jpg,nasi_goreng,Nasi Goreng,Indonesia,train,224,224,,,,,e01b8dca7f37,
train\nasi_goreng\nasi_goreng_ed18c7f56ba3.jpg,D:\Machine Learning project\sea_food_dataset\train\nasi_goreng\nasi_goreng_ed18c7f56ba3.jpg,nasi_goreng,Nasi Goreng,Indonesia,train,224,224,,,,,8e5559f0385e,
train\nasi_goreng\nasi_goreng_ed365db9a64a.jpg,D:\Machine Learning project\sea_food_dataset\train\nasi_goreng\nasi_goreng_ed365db9a64a.jpg,nasi_goreng,Nasi Goreng,Indonesia,train,224,224,,,,,ae20a0d1850c,
train\nasi_goreng\nasi_goreng_ed67914c2077.jpg,D:\Machine Learning project\sea_food_dataset\train\nasi_goreng\nasi_goreng_ed67914c2077.jpg,nasi_goreng,Nasi Goreng,Indonesia,train,224,224,,,,,1e10ec369adb,
train\nasi_goreng\nasi_goreng_ed87c4b380e0.jpg,D:\Machine Learning project\sea_food_dataset\train\nasi_goreng\nasi_goreng_ed87c4b380e0.jpg,nasi_goreng,Nasi Goreng,Indonesia,train,224,224,,,,,8110251703f5,
train\nasi_goreng\nasi_goreng_ee15d4974751.jpg,D:\Machine Learning project\sea_food_dataset\train\nasi_goreng\nasi_goreng_ee15d4974751.jpg,nasi_goreng,Nasi Goreng,Indonesia,train,224,224,,,,,b6326b9dc871,
train\nasi_goreng\nasi_goreng_f0260c3e22f4.jpg,D:\Machine Learning project\sea_food_dataset\train\nasi_goreng\nasi_goreng_f0260c3e22f4.jpg,nasi_goreng,Nasi Goreng,Indonesia,train,224,224,,,,,237137afdc20,
train\nasi_goreng\nasi_goreng_f0b3d31135b1.jpg,D:\Machine Learning project\sea_food_dataset\train\nasi_goreng\nasi_goreng_f0b3d31135b1.jpg,nasi_goreng,Nasi Goreng,Indonesia,train,224,224,,,,,c9d8a5ead436,
train\nasi_goreng\nasi_goreng_f15e0ac674a6.jpg,D:\Machine Learning project\sea_food_dataset\train\nasi_goreng\nasi_goreng_f15e0ac674a6.jpg,nasi_goreng,Nasi Goreng,Indonesia,train,224,224,,,,,48aa7f870c2f,
train\nasi_goreng\nasi_goreng_f385f9774d1b.jpg,D:\Machine Learning project\sea_food_dataset\train\nasi_goreng\nasi_goreng_f385f9774d1b.jpg,nasi_goreng,Nasi Goreng,Indonesia,train,224,224,,,,,0057c8addaf4,
train\nasi_goreng\nasi_goreng_f4ea78de9d77.jpg,D:\Machine Learning project\sea_food_dataset\train\nasi_goreng\nasi_goreng_f4ea78de9d77.jpg,nasi_goreng,Nasi Goreng,Indonesia,train,224,224,,,,,390754105ab3,
train\nasi_goreng\nasi_goreng_f51ced708920.jpg,D:\Machine Learning project\sea_food_dataset\train\nasi_goreng\nasi_goreng_f51ced708920.jpg,nasi_goreng,Nasi Goreng,Indonesia,train,224,224,,,,,20b56572b726,
train\nasi_goreng\nasi_goreng_f5e3d0ed425a.jpg,D:\Machine Learning project\sea_food_dataset\train\nasi_goreng\nasi_goreng_f5e3d0ed425a.jpg,nasi_goreng,Nasi Goreng,Indonesia,train,224,224,,,,,94febde4831a,
train\nasi_goreng\nasi_goreng_f7d879cb636c.jpg,D:\Machine Learning project\sea_food_dataset\train\nasi_goreng\nasi_goreng_f7d879cb636c.jpg,nasi_goreng,Nasi Goreng,Indonesia,train,224,224,,,,,20ab89fc489c,
train\nasi_goreng\nasi_goreng_f8d79a4a385b.jpg,D:\Machine Learning project\sea_food_dataset\train\nasi_goreng\nasi_goreng_f8d79a4a385b.jpg,nasi_goreng,Nasi Goreng,Indonesia,train,224,224,,,,,f6df3ace07a0,
train\nasi_goreng\nasi_goreng_f9efa508c4a2.jpg,D:\Machine Learning project\sea_food_dataset\train\nasi_goreng\nasi_goreng_f9efa508c4a2.jpg,nasi_goreng,Nasi Goreng,Indonesia,train,224,224,,,,,340c0ab38eff,
train\nasi_goreng\nasi_goreng_faca4c925191.jpg,D:\Machine Learning project\sea_food_dataset\train\nasi_goreng\nasi_goreng_faca4c925191.jpg,nasi_goreng,Nasi Goreng,Indonesia,train,224,224,,,,,0de6b7fd86f4,
train\nasi_goreng\nasi_goreng_fca9f6057e8c.jpg,D:\Machine Learning project\sea_food_dataset\train\nasi_goreng\nasi_goreng_fca9f6057e8c.jpg,nasi_goreng,Nasi Goreng,Indonesia,train,224,224,,,,,d09cb30c2ccc,
train\nasi_goreng\nasi_goreng_fcec65c891fc.jpg,D:\Machine Learning project\sea_food_dataset\train\nasi_goreng\nasi_goreng_fcec65c891fc.jpg,nasi_goreng,Nasi Goreng,Indonesia,train,224,224,,,,,4c934fe3490f,
train\nasi_goreng\nasi_goreng_feca9dbde9bc.jpg,D:\Machine Learning project\sea_food_dataset\train\nasi_goreng\nasi_goreng_feca9dbde9bc.jpg,nasi_goreng,Nasi Goreng,Indonesia,train,224,224,,,,,7f8cea9e2b43,
train\nasi_goreng\nasi_goreng_fed539c976fb.jpg,D:\Machine Learning project\sea_food_dataset\train\nasi_goreng\nasi_goreng_fed539c976fb.jpg,nasi_goreng,Nasi Goreng,Indonesia,train,224,224,,,,,40795164feb2,
train\nasi_goreng\nasi_goreng_ff4b06080853.jpg,D:\Machine Learning project\sea_food_dataset\train\nasi_goreng\nasi_goreng_ff4b06080853.jpg,nasi_goreng,Nasi Goreng,Indonesia,train,224,224,,,,,c84244722cf7,
train\pad_thai\pad_thai_011ffb52c8dd.jpg,D:\Machine Learning project\sea_food_dataset\train\pad_thai\pad_thai_011ffb52c8dd.jpg,pad_thai,Pad Thai,Thailand,train,224,224,,,,,f7a098100d76,
train\pad_thai\pad_thai_028564a5d897.jpg,D:\Machine Learning project\sea_food_dataset\train\pad_thai\pad_thai_028564a5d897.jpg,pad_thai,Pad Thai,Thailand,train,224,224,,,,,d104551850f3,
train\pad_thai\pad_thai_02d19e357db8.jpg,D:\Machine Learning project\sea_food_dataset\train\pad_thai\pad_thai_02d19e357db8.jpg,pad_thai,Pad Thai,Thailand,train,224,224,,,,,86dd2b79d030,
train\pad_thai\pad_thai_043c84a8483d.jpg,D:\Machine Learning project\sea_food_dataset\train\pad_thai\pad_thai_043c84a8483d.jpg,pad_thai,Pad Thai,Thailand,train,224,224,,,,,8593c037e9f9,
train\pad_thai\pad_thai_0565f23a3970.jpg,D:\Machine Learning project\sea_food_dataset\train\pad_thai\pad_thai_0565f23a3970.jpg,pad_thai,Pad Thai,Thailand,train,224,224,,,,,652de089de4f,
train\pad_thai\pad_thai_05b8d11c2499.jpg,D:\Machine Learning project\sea_food_dataset\train\pad_thai\pad_thai_05b8d11c2499.jpg,pad_thai,Pad Thai,Thailand,train,224,224,,,,,65342dc8a48b,
train\pad_thai\pad_thai_0694525d2e0c.jpg,D:\Machine Learning project\sea_food_dataset\train\pad_thai\pad_thai_0694525d2e0c.jpg,pad_thai,Pad Thai,Thailand,train,224,224,,,,,47d4942059db,
train\pad_thai\pad_thai_069c8f8ee1a2.jpg,D:\Machine Learning project\sea_food_dataset\train\pad_thai\pad_thai_069c8f8ee1a2.jpg,pad_thai,Pad Thai,Thailand,train,224,224,,,,,0f4c31d587ff,
train\pad_thai\pad_thai_069e1719ace9.jpg,D:\Machine Learning project\sea_food_dataset\train\pad_thai\pad_thai_069e1719ace9.jpg,pad_thai,Pad Thai,Thailand,train,224,224,,,,,7fd089d12d1b,
train\pad_thai\pad_thai_06a5fd818577.jpg,D:\Machine Learning project\sea_food_dataset\train\pad_thai\pad_thai_06a5fd818577.jpg,pad_thai,Pad Thai,Thailand,train,224,224,,,,,39436f061e51,
train\pad_thai\pad_thai_06bbed36c711.jpg,D:\Machine Learning project\sea_food_dataset\train\pad_thai\pad_thai_06bbed36c711.jpg,pad_thai,Pad Thai,Thailand,train,224,224,,,,,1ea8901a9a93,
train\pad_thai\pad_thai_07016a0c4889.jpg,D:\Machine Learning project\sea_food_dataset\train\pad_thai\pad_thai_07016a0c4889.jpg,pad_thai,Pad Thai,Thailand,train,224,224,,,,,752132618894,
train\pad_thai\pad_thai_0759af478dc1.jpg,D:\Machine Learning project\sea_food_dataset\train\pad_thai\pad_thai_0759af478dc1.jpg,pad_thai,Pad Thai,Thailand,train,224,224,,,,,0f7d07b05aac,
train\pad_thai\pad_thai_081f04359fe1.jpg,D:\Machine Learning project\sea_food_dataset\train\pad_thai\pad_thai_081f04359fe1.jpg,pad_thai,Pad Thai,Thailand,train,224,224,,,,,90240c1cd7b5,
train\pad_thai\pad_thai_0849a45cdc45.jpg,D:\Machine Learning project\sea_food_dataset\train\pad_thai\pad_thai_0849a45cdc45.jpg,pad_thai,Pad Thai,Thailand,train,224,224,,,,,516624e82020,
train\pad_thai\pad_thai_08dd12d7cee1.jpg,D:\Machine Learning project\sea_food_dataset\train\pad_thai\pad_thai_08dd12d7cee1.jpg,pad_thai,Pad Thai,Thailand,train,224,224,,,,,06ab418592a7,
train\pad_thai\pad_thai_09497583eafc.jpg,D:\Machine Learning project\sea_food_dataset\train\pad_thai\pad_thai_09497583eafc.jpg,pad_thai,Pad Thai,Thailand,train,224,224,,,,,0befba7970e8,
train\pad_thai\pad_thai_0ae9c32b68fd.jpg,D:\Machine Learning project\sea_food_dataset\train\pad_thai\pad_thai_0ae9c32b68fd.jpg,pad_thai,Pad Thai,Thailand,train,224,224,,,,,fd4ed3c16030,
train\pad_thai\pad_thai_0b7d30ee4087.jpg,D:\Machine Learning project\sea_food_dataset\train\pad_thai\pad_thai_0b7d30ee4087.jpg,pad_thai,Pad Thai,Thailand,train,224,224,,,,,b1214104d327,
train\pad_thai\pad_thai_0babdb9b5609.jpg,D:\Machine Learning project\sea_food_dataset\train\pad_thai\pad_thai_0babdb9b5609.jpg,pad_thai,Pad Thai,Thailand,train,224,224,,,,,37573c979080,
train\pad_thai\pad_thai_0c4c82286cac.jpg,D:\Machine Learning project\sea_food_dataset\train\pad_thai\pad_thai_0c4c82286cac.jpg,pad_thai,Pad Thai,Thailand,train,224,224,,,,,c8b67ae3e756,
train\pad_thai\pad_thai_0df896d07da8.jpg,D:\Machine Learning project\sea_food_dataset\train\pad_thai\pad_thai_0df896d07da8.jpg,pad_thai,Pad Thai,Thailand,train,224,224,,,,,3a82eba86212,
train\pad_thai\pad_thai_0e25d4faff90.jpg,D:\Machine Learning project\sea_food_dataset\train\pad_thai\pad_thai_0e25d4faff90.jpg,pad_thai,Pad Thai,Thailand,train,224,224,,,,,d67ef1a4b2de,
train\pad_thai\pad_thai_0ea1a1fd6e89.jpg,D:\Machine Learning project\sea_food_dataset\train\pad_thai\pad_thai_0ea1a1fd6e89.jpg,pad_thai,Pad Thai,Thailand,train,224,224,,,,,30c270b0beaa,
train\pad_thai\pad_thai_0fac5a159eda.jpg,D:\Machine Learning project\sea_food_dataset\train\pad_thai\pad_thai_0fac5a159eda.jpg,pad_thai,Pad Thai,Thailand,train,224,224,,,,,d47cccc7f1d2,
train\pad_thai\pad_thai_0fde8a6be3bd.jpg,D:\Machine Learning project\sea_food_dataset\train\pad_thai\pad_thai_0fde8a6be3bd.jpg,pad_thai,Pad Thai,Thailand,train,224,224,,,,,f1e0217b5512,
train\pad_thai\pad_thai_114c06a983ab.jpg,D:\Machine Learning project\sea_food_dataset\train\pad_thai\pad_thai_114c06a983ab.jpg,pad_thai,Pad Thai,Thailand,train,224,224,,,,,69be0d972f4c,
train\pad_thai\pad_thai_1348ee7b0467.jpg,D:\Machine Learning project\sea_food_dataset\train\pad_thai\pad_thai_1348ee7b0467.jpg,pad_thai,Pad Thai,Thailand,train,224,224,,,,,e82e1c2ed75f,
train\pad_thai\pad_thai_15241fd21934.jpg,D:\Machine Learning project\sea_food_dataset\train\pad_thai\pad_thai_15241fd21934.jpg,pad_thai,Pad Thai,Thailand,train,224,224,,,,,99a561d92ad6,
train\pad_thai\pad_thai_176b15986f10.jpg,D:\Machine Learning project\sea_food_dataset\train\pad_thai\pad_thai_176b15986f10.jpg,pad_thai,Pad Thai,Thailand,train,224,224,,,,,c5761b10fbb4,
train\pad_thai\pad_thai_1808e7ab7db7.jpg,D:\Machine Learning project\sea_food_dataset\train\pad_thai\pad_thai_1808e7ab7db7.jpg,pad_thai,Pad Thai,Thailand,train,224,224,,,,,152a5dd813a4,
train\pad_thai\pad_thai_19133fdee2aa.jpg,D:\Machine Learning project\sea_food_dataset\train\pad_thai\pad_thai_19133fdee2aa.jpg,pad_thai,Pad Thai,Thailand,train,224,224,,,,,05cca09913da,
train\pad_thai\pad_thai_19ce17fb5f79.jpg,D:\Machine Learning project\sea_food_dataset\train\pad_thai\pad_thai_19ce17fb5f79.jpg,pad_thai,Pad Thai,Thailand,train,224,224,,,,,d1a39e7a6c7c,
train\pad_thai\pad_thai_1a55765344f0.jpg,D:\Machine Learning project\sea_food_dataset\train\pad_thai\pad_thai_1a55765344f0.jpg,pad_thai,Pad Thai,Thailand,train,224,224,,,,,bc9744fb9a55,
train\pad_thai\pad_thai_1a5aa2c1ad55.jpg,D:\Machine Learning project\sea_food_dataset\train\pad_thai\pad_thai_1a5aa2c1ad55.jpg,pad_thai,Pad Thai,Thailand,train,224,224,,,,,7513333feb76,
train\pad_thai\pad_thai_1b9a70f7328a.jpg,D:\Machine Learning project\sea_food_dataset\train\pad_thai\pad_thai_1b9a70f7328a.jpg,pad_thai,Pad Thai,Thailand,train,224,224,,,,,0d017a314177,
train\pad_thai\pad_thai_1bb3c70dd83d.jpg,D:\Machine Learning project\sea_food_dataset\train\pad_thai\pad_thai_1bb3c70dd83d.jpg,pad_thai,Pad Thai,Thailand,train,224,224,,,,,2f99d05f652a,
train\pad_thai\pad_thai_1c2358df042b.jpg,D:\Machine Learning project\sea_food_dataset\train\pad_thai\pad_thai_1c2358df042b.jpg,pad_thai,Pad Thai,Thailand,train,224,224,,,,,d3b5bc08f435,
train\pad_thai\pad_thai_1c92d47ab082.jpg,D:\Machine Learning project\sea_food_dataset\train\pad_thai\pad_thai_1c92d47ab082.jpg,pad_thai,Pad Thai,Thailand,train,224,224,,,,,66fe03cd35c8,
train\pad_thai\pad_thai_1cc162ffd1ce.jpg,D:\Machine Learning project\sea_food_dataset\train\pad_thai\pad_thai_1cc162ffd1ce.jpg,pad_thai,Pad Thai,Thailand,train,224,224,,,,,b9685a337077,
train\pad_thai\pad_thai_1d208b732b16.jpg,D:\Machine Learning project\sea_food_dataset\train\pad_thai\pad_thai_1d208b732b16.jpg,pad_thai,Pad Thai,Thailand,train,224,224,,,,,12471d454854,
train\pad_thai\pad_thai_1d5b1cd1f3b7.jpg,D:\Machine Learning project\sea_food_dataset\train\pad_thai\pad_thai_1d5b1cd1f3b7.jpg,pad_thai,Pad Thai,Thailand,train,224,224,,,,,610916d06211,
train\pad_thai\pad_thai_1dfb4a5b7aed.jpg,D:\Machine Learning project\sea_food_dataset\train\pad_thai\pad_thai_1dfb4a5b7aed.jpg,pad_thai,Pad Thai,Thailand,train,224,224,,,,,73b6f5a0c147,
train\pad_thai\pad_thai_1eb145554b37.jpg,D:\Machine Learning project\sea_food_dataset\train\pad_thai\pad_thai_1eb145554b37.jpg,pad_thai,Pad Thai,Thailand,train,224,224,,,,,1ea1cdab21da,
train\pad_thai\pad_thai_1f86f67a3be7.jpg,D:\Machine Learning project\sea_food_dataset\train\pad_thai\pad_thai_1f86f67a3be7.jpg,pad_thai,Pad Thai,Thailand,train,224,224,,,,,c9fd65624114,
train\pad_thai\pad_thai_208467787e07.jpg,D:\Machine Learning project\sea_food_dataset\train\pad_thai\pad_thai_208467787e07.jpg,pad_thai,Pad Thai,Thailand,train,224,224,,,,,78bbef42b694,
train\pad_thai\pad_thai_21b607486524.jpg,D:\Machine Learning project\sea_food_dataset\train\pad_thai\pad_thai_21b607486524.jpg,pad_thai,Pad Thai,Thailand,train,224,224,,,,,dee116c25d94,
train\pad_thai\pad_thai_21f92854de51.jpg,D:\Machine Learning project\sea_food_dataset\train\pad_thai\pad_thai_21f92854de51.jpg,pad_thai,Pad Thai,Thailand,train,224,224,,,,,6944275e5a88,
train\pad_thai\pad_thai_2272a213d51b.jpg,D:\Machine Learning project\sea_food_dataset\train\pad_thai\pad_thai_2272a213d51b.jpg,pad_thai,Pad Thai,Thailand,train,224,224,,,,,b67340b2fa39,
train\pad_thai\pad_thai_230210cf00ab.jpg,D:\Machine Learning project\sea_food_dataset\train\pad_thai\pad_thai_230210cf00ab.jpg,pad_thai,Pad Thai,Thailand,train,224,224,,,,,21e93ee97db6,
train\pad_thai\pad_thai_24fbdbded22b.jpg,D:\Machine Learning project\sea_food_dataset\train\pad_thai\pad_thai_24fbdbded22b.jpg,pad_thai,Pad Thai,Thailand,train,224,224,,,,,f5d70172d2eb,
train\pad_thai\pad_thai_25e577053188.jpg,D:\Machine Learning project\sea_food_dataset\train\pad_thai\pad_thai_25e577053188.jpg,pad_thai,Pad Thai,Thailand,train,224,224,,,,,6869b27e5896,
train\pad_thai\pad_thai_25f2ef76c41d.jpg,D:\Machine Learning project\sea_food_dataset\train\pad_thai\pad_thai_25f2ef76c41d.jpg,pad_thai,Pad Thai,Thailand,train,224,224,,,,,7e2747cab4c7,
train\pad_thai\pad_thai_26361c0b1339.jpg,D:\Machine Learning project\sea_food_dataset\train\pad_thai\pad_thai_26361c0b1339.jpg,pad_thai,Pad Thai,Thailand,train,224,224,,,,,9edc91672159,
train\pad_thai\pad_thai_267c20292331.jpg,D:\Machine Learning project\sea_food_dataset\train\pad_thai\pad_thai_267c20292331.jpg,pad_thai,Pad Thai,Thailand,train,224,224,,,,,d6c104ae68e8,
train\pad_thai\pad_thai_2ae526e1bd03.jpg,D:\Machine Learning project\sea_food_dataset\train\pad_thai\pad_thai_2ae526e1bd03.jpg,pad_thai,Pad Thai,Thailand,train,224,224,,,,,a9aff9cd289c,
train\pad_thai\pad_thai_2c59d275e3f9.jpg,D:\Machine Learning project\sea_food_dataset\train\pad_thai\pad_thai_2c59d275e3f9.jpg,pad_thai,Pad Thai,Thailand,train,224,224,,,,,b06be5ffc5e6,
train\pad_thai\pad_thai_2ca5f1668b9d.jpg,D:\Machine Learning project\sea_food_dataset\train\pad_thai\pad_thai_2ca5f1668b9d.jpg,pad_thai,Pad Thai,Thailand,train,224,224,,,,,5dfdb4b4a96c,
train\pad_thai\pad_thai_2cda0378f5b7.jpg,D:\Machine Learning project\sea_food_dataset\train\pad_thai\pad_thai_2cda0378f5b7.jpg,pad_thai,Pad Thai,Thailand,train,224,224,,,,,02396813ab8e,
train\pad_thai\pad_thai_2e18b2ee515b.jpg,D:\Machine Learning project\sea_food_dataset\train\pad_thai\pad_thai_2e18b2ee515b.jpg,pad_thai,Pad Thai,Thailand,train,224,224,,,,,97e16c40171a,
train\pad_thai\pad_thai_2f3868b861e2.jpg,D:\Machine Learning project\sea_food_dataset\train\pad_thai\pad_thai_2f3868b861e2.jpg,pad_thai,Pad Thai,Thailand,train,224,224,,,,,50c727b0e98a,
train\pad_thai\pad_thai_2f7a42070122.jpg,D:\Machine Learning project\sea_food_dataset\train\pad_thai\pad_thai_2f7a42070122.jpg,pad_thai,Pad Thai,Thailand,train,224,224,,,,,90b7c7c705e2,
train\pad_thai\pad_thai_30806faf882d.jpg,D:\Machine Learning project\sea_food_dataset\train\pad_thai\pad_thai_30806faf882d.jpg,pad_thai,Pad Thai,Thailand,train,224,224,,,,,df4748a07f3a,
train\pad_thai\pad_thai_313da1c05b2f.jpg,D:\Machine Learning project\sea_food_dataset\train\pad_thai\pad_thai_313da1c05b2f.jpg,pad_thai,Pad Thai,Thailand,train,224,224,,,,,e2e9350682de,
train\pad_thai\pad_thai_32df6dec06b8.jpg,D:\Machine Learning project\sea_food_dataset\train\pad_thai\pad_thai_32df6dec06b8.jpg,pad_thai,Pad Thai,Thailand,train,224,224,,,,,7eab0dc7871e,
train\pad_thai\pad_thai_343a054e9cb4.jpg,D:\Machine Learning project\sea_food_dataset\train\pad_thai\pad_thai_343a054e9cb4.jpg,pad_thai,Pad Thai,Thailand,train,224,224,,,,,2e8ec29aad9e,
train\pad_thai\pad_thai_344da741f5b3.jpg,D:\Machine Learning project\sea_food_dataset\train\pad_thai\pad_thai_344da741f5b3.jpg,pad_thai,Pad Thai,Thailand,train,224,224,,,,,dc8da1b963ea,
train\pad_thai\pad_thai_34d628d5aa03.jpg,D:\Machine Learning project\sea_food_dataset\train\pad_thai\pad_thai_34d628d5aa03.jpg,pad_thai,Pad Thai,Thailand,train,224,224,,,,,29a44512d538,
train\pad_thai\pad_thai_37a745a3c11a.jpg,D:\Machine Learning project\sea_food_dataset\train\pad_thai\pad_thai_37a745a3c11a.jpg,pad_thai,Pad Thai,Thailand,train,224,224,,,,,35e6298c9d9f,
train\pad_thai\pad_thai_3875cfcb6bd2.jpg,D:\Machine Learning project\sea_food_dataset\train\pad_thai\pad_thai_3875cfcb6bd2.jpg,pad_thai,Pad Thai,Thailand,train,224,224,,,,,73d72a1bfedd,
train\pad_thai\pad_thai_389ef4267627.jpg,D:\Machine Learning project\sea_food_dataset\train\pad_thai\pad_thai_389ef4267627.jpg,pad_thai,Pad Thai,Thailand,train,224,224,,,,,52f53cf1aa83,
train\pad_thai\pad_thai_3bebd6dc96b8.jpg,D:\Machine Learning project\sea_food_dataset\train\pad_thai\pad_thai_3bebd6dc96b8.jpg,pad_thai,Pad Thai,Thailand,train,224,224,,,,,68e45c5877b2,
train\pad_thai\pad_thai_3c63dde3561a.jpg,D:\Machine Learning project\sea_food_dataset\train\pad_thai\pad_thai_3c63dde3561a.jpg,pad_thai,Pad Thai,Thailand,train,224,224,,,,,4f22f402a1c7,
train\pad_thai\pad_thai_3d6bfeb11b2d.jpg,D:\Machine Learning project\sea_food_dataset\train\pad_thai\pad_thai_3d6bfeb11b2d.jpg,pad_thai,Pad Thai,Thailand,train,224,224,,,,,596a5f6eb04d,
train\pad_thai\pad_thai_3d7349f0cc4a.jpg,D:\Machine Learning project\sea_food_dataset\train\pad_thai\pad_thai_3d7349f0cc4a.jpg,pad_thai,Pad Thai,Thailand,train,224,224,,,,,9c48f61c9e30,
train\pad_thai\pad_thai_3fcee3cd5f16.jpg,D:\Machine Learning project\sea_food_dataset\train\pad_thai\pad_thai_3fcee3cd5f16.jpg,pad_thai,Pad Thai,Thailand,train,224,224,,,,,296ae13000ba,
train\pad_thai\pad_thai_41b45bb81f22.jpg,D:\Machine Learning project\sea_food_dataset\train\pad_thai\pad_thai_41b45bb81f22.jpg,pad_thai,Pad Thai,Thailand,train,224,224,,,,,c814179a5046,
train\pad_thai\pad_thai_4475b914db96.jpg,D:\Machine Learning project\sea_food_dataset\train\pad_thai\pad_thai_4475b914db96.jpg,pad_thai,Pad Thai,Thailand,train,224,224,,,,,db512c78ba36,
train\pad_thai\pad_thai_447d44f6f1c9.jpg,D:\Machine Learning project\sea_food_dataset\train\pad_thai\pad_thai_447d44f6f1c9.jpg,pad_thai,Pad Thai,Thailand,train,224,224,,,,,3595674b08dc,
train\pad_thai\pad_thai_449cf00473f3.jpg,D:\Machine Learning project\sea_food_dataset\train\pad_thai\pad_thai_449cf00473f3.jpg,pad_thai,Pad Thai,Thailand,train,224,224,,,,,79851eba4cc0,
train\pad_thai\pad_thai_44d59cff00b7.jpg,D:\Machine Learning project\sea_food_dataset\train\pad_thai\pad_thai_44d59cff00b7.jpg,pad_thai,Pad Thai,Thailand,train,224,224,,,,,2d0b913f7b6b,
train\pad_thai\pad_thai_4550a6d77a25.jpg,D:\Machine Learning project\sea_food_dataset\train\pad_thai\pad_thai_4550a6d77a25.jpg,pad_thai,Pad Thai,Thailand,train,224,224,,,,,2583f49bb760,
train\pad_thai\pad_thai_457737693fd3.jpg,D:\Machine Learning project\sea_food_dataset\train\pad_thai\pad_thai_457737693fd3.jpg,pad_thai,Pad Thai,Thailand,train,224,224,,,,,8241c747341e,
train\pad_thai\pad_thai_476d8d3ec87e.jpg,D:\Machine Learning project\sea_food_dataset\train\pad_thai\pad_thai_476d8d3ec87e.jpg,pad_thai,Pad Thai,Thailand,train,224,224,,,,,d19426580590,
train\pad_thai\pad_thai_477110c6c9c5.jpg,D:\Machine Learning project\sea_food_dataset\train\pad_thai\pad_thai_477110c6c9c5.jpg,pad_thai,Pad Thai,Thailand,train,224,224,,,,,770da92dd99f,
train\pad_thai\pad_thai_4773a656180c.jpg,D:\Machine Learning project\sea_food_dataset\train\pad_thai\pad_thai_4773a656180c.jpg,pad_thai,Pad Thai,Thailand,train,224,224,,,,,9bca2785c554,
train\pad_thai\pad_thai_48136afa51bb.jpg,D:\Machine Learning project\sea_food_dataset\train\pad_thai\pad_thai_48136afa51bb.jpg,pad_thai,Pad Thai,Thailand,train,224,224,,,,,31d19e3be67c,
train\pad_thai\pad_thai_4a18a311bedf.jpg,D:\Machine Learning project\sea_food_dataset\train\pad_thai\pad_thai_4a18a311bedf.jpg,pad_thai,Pad Thai,Thailand,train,224,224,,,,,0db2dbd7bb99,
train\pad_thai\pad_thai_4b23870160aa.jpg,D:\Machine Learning project\sea_food_dataset\train\pad_thai\pad_thai_4b23870160aa.jpg,pad_thai,Pad Thai,Thailand,train,224,224,,,,,01157edf3ae4,
train\pad_thai\pad_thai_4e583d19e7c9.jpg,D:\Machine Learning project\sea_food_dataset\train\pad_thai\pad_thai_4e583d19e7c9.jpg,pad_thai,Pad Thai,Thailand,train,224,224,,,,,42d2a8fdaf81,
train\pad_thai\pad_thai_517134ddd086.jpg,D:\Machine Learning project\sea_food_dataset\train\pad_thai\pad_thai_517134ddd086.jpg,pad_thai,Pad Thai,Thailand,train,224,224,,,,,e690de4ca4b6,
train\pad_thai\pad_thai_524592d84a36.jpg,D:\Machine Learning project\sea_food_dataset\train\pad_thai\pad_thai_524592d84a36.jpg,pad_thai,Pad Thai,Thailand,train,224,224,,,,,a8b1efb10522,
train\pad_thai\pad_thai_52636005d04e.jpg,D:\Machine Learning project\sea_food_dataset\train\pad_thai\pad_thai_52636005d04e.jpg,pad_thai,Pad Thai,Thailand,train,224,224,,,,,0a0bdf185b3d,
train\pad_thai\pad_thai_52891d034cd7.jpg,D:\Machine Learning project\sea_food_dataset\train\pad_thai\pad_thai_52891d034cd7.jpg,pad_thai,Pad Thai,Thailand,train,224,224,,,,,f5127f6fc8e0,
train\pad_thai\pad_thai_52a1a9554e30.jpg,D:\Machine Learning project\sea_food_dataset\train\pad_thai\pad_thai_52a1a9554e30.jpg,pad_thai,Pad Thai,Thailand,train,224,224,,,,,3e8ca5b09662,
train\pad_thai\pad_thai_54f2b3d99ba7.jpg,D:\Machine Learning project\sea_food_dataset\train\pad_thai\pad_thai_54f2b3d99ba7.jpg,pad_thai,Pad Thai,Thailand,train,224,224,,,,,1efa5c4fc701,
train\pad_thai\pad_thai_560b1b76487b.jpg,D:\Machine Learning project\sea_food_dataset\train\pad_thai\pad_thai_560b1b76487b.jpg,pad_thai,Pad Thai,Thailand,train,224,224,,,,,50cd242992ee,
train\pad_thai\pad_thai_562a07617c2e.jpg,D:\Machine Learning project\sea_food_dataset\train\pad_thai\pad_thai_562a07617c2e.jpg,pad_thai,Pad Thai,Thailand,train,224,224,,,,,68316bc05597,
train\pad_thai\pad_thai_56478ee049de.jpg,D:\Machine Learning project\sea_food_dataset\train\pad_thai\pad_thai_56478ee049de.jpg,pad_thai,Pad Thai,Thailand,train,224,224,,,,,c5d8701c6e57,
train\pad_thai\pad_thai_57145b5ded1f.jpg,D:\Machine Learning project\sea_food_dataset\train\pad_thai\pad_thai_57145b5ded1f.jpg,pad_thai,Pad Thai,Thailand,train,224,224,,,,,f4f80358555e,
train\pad_thai\pad_thai_571e5753679b.jpg,D:\Machine Learning project\sea_food_dataset\train\pad_thai\pad_thai_571e5753679b.jpg,pad_thai,Pad Thai,Thailand,train,224,224,,,,,4922f5b5c255,
train\pad_thai\pad_thai_57a66f1b4c10.jpg,D:\Machine Learning project\sea_food_dataset\train\pad_thai\pad_thai_57a66f1b4c10.jpg,pad_thai,Pad Thai,Thailand,train,224,224,,,,,ee20b5a56d67,
train\pad_thai\pad_thai_58295dc9efc2.jpg,D:\Machine Learning project\sea_food_dataset\train\pad_thai\pad_thai_58295dc9efc2.jpg,pad_thai,Pad Thai,Thailand,train,224,224,,,,,2db05d478dcf,
train\pad_thai\pad_thai_583d40f58768.jpg,D:\Machine Learning project\sea_food_dataset\train\pad_thai\pad_thai_583d40f58768.jpg,pad_thai,Pad Thai,Thailand,train,224,224,,,,,a6feec7bba18,
train\pad_thai\pad_thai_589a4323179b.jpg,D:\Machine Learning project\sea_food_dataset\train\pad_thai\pad_thai_589a4323179b.jpg,pad_thai,Pad Thai,Thailand,train,224,224,,,,,0f8088714195,
train\pad_thai\pad_thai_59394f5b41a2.jpg,D:\Machine Learning project\sea_food_dataset\train\pad_thai\pad_thai_59394f5b41a2.jpg,pad_thai,Pad Thai,Thailand,train,224,224,,,,,12718602e1bc,
train\pad_thai\pad_thai_59b8147bd316.jpg,D:\Machine Learning project\sea_food_dataset\train\pad_thai\pad_thai_59b8147bd316.jpg,pad_thai,Pad Thai,Thailand,train,224,224,,,,,25ea7635d562,
train\pad_thai\pad_thai_5a33f5421f2d.jpg,D:\Machine Learning project\sea_food_dataset\train\pad_thai\pad_thai_5a33f5421f2d.jpg,pad_thai,Pad Thai,Thailand,train,224,224,,,,,81c39c4fa225,
train\pad_thai\pad_thai_5a70214a1d58.jpg,D:\Machine Learning project\sea_food_dataset\train\pad_thai\pad_thai_5a70214a1d58.jpg,pad_thai,Pad Thai,Thailand,train,224,224,,,,,3b301df8bdf2,
train\pad_thai\pad_thai_5aa9fba5ecc3.jpg,D:\Machine Learning project\sea_food_dataset\train\pad_thai\pad_thai_5aa9fba5ecc3.jpg,pad_thai,Pad Thai,Thailand,train,224,224,,,,,a40605ad0cad,
train\pad_thai\pad_thai_5b3ae635dbfb.jpg,D:\Machine Learning project\sea_food_dataset\train\pad_thai\pad_thai_5b3ae635dbfb.jpg,pad_thai,Pad Thai,Thailand,train,224,224,,,,,9dade58f0e14,
train\pad_thai\pad_thai_5bb8be966732.jpg,D:\Machine Learning project\sea_food_dataset\train\pad_thai\pad_thai_5bb8be966732.jpg,pad_thai,Pad Thai,Thailand,train,224,224,,,,,4b89a3053342,
train\pad_thai\pad_thai_5be6bb27819a.jpg,D:\Machine Learning project\sea_food_dataset\train\pad_thai\pad_thai_5be6bb27819a.jpg,pad_thai,Pad Thai,Thailand,train,224,224,,,,,a51615db50dc,
train\pad_thai\pad_thai_5c43e1433f21.jpg,D:\Machine Learning project\sea_food_dataset\train\pad_thai\pad_thai_5c43e1433f21.jpg,pad_thai,Pad Thai,Thailand,train,224,224,,,,,6431f18d5074,
train\pad_thai\pad_thai_5d8ca84de3c2.jpg,D:\Machine Learning project\sea_food_dataset\train\pad_thai\pad_thai_5d8ca84de3c2.jpg,pad_thai,Pad Thai,Thailand,train,224,224,,,,,80d0ccf10b79,
train\pad_thai\pad_thai_5df0e398b93b.jpg,D:\Machine Learning project\sea_food_dataset\train\pad_thai\pad_thai_5df0e398b93b.jpg,pad_thai,Pad Thai,Thailand,train,224,224,,,,,85e57fb2d8e7,
train\pad_thai\pad_thai_5ea0879f54a9.jpg,D:\Machine Learning project\sea_food_dataset\train\pad_thai\pad_thai_5ea0879f54a9.jpg,pad_thai,Pad Thai,Thailand,train,224,224,,,,,7328cf4057e2,
train\pad_thai\pad_thai_5ea6454da7af.jpg,D:\Machine Learning project\sea_food_dataset\train\pad_thai\pad_thai_5ea6454da7af.jpg,pad_thai,Pad Thai,Thailand,train,224,224,,,,,70b52eec7a24,
train\pad_thai\pad_thai_60dd1baa197b.jpg,D:\Machine Learning project\sea_food_dataset\train\pad_thai\pad_thai_60dd1baa197b.jpg,pad_thai,Pad Thai,Thailand,train,224,224,,,,,11c951036092,
train\pad_thai\pad_thai_61254f599624.jpg,D:\Machine Learning project\sea_food_dataset\train\pad_thai\pad_thai_61254f599624.jpg,pad_thai,Pad Thai,Thailand,train,224,224,,,,,2243a780c3fe,
train\pad_thai\pad_thai_62426738990a.jpg,D:\Machine Learning project\sea_food_dataset\train\pad_thai\pad_thai_62426738990a.jpg,pad_thai,Pad Thai,Thailand,train,224,224,,,,,b62e064eff35,
train\pad_thai\pad_thai_62fc01b95eb0.jpg,D:\Machine Learning project\sea_food_dataset\train\pad_thai\pad_thai_62fc01b95eb0.jpg,pad_thai,Pad Thai,Thailand,train,224,224,,,,,6b59ac552d70,
train\pad_thai\pad_thai_630d5629fbe9.jpg,D:\Machine Learning project\sea_food_dataset\train\pad_thai\pad_thai_630d5629fbe9.jpg,pad_thai,Pad Thai,Thailand,train,224,224,,,,,517f72dee2eb,
train\pad_thai\pad_thai_642b06db7d3f.jpg,D:\Machine Learning project\sea_food_dataset\train\pad_thai\pad_thai_642b06db7d3f.jpg,pad_thai,Pad Thai,Thailand,train,224,224,,,,,a35978cbc181,
train\pad_thai\pad_thai_642e58c9f411.jpg,D:\Machine Learning project\sea_food_dataset\train\pad_thai\pad_thai_642e58c9f411.jpg,pad_thai,Pad Thai,Thailand,train,224,224,,,,,62f44eb691e6,
train\pad_thai\pad_thai_6445204c81d4.jpg,D:\Machine Learning project\sea_food_dataset\train\pad_thai\pad_thai_6445204c81d4.jpg,pad_thai,Pad Thai,Thailand,train,224,224,,,,,de46a249f491,
train\pad_thai\pad_thai_6498792484a2.jpg,D:\Machine Learning project\sea_food_dataset\train\pad_thai\pad_thai_6498792484a2.jpg,pad_thai,Pad Thai,Thailand,train,224,224,,,,,d9390ec15b82,
train\pad_thai\pad_thai_64f9a95b2d4b.jpg,D:\Machine Learning project\sea_food_dataset\train\pad_thai\pad_thai_64f9a95b2d4b.jpg,pad_thai,Pad Thai,Thailand,train,224,224,,,,,e54f72f833d9,
train\pad_thai\pad_thai_6629e3bcd15a.jpg,D:\Machine Learning project\sea_food_dataset\train\pad_thai\pad_thai_6629e3bcd15a.jpg,pad_thai,Pad Thai,Thailand,train,224,224,,,,,3398c56d3cb9,
train\pad_thai\pad_thai_664e3bceedb7.jpg,D:\Machine Learning project\sea_food_dataset\train\pad_thai\pad_thai_664e3bceedb7.jpg,pad_thai,Pad Thai,Thailand,train,224,224,,,,,fb117841c754,
train\pad_thai\pad_thai_683952c3ac83.jpg,D:\Machine Learning project\sea_food_dataset\train\pad_thai\pad_thai_683952c3ac83.jpg,pad_thai,Pad Thai,Thailand,train,224,224,,,,,d8c79ebd41b3,
train\pad_thai\pad_thai_6981b0cc6832.jpg,D:\Machine Learning project\sea_food_dataset\train\pad_thai\pad_thai_6981b0cc6832.jpg,pad_thai,Pad Thai,Thailand,train,224,224,,,,,fa038eba4e9e,
train\pad_thai\pad_thai_69831bd67f83.jpg,D:\Machine Learning project\sea_food_dataset\train\pad_thai\pad_thai_69831bd67f83.jpg,pad_thai,Pad Thai,Thailand,train,224,224,,,,,ef162b7c1953,
train\pad_thai\pad_thai_69b12c91a3eb.jpg,D:\Machine Learning project\sea_food_dataset\train\pad_thai\pad_thai_69b12c91a3eb.jpg,pad_thai,Pad Thai,Thailand,train,224,224,,,,,4bdc01dc4af3,
train\pad_thai\pad_thai_69d48e591e71.jpg,D:\Machine Learning project\sea_food_dataset\train\pad_thai\pad_thai_69d48e591e71.jpg,pad_thai,Pad Thai,Thailand,train,224,224,,,,,1c4c14773767,
train\pad_thai\pad_thai_6ceb77827c0d.jpg,D:\Machine Learning project\sea_food_dataset\train\pad_thai\pad_thai_6ceb77827c0d.jpg,pad_thai,Pad Thai,Thailand,train,224,224,,,,,66c94fb9e50d,
train\pad_thai\pad_thai_6d1bcbeaf1db.jpg,D:\Machine Learning project\sea_food_dataset\train\pad_thai\pad_thai_6d1bcbeaf1db.jpg,pad_thai,Pad Thai,Thailand,train,224,224,,,,,7ddce6ac0cea,
train\pad_thai\pad_thai_6d41d7acedf3.jpg,D:\Machine Learning project\sea_food_dataset\train\pad_thai\pad_thai_6d41d7acedf3.jpg,pad_thai,Pad Thai,Thailand,train,224,224,,,,,06d5a838142c,
train\pad_thai\pad_thai_6db0ce6afc9b.jpg,D:\Machine Learning project\sea_food_dataset\train\pad_thai\pad_thai_6db0ce6afc9b.jpg,pad_thai,Pad Thai,Thailand,train,224,224,,,,,b396c97b2a63,
train\pad_thai\pad_thai_6db877bec51a.jpg,D:\Machine Learning project\sea_food_dataset\train\pad_thai\pad_thai_6db877bec51a.jpg,pad_thai,Pad Thai,Thailand,train,224,224,,,,,309797f34255,
train\pad_thai\pad_thai_6e03386ad4ef.jpg,D:\Machine Learning project\sea_food_dataset\train\pad_thai\pad_thai_6e03386ad4ef.jpg,pad_thai,Pad Thai,Thailand,train,224,224,,,,,9e5fdca6c3ac,
train\pad_thai\pad_thai_6e48be040f52.jpg,D:\Machine Learning project\sea_food_dataset\train\pad_thai\pad_thai_6e48be040f52.jpg,pad_thai,Pad Thai,Thailand,train,224,224,,,,,74044e58eed5,
train\pad_thai\pad_thai_6ebdc4896059.jpg,D:\Machine Learning project\sea_food_dataset\train\pad_thai\pad_thai_6ebdc4896059.jpg,pad_thai,Pad Thai,Thailand,train,224,224,,,,,e1f1eddd4e03,
train\pad_thai\pad_thai_6f3112d8d76f.jpg,D:\Machine Learning project\sea_food_dataset\train\pad_thai\pad_thai_6f3112d8d76f.jpg,pad_thai,Pad Thai,Thailand,train,224,224,,,,,9638f13fcfa1,
train\pad_thai\pad_thai_6f5624eb507c.jpg,D:\Machine Learning project\sea_food_dataset\train\pad_thai\pad_thai_6f5624eb507c.jpg,pad_thai,Pad Thai,Thailand,train,224,224,,,,,bcfa7a44edd4,
train\pad_thai\pad_thai_6f9108847a1d.jpg,D:\Machine Learning project\sea_food_dataset\train\pad_thai\pad_thai_6f9108847a1d.jpg,pad_thai,Pad Thai,Thailand,train,224,224,,,,,dffde4b2fb22,
train\pad_thai\pad_thai_6fcc61a66a0f.jpg,D:\Machine Learning project\sea_food_dataset\train\pad_thai\pad_thai_6fcc61a66a0f.jpg,pad_thai,Pad Thai,Thailand,train,224,224,,,,,581efc9897f9,
train\pad_thai\pad_thai_722e77ff7fe6.jpg,D:\Machine Learning project\sea_food_dataset\train\pad_thai\pad_thai_722e77ff7fe6.jpg,pad_thai,Pad Thai,Thailand,train,224,224,,,,,0bd93231985d,
train\pad_thai\pad_thai_72a289886c61.jpg,D:\Machine Learning project\sea_food_dataset\train\pad_thai\pad_thai_72a289886c61.jpg,pad_thai,Pad Thai,Thailand,train,224,224,,,,,19c701c397f4,
train\pad_thai\pad_thai_733798aa0c1a.jpg,D:\Machine Learning project\sea_food_dataset\train\pad_thai\pad_thai_733798aa0c1a.jpg,pad_thai,Pad Thai,Thailand,train,224,224,,,,,258a7a60ce7f,
train\pad_thai\pad_thai_7346cc27cd63.jpg,D:\Machine Learning project\sea_food_dataset\train\pad_thai\pad_thai_7346cc27cd63.jpg,pad_thai,Pad Thai,Thailand,train,224,224,,,,,14d3ff251026,
train\pad_thai\pad_thai_75cdf21f006f.jpg,D:\Machine Learning project\sea_food_dataset\train\pad_thai\pad_thai_75cdf21f006f.jpg,pad_thai,Pad Thai,Thailand,train,224,224,,,,,9d12e3774785,
train\pad_thai\pad_thai_76927da38235.jpg,D:\Machine Learning project\sea_food_dataset\train\pad_thai\pad_thai_76927da38235.jpg,pad_thai,Pad Thai,Thailand,train,224,224,,,,,83302fa72e5d,
train\pad_thai\pad_thai_76d4d6920d62.jpg,D:\Machine Learning project\sea_food_dataset\train\pad_thai\pad_thai_76d4d6920d62.jpg,pad_thai,Pad Thai,Thailand,train,224,224,,,,,86052fe58acf,
train\pad_thai\pad_thai_76f868f2a4df.jpg,D:\Machine Learning project\sea_food_dataset\train\pad_thai\pad_thai_76f868f2a4df.jpg,pad_thai,Pad Thai,Thailand,train,224,224,,,,,bb1037f4ef4c,
train\pad_thai\pad_thai_77ddc700b931.jpg,D:\Machine Learning project\sea_food_dataset\train\pad_thai\pad_thai_77ddc700b931.jpg,pad_thai,Pad Thai,Thailand,train,224,224,,,,,1e874538be99,
train\pad_thai\pad_thai_77f437edae2b.jpg,D:\Machine Learning project\sea_food_dataset\train\pad_thai\pad_thai_77f437edae2b.jpg,pad_thai,Pad Thai,Thailand,train,224,224,,,,,58fe9c03485d,
train\pad_thai\pad_thai_795a44d20338.jpg,D:\Machine Learning project\sea_food_dataset\train\pad_thai\pad_thai_795a44d20338.jpg,pad_thai,Pad Thai,Thailand,train,224,224,,,,,7ab372f96f42,
train\pad_thai\pad_thai_79a7c56ca2b3.jpg,D:\Machine Learning project\sea_food_dataset\train\pad_thai\pad_thai_79a7c56ca2b3.jpg,pad_thai,Pad Thai,Thailand,train,224,224,,,,,6d552c56cafa,
train\pad_thai\pad_thai_79b3d7104933.jpg,D:\Machine Learning project\sea_food_dataset\train\pad_thai\pad_thai_79b3d7104933.jpg,pad_thai,Pad Thai,Thailand,train,224,224,,,,,3db9c5b074b0,
train\pad_thai\pad_thai_7a36bcc2b26b.jpg,D:\Machine Learning project\sea_food_dataset\train\pad_thai\pad_thai_7a36bcc2b26b.jpg,pad_thai,Pad Thai,Thailand,train,224,224,,,,,a405a51f48f0,
train\pad_thai\pad_thai_7aed37f38ffa.jpg,D:\Machine Learning project\sea_food_dataset\train\pad_thai\pad_thai_7aed37f38ffa.jpg,pad_thai,Pad Thai,Thailand,train,224,224,,,,,43e4c28f5165,
train\pad_thai\pad_thai_808b8583640e.jpg,D:\Machine Learning project\sea_food_dataset\train\pad_thai\pad_thai_808b8583640e.jpg,pad_thai,Pad Thai,Thailand,train,224,224,,,,,94937efd4307,
train\pad_thai\pad_thai_813c19929dda.jpg,D:\Machine Learning project\sea_food_dataset\train\pad_thai\pad_thai_813c19929dda.jpg,pad_thai,Pad Thai,Thailand,train,224,224,,,,,1377dfca7546,
train\pad_thai\pad_thai_817c3b564f5b.jpg,D:\Machine Learning project\sea_food_dataset\train\pad_thai\pad_thai_817c3b564f5b.jpg,pad_thai,Pad Thai,Thailand,train,224,224,,,,,829c7cb00817,
train\pad_thai\pad_thai_817f44ffe88e.jpg,D:\Machine Learning project\sea_food_dataset\train\pad_thai\pad_thai_817f44ffe88e.jpg,pad_thai,Pad Thai,Thailand,train,224,224,,,,,52fd10b6b1c3,
train\pad_thai\pad_thai_8284d2bb62ec.jpg,D:\Machine Learning project\sea_food_dataset\train\pad_thai\pad_thai_8284d2bb62ec.jpg,pad_thai,Pad Thai,Thailand,train,224,224,,,,,1fb9a7340081,
train\pad_thai\pad_thai_843b21768898.jpg,D:\Machine Learning project\sea_food_dataset\train\pad_thai\pad_thai_843b21768898.jpg,pad_thai,Pad Thai,Thailand,train,224,224,,,,,f359a15d30b0,
train\pad_thai\pad_thai_85ac645687fc.jpg,D:\Machine Learning project\sea_food_dataset\train\pad_thai\pad_thai_85ac645687fc.jpg,pad_thai,Pad Thai,Thailand,train,224,224,,,,,ccae17e2768a,
train\pad_thai\pad_thai_86075417f73d.jpg,D:\Machine Learning project\sea_food_dataset\train\pad_thai\pad_thai_86075417f73d.jpg,pad_thai,Pad Thai,Thailand,train,224,224,,,,,36d13e8658e3,
train\pad_thai\pad_thai_86e977e1c9da.jpg,D:\Machine Learning project\sea_food_dataset\train\pad_thai\pad_thai_86e977e1c9da.jpg,pad_thai,Pad Thai,Thailand,train,224,224,,,,,9b66e98ac6e5,
train\pad_thai\pad_thai_87e455390f8e.jpg,D:\Machine Learning project\sea_food_dataset\train\pad_thai\pad_thai_87e455390f8e.jpg,pad_thai,Pad Thai,Thailand,train,224,224,,,,,cc6b9d717712,
train\pad_thai\pad_thai_8883d54f6b0a.jpg,D:\Machine Learning project\sea_food_dataset\train\pad_thai\pad_thai_8883d54f6b0a.jpg,pad_thai,Pad Thai,Thailand,train,224,224,,,,,73f6a53a2938,
train\pad_thai\pad_thai_88c44a784158.jpg,D:\Machine Learning project\sea_food_dataset\train\pad_thai\pad_thai_88c44a784158.jpg,pad_thai,Pad Thai,Thailand,train,224,224,,,,,34a2aacb1a20,
train\pad_thai\pad_thai_89c2ddcad463.jpg,D:\Machine Learning project\sea_food_dataset\train\pad_thai\pad_thai_89c2ddcad463.jpg,pad_thai,Pad Thai,Thailand,train,224,224,,,,,b0a2a16ff668,
train\pad_thai\pad_thai_8a50624fd4a6.jpg,D:\Machine Learning project\sea_food_dataset\train\pad_thai\pad_thai_8a50624fd4a6.jpg,pad_thai,Pad Thai,Thailand,train,224,224,,,,,8eb6f0c90537,
train\pad_thai\pad_thai_8ae721ff78de.jpg,D:\Machine Learning project\sea_food_dataset\train\pad_thai\pad_thai_8ae721ff78de.jpg,pad_thai,Pad Thai,Thailand,train,224,224,,,,,f9b6c82965ed,
train\pad_thai\pad_thai_8b3335ca10b4.jpg,D:\Machine Learning project\sea_food_dataset\train\pad_thai\pad_thai_8b3335ca10b4.jpg,pad_thai,Pad Thai,Thailand,train,224,224,,,,,06593688e9da,
train\pad_thai\pad_thai_8baf59ed9a2f.jpg,D:\Machine Learning project\sea_food_dataset\train\pad_thai\pad_thai_8baf59ed9a2f.jpg,pad_thai,Pad Thai,Thailand,train,224,224,,,,,4e120da899a8,
train\pad_thai\pad_thai_8dd4e54c0f29.jpg,D:\Machine Learning project\sea_food_dataset\train\pad_thai\pad_thai_8dd4e54c0f29.jpg,pad_thai,Pad Thai,Thailand,train,224,224,,,,,487251fbd545,
train\pad_thai\pad_thai_8e2ba6e4b789.jpg,D:\Machine Learning project\sea_food_dataset\train\pad_thai\pad_thai_8e2ba6e4b789.jpg,pad_thai,Pad Thai,Thailand,train,224,224,,,,,89df990319fa,
train\pad_thai\pad_thai_8ec097972af7.jpg,D:\Machine Learning project\sea_food_dataset\train\pad_thai\pad_thai_8ec097972af7.jpg,pad_thai,Pad Thai,Thailand,train,224,224,,,,,ced39dd50a00,
train\pad_thai\pad_thai_8ef1dda88fbe.jpg,D:\Machine Learning project\sea_food_dataset\train\pad_thai\pad_thai_8ef1dda88fbe.jpg,pad_thai,Pad Thai,Thailand,train,224,224,,,,,028e32646044,
train\pad_thai\pad_thai_8f9adbb5c72c.jpg,D:\Machine Learning project\sea_food_dataset\train\pad_thai\pad_thai_8f9adbb5c72c.jpg,pad_thai,Pad Thai,Thailand,train,224,224,,,,,831f5c0f394c,
train\pad_thai\pad_thai_8f9bd4f93529.jpg,D:\Machine Learning project\sea_food_dataset\train\pad_thai\pad_thai_8f9bd4f93529.jpg,pad_thai,Pad Thai,Thailand,train,224,224,,,,,ec58e6ab1236,
train\pad_thai\pad_thai_909e13ea8d30.jpg,D:\Machine Learning project\sea_food_dataset\train\pad_thai\pad_thai_909e13ea8d30.jpg,pad_thai,Pad Thai,Thailand,train,224,224,,,,,ceb73e263ed9,
train\pad_thai\pad_thai_90b0817d9e6e.jpg,D:\Machine Learning project\sea_food_dataset\train\pad_thai\pad_thai_90b0817d9e6e.jpg,pad_thai,Pad Thai,Thailand,train,224,224,,,,,aefe695e89aa,
train\pad_thai\pad_thai_929e0dab1f41.jpg,D:\Machine Learning project\sea_food_dataset\train\pad_thai\pad_thai_929e0dab1f41.jpg,pad_thai,Pad Thai,Thailand,train,224,224,,,,,00553d1b285a,
train\pad_thai\pad_thai_92c934c7028e.jpg,D:\Machine Learning project\sea_food_dataset\train\pad_thai\pad_thai_92c934c7028e.jpg,pad_thai,Pad Thai,Thailand,train,224,224,,,,,5cc3784de912,
train\pad_thai\pad_thai_92fefb912586.jpg,D:\Machine Learning project\sea_food_dataset\train\pad_thai\pad_thai_92fefb912586.jpg,pad_thai,Pad Thai,Thailand,train,224,224,,,,,2d66a848b874,
train\pad_thai\pad_thai_97687e4aa22e.jpg,D:\Machine Learning project\sea_food_dataset\train\pad_thai\pad_thai_97687e4aa22e.jpg,pad_thai,Pad Thai,Thailand,train,224,224,,,,,fd0fc41e113e,
train\pad_thai\pad_thai_9797afe04176.jpg,D:\Machine Learning project\sea_food_dataset\train\pad_thai\pad_thai_9797afe04176.jpg,pad_thai,Pad Thai,Thailand,train,224,224,,,,,835055cda4d2,
train\pad_thai\pad_thai_9889e5d8a3f0.jpg,D:\Machine Learning project\sea_food_dataset\train\pad_thai\pad_thai_9889e5d8a3f0.jpg,pad_thai,Pad Thai,Thailand,train,224,224,,,,,b6edbd3bbff4,
train\pad_thai\pad_thai_98cd78901cd1.jpg,D:\Machine Learning project\sea_food_dataset\train\pad_thai\pad_thai_98cd78901cd1.jpg,pad_thai,Pad Thai,Thailand,train,224,224,,,,,80be7ca503b2,
train\pad_thai\pad_thai_99a02e6f396a.jpg,D:\Machine Learning project\sea_food_dataset\train\pad_thai\pad_thai_99a02e6f396a.jpg,pad_thai,Pad Thai,Thailand,train,224,224,,,,,5991bd236c14,
train\pad_thai\pad_thai_99b0bbeb19aa.jpg,D:\Machine Learning project\sea_food_dataset\train\pad_thai\pad_thai_99b0bbeb19aa.jpg,pad_thai,Pad Thai,Thailand,train,224,224,,,,,d1db93fb9a49,
train\pad_thai\pad_thai_9a16e57bbe8e.jpg,D:\Machine Learning project\sea_food_dataset\train\pad_thai\pad_thai_9a16e57bbe8e.jpg,pad_thai,Pad Thai,Thailand,train,224,224,,,,,f45aaad5bce1,
train\pad_thai\pad_thai_9d6330ae0f1f.jpg,D:\Machine Learning project\sea_food_dataset\train\pad_thai\pad_thai_9d6330ae0f1f.jpg,pad_thai,Pad Thai,Thailand,train,224,224,,,,,1b5ac8777803,
train\pad_thai\pad_thai_9dd3793f3485.jpg,D:\Machine Learning project\sea_food_dataset\train\pad_thai\pad_thai_9dd3793f3485.jpg,pad_thai,Pad Thai,Thailand,train,224,224,,,,,4946863b56d7,
train\pad_thai\pad_thai_9de1ff55468f.jpg,D:\Machine Learning project\sea_food_dataset\train\pad_thai\pad_thai_9de1ff55468f.jpg,pad_thai,Pad Thai,Thailand,train,224,224,,,,,05b6f5e40a09,
train\pad_thai\pad_thai_9f5e8e2a4dc6.jpg,D:\Machine Learning project\sea_food_dataset\train\pad_thai\pad_thai_9f5e8e2a4dc6.jpg,pad_thai,Pad Thai,Thailand,train,224,224,,,,,7902a138fb68,
train\pad_thai\pad_thai_a07303508dbe.jpg,D:\Machine Learning project\sea_food_dataset\train\pad_thai\pad_thai_a07303508dbe.jpg,pad_thai,Pad Thai,Thailand,train,224,224,,,,,7f6bc912ec90,
train\pad_thai\pad_thai_a0a8abcc0050.jpg,D:\Machine Learning project\sea_food_dataset\train\pad_thai\pad_thai_a0a8abcc0050.jpg,pad_thai,Pad Thai,Thailand,train,224,224,,,,,fd213bab89d9,
train\pad_thai\pad_thai_a111af9c946c.jpg,D:\Machine Learning project\sea_food_dataset\train\pad_thai\pad_thai_a111af9c946c.jpg,pad_thai,Pad Thai,Thailand,train,224,224,,,,,b442fcc878ad,
train\pad_thai\pad_thai_a1733101ce3a.jpg,D:\Machine Learning project\sea_food_dataset\train\pad_thai\pad_thai_a1733101ce3a.jpg,pad_thai,Pad Thai,Thailand,train,224,224,,,,,97bc1158db23,
train\pad_thai\pad_thai_a17ab33f5f66.jpg,D:\Machine Learning project\sea_food_dataset\train\pad_thai\pad_thai_a17ab33f5f66.jpg,pad_thai,Pad Thai,Thailand,train,224,224,,,,,d476db9ba3f9,
train\pad_thai\pad_thai_a1e73bfec952.jpg,D:\Machine Learning project\sea_food_dataset\train\pad_thai\pad_thai_a1e73bfec952.jpg,pad_thai,Pad Thai,Thailand,train,224,224,,,,,7c9966661fd8,
train\pad_thai\pad_thai_a4bcaa428ad6.jpg,D:\Machine Learning project\sea_food_dataset\train\pad_thai\pad_thai_a4bcaa428ad6.jpg,pad_thai,Pad Thai,Thailand,train,224,224,,,,,3cb571844d4e,
train\pad_thai\pad_thai_a52a3a6618a7.jpg,D:\Machine Learning project\sea_food_dataset\train\pad_thai\pad_thai_a52a3a6618a7.jpg,pad_thai,Pad Thai,Thailand,train,224,224,,,,,8610745b3609,
train\pad_thai\pad_thai_a534c364802f.jpg,D:\Machine Learning project\sea_food_dataset\train\pad_thai\pad_thai_a534c364802f.jpg,pad_thai,Pad Thai,Thailand,train,224,224,,,,,fcfea28b5aae,
train\pad_thai\pad_thai_a560dead3aec.jpg,D:\Machine Learning project\sea_food_dataset\train\pad_thai\pad_thai_a560dead3aec.jpg,pad_thai,Pad Thai,Thailand,train,224,224,,,,,4587fe9a67b4,
train\pad_thai\pad_thai_a63212254730.jpg,D:\Machine Learning project\sea_food_dataset\train\pad_thai\pad_thai_a63212254730.jpg,pad_thai,Pad Thai,Thailand,train,224,224,,,,,391af8f5c451,
train\pad_thai\pad_thai_a6dc2c7d5a26.jpg,D:\Machine Learning project\sea_food_dataset\train\pad_thai\pad_thai_a6dc2c7d5a26.jpg,pad_thai,Pad Thai,Thailand,train,224,224,,,,,d6e85970b843,
train\pad_thai\pad_thai_a9c3740a3d9a.jpg,D:\Machine Learning project\sea_food_dataset\train\pad_thai\pad_thai_a9c3740a3d9a.jpg,pad_thai,Pad Thai,Thailand,train,224,224,,,,,950d29f50ffa,
train\pad_thai\pad_thai_aa66e8bc1f4e.jpg,D:\Machine Learning project\sea_food_dataset\train\pad_thai\pad_thai_aa66e8bc1f4e.jpg,pad_thai,Pad Thai,Thailand,train,224,224,,,,,b85cb017e72c,
train\pad_thai\pad_thai_aab4459121fe.jpg,D:\Machine Learning project\sea_food_dataset\train\pad_thai\pad_thai_aab4459121fe.jpg,pad_thai,Pad Thai,Thailand,train,224,224,,,,,69470fac3aa2,
train\pad_thai\pad_thai_ab5822bddd4a.jpg,D:\Machine Learning project\sea_food_dataset\train\pad_thai\pad_thai_ab5822bddd4a.jpg,pad_thai,Pad Thai,Thailand,train,224,224,,,,,ec4dac5d4b4d,
train\pad_thai\pad_thai_ab67d5952ee2.jpg,D:\Machine Learning project\sea_food_dataset\train\pad_thai\pad_thai_ab67d5952ee2.jpg,pad_thai,Pad Thai,Thailand,train,224,224,,,,,a3bfdbc941dd,
train\pad_thai\pad_thai_abd73e9819e7.jpg,D:\Machine Learning project\sea_food_dataset\train\pad_thai\pad_thai_abd73e9819e7.jpg,pad_thai,Pad Thai,Thailand,train,224,224,,,,,46bd9a9a02c8,
train\pad_thai\pad_thai_ac62a39e2779.jpg,D:\Machine Learning project\sea_food_dataset\train\pad_thai\pad_thai_ac62a39e2779.jpg,pad_thai,Pad Thai,Thailand,train,224,224,,,,,b09e3307f8a6,
train\pad_thai\pad_thai_add66979b15c.jpg,D:\Machine Learning project\sea_food_dataset\train\pad_thai\pad_thai_add66979b15c.jpg,pad_thai,Pad Thai,Thailand,train,224,224,,,,,b1ab2705dd54,
train\pad_thai\pad_thai_af74cab33eb1.jpg,D:\Machine Learning project\sea_food_dataset\train\pad_thai\pad_thai_af74cab33eb1.jpg,pad_thai,Pad Thai,Thailand,train,224,224,,,,,a05d853767c5,
train\pad_thai\pad_thai_afbcb30f10ee.jpg,D:\Machine Learning project\sea_food_dataset\train\pad_thai\pad_thai_afbcb30f10ee.jpg,pad_thai,Pad Thai,Thailand,train,224,224,,,,,5294f88b505e,
train\pad_thai\pad_thai_b0bd88e8f0dd.jpg,D:\Machine Learning project\sea_food_dataset\train\pad_thai\pad_thai_b0bd88e8f0dd.jpg,pad_thai,Pad Thai,Thailand,train,224,224,,,,,2177cf06c997,
train\pad_thai\pad_thai_b0da52dab952.jpg,D:\Machine Learning project\sea_food_dataset\train\pad_thai\pad_thai_b0da52dab952.jpg,pad_thai,Pad Thai,Thailand,train,224,224,,,,,ed6a414c34ab,
train\pad_thai\pad_thai_b1c30e90b2ab.jpg,D:\Machine Learning project\sea_food_dataset\train\pad_thai\pad_thai_b1c30e90b2ab.jpg,pad_thai,Pad Thai,Thailand,train,224,224,,,,,404a97df708c,
train\pad_thai\pad_thai_b1db4b18a4bc.jpg,D:\Machine Learning project\sea_food_dataset\train\pad_thai\pad_thai_b1db4b18a4bc.jpg,pad_thai,Pad Thai,Thailand,train,224,224,,,,,cd73d56c96c1,
train\pad_thai\pad_thai_b242f64874f6.jpg,D:\Machine Learning project\sea_food_dataset\train\pad_thai\pad_thai_b242f64874f6.jpg,pad_thai,Pad Thai,Thailand,train,224,224,,,,,4ccdcf7f32c5,
train\pad_thai\pad_thai_b3718c890a9f.jpg,D:\Machine Learning project\sea_food_dataset\train\pad_thai\pad_thai_b3718c890a9f.jpg,pad_thai,Pad Thai,Thailand,train,224,224,,,,,49c48aa07b05,
train\pad_thai\pad_thai_b4e2433ad84a.jpg,D:\Machine Learning project\sea_food_dataset\train\pad_thai\pad_thai_b4e2433ad84a.jpg,pad_thai,Pad Thai,Thailand,train,224,224,,,,,52a2fc15fd94,
train\pad_thai\pad_thai_b51a017c8af3.jpg,D:\Machine Learning project\sea_food_dataset\train\pad_thai\pad_thai_b51a017c8af3.jpg,pad_thai,Pad Thai,Thailand,train,224,224,,,,,604cfb124eda,
train\pad_thai\pad_thai_b68da4633efa.jpg,D:\Machine Learning project\sea_food_dataset\train\pad_thai\pad_thai_b68da4633efa.jpg,pad_thai,Pad Thai,Thailand,train,224,224,,,,,1f1514208295,
train\pad_thai\pad_thai_b81c6372e705.jpg,D:\Machine Learning project\sea_food_dataset\train\pad_thai\pad_thai_b81c6372e705.jpg,pad_thai,Pad Thai,Thailand,train,224,224,,,,,8ba704d048bd,
train\pad_thai\pad_thai_b83bc654ccba.jpg,D:\Machine Learning project\sea_food_dataset\train\pad_thai\pad_thai_b83bc654ccba.jpg,pad_thai,Pad Thai,Thailand,train,224,224,,,,,35a8bdee6392,
train\pad_thai\pad_thai_b8bf73b80c9c.jpg,D:\Machine Learning project\sea_food_dataset\train\pad_thai\pad_thai_b8bf73b80c9c.jpg,pad_thai,Pad Thai,Thailand,train,224,224,,,,,4ea8309093f2,
train\pad_thai\pad_thai_ba6b9838efab.jpg,D:\Machine Learning project\sea_food_dataset\train\pad_thai\pad_thai_ba6b9838efab.jpg,pad_thai,Pad Thai,Thailand,train,224,224,,,,,e6c9668c47a6,
train\pad_thai\pad_thai_bac6725a58e0.jpg,D:\Machine Learning project\sea_food_dataset\train\pad_thai\pad_thai_bac6725a58e0.jpg,pad_thai,Pad Thai,Thailand,train,224,224,,,,,ed4dd6a8e712,
train\pad_thai\pad_thai_bb7eaabb522e.jpg,D:\Machine Learning project\sea_food_dataset\train\pad_thai\pad_thai_bb7eaabb522e.jpg,pad_thai,Pad Thai,Thailand,train,224,224,,,,,d0007332f664,
train\pad_thai\pad_thai_bbb0e0e8b275.jpg,D:\Machine Learning project\sea_food_dataset\train\pad_thai\pad_thai_bbb0e0e8b275.jpg,pad_thai,Pad Thai,Thailand,train,224,224,,,,,e1fe47f9b063,
train\pad_thai\pad_thai_bc42febeb4eb.jpg,D:\Machine Learning project\sea_food_dataset\train\pad_thai\pad_thai_bc42febeb4eb.jpg,pad_thai,Pad Thai,Thailand,train,224,224,,,,,b43bc4426b3f,
train\pad_thai\pad_thai_bf01555b1d1b.jpg,D:\Machine Learning project\sea_food_dataset\train\pad_thai\pad_thai_bf01555b1d1b.jpg,pad_thai,Pad Thai,Thailand,train,224,224,,,,,5edbe72412b2,
train\pad_thai\pad_thai_bf8c5aba8afa.jpg,D:\Machine Learning project\sea_food_dataset\train\pad_thai\pad_thai_bf8c5aba8afa.jpg,pad_thai,Pad Thai,Thailand,train,224,224,,,,,887efebeeb0e,
train\pad_thai\pad_thai_c03db896461e.jpg,D:\Machine Learning project\sea_food_dataset\train\pad_thai\pad_thai_c03db896461e.jpg,pad_thai,Pad Thai,Thailand,train,224,224,,,,,e535a22073cc,
train\pad_thai\pad_thai_c05681b7404b.jpg,D:\Machine Learning project\sea_food_dataset\train\pad_thai\pad_thai_c05681b7404b.jpg,pad_thai,Pad Thai,Thailand,train,224,224,,,,,6c766a7e6cbb,
train\pad_thai\pad_thai_c13583de1337.jpg,D:\Machine Learning project\sea_food_dataset\train\pad_thai\pad_thai_c13583de1337.jpg,pad_thai,Pad Thai,Thailand,train,224,224,,,,,1bd93404c735,
train\pad_thai\pad_thai_c1f222978937.jpg,D:\Machine Learning project\sea_food_dataset\train\pad_thai\pad_thai_c1f222978937.jpg,pad_thai,Pad Thai,Thailand,train,224,224,,,,,0df64f9948bc,
train\pad_thai\pad_thai_c3dda218a9bd.jpg,D:\Machine Learning project\sea_food_dataset\train\pad_thai\pad_thai_c3dda218a9bd.jpg,pad_thai,Pad Thai,Thailand,train,224,224,,,,,5dc45f7ddb03,
train\pad_thai\pad_thai_c9fcdf97850f.jpg,D:\Machine Learning project\sea_food_dataset\train\pad_thai\pad_thai_c9fcdf97850f.jpg,pad_thai,Pad Thai,Thailand,train,224,224,,,,,a2bd9ce81aa4,
train\pad_thai\pad_thai_ca9bb6b59c97.jpg,D:\Machine Learning project\sea_food_dataset\train\pad_thai\pad_thai_ca9bb6b59c97.jpg,pad_thai,Pad Thai,Thailand,train,224,224,,,,,9083209b855f,
train\pad_thai\pad_thai_cb837db8bb89.jpg,D:\Machine Learning project\sea_food_dataset\train\pad_thai\pad_thai_cb837db8bb89.jpg,pad_thai,Pad Thai,Thailand,train,224,224,,,,,82044ff53708,
train\pad_thai\pad_thai_cdb2e0dbe204.jpg,D:\Machine Learning project\sea_food_dataset\train\pad_thai\pad_thai_cdb2e0dbe204.jpg,pad_thai,Pad Thai,Thailand,train,224,224,,,,,1f5acd282560,
train\pad_thai\pad_thai_cea79a936064.jpg,D:\Machine Learning project\sea_food_dataset\train\pad_thai\pad_thai_cea79a936064.jpg,pad_thai,Pad Thai,Thailand,train,224,224,,,,,12de2b856821,
train\pad_thai\pad_thai_cf49323fab29.jpg,D:\Machine Learning project\sea_food_dataset\train\pad_thai\pad_thai_cf49323fab29.jpg,pad_thai,Pad Thai,Thailand,train,224,224,,,,,1296c95dc17c,
train\pad_thai\pad_thai_cf614d3e48be.jpg,D:\Machine Learning project\sea_food_dataset\train\pad_thai\pad_thai_cf614d3e48be.jpg,pad_thai,Pad Thai,Thailand,train,224,224,,,,,56ac5bc13f76,
train\pad_thai\pad_thai_d183db438d77.jpg,D:\Machine Learning project\sea_food_dataset\train\pad_thai\pad_thai_d183db438d77.jpg,pad_thai,Pad Thai,Thailand,train,224,224,,,,,130cba9f4b5e,
train\pad_thai\pad_thai_d2168ea48bba.jpg,D:\Machine Learning project\sea_food_dataset\train\pad_thai\pad_thai_d2168ea48bba.jpg,pad_thai,Pad Thai,Thailand,train,224,224,,,,,bf66a42fed6d,
train\pad_thai\pad_thai_d24129608da6.jpg,D:\Machine Learning project\sea_food_dataset\train\pad_thai\pad_thai_d24129608da6.jpg,pad_thai,Pad Thai,Thailand,train,224,224,,,,,5aa4433e56ad,
train\pad_thai\pad_thai_d2c26f6c3c32.jpg,D:\Machine Learning project\sea_food_dataset\train\pad_thai\pad_thai_d2c26f6c3c32.jpg,pad_thai,Pad Thai,Thailand,train,224,224,,,,,fa9e0b70c7b8,
train\pad_thai\pad_thai_d4235a972c97.jpg,D:\Machine Learning project\sea_food_dataset\train\pad_thai\pad_thai_d4235a972c97.jpg,pad_thai,Pad Thai,Thailand,train,224,224,,,,,b9aafd731cf5,
train\pad_thai\pad_thai_d4b2dffc5f9c.jpg,D:\Machine Learning project\sea_food_dataset\train\pad_thai\pad_thai_d4b2dffc5f9c.jpg,pad_thai,Pad Thai,Thailand,train,224,224,,,,,b7854551e5eb,
train\pad_thai\pad_thai_d4e48dcdd3da.jpg,D:\Machine Learning project\sea_food_dataset\train\pad_thai\pad_thai_d4e48dcdd3da.jpg,pad_thai,Pad Thai,Thailand,train,224,224,,,,,c29393527d56,
train\pad_thai\pad_thai_d5e4f390804b.jpg,D:\Machine Learning project\sea_food_dataset\train\pad_thai\pad_thai_d5e4f390804b.jpg,pad_thai,Pad Thai,Thailand,train,224,224,,,,,9f88d36b2e27,
train\pad_thai\pad_thai_d6a0ab3c2c08.jpg,D:\Machine Learning project\sea_food_dataset\train\pad_thai\pad_thai_d6a0ab3c2c08.jpg,pad_thai,Pad Thai,Thailand,train,224,224,,,,,61a26b0d8dce,
train\pad_thai\pad_thai_d778a7f8969a.jpg,D:\Machine Learning project\sea_food_dataset\train\pad_thai\pad_thai_d778a7f8969a.jpg,pad_thai,Pad Thai,Thailand,train,224,224,,,,,de5aa88425a0,
train\pad_thai\pad_thai_d794e5d92a88.jpg,D:\Machine Learning project\sea_food_dataset\train\pad_thai\pad_thai_d794e5d92a88.jpg,pad_thai,Pad Thai,Thailand,train,224,224,,,,,a5df45698b7a,
train\pad_thai\pad_thai_d7aba3faea2d.jpg,D:\Machine Learning project\sea_food_dataset\train\pad_thai\pad_thai_d7aba3faea2d.jpg,pad_thai,Pad Thai,Thailand,train,224,224,,,,,17402e004c80,
train\pad_thai\pad_thai_d814aa4a8515.jpg,D:\Machine Learning project\sea_food_dataset\train\pad_thai\pad_thai_d814aa4a8515.jpg,pad_thai,Pad Thai,Thailand,train,224,224,,,,,5b1beec24829,
train\pad_thai\pad_thai_d8c1d9a73285.jpg,D:\Machine Learning project\sea_food_dataset\train\pad_thai\pad_thai_d8c1d9a73285.jpg,pad_thai,Pad Thai,Thailand,train,224,224,,,,,e442f69ae13b,
train\pad_thai\pad_thai_d9c8e896aa9e.jpg,D:\Machine Learning project\sea_food_dataset\train\pad_thai\pad_thai_d9c8e896aa9e.jpg,pad_thai,Pad Thai,Thailand,train,224,224,,,,,01938986f443,
train\pad_thai\pad_thai_d9df3c74dfc7.jpg,D:\Machine Learning project\sea_food_dataset\train\pad_thai\pad_thai_d9df3c74dfc7.jpg,pad_thai,Pad Thai,Thailand,train,224,224,,,,,2d5a755a02ad,
train\pad_thai\pad_thai_da4552be99fd.jpg,D:\Machine Learning project\sea_food_dataset\train\pad_thai\pad_thai_da4552be99fd.jpg,pad_thai,Pad Thai,Thailand,train,224,224,,,,,3b2bc13b2dcc,
train\pad_thai\pad_thai_db84bb334624.jpg,D:\Machine Learning project\sea_food_dataset\train\pad_thai\pad_thai_db84bb334624.jpg,pad_thai,Pad Thai,Thailand,train,224,224,,,,,ccdf84ee6eb3,
train\pad_thai\pad_thai_df3a6b7bd582.jpg,D:\Machine Learning project\sea_food_dataset\train\pad_thai\pad_thai_df3a6b7bd582.jpg,pad_thai,Pad Thai,Thailand,train,224,224,,,,,9adcdf442af9,
train\pad_thai\pad_thai_e05eccb7fa66.jpg,D:\Machine Learning project\sea_food_dataset\train\pad_thai\pad_thai_e05eccb7fa66.jpg,pad_thai,Pad Thai,Thailand,train,224,224,,,,,f2da336a9445,
train\pad_thai\pad_thai_e0e9adcefe16.jpg,D:\Machine Learning project\sea_food_dataset\train\pad_thai\pad_thai_e0e9adcefe16.jpg,pad_thai,Pad Thai,Thailand,train,224,224,,,,,eac5565962b0,
train\pad_thai\pad_thai_e261ca6ba0b8.jpg,D:\Machine Learning project\sea_food_dataset\train\pad_thai\pad_thai_e261ca6ba0b8.jpg,pad_thai,Pad Thai,Thailand,train,224,224,,,,,ac490e396133,
train\pad_thai\pad_thai_e288058a0f73.jpg,D:\Machine Learning project\sea_food_dataset\train\pad_thai\pad_thai_e288058a0f73.jpg,pad_thai,Pad Thai,Thailand,train,224,224,,,,,054538f2c401,
train\pad_thai\pad_thai_e2d2ecaf28d5.jpg,D:\Machine Learning project\sea_food_dataset\train\pad_thai\pad_thai_e2d2ecaf28d5.jpg,pad_thai,Pad Thai,Thailand,train,224,224,,,,,61fc1f432701,
train\pad_thai\pad_thai_e2eea5b7b51f.jpg,D:\Machine Learning project\sea_food_dataset\train\pad_thai\pad_thai_e2eea5b7b51f.jpg,pad_thai,Pad Thai,Thailand,train,224,224,,,,,4b756357c5bf,
train\pad_thai\pad_thai_e67e13f3582a.jpg,D:\Machine Learning project\sea_food_dataset\train\pad_thai\pad_thai_e67e13f3582a.jpg,pad_thai,Pad Thai,Thailand,train,224,224,,,,,8653976684fa,
train\pad_thai\pad_thai_e878f29ccb61.jpg,D:\Machine Learning project\sea_food_dataset\train\pad_thai\pad_thai_e878f29ccb61.jpg,pad_thai,Pad Thai,Thailand,train,224,224,,,,,cfae5b3dc6db,
train\pad_thai\pad_thai_e89389b37c4b.jpg,D:\Machine Learning project\sea_food_dataset\train\pad_thai\pad_thai_e89389b37c4b.jpg,pad_thai,Pad Thai,Thailand,train,224,224,,,,,1f1d44da1a40,
train\pad_thai\pad_thai_e8d5e5b719c4.jpg,D:\Machine Learning project\sea_food_dataset\train\pad_thai\pad_thai_e8d5e5b719c4.jpg,pad_thai,Pad Thai,Thailand,train,224,224,,,,,5f0350493009,
train\pad_thai\pad_thai_ea1c90c5d3d7.jpg,D:\Machine Learning project\sea_food_dataset\train\pad_thai\pad_thai_ea1c90c5d3d7.jpg,pad_thai,Pad Thai,Thailand,train,224,224,,,,,c8f39b947a0a,
train\pad_thai\pad_thai_ea70e3e6a5e8.jpg,D:\Machine Learning project\sea_food_dataset\train\pad_thai\pad_thai_ea70e3e6a5e8.jpg,pad_thai,Pad Thai,Thailand,train,224,224,,,,,8fc6dc86fb16,
train\pad_thai\pad_thai_ea8706b4ca5a.jpg,D:\Machine Learning project\sea_food_dataset\train\pad_thai\pad_thai_ea8706b4ca5a.jpg,pad_thai,Pad Thai,Thailand,train,224,224,,,,,11469643a614,
train\pad_thai\pad_thai_eadbb30b9099.jpg,D:\Machine Learning project\sea_food_dataset\train\pad_thai\pad_thai_eadbb30b9099.jpg,pad_thai,Pad Thai,Thailand,train,224,224,,,,,d41fbbdb9810,
train\pad_thai\pad_thai_ecd61fd648be.jpg,D:\Machine Learning project\sea_food_dataset\train\pad_thai\pad_thai_ecd61fd648be.jpg,pad_thai,Pad Thai,Thailand,train,224,224,,,,,dde62282763c,
train\pad_thai\pad_thai_ecdd41c788ce.jpg,D:\Machine Learning project\sea_food_dataset\train\pad_thai\pad_thai_ecdd41c788ce.jpg,pad_thai,Pad Thai,Thailand,train,224,224,,,,,65ca33374bbb,
train\pad_thai\pad_thai_ece409246332.jpg,D:\Machine Learning project\sea_food_dataset\train\pad_thai\pad_thai_ece409246332.jpg,pad_thai,Pad Thai,Thailand,train,224,224,,,,,6fc816372359,
train\pad_thai\pad_thai_ed36110e64cc.jpg,D:\Machine Learning project\sea_food_dataset\train\pad_thai\pad_thai_ed36110e64cc.jpg,pad_thai,Pad Thai,Thailand,train,224,224,,,,,be832b118a68,
train\pad_thai\pad_thai_ed7d10bd3f1b.jpg,D:\Machine Learning project\sea_food_dataset\train\pad_thai\pad_thai_ed7d10bd3f1b.jpg,pad_thai,Pad Thai,Thailand,train,224,224,,,,,3eb4a858120e,
train\pad_thai\pad_thai_eddd91e1cee9.jpg,D:\Machine Learning project\sea_food_dataset\train\pad_thai\pad_thai_eddd91e1cee9.jpg,pad_thai,Pad Thai,Thailand,train,224,224,,,,,fc109ee4b990,
train\pad_thai\pad_thai_ef9a5d957e0a.jpg,D:\Machine Learning project\sea_food_dataset\train\pad_thai\pad_thai_ef9a5d957e0a.jpg,pad_thai,Pad Thai,Thailand,train,224,224,,,,,69aeca8b775b,
train\pad_thai\pad_thai_f1663c9bbde0.jpg,D:\Machine Learning project\sea_food_dataset\train\pad_thai\pad_thai_f1663c9bbde0.jpg,pad_thai,Pad Thai,Thailand,train,224,224,,,,,f799701a8550,
train\pad_thai\pad_thai_f236103f3b93.jpg,D:\Machine Learning project\sea_food_dataset\train\pad_thai\pad_thai_f236103f3b93.jpg,pad_thai,Pad Thai,Thailand,train,224,224,,,,,b8978ccfc82f,
train\pad_thai\pad_thai_f23ea3d29bad.jpg,D:\Machine Learning project\sea_food_dataset\train\pad_thai\pad_thai_f23ea3d29bad.jpg,pad_thai,Pad Thai,Thailand,train,224,224,,,,,d49f0a5670a4,
train\pad_thai\pad_thai_f24c1f96edf3.jpg,D:\Machine Learning project\sea_food_dataset\train\pad_thai\pad_thai_f24c1f96edf3.jpg,pad_thai,Pad Thai,Thailand,train,224,224,,,,,869ee79810e7,
train\pad_thai\pad_thai_f29cf78457f8.jpg,D:\Machine Learning project\sea_food_dataset\train\pad_thai\pad_thai_f29cf78457f8.jpg,pad_thai,Pad Thai,Thailand,train,224,224,,,,,f7a1d80e5230,
train\pad_thai\pad_thai_f5a4c145db1d.jpg,D:\Machine Learning project\sea_food_dataset\train\pad_thai\pad_thai_f5a4c145db1d.jpg,pad_thai,Pad Thai,Thailand,train,224,224,,,,,a7926832a9bd,
train\pad_thai\pad_thai_f6a101086526.jpg,D:\Machine Learning project\sea_food_dataset\train\pad_thai\pad_thai_f6a101086526.jpg,pad_thai,Pad Thai,Thailand,train,224,224,,,,,02a85c6b0b4b,
train\pad_thai\pad_thai_f71584a57537.jpg,D:\Machine Learning project\sea_food_dataset\train\pad_thai\pad_thai_f71584a57537.jpg,pad_thai,Pad Thai,Thailand,train,224,224,,,,,b3835bb8c1f6,
train\pad_thai\pad_thai_fa4546d5260d.jpg,D:\Machine Learning project\sea_food_dataset\train\pad_thai\pad_thai_fa4546d5260d.jpg,pad_thai,Pad Thai,Thailand,train,224,224,,,,,7c6386957256,
train\pad_thai\pad_thai_fabec541a3fb.jpg,D:\Machine Learning project\sea_food_dataset\train\pad_thai\pad_thai_fabec541a3fb.jpg,pad_thai,Pad Thai,Thailand,train,224,224,,,,,79a57cce0a6a,
train\pad_thai\pad_thai_fc2d6690c7c8.jpg,D:\Machine Learning project\sea_food_dataset\train\pad_thai\pad_thai_fc2d6690c7c8.jpg,pad_thai,Pad Thai,Thailand,train,224,224,,,,,259c9183e555,
train\pad_thai\pad_thai_fdb2ff394698.jpg,D:\Machine Learning project\sea_food_dataset\train\pad_thai\pad_thai_fdb2ff394698.jpg,pad_thai,Pad Thai,Thailand,train,224,224,,,,,ca946ecf686a,
train\pad_thai\pad_thai_ff735bc30c16.jpg,D:\Machine Learning project\sea_food_dataset\train\pad_thai\pad_thai_ff735bc30c16.jpg,pad_thai,Pad Thai,Thailand,train,224,224,,,,,baeda50cb531,
train\pho\pho_00994e51f720.jpg,D:\Machine Learning project\sea_food_dataset\train\pho\pho_00994e51f720.jpg,pho,Phở,Vietnam,train,224,224,,,,,d70c1ddce007,
train\pho\pho_00b681acd218.jpg,D:\Machine Learning project\sea_food_dataset\train\pho\pho_00b681acd218.jpg,pho,Phở,Vietnam,train,224,224,,,,,a0fb48cba26d,
train\pho\pho_017f9c4ec72c.jpg,D:\Machine Learning project\sea_food_dataset\train\pho\pho_017f9c4ec72c.jpg,pho,Phở,Vietnam,train,224,224,,,,,c98475c3005e,
train\pho\pho_018af8ee5d3b.jpg,D:\Machine Learning project\sea_food_dataset\train\pho\pho_018af8ee5d3b.jpg,pho,Phở,Vietnam,train,224,224,,,,,e46de24161d1,
train\pho\pho_01ff1e2a5b38.jpg,D:\Machine Learning project\sea_food_dataset\train\pho\pho_01ff1e2a5b38.jpg,pho,Phở,Vietnam,train,224,224,,,,,d2592d9c6b2d,
train\pho\pho_0380f1cf9f22.jpg,D:\Machine Learning project\sea_food_dataset\train\pho\pho_0380f1cf9f22.jpg,pho,Phở,Vietnam,train,224,224,,,,,fb91ef210e07,
train\pho\pho_04155dc562c6.jpg,D:\Machine Learning project\sea_food_dataset\train\pho\pho_04155dc562c6.jpg,pho,Phở,Vietnam,train,224,224,,,,,f7a451dfbc8e,
train\pho\pho_0526b77f82d1.jpg,D:\Machine Learning project\sea_food_dataset\train\pho\pho_0526b77f82d1.jpg,pho,Phở,Vietnam,train,224,224,,,,,cfb0371d89d4,
train\pho\pho_067f9846ac54.jpg,D:\Machine Learning project\sea_food_dataset\train\pho\pho_067f9846ac54.jpg,pho,Phở,Vietnam,train,224,224,,,,,e656c55d531f,
train\pho\pho_070e4a7bb74b.jpg,D:\Machine Learning project\sea_food_dataset\train\pho\pho_070e4a7bb74b.jpg,pho,Phở,Vietnam,train,224,224,,,,,7f3cacb10037,
train\pho\pho_07a915268925.jpg,D:\Machine Learning project\sea_food_dataset\train\pho\pho_07a915268925.jpg,pho,Phở,Vietnam,train,224,224,,,,,aef81b099ff4,
train\pho\pho_0842e95816aa.jpg,D:\Machine Learning project\sea_food_dataset\train\pho\pho_0842e95816aa.jpg,pho,Phở,Vietnam,train,224,224,,,,,1d46c013641d,
train\pho\pho_0901e563e601.jpg,D:\Machine Learning project\sea_food_dataset\train\pho\pho_0901e563e601.jpg,pho,Phở,Vietnam,train,224,224,,,,,38fcf585c967,
train\pho\pho_0ae9342112ae.jpg,D:\Machine Learning project\sea_food_dataset\train\pho\pho_0ae9342112ae.jpg,pho,Phở,Vietnam,train,224,224,,,,,9fca341e71bf,
train\pho\pho_0c5ceeccbdd8.jpg,D:\Machine Learning project\sea_food_dataset\train\pho\pho_0c5ceeccbdd8.jpg,pho,Phở,Vietnam,train,224,224,,,,,b91aec4f32d6,
train\pho\pho_0c85951bd3df.jpg,D:\Machine Learning project\sea_food_dataset\train\pho\pho_0c85951bd3df.jpg,pho,Phở,Vietnam,train,224,224,,,,,69efe0040f8a,
train\pho\pho_0ca168d58e2b.jpg,D:\Machine Learning project\sea_food_dataset\train\pho\pho_0ca168d58e2b.jpg,pho,Phở,Vietnam,train,224,224,,,,,d1099e9f07b1,
train\pho\pho_0cba56edea71.jpg,D:\Machine Learning project\sea_food_dataset\train\pho\pho_0cba56edea71.jpg,pho,Phở,Vietnam,train,224,224,,,,,7797925f8144,
train\pho\pho_0e0fdaad9e08.jpg,D:\Machine Learning project\sea_food_dataset\train\pho\pho_0e0fdaad9e08.jpg,pho,Phở,Vietnam,train,224,224,,,,,123bd43e9faa,
train\pho\pho_0f0ccdd3a28b.jpg,D:\Machine Learning project\sea_food_dataset\train\pho\pho_0f0ccdd3a28b.jpg,pho,Phở,Vietnam,train,224,224,,,,,562644b76c46,
train\pho\pho_0fba9904b2dc.jpg,D:\Machine Learning project\sea_food_dataset\train\pho\pho_0fba9904b2dc.jpg,pho,Phở,Vietnam,train,224,224,,,,,1274141f83d9,
train\pho\pho_1008e619286f.jpg,D:\Machine Learning project\sea_food_dataset\train\pho\pho_1008e619286f.jpg,pho,Phở,Vietnam,train,224,224,,,,,658f5bb45002,
train\pho\pho_10299e770671.jpg,D:\Machine Learning project\sea_food_dataset\train\pho\pho_10299e770671.jpg,pho,Phở,Vietnam,train,224,224,,,,,d49c7b0d328d,
train\pho\pho_1102e8940cb5.jpg,D:\Machine Learning project\sea_food_dataset\train\pho\pho_1102e8940cb5.jpg,pho,Phở,Vietnam,train,224,224,,,,,e6e4e2cc0025,
train\pho\pho_117db9fc668c.jpg,D:\Machine Learning project\sea_food_dataset\train\pho\pho_117db9fc668c.jpg,pho,Phở,Vietnam,train,224,224,,,,,6d5f866331e3,
train\pho\pho_11b0b8d574ce.jpg,D:\Machine Learning project\sea_food_dataset\train\pho\pho_11b0b8d574ce.jpg,pho,Phở,Vietnam,train,224,224,,,,,9d5815b4f30c,
train\pho\pho_11bcc3be7f1c.jpg,D:\Machine Learning project\sea_food_dataset\train\pho\pho_11bcc3be7f1c.jpg,pho,Phở,Vietnam,train,224,224,,,,,0b283b5fe0dd,
train\pho\pho_1460bc653af5.jpg,D:\Machine Learning project\sea_food_dataset\train\pho\pho_1460bc653af5.jpg,pho,Phở,Vietnam,train,224,224,,,,,75015908a2be,
train\pho\pho_159cfdd57a9f.jpg,D:\Machine Learning project\sea_food_dataset\train\pho\pho_159cfdd57a9f.jpg,pho,Phở,Vietnam,train,224,224,,,,,12583965cc44,
train\pho\pho_182388ccef64.jpg,D:\Machine Learning project\sea_food_dataset\train\pho\pho_182388ccef64.jpg,pho,Phở,Vietnam,train,224,224,,,,,9802f2255f86,
train\pho\pho_191965a6a40b.jpg,D:\Machine Learning project\sea_food_dataset\train\pho\pho_191965a6a40b.jpg,pho,Phở,Vietnam,train,224,224,,,,,e326bb9c4107,
train\pho\pho_1922196bcef5.jpg,D:\Machine Learning project\sea_food_dataset\train\pho\pho_1922196bcef5.jpg,pho,Phở,Vietnam,train,224,224,,,,,4643c22a20e2,
train\pho\pho_197dc4c93756.jpg,D:\Machine Learning project\sea_food_dataset\train\pho\pho_197dc4c93756.jpg,pho,Phở,Vietnam,train,224,224,,,,,ee8eed24c838,
train\pho\pho_19ad31990d12.jpg,D:\Machine Learning project\sea_food_dataset\train\pho\pho_19ad31990d12.jpg,pho,Phở,Vietnam,train,224,224,,,,,1ed50238fbaf,
train\pho\pho_19d956a5ed92.jpg,D:\Machine Learning project\sea_food_dataset\train\pho\pho_19d956a5ed92.jpg,pho,Phở,Vietnam,train,224,224,,,,,b8ecee243714,
train\pho\pho_1a3c25b79e0c.jpg,D:\Machine Learning project\sea_food_dataset\train\pho\pho_1a3c25b79e0c.jpg,pho,Phở,Vietnam,train,224,224,,,,,9fc0840d05b6,
train\pho\pho_1b27e9bfebe7.jpg,D:\Machine Learning project\sea_food_dataset\train\pho\pho_1b27e9bfebe7.jpg,pho,Phở,Vietnam,train,224,224,,,,,2052e95e29bf,
train\pho\pho_1c776f46f861.jpg,D:\Machine Learning project\sea_food_dataset\train\pho\pho_1c776f46f861.jpg,pho,Phở,Vietnam,train,224,224,,,,,5d0b1da0418b,
train\pho\pho_1cecc4dfe18a.jpg,D:\Machine Learning project\sea_food_dataset\train\pho\pho_1cecc4dfe18a.jpg,pho,Phở,Vietnam,train,224,224,,,,,aa804c321449,
train\pho\pho_1d4fc69b5c8d.jpg,D:\Machine Learning project\sea_food_dataset\train\pho\pho_1d4fc69b5c8d.jpg,pho,Phở,Vietnam,train,224,224,,,,,49caf2018adb,
train\pho\pho_1e44644ff9fb.jpg,D:\Machine Learning project\sea_food_dataset\train\pho\pho_1e44644ff9fb.jpg,pho,Phở,Vietnam,train,224,224,,,,,9247205d00f9,
train\pho\pho_1e970bd42eb0.jpg,D:\Machine Learning project\sea_food_dataset\train\pho\pho_1e970bd42eb0.jpg,pho,Phở,Vietnam,train,224,224,,,,,e1fe4ce74cf1,
train\pho\pho_1ea2ec13c374.jpg,D:\Machine Learning project\sea_food_dataset\train\pho\pho_1ea2ec13c374.jpg,pho,Phở,Vietnam,train,224,224,,,,,f8daa144b8e5,
train\pho\pho_1f0aad150bb9.jpg,D:\Machine Learning project\sea_food_dataset\train\pho\pho_1f0aad150bb9.jpg,pho,Phở,Vietnam,train,224,224,,,,,849b6db41777,
train\pho\pho_1fa795035337.jpg,D:\Machine Learning project\sea_food_dataset\train\pho\pho_1fa795035337.jpg,pho,Phở,Vietnam,train,224,224,,,,,a987a745691a,
train\pho\pho_1fdf922ae63e.jpg,D:\Machine Learning project\sea_food_dataset\train\pho\pho_1fdf922ae63e.jpg,pho,Phở,Vietnam,train,224,224,,,,,ae0213377a91,
train\pho\pho_20000fdf5908.jpg,D:\Machine Learning project\sea_food_dataset\train\pho\pho_20000fdf5908.jpg,pho,Phở,Vietnam,train,224,224,,,,,b9a8c49f5c16,
train\pho\pho_20001e846429.jpg,D:\Machine Learning project\sea_food_dataset\train\pho\pho_20001e846429.jpg,pho,Phở,Vietnam,train,224,224,,,,,d0d64953dd6f,
train\pho\pho_20931685dcff.jpg,D:\Machine Learning project\sea_food_dataset\train\pho\pho_20931685dcff.jpg,pho,Phở,Vietnam,train,224,224,,,,,07efacdb82ec,
train\pho\pho_21a308334f69.jpg,D:\Machine Learning project\sea_food_dataset\train\pho\pho_21a308334f69.jpg,pho,Phở,Vietnam,train,224,224,,,,,05c6150b1122,
train\pho\pho_21bbc15ae183.jpg,D:\Machine Learning project\sea_food_dataset\train\pho\pho_21bbc15ae183.jpg,pho,Phở,Vietnam,train,224,224,,,,,adbbba7c7af7,
train\pho\pho_22fcee820cc1.jpg,D:\Machine Learning project\sea_food_dataset\train\pho\pho_22fcee820cc1.jpg,pho,Phở,Vietnam,train,224,224,,,,,97c60036e297,
train\pho\pho_23e71c87cc9b.jpg,D:\Machine Learning project\sea_food_dataset\train\pho\pho_23e71c87cc9b.jpg,pho,Phở,Vietnam,train,224,224,,,,,8dad63556940,
train\pho\pho_2414dc6e33b9.jpg,D:\Machine Learning project\sea_food_dataset\train\pho\pho_2414dc6e33b9.jpg,pho,Phở,Vietnam,train,224,224,,,,,a801fb384e70,
train\pho\pho_24b831492ed4.jpg,D:\Machine Learning project\sea_food_dataset\train\pho\pho_24b831492ed4.jpg,pho,Phở,Vietnam,train,224,224,,,,,f969e57556db,
train\pho\pho_251e8838f8cb.jpg,D:\Machine Learning project\sea_food_dataset\train\pho\pho_251e8838f8cb.jpg,pho,Phở,Vietnam,train,224,224,,,,,2a0df7c56737,
train\pho\pho_2612db284106.jpg,D:\Machine Learning project\sea_food_dataset\train\pho\pho_2612db284106.jpg,pho,Phở,Vietnam,train,224,224,,,,,0df81c438538,
train\pho\pho_27565c0c3fbf.jpg,D:\Machine Learning project\sea_food_dataset\train\pho\pho_27565c0c3fbf.jpg,pho,Phở,Vietnam,train,224,224,,,,,cac5ae1f90b8,
train\pho\pho_279c21dc1d25.jpg,D:\Machine Learning project\sea_food_dataset\train\pho\pho_279c21dc1d25.jpg,pho,Phở,Vietnam,train,224,224,,,,,ebc2e17b26ae,
train\pho\pho_27cb0644b534.jpg,D:\Machine Learning project\sea_food_dataset\train\pho\pho_27cb0644b534.jpg,pho,Phở,Vietnam,train,224,224,,,,,a0eacf263bce,
train\pho\pho_29d09ca141d9.jpg,D:\Machine Learning project\sea_food_dataset\train\pho\pho_29d09ca141d9.jpg,pho,Phở,Vietnam,train,224,224,,,,,ac4e57a91aa7,
train\pho\pho_2c01a9c160d6.jpg,D:\Machine Learning project\sea_food_dataset\train\pho\pho_2c01a9c160d6.jpg,pho,Phở,Vietnam,train,224,224,,,,,19928919e2d8,
train\pho\pho_2c28feda004a.jpg,D:\Machine Learning project\sea_food_dataset\train\pho\pho_2c28feda004a.jpg,pho,Phở,Vietnam,train,224,224,,,,,da22f0330e8d,
train\pho\pho_2eb337890871.jpg,D:\Machine Learning project\sea_food_dataset\train\pho\pho_2eb337890871.jpg,pho,Phở,Vietnam,train,224,224,,,,,73865542191a,
train\pho\pho_2fc4b9890452.jpg,D:\Machine Learning project\sea_food_dataset\train\pho\pho_2fc4b9890452.jpg,pho,Phở,Vietnam,train,224,224,,,,,5fb0afb8392d,
train\pho\pho_2fdef69c66a5.jpg,D:\Machine Learning project\sea_food_dataset\train\pho\pho_2fdef69c66a5.jpg,pho,Phở,Vietnam,train,224,224,,,,,222d571bbe24,
train\pho\pho_30a5caf608c9.jpg,D:\Machine Learning project\sea_food_dataset\train\pho\pho_30a5caf608c9.jpg,pho,Phở,Vietnam,train,224,224,,,,,c617d67feb73,
train\pho\pho_30f46ba895bc.jpg,D:\Machine Learning project\sea_food_dataset\train\pho\pho_30f46ba895bc.jpg,pho,Phở,Vietnam,train,224,224,,,,,7de096c7bbc1,
train\pho\pho_3176b247def9.jpg,D:\Machine Learning project\sea_food_dataset\train\pho\pho_3176b247def9.jpg,pho,Phở,Vietnam,train,224,224,,,,,8d116a88ba67,
train\pho\pho_322231d07133.jpg,D:\Machine Learning project\sea_food_dataset\train\pho\pho_322231d07133.jpg,pho,Phở,Vietnam,train,224,224,,,,,7eb07f257c0b,
train\pho\pho_326c3eea8439.jpg,D:\Machine Learning project\sea_food_dataset\train\pho\pho_326c3eea8439.jpg,pho,Phở,Vietnam,train,224,224,,,,,c34dd31dbeb9,
train\pho\pho_3290cc11abbb.jpg,D:\Machine Learning project\sea_food_dataset\train\pho\pho_3290cc11abbb.jpg,pho,Phở,Vietnam,train,224,224,,,,,eff4f9168862,
train\pho\pho_33da37af54af.jpg,D:\Machine Learning project\sea_food_dataset\train\pho\pho_33da37af54af.jpg,pho,Phở,Vietnam,train,224,224,,,,,85fcd7467f3e,
train\pho\pho_3578ed344c1a.jpg,D:\Machine Learning project\sea_food_dataset\train\pho\pho_3578ed344c1a.jpg,pho,Phở,Vietnam,train,224,224,,,,,3e4bb829130f,
train\pho\pho_3600475166f3.jpg,D:\Machine Learning project\sea_food_dataset\train\pho\pho_3600475166f3.jpg,pho,Phở,Vietnam,train,224,224,,,,,a5e70b448314,
train\pho\pho_36b54dcca22f.jpg,D:\Machine Learning project\sea_food_dataset\train\pho\pho_36b54dcca22f.jpg,pho,Phở,Vietnam,train,224,224,,,,,8a4ba25bc3ed,
train\pho\pho_372407846ba4.jpg,D:\Machine Learning project\sea_food_dataset\train\pho\pho_372407846ba4.jpg,pho,Phở,Vietnam,train,224,224,,,,,3c1a74bc0153,
train\pho\pho_375a6f1c35ac.jpg,D:\Machine Learning project\sea_food_dataset\train\pho\pho_375a6f1c35ac.jpg,pho,Phở,Vietnam,train,224,224,,,,,66b065d757db,
train\pho\pho_377c18a0f98f.jpg,D:\Machine Learning project\sea_food_dataset\train\pho\pho_377c18a0f98f.jpg,pho,Phở,Vietnam,train,224,224,,,,,c8a7a0f31512,
train\pho\pho_377cd20460a1.jpg,D:\Machine Learning project\sea_food_dataset\train\pho\pho_377cd20460a1.jpg,pho,Phở,Vietnam,train,224,224,,,,,5fc91509ed24,
train\pho\pho_3876b179d015.jpg,D:\Machine Learning project\sea_food_dataset\train\pho\pho_3876b179d015.jpg,pho,Phở,Vietnam,train,224,224,,,,,8bc6215770c8,
train\pho\pho_38dcb49b463e.jpg,D:\Machine Learning project\sea_food_dataset\train\pho\pho_38dcb49b463e.jpg,pho,Phở,Vietnam,train,224,224,,,,,4a7713277e29,
train\pho\pho_39308929bb27.jpg,D:\Machine Learning project\sea_food_dataset\train\pho\pho_39308929bb27.jpg,pho,Phở,Vietnam,train,224,224,,,,,539984b85fd6,
train\pho\pho_39f8568fefab.jpg,D:\Machine Learning project\sea_food_dataset\train\pho\pho_39f8568fefab.jpg,pho,Phở,Vietnam,train,224,224,,,,,2b7455530966,
train\pho\pho_3a92e2fa9b47.jpg,D:\Machine Learning project\sea_food_dataset\train\pho\pho_3a92e2fa9b47.jpg,pho,Phở,Vietnam,train,224,224,,,,,3c77dd7fc75a,
train\pho\pho_3b8b288d9b77.jpg,D:\Machine Learning project\sea_food_dataset\train\pho\pho_3b8b288d9b77.jpg,pho,Phở,Vietnam,train,224,224,,,,,d07c2b53d47a,
train\pho\pho_3ba6cf5deb30.jpg,D:\Machine Learning project\sea_food_dataset\train\pho\pho_3ba6cf5deb30.jpg,pho,Phở,Vietnam,train,224,224,,,,,495e69479d6b,
train\pho\pho_3bea8c153a8e.jpg,D:\Machine Learning project\sea_food_dataset\train\pho\pho_3bea8c153a8e.jpg,pho,Phở,Vietnam,train,224,224,,,,,ae77199fcfbf,
train\pho\pho_3c3c74226be2.jpg,D:\Machine Learning project\sea_food_dataset\train\pho\pho_3c3c74226be2.jpg,pho,Phở,Vietnam,train,224,224,,,,,26d7721ddad4,
train\pho\pho_3c8c78e06b07.jpg,D:\Machine Learning project\sea_food_dataset\train\pho\pho_3c8c78e06b07.jpg,pho,Phở,Vietnam,train,224,224,,,,,a99f73b9ac83,
train\pho\pho_3df6079c4137.jpg,D:\Machine Learning project\sea_food_dataset\train\pho\pho_3df6079c4137.jpg,pho,Phở,Vietnam,train,224,224,,,,,0b4844a89a43,
train\pho\pho_3e103d9ff187.jpg,D:\Machine Learning project\sea_food_dataset\train\pho\pho_3e103d9ff187.jpg,pho,Phở,Vietnam,train,224,224,,,,,c02f90e02b0f,
train\pho\pho_3eae1341f73a.jpg,D:\Machine Learning project\sea_food_dataset\train\pho\pho_3eae1341f73a.jpg,pho,Phở,Vietnam,train,224,224,,,,,bab69a7ecabc,
train\pho\pho_3edbd6041a98.jpg,D:\Machine Learning project\sea_food_dataset\train\pho\pho_3edbd6041a98.jpg,pho,Phở,Vietnam,train,224,224,,,,,30c7b1ed3833,
train\pho\pho_3f3a1df67ffb.jpg,D:\Machine Learning project\sea_food_dataset\train\pho\pho_3f3a1df67ffb.jpg,pho,Phở,Vietnam,train,224,224,,,,,334cba6f0117,
train\pho\pho_40daa992e961.jpg,D:\Machine Learning project\sea_food_dataset\train\pho\pho_40daa992e961.jpg,pho,Phở,Vietnam,train,224,224,,,,,9eaa869cabf4,
train\pho\pho_410faafe2f9c.jpg,D:\Machine Learning project\sea_food_dataset\train\pho\pho_410faafe2f9c.jpg,pho,Phở,Vietnam,train,224,224,,,,,3b7126d5ab6b,
train\pho\pho_41c95f030581.jpg,D:\Machine Learning project\sea_food_dataset\train\pho\pho_41c95f030581.jpg,pho,Phở,Vietnam,train,224,224,,,,,3bafa8825b03,
train\pho\pho_4237de1433e1.jpg,D:\Machine Learning project\sea_food_dataset\train\pho\pho_4237de1433e1.jpg,pho,Phở,Vietnam,train,224,224,,,,,60b166073647,
train\pho\pho_42527e959c6b.jpg,D:\Machine Learning project\sea_food_dataset\train\pho\pho_42527e959c6b.jpg,pho,Phở,Vietnam,train,224,224,,,,,c502a7797041,
train\pho\pho_42f51dbd3fc4.jpg,D:\Machine Learning project\sea_food_dataset\train\pho\pho_42f51dbd3fc4.jpg,pho,Phở,Vietnam,train,224,224,,,,,66ef3dc6743a,
train\pho\pho_437d740118dc.jpg,D:\Machine Learning project\sea_food_dataset\train\pho\pho_437d740118dc.jpg,pho,Phở,Vietnam,train,224,224,,,,,5ae1d6deaf27,
train\pho\pho_438b5e6eebdd.jpg,D:\Machine Learning project\sea_food_dataset\train\pho\pho_438b5e6eebdd.jpg,pho,Phở,Vietnam,train,224,224,,,,,6229fda71c9d,
train\pho\pho_44db821de280.jpg,D:\Machine Learning project\sea_food_dataset\train\pho\pho_44db821de280.jpg,pho,Phở,Vietnam,train,224,224,,,,,5b48521f365f,
train\pho\pho_44fbc1acf44d.jpg,D:\Machine Learning project\sea_food_dataset\train\pho\pho_44fbc1acf44d.jpg,pho,Phở,Vietnam,train,224,224,,,,,a9f961c643e1,
train\pho\pho_452608bc9c92.jpg,D:\Machine Learning project\sea_food_dataset\train\pho\pho_452608bc9c92.jpg,pho,Phở,Vietnam,train,224,224,,,,,86085f68b593,
train\pho\pho_452ba5d779a3.jpg,D:\Machine Learning project\sea_food_dataset\train\pho\pho_452ba5d779a3.jpg,pho,Phở,Vietnam,train,224,224,,,,,b3ac2ecd68be,
train\pho\pho_482bb415235c.jpg,D:\Machine Learning project\sea_food_dataset\train\pho\pho_482bb415235c.jpg,pho,Phở,Vietnam,train,224,224,,,,,075ce20403af,
train\pho\pho_487cd23f4bbb.jpg,D:\Machine Learning project\sea_food_dataset\train\pho\pho_487cd23f4bbb.jpg,pho,Phở,Vietnam,train,224,224,,,,,d22aaeb48dbc,
train\pho\pho_48ce2b93912e.jpg,D:\Machine Learning project\sea_food_dataset\train\pho\pho_48ce2b93912e.jpg,pho,Phở,Vietnam,train,224,224,,,,,5d3374629316,
train\pho\pho_490f7cf37309.jpg,D:\Machine Learning project\sea_food_dataset\train\pho\pho_490f7cf37309.jpg,pho,Phở,Vietnam,train,224,224,,,,,13ed6d9026bf,
train\pho\pho_49a15389837d.jpg,D:\Machine Learning project\sea_food_dataset\train\pho\pho_49a15389837d.jpg,pho,Phở,Vietnam,train,224,224,,,,,6b0cf28d28d0,
train\pho\pho_4a9e5d7d0126.jpg,D:\Machine Learning project\sea_food_dataset\train\pho\pho_4a9e5d7d0126.jpg,pho,Phở,Vietnam,train,224,224,,,,,fbd148bd7c74,
train\pho\pho_4bb3cba3cbba.jpg,D:\Machine Learning project\sea_food_dataset\train\pho\pho_4bb3cba3cbba.jpg,pho,Phở,Vietnam,train,224,224,,,,,fd6b0e28c5d6,
train\pho\pho_4c96cf6d0074.jpg,D:\Machine Learning project\sea_food_dataset\train\pho\pho_4c96cf6d0074.jpg,pho,Phở,Vietnam,train,224,224,,,,,2aa57dbb997c,
train\pho\pho_4dd5ae7c8d70.jpg,D:\Machine Learning project\sea_food_dataset\train\pho\pho_4dd5ae7c8d70.jpg,pho,Phở,Vietnam,train,224,224,,,,,e9c65dca0162,
train\pho\pho_4e0728a35e39.jpg,D:\Machine Learning project\sea_food_dataset\train\pho\pho_4e0728a35e39.jpg,pho,Phở,Vietnam,train,224,224,,,,,81d02122fddc,
train\pho\pho_4e122bf73b49.jpg,D:\Machine Learning project\sea_food_dataset\train\pho\pho_4e122bf73b49.jpg,pho,Phở,Vietnam,train,224,224,,,,,6d6e1ebce238,
train\pho\pho_4ebb772ccfa2.jpg,D:\Machine Learning project\sea_food_dataset\train\pho\pho_4ebb772ccfa2.jpg,pho,Phở,Vietnam,train,224,224,,,,,ffd34384c7ca,
train\pho\pho_4f91d10c96d4.jpg,D:\Machine Learning project\sea_food_dataset\train\pho\pho_4f91d10c96d4.jpg,pho,Phở,Vietnam,train,224,224,,,,,5131130a36e2,
train\pho\pho_51bcf93da8c1.jpg,D:\Machine Learning project\sea_food_dataset\train\pho\pho_51bcf93da8c1.jpg,pho,Phở,Vietnam,train,224,224,,,,,957d5125f707,
train\pho\pho_53ed8de33565.jpg,D:\Machine Learning project\sea_food_dataset\train\pho\pho_53ed8de33565.jpg,pho,Phở,Vietnam,train,224,224,,,,,aaf13bb9cc8e,
train\pho\pho_53fe5d6cc090.jpg,D:\Machine Learning project\sea_food_dataset\train\pho\pho_53fe5d6cc090.jpg,pho,Phở,Vietnam,train,224,224,,,,,9a7fda13f41f,
train\pho\pho_561d05674922.jpg,D:\Machine Learning project\sea_food_dataset\train\pho\pho_561d05674922.jpg,pho,Phở,Vietnam,train,224,224,,,,,1b9878dd0852,
train\pho\pho_56fec59288fc.jpg,D:\Machine Learning project\sea_food_dataset\train\pho\pho_56fec59288fc.jpg,pho,Phở,Vietnam,train,224,224,,,,,809c28de28b7,
train\pho\pho_57bc5b9737ae.jpg,D:\Machine Learning project\sea_food_dataset\train\pho\pho_57bc5b9737ae.jpg,pho,Phở,Vietnam,train,224,224,,,,,fce7c289d570,
train\pho\pho_57d6f2c148ca.jpg,D:\Machine Learning project\sea_food_dataset\train\pho\pho_57d6f2c148ca.jpg,pho,Phở,Vietnam,train,224,224,,,,,e364a2dbb5bd,
train\pho\pho_58a4442f45b2.jpg,D:\Machine Learning project\sea_food_dataset\train\pho\pho_58a4442f45b2.jpg,pho,Phở,Vietnam,train,224,224,,,,,2e82eea21e40,
train\pho\pho_5ad3fa3d54ac.jpg,D:\Machine Learning project\sea_food_dataset\train\pho\pho_5ad3fa3d54ac.jpg,pho,Phở,Vietnam,train,224,224,,,,,6aefb85699f5,
train\pho\pho_5b1f4f561d7b.jpg,D:\Machine Learning project\sea_food_dataset\train\pho\pho_5b1f4f561d7b.jpg,pho,Phở,Vietnam,train,224,224,,,,,53e0b22d5e73,
train\pho\pho_5c4febb60eb8.jpg,D:\Machine Learning project\sea_food_dataset\train\pho\pho_5c4febb60eb8.jpg,pho,Phở,Vietnam,train,224,224,,,,,bba54cab9b4b,
train\pho\pho_5d4c664722c3.jpg,D:\Machine Learning project\sea_food_dataset\train\pho\pho_5d4c664722c3.jpg,pho,Phở,Vietnam,train,224,224,,,,,895651371de5,
train\pho\pho_5ebf40d5a2d6.jpg,D:\Machine Learning project\sea_food_dataset\train\pho\pho_5ebf40d5a2d6.jpg,pho,Phở,Vietnam,train,224,224,,,,,6303a5e4c4ae,
train\pho\pho_5fa38d1fc4b9.jpg,D:\Machine Learning project\sea_food_dataset\train\pho\pho_5fa38d1fc4b9.jpg,pho,Phở,Vietnam,train,224,224,,,,,f172d6e68d47,
train\pho\pho_5faf6d3af67a.jpg,D:\Machine Learning project\sea_food_dataset\train\pho\pho_5faf6d3af67a.jpg,pho,Phở,Vietnam,train,224,224,,,,,1cc10b3fc064,
train\pho\pho_5fe75066199d.jpg,D:\Machine Learning project\sea_food_dataset\train\pho\pho_5fe75066199d.jpg,pho,Phở,Vietnam,train,224,224,,,,,77fa6d054855,
train\pho\pho_6159b9d4eec5.jpg,D:\Machine Learning project\sea_food_dataset\train\pho\pho_6159b9d4eec5.jpg,pho,Phở,Vietnam,train,224,224,,,,,19fd5257dde3,
train\pho\pho_63ab82ce4f7f.jpg,D:\Machine Learning project\sea_food_dataset\train\pho\pho_63ab82ce4f7f.jpg,pho,Phở,Vietnam,train,224,224,,,,,7848e4798729,
train\pho\pho_63e45ec3e3e4.jpg,D:\Machine Learning project\sea_food_dataset\train\pho\pho_63e45ec3e3e4.jpg,pho,Phở,Vietnam,train,224,224,,,,,1a659311c58b,
train\pho\pho_641ef1353456.jpg,D:\Machine Learning project\sea_food_dataset\train\pho\pho_641ef1353456.jpg,pho,Phở,Vietnam,train,224,224,,,,,185f225b0162,
train\pho\pho_64b4ccd02715.jpg,D:\Machine Learning project\sea_food_dataset\train\pho\pho_64b4ccd02715.jpg,pho,Phở,Vietnam,train,224,224,,,,,a9889d8c26ab,
train\pho\pho_65612ae4fd43.jpg,D:\Machine Learning project\sea_food_dataset\train\pho\pho_65612ae4fd43.jpg,pho,Phở,Vietnam,train,224,224,,,,,91dd99bd2633,
train\pho\pho_67807c2954fa.jpg,D:\Machine Learning project\sea_food_dataset\train\pho\pho_67807c2954fa.jpg,pho,Phở,Vietnam,train,224,224,,,,,31c32dee0891,
train\pho\pho_6810e5d777a0.jpg,D:\Machine Learning project\sea_food_dataset\train\pho\pho_6810e5d777a0.jpg,pho,Phở,Vietnam,train,224,224,,,,,d23dc1c35755,
train\pho\pho_6891f0adb21f.jpg,D:\Machine Learning project\sea_food_dataset\train\pho\pho_6891f0adb21f.jpg,pho,Phở,Vietnam,train,224,224,,,,,da9437f9684f,
train\pho\pho_69010700e67b.jpg,D:\Machine Learning project\sea_food_dataset\train\pho\pho_69010700e67b.jpg,pho,Phở,Vietnam,train,224,224,,,,,49dec3868ba4,
train\pho\pho_690293487731.jpg,D:\Machine Learning project\sea_food_dataset\train\pho\pho_690293487731.jpg,pho,Phở,Vietnam,train,224,224,,,,,4b41c50f2f7b,
train\pho\pho_696ba3de59a7.jpg,D:\Machine Learning project\sea_food_dataset\train\pho\pho_696ba3de59a7.jpg,pho,Phở,Vietnam,train,224,224,,,,,9820dffba47f,
train\pho\pho_6a082c818b1b.jpg,D:\Machine Learning project\sea_food_dataset\train\pho\pho_6a082c818b1b.jpg,pho,Phở,Vietnam,train,224,224,,,,,d4ed4eecface,
train\pho\pho_6a75244e2691.jpg,D:\Machine Learning project\sea_food_dataset\train\pho\pho_6a75244e2691.jpg,pho,Phở,Vietnam,train,224,224,,,,,9dc98cd0ad97,
train\pho\pho_6b098c8dc9fc.jpg,D:\Machine Learning project\sea_food_dataset\train\pho\pho_6b098c8dc9fc.jpg,pho,Phở,Vietnam,train,224,224,,,,,bb3150749049,
train\pho\pho_6b9d19e5488f.jpg,D:\Machine Learning project\sea_food_dataset\train\pho\pho_6b9d19e5488f.jpg,pho,Phở,Vietnam,train,224,224,,,,,546890fd457a,
train\pho\pho_6c85f853ff03.jpg,D:\Machine Learning project\sea_food_dataset\train\pho\pho_6c85f853ff03.jpg,pho,Phở,Vietnam,train,224,224,,,,,9bc1aa151b2f,
train\pho\pho_6e11ed313445.jpg,D:\Machine Learning project\sea_food_dataset\train\pho\pho_6e11ed313445.jpg,pho,Phở,Vietnam,train,224,224,,,,,57354bfade27,
train\pho\pho_6f08089eb42c.jpg,D:\Machine Learning project\sea_food_dataset\train\pho\pho_6f08089eb42c.jpg,pho,Phở,Vietnam,train,224,224,,,,,91fe7c03ab51,
train\pho\pho_7087a3c936d6.jpg,D:\Machine Learning project\sea_food_dataset\train\pho\pho_7087a3c936d6.jpg,pho,Phở,Vietnam,train,224,224,,,,,0e659d7664c7,
train\pho\pho_70a161b0faba.jpg,D:\Machine Learning project\sea_food_dataset\train\pho\pho_70a161b0faba.jpg,pho,Phở,Vietnam,train,224,224,,,,,6649762a2ad1,
train\pho\pho_70a4ae3b63a6.jpg,D:\Machine Learning project\sea_food_dataset\train\pho\pho_70a4ae3b63a6.jpg,pho,Phở,Vietnam,train,224,224,,,,,4e613cc2bc3b,
train\pho\pho_7381e7e1f021.jpg,D:\Machine Learning project\sea_food_dataset\train\pho\pho_7381e7e1f021.jpg,pho,Phở,Vietnam,train,224,224,,,,,b4674e89ae10,
train\pho\pho_73aa9324195a.jpg,D:\Machine Learning project\sea_food_dataset\train\pho\pho_73aa9324195a.jpg,pho,Phở,Vietnam,train,224,224,,,,,f6125e375da2,
train\pho\pho_73c36c7db9d6.jpg,D:\Machine Learning project\sea_food_dataset\train\pho\pho_73c36c7db9d6.jpg,pho,Phở,Vietnam,train,224,224,,,,,03ce977d99a4,
train\pho\pho_74ceadc4b46e.jpg,D:\Machine Learning project\sea_food_dataset\train\pho\pho_74ceadc4b46e.jpg,pho,Phở,Vietnam,train,224,224,,,,,6868049773ee,
train\pho\pho_75046ce842a8.jpg,D:\Machine Learning project\sea_food_dataset\train\pho\pho_75046ce842a8.jpg,pho,Phở,Vietnam,train,224,224,,,,,78a99ad3f01f,
train\pho\pho_75ae2dca274d.jpg,D:\Machine Learning project\sea_food_dataset\train\pho\pho_75ae2dca274d.jpg,pho,Phở,Vietnam,train,224,224,,,,,a9e182848231,
train\pho\pho_75e0f61fc7cf.jpg,D:\Machine Learning project\sea_food_dataset\train\pho\pho_75e0f61fc7cf.jpg,pho,Phở,Vietnam,train,224,224,,,,,12a9218eed9f,
train\pho\pho_7602e2e6c780.jpg,D:\Machine Learning project\sea_food_dataset\train\pho\pho_7602e2e6c780.jpg,pho,Phở,Vietnam,train,224,224,,,,,daaed0262ccf,
train\pho\pho_76f93d3945bc.jpg,D:\Machine Learning project\sea_food_dataset\train\pho\pho_76f93d3945bc.jpg,pho,Phở,Vietnam,train,224,224,,,,,e66acecb1ca5,
train\pho\pho_770514a6aa40.jpg,D:\Machine Learning project\sea_food_dataset\train\pho\pho_770514a6aa40.jpg,pho,Phở,Vietnam,train,224,224,,,,,a40b6cd2a749,
train\pho\pho_788df59acfcb.jpg,D:\Machine Learning project\sea_food_dataset\train\pho\pho_788df59acfcb.jpg,pho,Phở,Vietnam,train,224,224,,,,,c27fe1f095d8,
train\pho\pho_78a9a0b5781a.jpg,D:\Machine Learning project\sea_food_dataset\train\pho\pho_78a9a0b5781a.jpg,pho,Phở,Vietnam,train,224,224,,,,,f45fe5cf41a3,
train\pho\pho_78c6a01a8328.jpg,D:\Machine Learning project\sea_food_dataset\train\pho\pho_78c6a01a8328.jpg,pho,Phở,Vietnam,train,224,224,,,,,9368b9e8b925,
train\pho\pho_794b6fe6d283.jpg,D:\Machine Learning project\sea_food_dataset\train\pho\pho_794b6fe6d283.jpg,pho,Phở,Vietnam,train,224,224,,,,,3c400246545f,
train\pho\pho_797bab4973b7.jpg,D:\Machine Learning project\sea_food_dataset\train\pho\pho_797bab4973b7.jpg,pho,Phở,Vietnam,train,224,224,,,,,7f9688bbfe7a,
train\pho\pho_79d16432bbba.jpg,D:\Machine Learning project\sea_food_dataset\train\pho\pho_79d16432bbba.jpg,pho,Phở,Vietnam,train,224,224,,,,,df7569bc0ef4,
train\pho\pho_7b61bab8527a.jpg,D:\Machine Learning project\sea_food_dataset\train\pho\pho_7b61bab8527a.jpg,pho,Phở,Vietnam,train,224,224,,,,,fc530cb66c36,
train\pho\pho_7d2ce7b4c171.jpg,D:\Machine Learning project\sea_food_dataset\train\pho\pho_7d2ce7b4c171.jpg,pho,Phở,Vietnam,train,224,224,,,,,40a84e0cf615,
train\pho\pho_7ec507b387ee.jpg,D:\Machine Learning project\sea_food_dataset\train\pho\pho_7ec507b387ee.jpg,pho,Phở,Vietnam,train,224,224,,,,,b855bdb443d7,
train\pho\pho_7f057db108d6.jpg,D:\Machine Learning project\sea_food_dataset\train\pho\pho_7f057db108d6.jpg,pho,Phở,Vietnam,train,224,224,,,,,cfd9b8a1bfc5,
train\pho\pho_7fa560e76770.jpg,D:\Machine Learning project\sea_food_dataset\train\pho\pho_7fa560e76770.jpg,pho,Phở,Vietnam,train,224,224,,,,,cb5efa422ef8,
train\pho\pho_80aacb6623d9.jpg,D:\Machine Learning project\sea_food_dataset\train\pho\pho_80aacb6623d9.jpg,pho,Phở,Vietnam,train,224,224,,,,,a5fb669e7142,
train\pho\pho_810e05d6999b.jpg,D:\Machine Learning project\sea_food_dataset\train\pho\pho_810e05d6999b.jpg,pho,Phở,Vietnam,train,224,224,,,,,7372fb5aca78,
train\pho\pho_814414c30be2.jpg,D:\Machine Learning project\sea_food_dataset\train\pho\pho_814414c30be2.jpg,pho,Phở,Vietnam,train,224,224,,,,,a0ed9c42a399,
train\pho\pho_8198d8f0b561.jpg,D:\Machine Learning project\sea_food_dataset\train\pho\pho_8198d8f0b561.jpg,pho,Phở,Vietnam,train,224,224,,,,,b7539df513ab,
train\pho\pho_81b5607a2cb3.jpg,D:\Machine Learning project\sea_food_dataset\train\pho\pho_81b5607a2cb3.jpg,pho,Phở,Vietnam,train,224,224,,,,,40f9a01e31a5,
train\pho\pho_829a7d3868da.jpg,D:\Machine Learning project\sea_food_dataset\train\pho\pho_829a7d3868da.jpg,pho,Phở,Vietnam,train,224,224,,,,,146f40e7a6f4,
train\pho\pho_82d482092fc0.jpg,D:\Machine Learning project\sea_food_dataset\train\pho\pho_82d482092fc0.jpg,pho,Phở,Vietnam,train,224,224,,,,,12e610a66324,
train\pho\pho_8347d19ec179.jpg,D:\Machine Learning project\sea_food_dataset\train\pho\pho_8347d19ec179.jpg,pho,Phở,Vietnam,train,224,224,,,,,531d36fc29ec,
train\pho\pho_848dc5f010f2.jpg,D:\Machine Learning project\sea_food_dataset\train\pho\pho_848dc5f010f2.jpg,pho,Phở,Vietnam,train,224,224,,,,,b2cf628765a3,
train\pho\pho_856b47097ce4.jpg,D:\Machine Learning project\sea_food_dataset\train\pho\pho_856b47097ce4.jpg,pho,Phở,Vietnam,train,224,224,,,,,3bfe6f0f09fa,
train\pho\pho_86727b03b0dd.jpg,D:\Machine Learning project\sea_food_dataset\train\pho\pho_86727b03b0dd.jpg,pho,Phở,Vietnam,train,224,224,,,,,2a4433ba9b28,
train\pho\pho_87202bc0c054.jpg,D:\Machine Learning project\sea_food_dataset\train\pho\pho_87202bc0c054.jpg,pho,Phở,Vietnam,train,224,224,,,,,f87a24a26ca7,
train\pho\pho_872660531c70.jpg,D:\Machine Learning project\sea_food_dataset\train\pho\pho_872660531c70.jpg,pho,Phở,Vietnam,train,224,224,,,,,179bf64a7766,
train\pho\pho_8a242bfe08bc.jpg,D:\Machine Learning project\sea_food_dataset\train\pho\pho_8a242bfe08bc.jpg,pho,Phở,Vietnam,train,224,224,,,,,0b6265fe55cb,
train\pho\pho_8a440cb4ad4d.jpg,D:\Machine Learning project\sea_food_dataset\train\pho\pho_8a440cb4ad4d.jpg,pho,Phở,Vietnam,train,224,224,,,,,1569d19f0139,
train\pho\pho_8ab7a5323494.jpg,D:\Machine Learning project\sea_food_dataset\train\pho\pho_8ab7a5323494.jpg,pho,Phở,Vietnam,train,224,224,,,,,d56e2ef438da,
train\pho\pho_8b6897bf509e.jpg,D:\Machine Learning project\sea_food_dataset\train\pho\pho_8b6897bf509e.jpg,pho,Phở,Vietnam,train,224,224,,,,,0ba0a8dfd705,
train\pho\pho_8bb6116fb62f.jpg,D:\Machine Learning project\sea_food_dataset\train\pho\pho_8bb6116fb62f.jpg,pho,Phở,Vietnam,train,224,224,,,,,198db9099eb2,
train\pho\pho_8beffdff792c.jpg,D:\Machine Learning project\sea_food_dataset\train\pho\pho_8beffdff792c.jpg,pho,Phở,Vietnam,train,224,224,,,,,43a49f6a3928,
train\pho\pho_8cbe3647efa1.jpg,D:\Machine Learning project\sea_food_dataset\train\pho\pho_8cbe3647efa1.jpg,pho,Phở,Vietnam,train,224,224,,,,,d37a58613d44,
train\pho\pho_8e2d2d29c848.jpg,D:\Machine Learning project\sea_food_dataset\train\pho\pho_8e2d2d29c848.jpg,pho,Phở,Vietnam,train,224,224,,,,,b7725ea8e4ae,
train\pho\pho_8e844cb192d7.jpg,D:\Machine Learning project\sea_food_dataset\train\pho\pho_8e844cb192d7.jpg,pho,Phở,Vietnam,train,224,224,,,,,3504926d8009,
train\pho\pho_8f7d868880db.jpg,D:\Machine Learning project\sea_food_dataset\train\pho\pho_8f7d868880db.jpg,pho,Phở,Vietnam,train,224,224,,,,,eb67cee62eb5,
train\pho\pho_8ff4f6f041cc.jpg,D:\Machine Learning project\sea_food_dataset\train\pho\pho_8ff4f6f041cc.jpg,pho,Phở,Vietnam,train,224,224,,,,,dc33b87eeae9,
train\pho\pho_900d64c45fc0.jpg,D:\Machine Learning project\sea_food_dataset\train\pho\pho_900d64c45fc0.jpg,pho,Phở,Vietnam,train,224,224,,,,,0419690a0bf8,
train\pho\pho_907cc546020e.jpg,D:\Machine Learning project\sea_food_dataset\train\pho\pho_907cc546020e.jpg,pho,Phở,Vietnam,train,224,224,,,,,0feb84575f13,
train\pho\pho_920c32381ed7.jpg,D:\Machine Learning project\sea_food_dataset\train\pho\pho_920c32381ed7.jpg,pho,Phở,Vietnam,train,224,224,,,,,5db9aefe8fd2,
train\pho\pho_921e697a7b34.jpg,D:\Machine Learning project\sea_food_dataset\train\pho\pho_921e697a7b34.jpg,pho,Phở,Vietnam,train,224,224,,,,,626d7ff0428f,
train\pho\pho_92483c5e21ff.jpg,D:\Machine Learning project\sea_food_dataset\train\pho\pho_92483c5e21ff.jpg,pho,Phở,Vietnam,train,224,224,,,,,c7c22c699819,
train\pho\pho_92cf18856c5f.jpg,D:\Machine Learning project\sea_food_dataset\train\pho\pho_92cf18856c5f.jpg,pho,Phở,Vietnam,train,224,224,,,,,9870df7b0381,
train\pho\pho_95e3a84015b6.jpg,D:\Machine Learning project\sea_food_dataset\train\pho\pho_95e3a84015b6.jpg,pho,Phở,Vietnam,train,224,224,,,,,035e9914c4d6,
train\pho\pho_96b62783c150.jpg,D:\Machine Learning project\sea_food_dataset\train\pho\pho_96b62783c150.jpg,pho,Phở,Vietnam,train,224,224,,,,,0e9b15b1eeeb,
train\pho\pho_97e73eb7048f.jpg,D:\Machine Learning project\sea_food_dataset\train\pho\pho_97e73eb7048f.jpg,pho,Phở,Vietnam,train,224,224,,,,,b59d1eb12bc3,
train\pho\pho_97ec895e6441.jpg,D:\Machine Learning project\sea_food_dataset\train\pho\pho_97ec895e6441.jpg,pho,Phở,Vietnam,train,224,224,,,,,7085273d55e4,
train\pho\pho_9882e97b14d9.jpg,D:\Machine Learning project\sea_food_dataset\train\pho\pho_9882e97b14d9.jpg,pho,Phở,Vietnam,train,224,224,,,,,2c81f75966f0,
train\pho\pho_9918ae549f4d.jpg,D:\Machine Learning project\sea_food_dataset\train\pho\pho_9918ae549f4d.jpg,pho,Phở,Vietnam,train,224,224,,,,,4871067d7571,
train\pho\pho_99d8c04a1be6.jpg,D:\Machine Learning project\sea_food_dataset\train\pho\pho_99d8c04a1be6.jpg,pho,Phở,Vietnam,train,224,224,,,,,934d68dc632c,
train\pho\pho_9a42a4e3e8d9.jpg,D:\Machine Learning project\sea_food_dataset\train\pho\pho_9a42a4e3e8d9.jpg,pho,Phở,Vietnam,train,224,224,,,,,a6b990e369ab,
train\pho\pho_9c73aa854543.jpg,D:\Machine Learning project\sea_food_dataset\train\pho\pho_9c73aa854543.jpg,pho,Phở,Vietnam,train,224,224,,,,,52f16998bc0f,
train\pho\pho_9d8d660f4769.jpg,D:\Machine Learning project\sea_food_dataset\train\pho\pho_9d8d660f4769.jpg,pho,Phở,Vietnam,train,224,224,,,,,b3f3bf4c1767,
train\pho\pho_9dddc09c9685.jpg,D:\Machine Learning project\sea_food_dataset\train\pho\pho_9dddc09c9685.jpg,pho,Phở,Vietnam,train,224,224,,,,,a2a0c2a487b0,
train\pho\pho_9eedd641ebee.jpg,D:\Machine Learning project\sea_food_dataset\train\pho\pho_9eedd641ebee.jpg,pho,Phở,Vietnam,train,224,224,,,,,a71a4c84db30,
train\pho\pho_9f8d582d0f21.jpg,D:\Machine Learning project\sea_food_dataset\train\pho\pho_9f8d582d0f21.jpg,pho,Phở,Vietnam,train,224,224,,,,,61a88d377472,
train\pho\pho_9f9311dcb40a.jpg,D:\Machine Learning project\sea_food_dataset\train\pho\pho_9f9311dcb40a.jpg,pho,Phở,Vietnam,train,224,224,,,,,85c26426856d,
train\pho\pho_a078c4c1aae6.jpg,D:\Machine Learning project\sea_food_dataset\train\pho\pho_a078c4c1aae6.jpg,pho,Phở,Vietnam,train,224,224,,,,,0454d02b63c3,
train\pho\pho_a182fc6029e6.jpg,D:\Machine Learning project\sea_food_dataset\train\pho\pho_a182fc6029e6.jpg,pho,Phở,Vietnam,train,224,224,,,,,e90733842b2b,
train\pho\pho_a18dc6211d48.jpg,D:\Machine Learning project\sea_food_dataset\train\pho\pho_a18dc6211d48.jpg,pho,Phở,Vietnam,train,224,224,,,,,7da4cf688928,
train\pho\pho_a1e871c6f213.jpg,D:\Machine Learning project\sea_food_dataset\train\pho\pho_a1e871c6f213.jpg,pho,Phở,Vietnam,train,224,224,,,,,2fd5307e38f9,
train\pho\pho_a3036cc3d4ee.jpg,D:\Machine Learning project\sea_food_dataset\train\pho\pho_a3036cc3d4ee.jpg,pho,Phở,Vietnam,train,224,224,,,,,88f036647a9b,
train\pho\pho_a4d11c7c5c31.jpg,D:\Machine Learning project\sea_food_dataset\train\pho\pho_a4d11c7c5c31.jpg,pho,Phở,Vietnam,train,224,224,,,,,d1c23e5d8f96,
train\pho\pho_a4f2a32b2fa4.jpg,D:\Machine Learning project\sea_food_dataset\train\pho\pho_a4f2a32b2fa4.jpg,pho,Phở,Vietnam,train,224,224,,,,,75c821f51182,
train\pho\pho_a59ce5a0ffad.jpg,D:\Machine Learning project\sea_food_dataset\train\pho\pho_a59ce5a0ffad.jpg,pho,Phở,Vietnam,train,224,224,,,,,3ba7ea267349,
train\pho\pho_a808aa4c6783.jpg,D:\Machine Learning project\sea_food_dataset\train\pho\pho_a808aa4c6783.jpg,pho,Phở,Vietnam,train,224,224,,,,,914270c8ac4b,
train\pho\pho_a954e35c8274.jpg,D:\Machine Learning project\sea_food_dataset\train\pho\pho_a954e35c8274.jpg,pho,Phở,Vietnam,train,224,224,,,,,74adae27e43a,
train\pho\pho_a9749debd69c.jpg,D:\Machine Learning project\sea_food_dataset\train\pho\pho_a9749debd69c.jpg,pho,Phở,Vietnam,train,224,224,,,,,ab5269c19885,
train\pho\pho_ab0cc7d894f1.jpg,D:\Machine Learning project\sea_food_dataset\train\pho\pho_ab0cc7d894f1.jpg,pho,Phở,Vietnam,train,224,224,,,,,726db84bb7da,
train\pho\pho_ab3eb53416c8.jpg,D:\Machine Learning project\sea_food_dataset\train\pho\pho_ab3eb53416c8.jpg,pho,Phở,Vietnam,train,224,224,,,,,2799d80bc076,
train\pho\pho_ab5d8becc920.jpg,D:\Machine Learning project\sea_food_dataset\train\pho\pho_ab5d8becc920.jpg,pho,Phở,Vietnam,train,224,224,,,,,918fb8d62d99,
train\pho\pho_abdb9ed3c42b.jpg,D:\Machine Learning project\sea_food_dataset\train\pho\pho_abdb9ed3c42b.jpg,pho,Phở,Vietnam,train,224,224,,,,,e4bc7b284039,
train\pho\pho_ad6d0c1988d0.jpg,D:\Machine Learning project\sea_food_dataset\train\pho\pho_ad6d0c1988d0.jpg,pho,Phở,Vietnam,train,224,224,,,,,04250d8a6773,
train\pho\pho_ae9e849c8eaa.jpg,D:\Machine Learning project\sea_food_dataset\train\pho\pho_ae9e849c8eaa.jpg,pho,Phở,Vietnam,train,224,224,,,,,1a529f567384,
train\pho\pho_af92da13b29d.jpg,D:\Machine Learning project\sea_food_dataset\train\pho\pho_af92da13b29d.jpg,pho,Phở,Vietnam,train,224,224,,,,,ad7c8d8c8aa5,
train\pho\pho_b0144f82ae2d.jpg,D:\Machine Learning project\sea_food_dataset\train\pho\pho_b0144f82ae2d.jpg,pho,Phở,Vietnam,train,224,224,,,,,b963e6a35eb4,
train\pho\pho_b017c0c05242.jpg,D:\Machine Learning project\sea_food_dataset\train\pho\pho_b017c0c05242.jpg,pho,Phở,Vietnam,train,224,224,,,,,f7c033cba484,
train\pho\pho_b02062bd4191.jpg,D:\Machine Learning project\sea_food_dataset\train\pho\pho_b02062bd4191.jpg,pho,Phở,Vietnam,train,224,224,,,,,3b170be435d3,
train\pho\pho_b0253e719c29.jpg,D:\Machine Learning project\sea_food_dataset\train\pho\pho_b0253e719c29.jpg,pho,Phở,Vietnam,train,224,224,,,,,ba5c5ae1ad79,
train\pho\pho_b084900d6aec.jpg,D:\Machine Learning project\sea_food_dataset\train\pho\pho_b084900d6aec.jpg,pho,Phở,Vietnam,train,224,224,,,,,59ffc03fc06b,
train\pho\pho_b09c7509f5be.jpg,D:\Machine Learning project\sea_food_dataset\train\pho\pho_b09c7509f5be.jpg,pho,Phở,Vietnam,train,224,224,,,,,fe7311f954f9,
train\pho\pho_b21f51c44cc9.jpg,D:\Machine Learning project\sea_food_dataset\train\pho\pho_b21f51c44cc9.jpg,pho,Phở,Vietnam,train,224,224,,,,,45354268e388,
train\pho\pho_b376158fdca5.jpg,D:\Machine Learning project\sea_food_dataset\train\pho\pho_b376158fdca5.jpg,pho,Phở,Vietnam,train,224,224,,,,,501ab41fcdef,
train\pho\pho_b38585af6ce3.jpg,D:\Machine Learning project\sea_food_dataset\train\pho\pho_b38585af6ce3.jpg,pho,Phở,Vietnam,train,224,224,,,,,77b368343034,
train\pho\pho_b3e5c4ab240c.jpg,D:\Machine Learning project\sea_food_dataset\train\pho\pho_b3e5c4ab240c.jpg,pho,Phở,Vietnam,train,224,224,,,,,48a56de19a8f,
train\pho\pho_b40e7c41bace.jpg,D:\Machine Learning project\sea_food_dataset\train\pho\pho_b40e7c41bace.jpg,pho,Phở,Vietnam,train,224,224,,,,,e29a21570e05,
train\pho\pho_b45e40a05a87.jpg,D:\Machine Learning project\sea_food_dataset\train\pho\pho_b45e40a05a87.jpg,pho,Phở,Vietnam,train,224,224,,,,,abff82e7a06d,
train\pho\pho_b51211decb73.jpg,D:\Machine Learning project\sea_food_dataset\train\pho\pho_b51211decb73.jpg,pho,Phở,Vietnam,train,224,224,,,,,3f64fc04d075,
train\pho\pho_b55b07cbdaf8.jpg,D:\Machine Learning project\sea_food_dataset\train\pho\pho_b55b07cbdaf8.jpg,pho,Phở,Vietnam,train,224,224,,,,,323e7ac19c1e,
train\pho\pho_b5a62d312b42.jpg,D:\Machine Learning project\sea_food_dataset\train\pho\pho_b5a62d312b42.jpg,pho,Phở,Vietnam,train,224,224,,,,,f8579375dcc9,
train\pho\pho_b5fd65ba7689.jpg,D:\Machine Learning project\sea_food_dataset\train\pho\pho_b5fd65ba7689.jpg,pho,Phở,Vietnam,train,224,224,,,,,3d4afa2183d4,
train\pho\pho_b61555ee3ec8.jpg,D:\Machine Learning project\sea_food_dataset\train\pho\pho_b61555ee3ec8.jpg,pho,Phở,Vietnam,train,224,224,,,,,0cda272d36af,
train\pho\pho_b82f01086429.jpg,D:\Machine Learning project\sea_food_dataset\train\pho\pho_b82f01086429.jpg,pho,Phở,Vietnam,train,224,224,,,,,403b1dd4fca2,
train\pho\pho_b88134448ba7.jpg,D:\Machine Learning project\sea_food_dataset\train\pho\pho_b88134448ba7.jpg,pho,Phở,Vietnam,train,224,224,,,,,f1c935142c4a,
train\pho\pho_b8ccc03b85a3.jpg,D:\Machine Learning project\sea_food_dataset\train\pho\pho_b8ccc03b85a3.jpg,pho,Phở,Vietnam,train,224,224,,,,,a771bbde0b3e,
train\pho\pho_b96412492f37.jpg,D:\Machine Learning project\sea_food_dataset\train\pho\pho_b96412492f37.jpg,pho,Phở,Vietnam,train,224,224,,,,,230060ad333d,
train\pho\pho_ba32e9bffdce.jpg,D:\Machine Learning project\sea_food_dataset\train\pho\pho_ba32e9bffdce.jpg,pho,Phở,Vietnam,train,224,224,,,,,5c3ef1b26745,
train\pho\pho_bbfa5ede92d5.jpg,D:\Machine Learning project\sea_food_dataset\train\pho\pho_bbfa5ede92d5.jpg,pho,Phở,Vietnam,train,224,224,,,,,58aa2c45122d,
train\pho\pho_bc0fa272fb59.jpg,D:\Machine Learning project\sea_food_dataset\train\pho\pho_bc0fa272fb59.jpg,pho,Phở,Vietnam,train,224,224,,,,,1d186448eb77,
train\pho\pho_bc9591c8aeb3.jpg,D:\Machine Learning project\sea_food_dataset\train\pho\pho_bc9591c8aeb3.jpg,pho,Phở,Vietnam,train,224,224,,,,,bdfd0a413b27,
train\pho\pho_bd9ef7199630.jpg,D:\Machine Learning project\sea_food_dataset\train\pho\pho_bd9ef7199630.jpg,pho,Phở,Vietnam,train,224,224,,,,,c3b0aeb5ffa9,
train\pho\pho_bdacb4c5478c.jpg,D:\Machine Learning project\sea_food_dataset\train\pho\pho_bdacb4c5478c.jpg,pho,Phở,Vietnam,train,224,224,,,,,7f2de3d69b5b,
train\pho\pho_bfcab60e3b87.jpg,D:\Machine Learning project\sea_food_dataset\train\pho\pho_bfcab60e3b87.jpg,pho,Phở,Vietnam,train,224,224,,,,,f074ef569354,
train\pho\pho_c1b9ec972a6f.jpg,D:\Machine Learning project\sea_food_dataset\train\pho\pho_c1b9ec972a6f.jpg,pho,Phở,Vietnam,train,224,224,,,,,d6227a11a39e,
train\pho\pho_c1c972c073b9.jpg,D:\Machine Learning project\sea_food_dataset\train\pho\pho_c1c972c073b9.jpg,pho,Phở,Vietnam,train,224,224,,,,,434410e93b63,
train\pho\pho_c2b2351706dc.jpg,D:\Machine Learning project\sea_food_dataset\train\pho\pho_c2b2351706dc.jpg,pho,Phở,Vietnam,train,224,224,,,,,050adb71ed9b,
train\pho\pho_c2e31a4aef40.jpg,D:\Machine Learning project\sea_food_dataset\train\pho\pho_c2e31a4aef40.jpg,pho,Phở,Vietnam,train,224,224,,,,,91e328de1f40,
train\pho\pho_c308c6966da4.jpg,D:\Machine Learning project\sea_food_dataset\train\pho\pho_c308c6966da4.jpg,pho,Phở,Vietnam,train,224,224,,,,,31f34bc6873d,
train\pho\pho_c310e61ed354.jpg,D:\Machine Learning project\sea_food_dataset\train\pho\pho_c310e61ed354.jpg,pho,Phở,Vietnam,train,224,224,,,,,94a15f77b42e,
train\pho\pho_c3e04957d50a.jpg,D:\Machine Learning project\sea_food_dataset\train\pho\pho_c3e04957d50a.jpg,pho,Phở,Vietnam,train,224,224,,,,,f454832c2e85,
train\pho\pho_c4cc5424162b.jpg,D:\Machine Learning project\sea_food_dataset\train\pho\pho_c4cc5424162b.jpg,pho,Phở,Vietnam,train,224,224,,,,,3a9ed8d9d6ad,
train\pho\pho_c52c732e3797.jpg,D:\Machine Learning project\sea_food_dataset\train\pho\pho_c52c732e3797.jpg,pho,Phở,Vietnam,train,224,224,,,,,a57dd31a141b,
train\pho\pho_c55bc04b5ddb.jpg,D:\Machine Learning project\sea_food_dataset\train\pho\pho_c55bc04b5ddb.jpg,pho,Phở,Vietnam,train,224,224,,,,,607b9a1076bd,
train\pho\pho_c71a023949f1.jpg,D:\Machine Learning project\sea_food_dataset\train\pho\pho_c71a023949f1.jpg,pho,Phở,Vietnam,train,224,224,,,,,57419f4d92ee,
train\pho\pho_c772f5c14b3d.jpg,D:\Machine Learning project\sea_food_dataset\train\pho\pho_c772f5c14b3d.jpg,pho,Phở,Vietnam,train,224,224,,,,,169d4409e916,
train\pho\pho_c7f290106773.jpg,D:\Machine Learning project\sea_food_dataset\train\pho\pho_c7f290106773.jpg,pho,Phở,Vietnam,train,224,224,,,,,107168c9206b,
train\pho\pho_c825b0711fff.jpg,D:\Machine Learning project\sea_food_dataset\train\pho\pho_c825b0711fff.jpg,pho,Phở,Vietnam,train,224,224,,,,,576f77ac48cb,
train\pho\pho_c84fb31558a1.jpg,D:\Machine Learning project\sea_food_dataset\train\pho\pho_c84fb31558a1.jpg,pho,Phở,Vietnam,train,224,224,,,,,e2e2e2f7e03a,
train\pho\pho_c874e6b31b7b.jpg,D:\Machine Learning project\sea_food_dataset\train\pho\pho_c874e6b31b7b.jpg,pho,Phở,Vietnam,train,224,224,,,,,10d0f23a8f87,
train\pho\pho_c8efe65841db.jpg,D:\Machine Learning project\sea_food_dataset\train\pho\pho_c8efe65841db.jpg,pho,Phở,Vietnam,train,224,224,,,,,a3f3c9e1b21a,
train\pho\pho_c9135f58ec18.jpg,D:\Machine Learning project\sea_food_dataset\train\pho\pho_c9135f58ec18.jpg,pho,Phở,Vietnam,train,224,224,,,,,0b9ff750108d,
train\pho\pho_c9d2bb83f478.jpg,D:\Machine Learning project\sea_food_dataset\train\pho\pho_c9d2bb83f478.jpg,pho,Phở,Vietnam,train,224,224,,,,,76d7ed781885,
train\pho\pho_caa5fbb32f1b.jpg,D:\Machine Learning project\sea_food_dataset\train\pho\pho_caa5fbb32f1b.jpg,pho,Phở,Vietnam,train,224,224,,,,,0ae3fdcc9d79,
train\pho\pho_cafd55a7f3b6.jpg,D:\Machine Learning project\sea_food_dataset\train\pho\pho_cafd55a7f3b6.jpg,pho,Phở,Vietnam,train,224,224,,,,,66191da6c96e,
train\pho\pho_cb61830460fe.jpg,D:\Machine Learning project\sea_food_dataset\train\pho\pho_cb61830460fe.jpg,pho,Phở,Vietnam,train,224,224,,,,,f4b37a6e7c32,
train\pho\pho_cb75f4a64e1b.jpg,D:\Machine Learning project\sea_food_dataset\train\pho\pho_cb75f4a64e1b.jpg,pho,Phở,Vietnam,train,224,224,,,,,6a276b16f68c,
train\pho\pho_cb899dc2b7b8.jpg,D:\Machine Learning project\sea_food_dataset\train\pho\pho_cb899dc2b7b8.jpg,pho,Phở,Vietnam,train,224,224,,,,,b1ad20ccb25e,
train\pho\pho_cbdbe936370f.jpg,D:\Machine Learning project\sea_food_dataset\train\pho\pho_cbdbe936370f.jpg,pho,Phở,Vietnam,train,224,224,,,,,176a8acfaab5,
train\pho\pho_cbfd54978bfc.jpg,D:\Machine Learning project\sea_food_dataset\train\pho\pho_cbfd54978bfc.jpg,pho,Phở,Vietnam,train,224,224,,,,,3211c8857d60,
train\pho\pho_ccf0bfa974d5.jpg,D:\Machine Learning project\sea_food_dataset\train\pho\pho_ccf0bfa974d5.jpg,pho,Phở,Vietnam,train,224,224,,,,,aaaab43a9590,
train\pho\pho_ce2301a98703.jpg,D:\Machine Learning project\sea_food_dataset\train\pho\pho_ce2301a98703.jpg,pho,Phở,Vietnam,train,224,224,,,,,23aa9c51551d,
train\pho\pho_ce29ccc0db7b.jpg,D:\Machine Learning project\sea_food_dataset\train\pho\pho_ce29ccc0db7b.jpg,pho,Phở,Vietnam,train,224,224,,,,,661aebd4d92e,
train\pho\pho_cf46c4e90150.jpg,D:\Machine Learning project\sea_food_dataset\train\pho\pho_cf46c4e90150.jpg,pho,Phở,Vietnam,train,224,224,,,,,305b26a22cd2,
train\pho\pho_cf680667d9d0.jpg,D:\Machine Learning project\sea_food_dataset\train\pho\pho_cf680667d9d0.jpg,pho,Phở,Vietnam,train,224,224,,,,,334c812434cf,
train\pho\pho_cfc9091d5c5a.jpg,D:\Machine Learning project\sea_food_dataset\train\pho\pho_cfc9091d5c5a.jpg,pho,Phở,Vietnam,train,224,224,,,,,e47cd212d28e,
train\pho\pho_d1180789b0ec.jpg,D:\Machine Learning project\sea_food_dataset\train\pho\pho_d1180789b0ec.jpg,pho,Phở,Vietnam,train,224,224,,,,,6442f22d49ba,
train\pho\pho_d1fd625e0268.jpg,D:\Machine Learning project\sea_food_dataset\train\pho\pho_d1fd625e0268.jpg,pho,Phở,Vietnam,train,224,224,,,,,79d1ae01d238,
train\pho\pho_d23558a1bd25.jpg,D:\Machine Learning project\sea_food_dataset\train\pho\pho_d23558a1bd25.jpg,pho,Phở,Vietnam,train,224,224,,,,,8cb17cf20a1c,
train\pho\pho_d23d2bc51594.jpg,D:\Machine Learning project\sea_food_dataset\train\pho\pho_d23d2bc51594.jpg,pho,Phở,Vietnam,train,224,224,,,,,b724ce8f87f5,
train\pho\pho_d40f5763ff6c.jpg,D:\Machine Learning project\sea_food_dataset\train\pho\pho_d40f5763ff6c.jpg,pho,Phở,Vietnam,train,224,224,,,,,483a8b4b34f4,
train\pho\pho_d41003425610.jpg,D:\Machine Learning project\sea_food_dataset\train\pho\pho_d41003425610.jpg,pho,Phở,Vietnam,train,224,224,,,,,77f3cdb63307,
train\pho\pho_d417a555475d.jpg,D:\Machine Learning project\sea_food_dataset\train\pho\pho_d417a555475d.jpg,pho,Phở,Vietnam,train,224,224,,,,,9d82e7ba2788,
train\pho\pho_d509226eb2f0.jpg,D:\Machine Learning project\sea_food_dataset\train\pho\pho_d509226eb2f0.jpg,pho,Phở,Vietnam,train,224,224,,,,,ee25df7f43df,
train\pho\pho_d5670eff68f5.jpg,D:\Machine Learning project\sea_food_dataset\train\pho\pho_d5670eff68f5.jpg,pho,Phở,Vietnam,train,224,224,,,,,b604a945a387,
train\pho\pho_d7b67ae24add.jpg,D:\Machine Learning project\sea_food_dataset\train\pho\pho_d7b67ae24add.jpg,pho,Phở,Vietnam,train,224,224,,,,,16be1d7e985a,
train\pho\pho_d7ee0cbc1469.jpg,D:\Machine Learning project\sea_food_dataset\train\pho\pho_d7ee0cbc1469.jpg,pho,Phở,Vietnam,train,224,224,,,,,d897ebb40885,
train\pho\pho_d9bca097b1d2.jpg,D:\Machine Learning project\sea_food_dataset\train\pho\pho_d9bca097b1d2.jpg,pho,Phở,Vietnam,train,224,224,,,,,f41de26491f1,
train\pho\pho_da33cf9b75a7.jpg,D:\Machine Learning project\sea_food_dataset\train\pho\pho_da33cf9b75a7.jpg,pho,Phở,Vietnam,train,224,224,,,,,1593376035ef,
train\pho\pho_db01d603f54f.jpg,D:\Machine Learning project\sea_food_dataset\train\pho\pho_db01d603f54f.jpg,pho,Phở,Vietnam,train,224,224,,,,,2fe51d4ba0b7,
train\pho\pho_db549da1f30f.jpg,D:\Machine Learning project\sea_food_dataset\train\pho\pho_db549da1f30f.jpg,pho,Phở,Vietnam,train,224,224,,,,,560cf1537373,
train\pho\pho_dcd52c7a9b3c.jpg,D:\Machine Learning project\sea_food_dataset\train\pho\pho_dcd52c7a9b3c.jpg,pho,Phở,Vietnam,train,224,224,,,,,c8ddad6f4d7b,
train\pho\pho_dd19af0ed7f3.jpg,D:\Machine Learning project\sea_food_dataset\train\pho\pho_dd19af0ed7f3.jpg,pho,Phở,Vietnam,train,224,224,,,,,76a4ff1da7ff,
train\pho\pho_de27b303b7ec.jpg,D:\Machine Learning project\sea_food_dataset\train\pho\pho_de27b303b7ec.jpg,pho,Phở,Vietnam,train,224,224,,,,,4eecd40ad2b4,
train\pho\pho_df22f89b6686.jpg,D:\Machine Learning project\sea_food_dataset\train\pho\pho_df22f89b6686.jpg,pho,Phở,Vietnam,train,224,224,,,,,698f5eaa61f4,
train\pho\pho_df2d65f1a2c0.jpg,D:\Machine Learning project\sea_food_dataset\train\pho\pho_df2d65f1a2c0.jpg,pho,Phở,Vietnam,train,224,224,,,,,90660b6354ae,
train\pho\pho_e0f7e55e690a.jpg,D:\Machine Learning project\sea_food_dataset\train\pho\pho_e0f7e55e690a.jpg,pho,Phở,Vietnam,train,224,224,,,,,cf6b40283994,
train\pho\pho_e2844b212753.jpg,D:\Machine Learning project\sea_food_dataset\train\pho\pho_e2844b212753.jpg,pho,Phở,Vietnam,train,224,224,,,,,6b88720eb577,
train\pho\pho_e2a13a80c976.jpg,D:\Machine Learning project\sea_food_dataset\train\pho\pho_e2a13a80c976.jpg,pho,Phở,Vietnam,train,224,224,,,,,c553b3ff0551,
train\pho\pho_e391b5ba813a.jpg,D:\Machine Learning project\sea_food_dataset\train\pho\pho_e391b5ba813a.jpg,pho,Phở,Vietnam,train,224,224,,,,,1b8ab626c363,
train\pho\pho_e5e689888ae9.jpg,D:\Machine Learning project\sea_food_dataset\train\pho\pho_e5e689888ae9.jpg,pho,Phở,Vietnam,train,224,224,,,,,b64baf23b6db,
train\pho\pho_e8c3cd57967b.jpg,D:\Machine Learning project\sea_food_dataset\train\pho\pho_e8c3cd57967b.jpg,pho,Phở,Vietnam,train,224,224,,,,,286db65bc01d,
train\pho\pho_e8cac42cc29c.jpg,D:\Machine Learning project\sea_food_dataset\train\pho\pho_e8cac42cc29c.jpg,pho,Phở,Vietnam,train,224,224,,,,,96ebe705d6f0,
train\pho\pho_e8eac9d5b5fe.jpg,D:\Machine Learning project\sea_food_dataset\train\pho\pho_e8eac9d5b5fe.jpg,pho,Phở,Vietnam,train,224,224,,,,,9ae5879a0da8,
train\pho\pho_e8f3c51854be.jpg,D:\Machine Learning project\sea_food_dataset\train\pho\pho_e8f3c51854be.jpg,pho,Phở,Vietnam,train,224,224,,,,,000003794003,
train\pho\pho_e9176c6a6f30.jpg,D:\Machine Learning project\sea_food_dataset\train\pho\pho_e9176c6a6f30.jpg,pho,Phở,Vietnam,train,224,224,,,,,18e7f8a6eaf5,
train\pho\pho_e923ffa88f44.jpg,D:\Machine Learning project\sea_food_dataset\train\pho\pho_e923ffa88f44.jpg,pho,Phở,Vietnam,train,224,224,,,,,0e41a69d7095,
train\pho\pho_e95c559064ea.jpg,D:\Machine Learning project\sea_food_dataset\train\pho\pho_e95c559064ea.jpg,pho,Phở,Vietnam,train,224,224,,,,,82ba52ba9e31,
train\pho\pho_e9b8a8cde233.jpg,D:\Machine Learning project\sea_food_dataset\train\pho\pho_e9b8a8cde233.jpg,pho,Phở,Vietnam,train,224,224,,,,,300d1eec2aa9,
train\pho\pho_e9f8419b8e08.jpg,D:\Machine Learning project\sea_food_dataset\train\pho\pho_e9f8419b8e08.jpg,pho,Phở,Vietnam,train,224,224,,,,,0f7ea3c7ad83,
train\pho\pho_eacab5b336aa.jpg,D:\Machine Learning project\sea_food_dataset\train\pho\pho_eacab5b336aa.jpg,pho,Phở,Vietnam,train,224,224,,,,,de9f01c61ce1,
train\pho\pho_ead2b7bc1069.jpg,D:\Machine Learning project\sea_food_dataset\train\pho\pho_ead2b7bc1069.jpg,pho,Phở,Vietnam,train,224,224,,,,,47298bf8af05,
train\pho\pho_eaf5b2dfb0fe.jpg,D:\Machine Learning project\sea_food_dataset\train\pho\pho_eaf5b2dfb0fe.jpg,pho,Phở,Vietnam,train,224,224,,,,,1614f1e23821,
train\pho\pho_eb34129c39e2.jpg,D:\Machine Learning project\sea_food_dataset\train\pho\pho_eb34129c39e2.jpg,pho,Phở,Vietnam,train,224,224,,,,,948167e258c6,
train\pho\pho_ecbd4d10e311.jpg,D:\Machine Learning project\sea_food_dataset\train\pho\pho_ecbd4d10e311.jpg,pho,Phở,Vietnam,train,224,224,,,,,2c4958715de2,
train\pho\pho_ece1c7633cea.jpg,D:\Machine Learning project\sea_food_dataset\train\pho\pho_ece1c7633cea.jpg,pho,Phở,Vietnam,train,224,224,,,,,373e1c752545,
train\pho\pho_ed5e898af26d.jpg,D:\Machine Learning project\sea_food_dataset\train\pho\pho_ed5e898af26d.jpg,pho,Phở,Vietnam,train,224,224,,,,,3f4133a2db26,
train\pho\pho_ed5ee8963316.jpg,D:\Machine Learning project\sea_food_dataset\train\pho\pho_ed5ee8963316.jpg,pho,Phở,Vietnam,train,224,224,,,,,ae5451015796,
train\pho\pho_edd07c97b29e.jpg,D:\Machine Learning project\sea_food_dataset\train\pho\pho_edd07c97b29e.jpg,pho,Phở,Vietnam,train,224,224,,,,,bbf1dd0849ed,
train\pho\pho_eed8bdd63758.jpg,D:\Machine Learning project\sea_food_dataset\train\pho\pho_eed8bdd63758.jpg,pho,Phở,Vietnam,train,224,224,,,,,7a740df1cf6f,
train\pho\pho_ef6f8e3118b8.jpg,D:\Machine Learning project\sea_food_dataset\train\pho\pho_ef6f8e3118b8.jpg,pho,Phở,Vietnam,train,224,224,,,,,58cbb78e5d07,
train\pho\pho_f1190f6e14b2.jpg,D:\Machine Learning project\sea_food_dataset\train\pho\pho_f1190f6e14b2.jpg,pho,Phở,Vietnam,train,224,224,,,,,eb63fa81c613,
train\pho\pho_f263e4ec529e.jpg,D:\Machine Learning project\sea_food_dataset\train\pho\pho_f263e4ec529e.jpg,pho,Phở,Vietnam,train,224,224,,,,,479cbe93575d,
train\pho\pho_f28ae255baaf.jpg,D:\Machine Learning project\sea_food_dataset\train\pho\pho_f28ae255baaf.jpg,pho,Phở,Vietnam,train,224,224,,,,,98f4bd1e781a,
train\pho\pho_f3ddda64b66d.jpg,D:\Machine Learning project\sea_food_dataset\train\pho\pho_f3ddda64b66d.jpg,pho,Phở,Vietnam,train,224,224,,,,,dd6efa67b784,
train\pho\pho_f4a8dca2a4fa.jpg,D:\Machine Learning project\sea_food_dataset\train\pho\pho_f4a8dca2a4fa.jpg,pho,Phở,Vietnam,train,224,224,,,,,5d4171edd13b,
train\pho\pho_f5065bc0c384.jpg,D:\Machine Learning project\sea_food_dataset\train\pho\pho_f5065bc0c384.jpg,pho,Phở,Vietnam,train,224,224,,,,,afb44dddd50f,
train\pho\pho_f5157c2c3098.jpg,D:\Machine Learning project\sea_food_dataset\train\pho\pho_f5157c2c3098.jpg,pho,Phở,Vietnam,train,224,224,,,,,d7379d4f629e,
train\pho\pho_f574332655a1.jpg,D:\Machine Learning project\sea_food_dataset\train\pho\pho_f574332655a1.jpg,pho,Phở,Vietnam,train,224,224,,,,,8e67431bc9dc,
train\pho\pho_f604d54efe7e.jpg,D:\Machine Learning project\sea_food_dataset\train\pho\pho_f604d54efe7e.jpg,pho,Phở,Vietnam,train,224,224,,,,,590fdc45728c,
train\pho\pho_f891e25947a8.jpg,D:\Machine Learning project\sea_food_dataset\train\pho\pho_f891e25947a8.jpg,pho,Phở,Vietnam,train,224,224,,,,,ae271360e187,
train\pho\pho_f8ccca1cf302.jpg,D:\Machine Learning project\sea_food_dataset\train\pho\pho_f8ccca1cf302.jpg,pho,Phở,Vietnam,train,224,224,,,,,dd7caa279b94,
train\pho\pho_f9349c0b9273.jpg,D:\Machine Learning project\sea_food_dataset\train\pho\pho_f9349c0b9273.jpg,pho,Phở,Vietnam,train,224,224,,,,,a6b7e104ddb6,
train\pho\pho_f9ac5144756a.jpg,D:\Machine Learning project\sea_food_dataset\train\pho\pho_f9ac5144756a.jpg,pho,Phở,Vietnam,train,224,224,,,,,cb9fe8a8c53e,
train\pho\pho_f9af07d0aa85.jpg,D:\Machine Learning project\sea_food_dataset\train\pho\pho_f9af07d0aa85.jpg,pho,Phở,Vietnam,train,224,224,,,,,0398f20a799d,
train\pho\pho_f9e044206a66.jpg,D:\Machine Learning project\sea_food_dataset\train\pho\pho_f9e044206a66.jpg,pho,Phở,Vietnam,train,224,224,,,,,0b3eb6f302c8,
train\pho\pho_fa6d91c9b23d.jpg,D:\Machine Learning project\sea_food_dataset\train\pho\pho_fa6d91c9b23d.jpg,pho,Phở,Vietnam,train,224,224,,,,,614e35630fe4,
train\pho\pho_fad99f2554df.jpg,D:\Machine Learning project\sea_food_dataset\train\pho\pho_fad99f2554df.jpg,pho,Phở,Vietnam,train,224,224,,,,,1ce0e84459fd,
train\pho\pho_fbdbd75cc7ba.jpg,D:\Machine Learning project\sea_food_dataset\train\pho\pho_fbdbd75cc7ba.jpg,pho,Phở,Vietnam,train,224,224,,,,,321c961a4eb5,
train\pho\pho_fc91b37d7ac8.jpg,D:\Machine Learning project\sea_food_dataset\train\pho\pho_fc91b37d7ac8.jpg,pho,Phở,Vietnam,train,224,224,,,,,cd131a10233f,
train\pho\pho_fdc9a874cad6.jpg,D:\Machine Learning project\sea_food_dataset\train\pho\pho_fdc9a874cad6.jpg,pho,Phở,Vietnam,train,224,224,,,,,671257f0fdd5,
train\pho\pho_fe9d3f0ce4a9.jpg,D:\Machine Learning project\sea_food_dataset\train\pho\pho_fe9d3f0ce4a9.jpg,pho,Phở,Vietnam,train,224,224,,,,,863ac92fe924,
train\pho\pho_ff5ab1bd8c92.jpg,D:\Machine Learning project\sea_food_dataset\train\pho\pho_ff5ab1bd8c92.jpg,pho,Phở,Vietnam,train,224,224,,,,,726e560d0466,
train\pho\pho_ff761ed28e9f.jpg,D:\Machine Learning project\sea_food_dataset\train\pho\pho_ff761ed28e9f.jpg,pho,Phở,Vietnam,train,224,224,,,,,8f9eb6508439,
train\satay\satay_0025f92a9301.jpg,D:\Machine Learning project\sea_food_dataset\train\satay\satay_0025f92a9301.jpg,satay,Satay / Saté,Indonesia / Malaysia,train,224,224,,,,,ceb3d361308c,
train\satay\satay_016774b9055b.jpg,D:\Machine Learning project\sea_food_dataset\train\satay\satay_016774b9055b.jpg,satay,Satay / Saté,Indonesia / Malaysia,train,224,224,,,,,623f762f6da7,
train\satay\satay_01da9ad69ed0.jpg,D:\Machine Learning project\sea_food_dataset\train\satay\satay_01da9ad69ed0.jpg,satay,Satay / Saté,Indonesia / Malaysia,train,224,224,,,,,259131e6b9e9,
train\satay\satay_02555f5dab9b.jpg,D:\Machine Learning project\sea_food_dataset\train\satay\satay_02555f5dab9b.jpg,satay,Satay / Saté,Indonesia / Malaysia,train,224,224,,,,,2167c2b5b4e6,
train\satay\satay_02661292c627.jpg,D:\Machine Learning project\sea_food_dataset\train\satay\satay_02661292c627.jpg,satay,Satay / Saté,Indonesia / Malaysia,train,224,224,,,,,26258f6a853f,
train\satay\satay_027b8f7250c2.jpg,D:\Machine Learning project\sea_food_dataset\train\satay\satay_027b8f7250c2.jpg,satay,Satay / Saté,Indonesia / Malaysia,train,224,224,,,,,e710c3fcc33a,
train\satay\satay_02a708cb595b.jpg,D:\Machine Learning project\sea_food_dataset\train\satay\satay_02a708cb595b.jpg,satay,Satay / Saté,Indonesia / Malaysia,train,224,224,,,,,18ae64152c9d,
train\satay\satay_044d93f715cf.jpg,D:\Machine Learning project\sea_food_dataset\train\satay\satay_044d93f715cf.jpg,satay,Satay / Saté,Indonesia / Malaysia,train,224,224,,,,,33710c8d930b,
train\satay\satay_05317349fc9c.jpg,D:\Machine Learning project\sea_food_dataset\train\satay\satay_05317349fc9c.jpg,satay,Satay / Saté,Indonesia / Malaysia,train,224,224,,,,,6ade1e302167,
train\satay\satay_056bdaa039f1.jpg,D:\Machine Learning project\sea_food_dataset\train\satay\satay_056bdaa039f1.jpg,satay,Satay / Saté,Indonesia / Malaysia,train,224,224,,,,,9282bb2488fb,
train\satay\satay_07c919246ce3.jpg,D:\Machine Learning project\sea_food_dataset\train\satay\satay_07c919246ce3.jpg,satay,Satay / Saté,Indonesia / Malaysia,train,224,224,,,,,9ba45cc15549,
train\satay\satay_0812bc6858e4.jpg,D:\Machine Learning project\sea_food_dataset\train\satay\satay_0812bc6858e4.jpg,satay,Satay / Saté,Indonesia / Malaysia,train,224,224,,,,,61354e1096a5,
train\satay\satay_095ffb7238f5.jpg,D:\Machine Learning project\sea_food_dataset\train\satay\satay_095ffb7238f5.jpg,satay,Satay / Saté,Indonesia / Malaysia,train,224,224,,,,,c2c929337fef,
train\satay\satay_09718112403f.jpg,D:\Machine Learning project\sea_food_dataset\train\satay\satay_09718112403f.jpg,satay,Satay / Saté,Indonesia / Malaysia,train,224,224,,,,,f785503ac7da,
train\satay\satay_09a7dc84df3f.jpg,D:\Machine Learning project\sea_food_dataset\train\satay\satay_09a7dc84df3f.jpg,satay,Satay / Saté,Indonesia / Malaysia,train,224,224,,,,,d462a34f3d88,
train\satay\satay_0b52e6562c3a.jpg,D:\Machine Learning project\sea_food_dataset\train\satay\satay_0b52e6562c3a.jpg,satay,Satay / Saté,Indonesia / Malaysia,train,224,224,,,,,2e464cf805fd,
train\satay\satay_0b54a8ce9572.jpg,D:\Machine Learning project\sea_food_dataset\train\satay\satay_0b54a8ce9572.jpg,satay,Satay / Saté,Indonesia / Malaysia,train,224,224,,,,,e50c24e8308c,
train\satay\satay_0b813bfc175a.jpg,D:\Machine Learning project\sea_food_dataset\train\satay\satay_0b813bfc175a.jpg,satay,Satay / Saté,Indonesia / Malaysia,train,224,224,,,,,9952f016edaa,
train\satay\satay_0bafefb5f2ff.jpg,D:\Machine Learning project\sea_food_dataset\train\satay\satay_0bafefb5f2ff.jpg,satay,Satay / Saté,Indonesia / Malaysia,train,224,224,,,,,86f4b5393051,
train\satay\satay_0c6aa49127aa.jpg,D:\Machine Learning project\sea_food_dataset\train\satay\satay_0c6aa49127aa.jpg,satay,Satay / Saté,Indonesia / Malaysia,train,224,224,,,,,982e4a93dc2b,
train\satay\satay_0cbb30f9dfca.jpg,D:\Machine Learning project\sea_food_dataset\train\satay\satay_0cbb30f9dfca.jpg,satay,Satay / Saté,Indonesia / Malaysia,train,224,224,,,,,c2fce79838da,
train\satay\satay_0cead059c93f.jpg,D:\Machine Learning project\sea_food_dataset\train\satay\satay_0cead059c93f.jpg,satay,Satay / Saté,Indonesia / Malaysia,train,224,224,,,,,125c9c181fcc,
train\satay\satay_0d1a3d188847.jpg,D:\Machine Learning project\sea_food_dataset\train\satay\satay_0d1a3d188847.jpg,satay,Satay / Saté,Indonesia / Malaysia,train,224,224,,,,,bcf20e0db8e7,
train\satay\satay_0d213376407e.jpg,D:\Machine Learning project\sea_food_dataset\train\satay\satay_0d213376407e.jpg,satay,Satay / Saté,Indonesia / Malaysia,train,224,224,,,,,215d74bc18cc,
train\satay\satay_0d477b6c173a.jpg,D:\Machine Learning project\sea_food_dataset\train\satay\satay_0d477b6c173a.jpg,satay,Satay / Saté,Indonesia / Malaysia,train,224,224,,,,,bfc6baae84fd,
train\satay\satay_0dfe9952b36b.jpg,D:\Machine Learning project\sea_food_dataset\train\satay\satay_0dfe9952b36b.jpg,satay,Satay / Saté,Indonesia / Malaysia,train,224,224,,,,,e52c3b73762e,
train\satay\satay_0f0beb4aaa9c.jpg,D:\Machine Learning project\sea_food_dataset\train\satay\satay_0f0beb4aaa9c.jpg,satay,Satay / Saté,Indonesia / Malaysia,train,224,224,,,,,1c447a8dae08,
train\satay\satay_0f42c60be6d8.jpg,D:\Machine Learning project\sea_food_dataset\train\satay\satay_0f42c60be6d8.jpg,satay,Satay / Saté,Indonesia / Malaysia,train,224,224,,,,,7173bbcde8d5,
train\satay\satay_0f49cb7e5c95.jpg,D:\Machine Learning project\sea_food_dataset\train\satay\satay_0f49cb7e5c95.jpg,satay,Satay / Saté,Indonesia / Malaysia,train,224,224,,,,,4976795cdc9e,
train\satay\satay_10fec16e34aa.jpg,D:\Machine Learning project\sea_food_dataset\train\satay\satay_10fec16e34aa.jpg,satay,Satay / Saté,Indonesia / Malaysia,train,224,224,,,,,d5166426ab48,
train\satay\satay_11903b93118e.jpg,D:\Machine Learning project\sea_food_dataset\train\satay\satay_11903b93118e.jpg,satay,Satay / Saté,Indonesia / Malaysia,train,224,224,,,,,2c16367ebd67,
train\satay\satay_1286e52ace04.jpg,D:\Machine Learning project\sea_food_dataset\train\satay\satay_1286e52ace04.jpg,satay,Satay / Saté,Indonesia / Malaysia,train,224,224,,,,,db6fcd8b4deb,
train\satay\satay_1338647212ab.jpg,D:\Machine Learning project\sea_food_dataset\train\satay\satay_1338647212ab.jpg,satay,Satay / Saté,Indonesia / Malaysia,train,224,224,,,,,ee44b87728e5,
train\satay\satay_149d597b4a52.jpg,D:\Machine Learning project\sea_food_dataset\train\satay\satay_149d597b4a52.jpg,satay,Satay / Saté,Indonesia / Malaysia,train,224,224,,,,,b156c54a252a,
train\satay\satay_14f1dee2fa1f.jpg,D:\Machine Learning project\sea_food_dataset\train\satay\satay_14f1dee2fa1f.jpg,satay,Satay / Saté,Indonesia / Malaysia,train,224,224,,,,,ff79fb42917b,
train\satay\satay_15167a3b3bbd.jpg,D:\Machine Learning project\sea_food_dataset\train\satay\satay_15167a3b3bbd.jpg,satay,Satay / Saté,Indonesia / Malaysia,train,224,224,,,,,4848cae4ff64,
train\satay\satay_1521bc5170e9.jpg,D:\Machine Learning project\sea_food_dataset\train\satay\satay_1521bc5170e9.jpg,satay,Satay / Saté,Indonesia / Malaysia,train,224,224,,,,,3f5262fe5a93,
train\satay\satay_15297483414f.jpg,D:\Machine Learning project\sea_food_dataset\train\satay\satay_15297483414f.jpg,satay,Satay / Saté,Indonesia / Malaysia,train,224,224,,,,,cdc0f545db8b,
train\satay\satay_169b91c49120.jpg,D:\Machine Learning project\sea_food_dataset\train\satay\satay_169b91c49120.jpg,satay,Satay / Saté,Indonesia / Malaysia,train,224,224,,,,,0a9ac746d479,
train\satay\satay_16e89a3f5a34.jpg,D:\Machine Learning project\sea_food_dataset\train\satay\satay_16e89a3f5a34.jpg,satay,Satay / Saté,Indonesia / Malaysia,train,224,224,,,,,a700d00e006d,
train\satay\satay_17c2aa57b6da.jpg,D:\Machine Learning project\sea_food_dataset\train\satay\satay_17c2aa57b6da.jpg,satay,Satay / Saté,Indonesia / Malaysia,train,224,224,,,,,0d9e357a882d,
train\satay\satay_17ce7dfdd671.jpg,D:\Machine Learning project\sea_food_dataset\train\satay\satay_17ce7dfdd671.jpg,satay,Satay / Saté,Indonesia / Malaysia,train,224,224,,,,,30b7c48341b3,
train\satay\satay_17dafbb468c1.jpg,D:\Machine Learning project\sea_food_dataset\train\satay\satay_17dafbb468c1.jpg,satay,Satay / Saté,Indonesia / Malaysia,train,224,224,,,,,194eafc388fa,
train\satay\satay_18a9e00d28ff.jpg,D:\Machine Learning project\sea_food_dataset\train\satay\satay_18a9e00d28ff.jpg,satay,Satay / Saté,Indonesia / Malaysia,train,224,224,,,,,2143d9eb3e2f,
train\satay\satay_1a66104fc382.jpg,D:\Machine Learning project\sea_food_dataset\train\satay\satay_1a66104fc382.jpg,satay,Satay / Saté,Indonesia / Malaysia,train,224,224,,,,,124e94dd012d,
train\satay\satay_1acf69f954d9.jpg,D:\Machine Learning project\sea_food_dataset\train\satay\satay_1acf69f954d9.jpg,satay,Satay / Saté,Indonesia / Malaysia,train,224,224,,,,,c387e44a3755,
train\satay\satay_1b60d31b835c.jpg,D:\Machine Learning project\sea_food_dataset\train\satay\satay_1b60d31b835c.jpg,satay,Satay / Saté,Indonesia / Malaysia,train,224,224,,,,,81981e59f56c,
train\satay\satay_1ce56f018194.jpg,D:\Machine Learning project\sea_food_dataset\train\satay\satay_1ce56f018194.jpg,satay,Satay / Saté,Indonesia / Malaysia,train,224,224,,,,,64aebda16164,
train\satay\satay_1dd59e7a620e.jpg,D:\Machine Learning project\sea_food_dataset\train\satay\satay_1dd59e7a620e.jpg,satay,Satay / Saté,Indonesia / Malaysia,train,224,224,,,,,c3943470cc15,
train\satay\satay_1e342650d30c.jpg,D:\Machine Learning project\sea_food_dataset\train\satay\satay_1e342650d30c.jpg,satay,Satay / Saté,Indonesia / Malaysia,train,224,224,,,,,12d63ee2f265,
train\satay\satay_1fc0673f8af0.jpg,D:\Machine Learning project\sea_food_dataset\train\satay\satay_1fc0673f8af0.jpg,satay,Satay / Saté,Indonesia / Malaysia,train,224,224,,,,,3c44b359122f,
train\satay\satay_218aed3a6c5c.jpg,D:\Machine Learning project\sea_food_dataset\train\satay\satay_218aed3a6c5c.jpg,satay,Satay / Saté,Indonesia / Malaysia,train,224,224,,,,,b1cb7f2143e0,
train\satay\satay_21c54b46c315.jpg,D:\Machine Learning project\sea_food_dataset\train\satay\satay_21c54b46c315.jpg,satay,Satay / Saté,Indonesia / Malaysia,train,224,224,,,,,b4579b31c549,
train\satay\satay_21dfe10a9257.jpg,D:\Machine Learning project\sea_food_dataset\train\satay\satay_21dfe10a9257.jpg,satay,Satay / Saté,Indonesia / Malaysia,train,224,224,,,,,819ebef620ed,
train\satay\satay_22370c13e812.jpg,D:\Machine Learning project\sea_food_dataset\train\satay\satay_22370c13e812.jpg,satay,Satay / Saté,Indonesia / Malaysia,train,224,224,,,,,be148baf3a13,
train\satay\satay_225fb9d98fb0.jpg,D:\Machine Learning project\sea_food_dataset\train\satay\satay_225fb9d98fb0.jpg,satay,Satay / Saté,Indonesia / Malaysia,train,224,224,,,,,0ccccac143bc,
train\satay\satay_2483041e664f.jpg,D:\Machine Learning project\sea_food_dataset\train\satay\satay_2483041e664f.jpg,satay,Satay / Saté,Indonesia / Malaysia,train,224,224,,,,,91cf8e041cf5,
train\satay\satay_25c258f193da.jpg,D:\Machine Learning project\sea_food_dataset\train\satay\satay_25c258f193da.jpg,satay,Satay / Saté,Indonesia / Malaysia,train,224,224,,,,,b78b67f59d7d,
train\satay\satay_2606db30c45b.jpg,D:\Machine Learning project\sea_food_dataset\train\satay\satay_2606db30c45b.jpg,satay,Satay / Saté,Indonesia / Malaysia,train,224,224,,,,,fc69d6f88cac,
train\satay\satay_261577b82882.jpg,D:\Machine Learning project\sea_food_dataset\train\satay\satay_261577b82882.jpg,satay,Satay / Saté,Indonesia / Malaysia,train,224,224,,,,,edde198714b7,
train\satay\satay_26c93880d179.jpg,D:\Machine Learning project\sea_food_dataset\train\satay\satay_26c93880d179.jpg,satay,Satay / Saté,Indonesia / Malaysia,train,224,224,,,,,8e57c57a25f8,
train\satay\satay_26d351bd4ce0.jpg,D:\Machine Learning project\sea_food_dataset\train\satay\satay_26d351bd4ce0.jpg,satay,Satay / Saté,Indonesia / Malaysia,train,224,224,,,,,5c06ee383c50,
train\satay\satay_27df557088f0.jpg,D:\Machine Learning project\sea_food_dataset\train\satay\satay_27df557088f0.jpg,satay,Satay / Saté,Indonesia / Malaysia,train,224,224,,,,,aff425abe424,
train\satay\satay_296413ba4cc8.jpg,D:\Machine Learning project\sea_food_dataset\train\satay\satay_296413ba4cc8.jpg,satay,Satay / Saté,Indonesia / Malaysia,train,224,224,,,,,5251739b36aa,
train\satay\satay_2b3c4a873598.jpg,D:\Machine Learning project\sea_food_dataset\train\satay\satay_2b3c4a873598.jpg,satay,Satay / Saté,Indonesia / Malaysia,train,224,224,,,,,b401cdfa0cff,
train\satay\satay_2b5ba0fae41e.jpg,D:\Machine Learning project\sea_food_dataset\train\satay\satay_2b5ba0fae41e.jpg,satay,Satay / Saté,Indonesia / Malaysia,train,224,224,,,,,5fbe58bd5b99,
train\satay\satay_2bbb7ba98149.jpg,D:\Machine Learning project\sea_food_dataset\train\satay\satay_2bbb7ba98149.jpg,satay,Satay / Saté,Indonesia / Malaysia,train,224,224,,,,,fea80419e141,
train\satay\satay_2bcdded4c40f.jpg,D:\Machine Learning project\sea_food_dataset\train\satay\satay_2bcdded4c40f.jpg,satay,Satay / Saté,Indonesia / Malaysia,train,224,224,,,,,aff9a1a1d02a,
train\satay\satay_2becd7b41c96.jpg,D:\Machine Learning project\sea_food_dataset\train\satay\satay_2becd7b41c96.jpg,satay,Satay / Saté,Indonesia / Malaysia,train,224,224,,,,,fd377c308f3a,
train\satay\satay_2befd36eb467.jpg,D:\Machine Learning project\sea_food_dataset\train\satay\satay_2befd36eb467.jpg,satay,Satay / Saté,Indonesia / Malaysia,train,224,224,,,,,40c9110387f3,
train\satay\satay_2c04684ddac1.jpg,D:\Machine Learning project\sea_food_dataset\train\satay\satay_2c04684ddac1.jpg,satay,Satay / Saté,Indonesia / Malaysia,train,224,224,,,,,179a4a54373d,
train\satay\satay_2ccdcae205ee.jpg,D:\Machine Learning project\sea_food_dataset\train\satay\satay_2ccdcae205ee.jpg,satay,Satay / Saté,Indonesia / Malaysia,train,224,224,,,,,09b53f4171b5,
train\satay\satay_2cd2c48b847a.jpg,D:\Machine Learning project\sea_food_dataset\train\satay\satay_2cd2c48b847a.jpg,satay,Satay / Saté,Indonesia / Malaysia,train,224,224,,,,,d1b8d78ad540,
train\satay\satay_2cd3ae2fef14.jpg,D:\Machine Learning project\sea_food_dataset\train\satay\satay_2cd3ae2fef14.jpg,satay,Satay / Saté,Indonesia / Malaysia,train,224,224,,,,,e12b70f0f1cc,
train\satay\satay_2d302f459f98.jpg,D:\Machine Learning project\sea_food_dataset\train\satay\satay_2d302f459f98.jpg,satay,Satay / Saté,Indonesia / Malaysia,train,224,224,,,,,25e9affe033c,
train\satay\satay_2d4957eed176.jpg,D:\Machine Learning project\sea_food_dataset\train\satay\satay_2d4957eed176.jpg,satay,Satay / Saté,Indonesia / Malaysia,train,224,224,,,,,070a38c2e3bb,
train\satay\satay_2e5ec525d03b.jpg,D:\Machine Learning project\sea_food_dataset\train\satay\satay_2e5ec525d03b.jpg,satay,Satay / Saté,Indonesia / Malaysia,train,224,224,,,,,47372a972e42,
train\satay\satay_2f6e723d93a2.jpg,D:\Machine Learning project\sea_food_dataset\train\satay\satay_2f6e723d93a2.jpg,satay,Satay / Saté,Indonesia / Malaysia,train,224,224,,,,,202f11c3ea95,
train\satay\satay_302c34470f6a.jpg,D:\Machine Learning project\sea_food_dataset\train\satay\satay_302c34470f6a.jpg,satay,Satay / Saté,Indonesia / Malaysia,train,224,224,,,,,7861a9f16d14,
train\satay\satay_32a956379532.jpg,D:\Machine Learning project\sea_food_dataset\train\satay\satay_32a956379532.jpg,satay,Satay / Saté,Indonesia / Malaysia,train,224,224,,,,,e8ec4a69c71c,
train\satay\satay_33e3ed9462c3.jpg,D:\Machine Learning project\sea_food_dataset\train\satay\satay_33e3ed9462c3.jpg,satay,Satay / Saté,Indonesia / Malaysia,train,224,224,,,,,c312b6112abd,
train\satay\satay_33fed95e2e68.jpg,D:\Machine Learning project\sea_food_dataset\train\satay\satay_33fed95e2e68.jpg,satay,Satay / Saté,Indonesia / Malaysia,train,224,224,,,,,a7ab95360a4e,
train\satay\satay_35e5cb27c4e5.jpg,D:\Machine Learning project\sea_food_dataset\train\satay\satay_35e5cb27c4e5.jpg,satay,Satay / Saté,Indonesia / Malaysia,train,224,224,,,,,f1d43e5c4d90,
train\satay\satay_36561060c56a.jpg,D:\Machine Learning project\sea_food_dataset\train\satay\satay_36561060c56a.jpg,satay,Satay / Saté,Indonesia / Malaysia,train,224,224,,,,,ead02bdfd192,
train\satay\satay_365958d192d2.jpg,D:\Machine Learning project\sea_food_dataset\train\satay\satay_365958d192d2.jpg,satay,Satay / Saté,Indonesia / Malaysia,train,224,224,,,,,d428f012bf59,
train\satay\satay_37a68e8725ee.jpg,D:\Machine Learning project\sea_food_dataset\train\satay\satay_37a68e8725ee.jpg,satay,Satay / Saté,Indonesia / Malaysia,train,224,224,,,,,025afef7faa2,
train\satay\satay_38f2d90c4f40.jpg,D:\Machine Learning project\sea_food_dataset\train\satay\satay_38f2d90c4f40.jpg,satay,Satay / Saté,Indonesia / Malaysia,train,224,224,,,,,93a7699fd4ff,
train\satay\satay_3a49ce500141.jpg,D:\Machine Learning project\sea_food_dataset\train\satay\satay_3a49ce500141.jpg,satay,Satay / Saté,Indonesia / Malaysia,train,224,224,,,,,c10b64efb535,
train\satay\satay_3a9a42849ff2.jpg,D:\Machine Learning project\sea_food_dataset\train\satay\satay_3a9a42849ff2.jpg,satay,Satay / Saté,Indonesia / Malaysia,train,224,224,,,,,ca2502487cb9,
train\satay\satay_3bba99bea642.jpg,D:\Machine Learning project\sea_food_dataset\train\satay\satay_3bba99bea642.jpg,satay,Satay / Saté,Indonesia / Malaysia,train,224,224,,,,,94019bcfd03b,
train\satay\satay_3bc44634a24c.jpg,D:\Machine Learning project\sea_food_dataset\train\satay\satay_3bc44634a24c.jpg,satay,Satay / Saté,Indonesia / Malaysia,train,224,224,,,,,229287c9375d,
train\satay\satay_3c9c40ecbd4d.jpg,D:\Machine Learning project\sea_food_dataset\train\satay\satay_3c9c40ecbd4d.jpg,satay,Satay / Saté,Indonesia / Malaysia,train,224,224,,,,,0b70d673b246,
train\satay\satay_3dcd51513147.jpg,D:\Machine Learning project\sea_food_dataset\train\satay\satay_3dcd51513147.jpg,satay,Satay / Saté,Indonesia / Malaysia,train,224,224,,,,,9a0b5adade82,
train\satay\satay_3eb27f380f8f.jpg,D:\Machine Learning project\sea_food_dataset\train\satay\satay_3eb27f380f8f.jpg,satay,Satay / Saté,Indonesia / Malaysia,train,224,224,,,,,8082b2b60cce,
train\satay\satay_3f4c915fc704.jpg,D:\Machine Learning project\sea_food_dataset\train\satay\satay_3f4c915fc704.jpg,satay,Satay / Saté,Indonesia / Malaysia,train,224,224,,,,,bf639d185870,
train\satay\satay_3faa684fcd27.jpg,D:\Machine Learning project\sea_food_dataset\train\satay\satay_3faa684fcd27.jpg,satay,Satay / Saté,Indonesia / Malaysia,train,224,224,,,,,ed64e5c1ec19,
train\satay\satay_400b401e705b.jpg,D:\Machine Learning project\sea_food_dataset\train\satay\satay_400b401e705b.jpg,satay,Satay / Saté,Indonesia / Malaysia,train,224,224,,,,,5901d6685c87,
train\satay\satay_431296e0fe26.jpg,D:\Machine Learning project\sea_food_dataset\train\satay\satay_431296e0fe26.jpg,satay,Satay / Saté,Indonesia / Malaysia,train,224,224,,,,,8800796fbef0,
train\satay\satay_4541421ec855.jpg,D:\Machine Learning project\sea_food_dataset\train\satay\satay_4541421ec855.jpg,satay,Satay / Saté,Indonesia / Malaysia,train,224,224,,,,,dac7f4ac7bd6,
train\satay\satay_46a3bfcb0f47.jpg,D:\Machine Learning project\sea_food_dataset\train\satay\satay_46a3bfcb0f47.jpg,satay,Satay / Saté,Indonesia / Malaysia,train,224,224,,,,,99d3c6e24d2a,
train\satay\satay_47321eedf637.jpg,D:\Machine Learning project\sea_food_dataset\train\satay\satay_47321eedf637.jpg,satay,Satay / Saté,Indonesia / Malaysia,train,224,224,,,,,a9fdfb07861c,
train\satay\satay_47329a0cdf35.jpg,D:\Machine Learning project\sea_food_dataset\train\satay\satay_47329a0cdf35.jpg,satay,Satay / Saté,Indonesia / Malaysia,train,224,224,,,,,37d7cb497a7f,
train\satay\satay_47496bcbf674.jpg,D:\Machine Learning project\sea_food_dataset\train\satay\satay_47496bcbf674.jpg,satay,Satay / Saté,Indonesia / Malaysia,train,224,224,,,,,01dc2b281f38,
train\satay\satay_478426ca20b6.jpg,D:\Machine Learning project\sea_food_dataset\train\satay\satay_478426ca20b6.jpg,satay,Satay / Saté,Indonesia / Malaysia,train,224,224,,,,,a746be9ca195,
train\satay\satay_494e87f88cc6.jpg,D:\Machine Learning project\sea_food_dataset\train\satay\satay_494e87f88cc6.jpg,satay,Satay / Saté,Indonesia / Malaysia,train,224,224,,,,,63c1f34cb20a,
train\satay\satay_498661f1feb0.jpg,D:\Machine Learning project\sea_food_dataset\train\satay\satay_498661f1feb0.jpg,satay,Satay / Saté,Indonesia / Malaysia,train,224,224,,,,,f3209707c057,
train\satay\satay_49dd0d4d8ccb.jpg,D:\Machine Learning project\sea_food_dataset\train\satay\satay_49dd0d4d8ccb.jpg,satay,Satay / Saté,Indonesia / Malaysia,train,224,224,,,,,6806847b67cd,
train\satay\satay_4afddf25f702.jpg,D:\Machine Learning project\sea_food_dataset\train\satay\satay_4afddf25f702.jpg,satay,Satay / Saté,Indonesia / Malaysia,train,224,224,,,,,df50e74662b2,
train\satay\satay_4bead5c66706.jpg,D:\Machine Learning project\sea_food_dataset\train\satay\satay_4bead5c66706.jpg,satay,Satay / Saté,Indonesia / Malaysia,train,224,224,,,,,265720ce85a9,
train\satay\satay_4bf16eb5427d.jpg,D:\Machine Learning project\sea_food_dataset\train\satay\satay_4bf16eb5427d.jpg,satay,Satay / Saté,Indonesia / Malaysia,train,224,224,,,,,7cb56323b870,
train\satay\satay_4c0b018d9e5f.jpg,D:\Machine Learning project\sea_food_dataset\train\satay\satay_4c0b018d9e5f.jpg,satay,Satay / Saté,Indonesia / Malaysia,train,224,224,,,,,2acbfa445d5d,
train\satay\satay_4e00d79a1e7c.jpg,D:\Machine Learning project\sea_food_dataset\train\satay\satay_4e00d79a1e7c.jpg,satay,Satay / Saté,Indonesia / Malaysia,train,224,224,,,,,d713011cf147,
train\satay\satay_4e60cdb25dae.jpg,D:\Machine Learning project\sea_food_dataset\train\satay\satay_4e60cdb25dae.jpg,satay,Satay / Saté,Indonesia / Malaysia,train,224,224,,,,,75774c94ec48,
train\satay\satay_4f50b02e6378.jpg,D:\Machine Learning project\sea_food_dataset\train\satay\satay_4f50b02e6378.jpg,satay,Satay / Saté,Indonesia / Malaysia,train,224,224,,,,,0f7ef4ce55f0,
train\satay\satay_4fa8dcecc7e4.jpg,D:\Machine Learning project\sea_food_dataset\train\satay\satay_4fa8dcecc7e4.jpg,satay,Satay / Saté,Indonesia / Malaysia,train,224,224,,,,,1b2db982a9e4,
train\satay\satay_529434d73769.jpg,D:\Machine Learning project\sea_food_dataset\train\satay\satay_529434d73769.jpg,satay,Satay / Saté,Indonesia / Malaysia,train,224,224,,,,,cc548fe60225,
train\satay\satay_538aa7b07093.jpg,D:\Machine Learning project\sea_food_dataset\train\satay\satay_538aa7b07093.jpg,satay,Satay / Saté,Indonesia / Malaysia,train,224,224,,,,,c1c159adbc86,
train\satay\satay_53bfa90b5563.jpg,D:\Machine Learning project\sea_food_dataset\train\satay\satay_53bfa90b5563.jpg,satay,Satay / Saté,Indonesia / Malaysia,train,224,224,,,,,d7240043ec17,
train\satay\satay_542147b4345e.jpg,D:\Machine Learning project\sea_food_dataset\train\satay\satay_542147b4345e.jpg,satay,Satay / Saté,Indonesia / Malaysia,train,224,224,,,,,f27164af8ad6,
train\satay\satay_543ccb4a8ab7.jpg,D:\Machine Learning project\sea_food_dataset\train\satay\satay_543ccb4a8ab7.jpg,satay,Satay / Saté,Indonesia / Malaysia,train,224,224,,,,,2af46a0c8b34,
train\satay\satay_544a50c8b3ce.jpg,D:\Machine Learning project\sea_food_dataset\train\satay\satay_544a50c8b3ce.jpg,satay,Satay / Saté,Indonesia / Malaysia,train,224,224,,,,,4504326ee228,
train\satay\satay_55c1d9a62496.jpg,D:\Machine Learning project\sea_food_dataset\train\satay\satay_55c1d9a62496.jpg,satay,Satay / Saté,Indonesia / Malaysia,train,224,224,,,,,8c7c6fbf9a4d,
train\satay\satay_56b3c5ff9de4.jpg,D:\Machine Learning project\sea_food_dataset\train\satay\satay_56b3c5ff9de4.jpg,satay,Satay / Saté,Indonesia / Malaysia,train,224,224,,,,,4feac5fceaed,
train\satay\satay_580019601887.jpg,D:\Machine Learning project\sea_food_dataset\train\satay\satay_580019601887.jpg,satay,Satay / Saté,Indonesia / Malaysia,train,224,224,,,,,4225dbee9e89,
train\satay\satay_583f89175d08.jpg,D:\Machine Learning project\sea_food_dataset\train\satay\satay_583f89175d08.jpg,satay,Satay / Saté,Indonesia / Malaysia,train,224,224,,,,,c00ddc0fce35,
train\satay\satay_589f1b05b60b.jpg,D:\Machine Learning project\sea_food_dataset\train\satay\satay_589f1b05b60b.jpg,satay,Satay / Saté,Indonesia / Malaysia,train,224,224,,,,,2d03af9766f0,
train\satay\satay_58c8a2970436.jpg,D:\Machine Learning project\sea_food_dataset\train\satay\satay_58c8a2970436.jpg,satay,Satay / Saté,Indonesia / Malaysia,train,224,224,,,,,d3be7c20ccfa,
train\satay\satay_5a4c81f49c07.jpg,D:\Machine Learning project\sea_food_dataset\train\satay\satay_5a4c81f49c07.jpg,satay,Satay / Saté,Indonesia / Malaysia,train,224,224,,,,,4f5de05a2d2f,
train\satay\satay_5ad5e42d03dd.jpg,D:\Machine Learning project\sea_food_dataset\train\satay\satay_5ad5e42d03dd.jpg,satay,Satay / Saté,Indonesia / Malaysia,train,224,224,,,,,ad848be29ba1,
train\satay\satay_5aec2e3dfa7d.jpg,D:\Machine Learning project\sea_food_dataset\train\satay\satay_5aec2e3dfa7d.jpg,satay,Satay / Saté,Indonesia / Malaysia,train,224,224,,,,,8307c79f472a,
train\satay\satay_5c0bc5dc783a.jpg,D:\Machine Learning project\sea_food_dataset\train\satay\satay_5c0bc5dc783a.jpg,satay,Satay / Saté,Indonesia / Malaysia,train,224,224,,,,,1a8ef9c36738,
train\satay\satay_5ca9108ef7ad.jpg,D:\Machine Learning project\sea_food_dataset\train\satay\satay_5ca9108ef7ad.jpg,satay,Satay / Saté,Indonesia / Malaysia,train,224,224,,,,,11f911d177e1,
train\satay\satay_5cbc339dfc36.jpg,D:\Machine Learning project\sea_food_dataset\train\satay\satay_5cbc339dfc36.jpg,satay,Satay / Saté,Indonesia / Malaysia,train,224,224,,,,,89e13c4c86e5,
train\satay\satay_5f1325d48bfc.jpg,D:\Machine Learning project\sea_food_dataset\train\satay\satay_5f1325d48bfc.jpg,satay,Satay / Saté,Indonesia / Malaysia,train,224,224,,,,,d2c22c8a891e,
train\satay\satay_5f4b7a2d765d.jpg,D:\Machine Learning project\sea_food_dataset\train\satay\satay_5f4b7a2d765d.jpg,satay,Satay / Saté,Indonesia / Malaysia,train,224,224,,,,,da85270b0ff5,
train\satay\satay_5f5c141dc945.jpg,D:\Machine Learning project\sea_food_dataset\train\satay\satay_5f5c141dc945.jpg,satay,Satay / Saté,Indonesia / Malaysia,train,224,224,,,,,3cbfe1572528,
train\satay\satay_5f9e31ed6221.jpg,D:\Machine Learning project\sea_food_dataset\train\satay\satay_5f9e31ed6221.jpg,satay,Satay / Saté,Indonesia / Malaysia,train,224,224,,,,,ebf2893a78ab,
train\satay\satay_5fc56580c26f.jpg,D:\Machine Learning project\sea_food_dataset\train\satay\satay_5fc56580c26f.jpg,satay,Satay / Saté,Indonesia / Malaysia,train,224,224,,,,,65952281bc32,
train\satay\satay_5ff4295da01a.jpg,D:\Machine Learning project\sea_food_dataset\train\satay\satay_5ff4295da01a.jpg,satay,Satay / Saté,Indonesia / Malaysia,train,224,224,,,,,cc85bb9bb0c3,
train\satay\satay_601aa89c0fb8.jpg,D:\Machine Learning project\sea_food_dataset\train\satay\satay_601aa89c0fb8.jpg,satay,Satay / Saté,Indonesia / Malaysia,train,224,224,,,,,2f908170c4bc,
train\satay\satay_604e8c20327c.jpg,D:\Machine Learning project\sea_food_dataset\train\satay\satay_604e8c20327c.jpg,satay,Satay / Saté,Indonesia / Malaysia,train,224,224,,,,,e32591e9e4f2,
train\satay\satay_620cf03bc13f.jpg,D:\Machine Learning project\sea_food_dataset\train\satay\satay_620cf03bc13f.jpg,satay,Satay / Saté,Indonesia / Malaysia,train,224,224,,,,,8444b8d9747c,
train\satay\satay_626c6a211e51.jpg,D:\Machine Learning project\sea_food_dataset\train\satay\satay_626c6a211e51.jpg,satay,Satay / Saté,Indonesia / Malaysia,train,224,224,,,,,5ad1f8e02170,
train\satay\satay_629b2e7a485a.jpg,D:\Machine Learning project\sea_food_dataset\train\satay\satay_629b2e7a485a.jpg,satay,Satay / Saté,Indonesia / Malaysia,train,224,224,,,,,2b9b8ef675f3,
train\satay\satay_6326a866f395.jpg,D:\Machine Learning project\sea_food_dataset\train\satay\satay_6326a866f395.jpg,satay,Satay / Saté,Indonesia / Malaysia,train,224,224,,,,,4de893746836,
train\satay\satay_64b1bd50c4b5.jpg,D:\Machine Learning project\sea_food_dataset\train\satay\satay_64b1bd50c4b5.jpg,satay,Satay / Saté,Indonesia / Malaysia,train,224,224,,,,,31940bef85be,
train\satay\satay_6745a516730e.jpg,D:\Machine Learning project\sea_food_dataset\train\satay\satay_6745a516730e.jpg,satay,Satay / Saté,Indonesia / Malaysia,train,224,224,,,,,9477d69359b3,
train\satay\satay_6782c0e29f81.jpg,D:\Machine Learning project\sea_food_dataset\train\satay\satay_6782c0e29f81.jpg,satay,Satay / Saté,Indonesia / Malaysia,train,224,224,,,,,23523fccd597,
train\satay\satay_67e098e8452e.jpg,D:\Machine Learning project\sea_food_dataset\train\satay\satay_67e098e8452e.jpg,satay,Satay / Saté,Indonesia / Malaysia,train,224,224,,,,,0461c5bc9ab3,
train\satay\satay_67e1d1352688.jpg,D:\Machine Learning project\sea_food_dataset\train\satay\satay_67e1d1352688.jpg,satay,Satay / Saté,Indonesia / Malaysia,train,224,224,,,,,5ca82b062d37,
train\satay\satay_67e88ff207e9.jpg,D:\Machine Learning project\sea_food_dataset\train\satay\satay_67e88ff207e9.jpg,satay,Satay / Saté,Indonesia / Malaysia,train,224,224,,,,,95d39bbf381a,
train\satay\satay_68b8a8d4c759.jpg,D:\Machine Learning project\sea_food_dataset\train\satay\satay_68b8a8d4c759.jpg,satay,Satay / Saté,Indonesia / Malaysia,train,224,224,,,,,2c5922413204,
train\satay\satay_698aa43cc113.jpg,D:\Machine Learning project\sea_food_dataset\train\satay\satay_698aa43cc113.jpg,satay,Satay / Saté,Indonesia / Malaysia,train,224,224,,,,,06346eece33c,
train\satay\satay_6abd8fab0dc7.jpg,D:\Machine Learning project\sea_food_dataset\train\satay\satay_6abd8fab0dc7.jpg,satay,Satay / Saté,Indonesia / Malaysia,train,224,224,,,,,7152a218428d,
train\satay\satay_6bcb183fb071.jpg,D:\Machine Learning project\sea_food_dataset\train\satay\satay_6bcb183fb071.jpg,satay,Satay / Saté,Indonesia / Malaysia,train,224,224,,,,,7ebda9f9b269,
train\satay\satay_6c8a222287b9.jpg,D:\Machine Learning project\sea_food_dataset\train\satay\satay_6c8a222287b9.jpg,satay,Satay / Saté,Indonesia / Malaysia,train,224,224,,,,,98042d559e10,
train\satay\satay_6cd9a6c3debe.jpg,D:\Machine Learning project\sea_food_dataset\train\satay\satay_6cd9a6c3debe.jpg,satay,Satay / Saté,Indonesia / Malaysia,train,224,224,,,,,a8e1ce2ac38b,
train\satay\satay_6d6c9860e3ab.jpg,D:\Machine Learning project\sea_food_dataset\train\satay\satay_6d6c9860e3ab.jpg,satay,Satay / Saté,Indonesia / Malaysia,train,224,224,,,,,7e80244f75a8,
train\satay\satay_6dd5a6274f01.jpg,D:\Machine Learning project\sea_food_dataset\train\satay\satay_6dd5a6274f01.jpg,satay,Satay / Saté,Indonesia / Malaysia,train,224,224,,,,,bf5bb3f04da1,
train\satay\satay_6e4bf56796cd.jpg,D:\Machine Learning project\sea_food_dataset\train\satay\satay_6e4bf56796cd.jpg,satay,Satay / Saté,Indonesia / Malaysia,train,224,224,,,,,cd616aa978ed,
train\satay\satay_6f1568e3cbe5.jpg,D:\Machine Learning project\sea_food_dataset\train\satay\satay_6f1568e3cbe5.jpg,satay,Satay / Saté,Indonesia / Malaysia,train,224,224,,,,,fec601f5135e,
train\satay\satay_705ab7c14a3e.jpg,D:\Machine Learning project\sea_food_dataset\train\satay\satay_705ab7c14a3e.jpg,satay,Satay / Saté,Indonesia / Malaysia,train,224,224,,,,,4091c7fa4fbe,
train\satay\satay_706a04dd49ee.jpg,D:\Machine Learning project\sea_food_dataset\train\satay\satay_706a04dd49ee.jpg,satay,Satay / Saté,Indonesia / Malaysia,train,224,224,,,,,7c819465bcfa,
train\satay\satay_70cb6eaca866.jpg,D:\Machine Learning project\sea_food_dataset\train\satay\satay_70cb6eaca866.jpg,satay,Satay / Saté,Indonesia / Malaysia,train,224,224,,,,,a5697747447d,
train\satay\satay_70dfdc64dfd1.jpg,D:\Machine Learning project\sea_food_dataset\train\satay\satay_70dfdc64dfd1.jpg,satay,Satay / Saté,Indonesia / Malaysia,train,224,224,,,,,6637f728a42a,
train\satay\satay_7145f47b695e.jpg,D:\Machine Learning project\sea_food_dataset\train\satay\satay_7145f47b695e.jpg,satay,Satay / Saté,Indonesia / Malaysia,train,224,224,,,,,35e698d54fdd,
train\satay\satay_71a281425912.jpg,D:\Machine Learning project\sea_food_dataset\train\satay\satay_71a281425912.jpg,satay,Satay / Saté,Indonesia / Malaysia,train,224,224,,,,,443d7e44f6ad,
train\satay\satay_72045e351a8b.jpg,D:\Machine Learning project\sea_food_dataset\train\satay\satay_72045e351a8b.jpg,satay,Satay / Saté,Indonesia / Malaysia,train,224,224,,,,,20e6149b2114,
train\satay\satay_7210986a12f2.jpg,D:\Machine Learning project\sea_food_dataset\train\satay\satay_7210986a12f2.jpg,satay,Satay / Saté,Indonesia / Malaysia,train,224,224,,,,,9090e36a43cf,
train\satay\satay_721a4b2dcb55.jpg,D:\Machine Learning project\sea_food_dataset\train\satay\satay_721a4b2dcb55.jpg,satay,Satay / Saté,Indonesia / Malaysia,train,224,224,,,,,1f36197119e7,
train\satay\satay_7343dbf06ba3.jpg,D:\Machine Learning project\sea_food_dataset\train\satay\satay_7343dbf06ba3.jpg,satay,Satay / Saté,Indonesia / Malaysia,train,224,224,,,,,5094e527ab25,
train\satay\satay_73627bbca528.jpg,D:\Machine Learning project\sea_food_dataset\train\satay\satay_73627bbca528.jpg,satay,Satay / Saté,Indonesia / Malaysia,train,224,224,,,,,6189e70ad777,
train\satay\satay_737ac02ae8e6.jpg,D:\Machine Learning project\sea_food_dataset\train\satay\satay_737ac02ae8e6.jpg,satay,Satay / Saté,Indonesia / Malaysia,train,224,224,,,,,717e7478c4ed,
train\satay\satay_738752a40403.jpg,D:\Machine Learning project\sea_food_dataset\train\satay\satay_738752a40403.jpg,satay,Satay / Saté,Indonesia / Malaysia,train,224,224,,,,,4a697b04e8af,
train\satay\satay_746e00efddfe.jpg,D:\Machine Learning project\sea_food_dataset\train\satay\satay_746e00efddfe.jpg,satay,Satay / Saté,Indonesia / Malaysia,train,224,224,,,,,d7363952b1fb,
train\satay\satay_74ced3a4f166.jpg,D:\Machine Learning project\sea_food_dataset\train\satay\satay_74ced3a4f166.jpg,satay,Satay / Saté,Indonesia / Malaysia,train,224,224,,,,,d7019864db0c,
train\satay\satay_76f3f221cb61.jpg,D:\Machine Learning project\sea_food_dataset\train\satay\satay_76f3f221cb61.jpg,satay,Satay / Saté,Indonesia / Malaysia,train,224,224,,,,,d3566b00d3d8,
train\satay\satay_7809d2cca094.jpg,D:\Machine Learning project\sea_food_dataset\train\satay\satay_7809d2cca094.jpg,satay,Satay / Saté,Indonesia / Malaysia,train,224,224,,,,,f60eca0c9e4c,
train\satay\satay_787435f74888.jpg,D:\Machine Learning project\sea_food_dataset\train\satay\satay_787435f74888.jpg,satay,Satay / Saté,Indonesia / Malaysia,train,224,224,,,,,a5388a880bf5,
train\satay\satay_78c52b1862ae.jpg,D:\Machine Learning project\sea_food_dataset\train\satay\satay_78c52b1862ae.jpg,satay,Satay / Saté,Indonesia / Malaysia,train,224,224,,,,,44ad2f3be24e,
train\satay\satay_79513eddde44.jpg,D:\Machine Learning project\sea_food_dataset\train\satay\satay_79513eddde44.jpg,satay,Satay / Saté,Indonesia / Malaysia,train,224,224,,,,,82f5269632f2,
train\satay\satay_7c6fd6dcf5a0.jpg,D:\Machine Learning project\sea_food_dataset\train\satay\satay_7c6fd6dcf5a0.jpg,satay,Satay / Saté,Indonesia / Malaysia,train,224,224,,,,,b79044df9348,
train\satay\satay_7cf7bafc6d4d.jpg,D:\Machine Learning project\sea_food_dataset\train\satay\satay_7cf7bafc6d4d.jpg,satay,Satay / Saté,Indonesia / Malaysia,train,224,224,,,,,90df9d620869,
train\satay\satay_7e466fd66fb7.jpg,D:\Machine Learning project\sea_food_dataset\train\satay\satay_7e466fd66fb7.jpg,satay,Satay / Saté,Indonesia / Malaysia,train,224,224,,,,,5532a9f9e306,
train\satay\satay_7fb7fa0d1ff1.jpg,D:\Machine Learning project\sea_food_dataset\train\satay\satay_7fb7fa0d1ff1.jpg,satay,Satay / Saté,Indonesia / Malaysia,train,224,224,,,,,05461b8d8e10,
train\satay\satay_811dd8354e84.jpg,D:\Machine Learning project\sea_food_dataset\train\satay\satay_811dd8354e84.jpg,satay,Satay / Saté,Indonesia / Malaysia,train,224,224,,,,,a7c05b00eb3f,
train\satay\satay_81ad65a01bb0.jpg,D:\Machine Learning project\sea_food_dataset\train\satay\satay_81ad65a01bb0.jpg,satay,Satay / Saté,Indonesia / Malaysia,train,224,224,,,,,9d0ee759e098,
train\satay\satay_82410e9e9f1a.jpg,D:\Machine Learning project\sea_food_dataset\train\satay\satay_82410e9e9f1a.jpg,satay,Satay / Saté,Indonesia / Malaysia,train,224,224,,,,,304507914138,
train\satay\satay_828fc1bef619.jpg,D:\Machine Learning project\sea_food_dataset\train\satay\satay_828fc1bef619.jpg,satay,Satay / Saté,Indonesia / Malaysia,train,224,224,,,,,60820dbdc4a6,
train\satay\satay_8371e58c8d80.jpg,D:\Machine Learning project\sea_food_dataset\train\satay\satay_8371e58c8d80.jpg,satay,Satay / Saté,Indonesia / Malaysia,train,224,224,,,,,57620343e3bb,
train\satay\satay_8438fe2e32ec.jpg,D:\Machine Learning project\sea_food_dataset\train\satay\satay_8438fe2e32ec.jpg,satay,Satay / Saté,Indonesia / Malaysia,train,224,224,,,,,057024f9ecb4,
train\satay\satay_86439b5613ed.jpg,D:\Machine Learning project\sea_food_dataset\train\satay\satay_86439b5613ed.jpg,satay,Satay / Saté,Indonesia / Malaysia,train,224,224,,,,,30984b8eba57,
train\satay\satay_86d0b2abb47a.jpg,D:\Machine Learning project\sea_food_dataset\train\satay\satay_86d0b2abb47a.jpg,satay,Satay / Saté,Indonesia / Malaysia,train,224,224,,,,,735ed11d6763,
train\satay\satay_88c442745ebd.jpg,D:\Machine Learning project\sea_food_dataset\train\satay\satay_88c442745ebd.jpg,satay,Satay / Saté,Indonesia / Malaysia,train,224,224,,,,,9ccf6bca7bef,
train\satay\satay_893dcc4be9ed.jpg,D:\Machine Learning project\sea_food_dataset\train\satay\satay_893dcc4be9ed.jpg,satay,Satay / Saté,Indonesia / Malaysia,train,224,224,,,,,420e90d0022a,
train\satay\satay_8960aa546e0f.jpg,D:\Machine Learning project\sea_food_dataset\train\satay\satay_8960aa546e0f.jpg,satay,Satay / Saté,Indonesia / Malaysia,train,224,224,,,,,3780da75bd65,
train\satay\satay_8987539d9fed.jpg,D:\Machine Learning project\sea_food_dataset\train\satay\satay_8987539d9fed.jpg,satay,Satay / Saté,Indonesia / Malaysia,train,224,224,,,,,0f8bbad820db,
train\satay\satay_8b48e723b37f.jpg,D:\Machine Learning project\sea_food_dataset\train\satay\satay_8b48e723b37f.jpg,satay,Satay / Saté,Indonesia / Malaysia,train,224,224,,,,,f38ec139f7c7,
train\satay\satay_8c0a1cb813c2.jpg,D:\Machine Learning project\sea_food_dataset\train\satay\satay_8c0a1cb813c2.jpg,satay,Satay / Saté,Indonesia / Malaysia,train,224,224,,,,,48ca25f59afd,
train\satay\satay_8ce41217ac06.jpg,D:\Machine Learning project\sea_food_dataset\train\satay\satay_8ce41217ac06.jpg,satay,Satay / Saté,Indonesia / Malaysia,train,224,224,,,,,91a786c0977a,
train\satay\satay_8d8c7cc3a8ba.jpg,D:\Machine Learning project\sea_food_dataset\train\satay\satay_8d8c7cc3a8ba.jpg,satay,Satay / Saté,Indonesia / Malaysia,train,224,224,,,,,b64ba1834af9,
train\satay\satay_8db667a796fa.jpg,D:\Machine Learning project\sea_food_dataset\train\satay\satay_8db667a796fa.jpg,satay,Satay / Saté,Indonesia / Malaysia,train,224,224,,,,,72d110fd6989,
train\satay\satay_8e4b313bd786.jpg,D:\Machine Learning project\sea_food_dataset\train\satay\satay_8e4b313bd786.jpg,satay,Satay / Saté,Indonesia / Malaysia,train,224,224,,,,,1b03dd6d756e,
train\satay\satay_8ea706f03e6a.jpg,D:\Machine Learning project\sea_food_dataset\train\satay\satay_8ea706f03e6a.jpg,satay,Satay / Saté,Indonesia / Malaysia,train,224,224,,,,,29f0b2fbd849,
train\satay\satay_8f28262e458a.jpg,D:\Machine Learning project\sea_food_dataset\train\satay\satay_8f28262e458a.jpg,satay,Satay / Saté,Indonesia / Malaysia,train,224,224,,,,,8d22aaea7f9b,
train\satay\satay_8f447858b8f4.jpg,D:\Machine Learning project\sea_food_dataset\train\satay\satay_8f447858b8f4.jpg,satay,Satay / Saté,Indonesia / Malaysia,train,224,224,,,,,c334011a6b42,
train\satay\satay_8f57a7527b5e.jpg,D:\Machine Learning project\sea_food_dataset\train\satay\satay_8f57a7527b5e.jpg,satay,Satay / Saté,Indonesia / Malaysia,train,224,224,,,,,18675eef2bda,
train\satay\satay_8f5b3e177e4a.jpg,D:\Machine Learning project\sea_food_dataset\train\satay\satay_8f5b3e177e4a.jpg,satay,Satay / Saté,Indonesia / Malaysia,train,224,224,,,,,c4f24077c074,
train\satay\satay_8fd309fe4980.jpg,D:\Machine Learning project\sea_food_dataset\train\satay\satay_8fd309fe4980.jpg,satay,Satay / Saté,Indonesia / Malaysia,train,224,224,,,,,a89d608eb80c,
train\satay\satay_902ee25b4269.jpg,D:\Machine Learning project\sea_food_dataset\train\satay\satay_902ee25b4269.jpg,satay,Satay / Saté,Indonesia / Malaysia,train,224,224,,,,,c778beb05d2c,
train\satay\satay_945d3d0df315.jpg,D:\Machine Learning project\sea_food_dataset\train\satay\satay_945d3d0df315.jpg,satay,Satay / Saté,Indonesia / Malaysia,train,224,224,,,,,c34fc012ce44,
train\satay\satay_948e34cc95e3.jpg,D:\Machine Learning project\sea_food_dataset\train\satay\satay_948e34cc95e3.jpg,satay,Satay / Saté,Indonesia / Malaysia,train,224,224,,,,,71040630dba1,
train\satay\satay_959607a02043.jpg,D:\Machine Learning project\sea_food_dataset\train\satay\satay_959607a02043.jpg,satay,Satay / Saté,Indonesia / Malaysia,train,224,224,,,,,c15014ca3df1,
train\satay\satay_959a9b04e7cb.jpg,D:\Machine Learning project\sea_food_dataset\train\satay\satay_959a9b04e7cb.jpg,satay,Satay / Saté,Indonesia / Malaysia,train,224,224,,,,,80d4371d7448,
train\satay\satay_95dd82c443f3.jpg,D:\Machine Learning project\sea_food_dataset\train\satay\satay_95dd82c443f3.jpg,satay,Satay / Saté,Indonesia / Malaysia,train,224,224,,,,,7b0301cdefd6,
train\satay\satay_973e4ffdce09.jpg,D:\Machine Learning project\sea_food_dataset\train\satay\satay_973e4ffdce09.jpg,satay,Satay / Saté,Indonesia / Malaysia,train,224,224,,,,,de08afdb26e9,
train\satay\satay_97d440e0ae4b.jpg,D:\Machine Learning project\sea_food_dataset\train\satay\satay_97d440e0ae4b.jpg,satay,Satay / Saté,Indonesia / Malaysia,train,224,224,,,,,a30208476689,
train\satay\satay_97e872cced15.jpg,D:\Machine Learning project\sea_food_dataset\train\satay\satay_97e872cced15.jpg,satay,Satay / Saté,Indonesia / Malaysia,train,224,224,,,,,a4249cd8f0c4,
train\satay\satay_985ca5bc7a83.jpg,D:\Machine Learning project\sea_food_dataset\train\satay\satay_985ca5bc7a83.jpg,satay,Satay / Saté,Indonesia / Malaysia,train,224,224,,,,,7c43544d5b82,
train\satay\satay_9907d66afc77.jpg,D:\Machine Learning project\sea_food_dataset\train\satay\satay_9907d66afc77.jpg,satay,Satay / Saté,Indonesia / Malaysia,train,224,224,,,,,c0e4519ede15,
train\satay\satay_9957c4750bdb.jpg,D:\Machine Learning project\sea_food_dataset\train\satay\satay_9957c4750bdb.jpg,satay,Satay / Saté,Indonesia / Malaysia,train,224,224,,,,,0603ddb51b2d,
train\satay\satay_9a3b46216c16.jpg,D:\Machine Learning project\sea_food_dataset\train\satay\satay_9a3b46216c16.jpg,satay,Satay / Saté,Indonesia / Malaysia,train,224,224,,,,,83d007528a58,
train\satay\satay_9b0c5ed3b540.jpg,D:\Machine Learning project\sea_food_dataset\train\satay\satay_9b0c5ed3b540.jpg,satay,Satay / Saté,Indonesia / Malaysia,train,224,224,,,,,869d2e763267,
train\satay\satay_9c7ea3bb4d0e.jpg,D:\Machine Learning project\sea_food_dataset\train\satay\satay_9c7ea3bb4d0e.jpg,satay,Satay / Saté,Indonesia / Malaysia,train,224,224,,,,,2af441b31b32,
train\satay\satay_9cb0e76206ff.jpg,D:\Machine Learning project\sea_food_dataset\train\satay\satay_9cb0e76206ff.jpg,satay,Satay / Saté,Indonesia / Malaysia,train,224,224,,,,,ec1ea63a7354,
train\satay\satay_9d7066e74337.jpg,D:\Machine Learning project\sea_food_dataset\train\satay\satay_9d7066e74337.jpg,satay,Satay / Saté,Indonesia / Malaysia,train,224,224,,,,,734f665aba7d,
train\satay\satay_9de5d5672add.jpg,D:\Machine Learning project\sea_food_dataset\train\satay\satay_9de5d5672add.jpg,satay,Satay / Saté,Indonesia / Malaysia,train,224,224,,,,,4ce1455542bd,
train\satay\satay_9e5f75b44e5f.jpg,D:\Machine Learning project\sea_food_dataset\train\satay\satay_9e5f75b44e5f.jpg,satay,Satay / Saté,Indonesia / Malaysia,train,224,224,,,,,0e76b78e20ad,
train\satay\satay_9f0688413241.jpg,D:\Machine Learning project\sea_food_dataset\train\satay\satay_9f0688413241.jpg,satay,Satay / Saté,Indonesia / Malaysia,train,224,224,,,,,bd84caf28e0e,
train\satay\satay_9f1ec6cabc90.jpg,D:\Machine Learning project\sea_food_dataset\train\satay\satay_9f1ec6cabc90.jpg,satay,Satay / Saté,Indonesia / Malaysia,train,224,224,,,,,ee8f1629a0f5,
train\satay\satay_9f9964fa4de4.jpg,D:\Machine Learning project\sea_food_dataset\train\satay\satay_9f9964fa4de4.jpg,satay,Satay / Saté,Indonesia / Malaysia,train,224,224,,,,,fbfd91056a5c,
train\satay\satay_9fad9ea97003.jpg,D:\Machine Learning project\sea_food_dataset\train\satay\satay_9fad9ea97003.jpg,satay,Satay / Saté,Indonesia / Malaysia,train,224,224,,,,,1caada926c18,
train\satay\satay_9fb2b9cc1f33.jpg,D:\Machine Learning project\sea_food_dataset\train\satay\satay_9fb2b9cc1f33.jpg,satay,Satay / Saté,Indonesia / Malaysia,train,224,224,,,,,4fae7d451008,
train\satay\satay_a09602cd43c5.jpg,D:\Machine Learning project\sea_food_dataset\train\satay\satay_a09602cd43c5.jpg,satay,Satay / Saté,Indonesia / Malaysia,train,224,224,,,,,b8025af9b0e6,
train\satay\satay_a0d25a556c5f.jpg,D:\Machine Learning project\sea_food_dataset\train\satay\satay_a0d25a556c5f.jpg,satay,Satay / Saté,Indonesia / Malaysia,train,224,224,,,,,1ce71875e464,
train\satay\satay_a1956085298d.jpg,D:\Machine Learning project\sea_food_dataset\train\satay\satay_a1956085298d.jpg,satay,Satay / Saté,Indonesia / Malaysia,train,224,224,,,,,f803c530edde,
train\satay\satay_a1d21c23ef07.jpg,D:\Machine Learning project\sea_food_dataset\train\satay\satay_a1d21c23ef07.jpg,satay,Satay / Saté,Indonesia / Malaysia,train,224,224,,,,,84841fc6aeaa,
train\satay\satay_a1de7ac0ae38.jpg,D:\Machine Learning project\sea_food_dataset\train\satay\satay_a1de7ac0ae38.jpg,satay,Satay / Saté,Indonesia / Malaysia,train,224,224,,,,,d378ccfe5560,
train\satay\satay_a312ef330b06.jpg,D:\Machine Learning project\sea_food_dataset\train\satay\satay_a312ef330b06.jpg,satay,Satay / Saté,Indonesia / Malaysia,train,224,224,,,,,680fb2528e16,
train\satay\satay_a52d98ab2df3.jpg,D:\Machine Learning project\sea_food_dataset\train\satay\satay_a52d98ab2df3.jpg,satay,Satay / Saté,Indonesia / Malaysia,train,224,224,,,,,f5f940ef7319,
train\satay\satay_a5b0c424c1ac.jpg,D:\Machine Learning project\sea_food_dataset\train\satay\satay_a5b0c424c1ac.jpg,satay,Satay / Saté,Indonesia / Malaysia,train,224,224,,,,,aee8a12aa254,
train\satay\satay_a6516dcd6f97.jpg,D:\Machine Learning project\sea_food_dataset\train\satay\satay_a6516dcd6f97.jpg,satay,Satay / Saté,Indonesia / Malaysia,train,224,224,,,,,71435ae7c4a8,
train\satay\satay_a65b46f60045.jpg,D:\Machine Learning project\sea_food_dataset\train\satay\satay_a65b46f60045.jpg,satay,Satay / Saté,Indonesia / Malaysia,train,224,224,,,,,fad2007774c6,
train\satay\satay_a7001aca8819.jpg,D:\Machine Learning project\sea_food_dataset\train\satay\satay_a7001aca8819.jpg,satay,Satay / Saté,Indonesia / Malaysia,train,224,224,,,,,61361c9af7a3,
train\satay\satay_a78d4ffe2d3a.jpg,D:\Machine Learning project\sea_food_dataset\train\satay\satay_a78d4ffe2d3a.jpg,satay,Satay / Saté,Indonesia / Malaysia,train,224,224,,,,,fac36d6b39c9,
train\satay\satay_a7ac163551b5.jpg,D:\Machine Learning project\sea_food_dataset\train\satay\satay_a7ac163551b5.jpg,satay,Satay / Saté,Indonesia / Malaysia,train,224,224,,,,,e7996c841268,
train\satay\satay_a8492eefc463.jpg,D:\Machine Learning project\sea_food_dataset\train\satay\satay_a8492eefc463.jpg,satay,Satay / Saté,Indonesia / Malaysia,train,224,224,,,,,c1604b83f4ae,
train\satay\satay_a97a58feb79e.jpg,D:\Machine Learning project\sea_food_dataset\train\satay\satay_a97a58feb79e.jpg,satay,Satay / Saté,Indonesia / Malaysia,train,224,224,,,,,747fa19d2585,
train\satay\satay_a9ea691170e9.jpg,D:\Machine Learning project\sea_food_dataset\train\satay\satay_a9ea691170e9.jpg,satay,Satay / Saté,Indonesia / Malaysia,train,224,224,,,,,4d44059e98fa,
train\satay\satay_aa4bd004727d.jpg,D:\Machine Learning project\sea_food_dataset\train\satay\satay_aa4bd004727d.jpg,satay,Satay / Saté,Indonesia / Malaysia,train,224,224,,,,,1aea7fc8de40,
train\satay\satay_aac5533bc097.jpg,D:\Machine Learning project\sea_food_dataset\train\satay\satay_aac5533bc097.jpg,satay,Satay / Saté,Indonesia / Malaysia,train,224,224,,,,,959e1c68aceb,
train\satay\satay_aae785d97dce.jpg,D:\Machine Learning project\sea_food_dataset\train\satay\satay_aae785d97dce.jpg,satay,Satay / Saté,Indonesia / Malaysia,train,224,224,,,,,ca4bd2d579b9,
train\satay\satay_ab758495b987.jpg,D:\Machine Learning project\sea_food_dataset\train\satay\satay_ab758495b987.jpg,satay,Satay / Saté,Indonesia / Malaysia,train,224,224,,,,,122c79324b66,
train\satay\satay_abc8db7b71a2.jpg,D:\Machine Learning project\sea_food_dataset\train\satay\satay_abc8db7b71a2.jpg,satay,Satay / Saté,Indonesia / Malaysia,train,224,224,,,,,fcba3a280093,
train\satay\satay_ad1fd2be4f35.jpg,D:\Machine Learning project\sea_food_dataset\train\satay\satay_ad1fd2be4f35.jpg,satay,Satay / Saté,Indonesia / Malaysia,train,224,224,,,,,225f72b8cf4c,
train\satay\satay_ad2c41181b31.jpg,D:\Machine Learning project\sea_food_dataset\train\satay\satay_ad2c41181b31.jpg,satay,Satay / Saté,Indonesia / Malaysia,train,224,224,,,,,159eb3f46a72,
train\satay\satay_ad58496d81b9.jpg,D:\Machine Learning project\sea_food_dataset\train\satay\satay_ad58496d81b9.jpg,satay,Satay / Saté,Indonesia / Malaysia,train,224,224,,,,,7d5f3cd0b539,
train\satay\satay_ae1425108420.jpg,D:\Machine Learning project\sea_food_dataset\train\satay\satay_ae1425108420.jpg,satay,Satay / Saté,Indonesia / Malaysia,train,224,224,,,,,570019e95234,
train\satay\satay_aeecd17447bb.jpg,D:\Machine Learning project\sea_food_dataset\train\satay\satay_aeecd17447bb.jpg,satay,Satay / Saté,Indonesia / Malaysia,train,224,224,,,,,dabd687065bb,
train\satay\satay_af060928322c.jpg,D:\Machine Learning project\sea_food_dataset\train\satay\satay_af060928322c.jpg,satay,Satay / Saté,Indonesia / Malaysia,train,224,224,,,,,266f3f3723be,
train\satay\satay_b137581a8bf9.jpg,D:\Machine Learning project\sea_food_dataset\train\satay\satay_b137581a8bf9.jpg,satay,Satay / Saté,Indonesia / Malaysia,train,224,224,,,,,485c747bb0bb,
train\satay\satay_b1507a4071da.jpg,D:\Machine Learning project\sea_food_dataset\train\satay\satay_b1507a4071da.jpg,satay,Satay / Saté,Indonesia / Malaysia,train,224,224,,,,,3ccf5259d5a7,
train\satay\satay_b1851b29f5d8.jpg,D:\Machine Learning project\sea_food_dataset\train\satay\satay_b1851b29f5d8.jpg,satay,Satay / Saté,Indonesia / Malaysia,train,224,224,,,,,1e964f2b08b6,
train\satay\satay_b362fa09e3f6.jpg,D:\Machine Learning project\sea_food_dataset\train\satay\satay_b362fa09e3f6.jpg,satay,Satay / Saté,Indonesia / Malaysia,train,224,224,,,,,b560b7f8e8f7,
train\satay\satay_b38b3a2ef060.jpg,D:\Machine Learning project\sea_food_dataset\train\satay\satay_b38b3a2ef060.jpg,satay,Satay / Saté,Indonesia / Malaysia,train,224,224,,,,,f62bc59c451b,
train\satay\satay_b4bdae6d8e84.jpg,D:\Machine Learning project\sea_food_dataset\train\satay\satay_b4bdae6d8e84.jpg,satay,Satay / Saté,Indonesia / Malaysia,train,224,224,,,,,657db4462233,
train\satay\satay_b5009f92a966.jpg,D:\Machine Learning project\sea_food_dataset\train\satay\satay_b5009f92a966.jpg,satay,Satay / Saté,Indonesia / Malaysia,train,224,224,,,,,83c73f52ba92,
train\satay\satay_b6cdf12784e2.jpg,D:\Machine Learning project\sea_food_dataset\train\satay\satay_b6cdf12784e2.jpg,satay,Satay / Saté,Indonesia / Malaysia,train,224,224,,,,,b73ff8d5dc66,
train\satay\satay_b72e112d1dc0.jpg,D:\Machine Learning project\sea_food_dataset\train\satay\satay_b72e112d1dc0.jpg,satay,Satay / Saté,Indonesia / Malaysia,train,224,224,,,,,430c515bacf4,
train\satay\satay_b74a4b63dc40.jpg,D:\Machine Learning project\sea_food_dataset\train\satay\satay_b74a4b63dc40.jpg,satay,Satay / Saté,Indonesia / Malaysia,train,224,224,,,,,40f9c3e4c21d,
train\satay\satay_b83fcbf5965c.jpg,D:\Machine Learning project\sea_food_dataset\train\satay\satay_b83fcbf5965c.jpg,satay,Satay / Saté,Indonesia / Malaysia,train,224,224,,,,,6a31b0665a06,
train\satay\satay_b8772e78a0a5.jpg,D:\Machine Learning project\sea_food_dataset\train\satay\satay_b8772e78a0a5.jpg,satay,Satay / Saté,Indonesia / Malaysia,train,224,224,,,,,eb8e9ed0c0b9,
train\satay\satay_ba3c1b3ddbe4.jpg,D:\Machine Learning project\sea_food_dataset\train\satay\satay_ba3c1b3ddbe4.jpg,satay,Satay / Saté,Indonesia / Malaysia,train,224,224,,,,,3bd712ec5726,
train\satay\satay_ba4a7632c400.jpg,D:\Machine Learning project\sea_food_dataset\train\satay\satay_ba4a7632c400.jpg,satay,Satay / Saté,Indonesia / Malaysia,train,224,224,,,,,66af7135bd10,
train\satay\satay_ba92ac551586.jpg,D:\Machine Learning project\sea_food_dataset\train\satay\satay_ba92ac551586.jpg,satay,Satay / Saté,Indonesia / Malaysia,train,224,224,,,,,00f611365c39,
train\satay\satay_bec1ecae4f25.jpg,D:\Machine Learning project\sea_food_dataset\train\satay\satay_bec1ecae4f25.jpg,satay,Satay / Saté,Indonesia / Malaysia,train,224,224,,,,,a3487153360a,
train\satay\satay_beedacfc54a6.jpg,D:\Machine Learning project\sea_food_dataset\train\satay\satay_beedacfc54a6.jpg,satay,Satay / Saté,Indonesia / Malaysia,train,224,224,,,,,2fc6ddd222e8,
train\satay\satay_bf645bb8fec3.jpg,D:\Machine Learning project\sea_food_dataset\train\satay\satay_bf645bb8fec3.jpg,satay,Satay / Saté,Indonesia / Malaysia,train,224,224,,,,,a98341b46cf9,
train\satay\satay_c05c8b65d062.jpg,D:\Machine Learning project\sea_food_dataset\train\satay\satay_c05c8b65d062.jpg,satay,Satay / Saté,Indonesia / Malaysia,train,224,224,,,,,ae853619603c,
train\satay\satay_c10ba88ed941.jpg,D:\Machine Learning project\sea_food_dataset\train\satay\satay_c10ba88ed941.jpg,satay,Satay / Saté,Indonesia / Malaysia,train,224,224,,,,,ec20c74a16b5,
train\satay\satay_c14046b9f0cb.jpg,D:\Machine Learning project\sea_food_dataset\train\satay\satay_c14046b9f0cb.jpg,satay,Satay / Saté,Indonesia / Malaysia,train,224,224,,,,,0525fbdb0b72,
train\satay\satay_c190cd4832d6.jpg,D:\Machine Learning project\sea_food_dataset\train\satay\satay_c190cd4832d6.jpg,satay,Satay / Saté,Indonesia / Malaysia,train,224,224,,,,,1f2e5c5e6904,
train\satay\satay_c25f351811fb.jpg,D:\Machine Learning project\sea_food_dataset\train\satay\satay_c25f351811fb.jpg,satay,Satay / Saté,Indonesia / Malaysia,train,224,224,,,,,049554725c4c,
train\satay\satay_c2b588c8f28a.jpg,D:\Machine Learning project\sea_food_dataset\train\satay\satay_c2b588c8f28a.jpg,satay,Satay / Saté,Indonesia / Malaysia,train,224,224,,,,,cb379c87e70a,
train\satay\satay_c415a02ac2f9.jpg,D:\Machine Learning project\sea_food_dataset\train\satay\satay_c415a02ac2f9.jpg,satay,Satay / Saté,Indonesia / Malaysia,train,224,224,,,,,42d45827f650,
train\satay\satay_c59dcbde1a34.jpg,D:\Machine Learning project\sea_food_dataset\train\satay\satay_c59dcbde1a34.jpg,satay,Satay / Saté,Indonesia / Malaysia,train,224,224,,,,,b26b64e1a15f,
train\satay\satay_c5fbc6d1a7cc.jpg,D:\Machine Learning project\sea_food_dataset\train\satay\satay_c5fbc6d1a7cc.jpg,satay,Satay / Saté,Indonesia / Malaysia,train,224,224,,,,,6b7d06413b13,
train\satay\satay_c6971707b433.jpg,D:\Machine Learning project\sea_food_dataset\train\satay\satay_c6971707b433.jpg,satay,Satay / Saté,Indonesia / Malaysia,train,224,224,,,,,7720a053213a,
train\satay\satay_c79dee6976f7.jpg,D:\Machine Learning project\sea_food_dataset\train\satay\satay_c79dee6976f7.jpg,satay,Satay / Saté,Indonesia / Malaysia,train,224,224,,,,,f626b578b8be,
train\satay\satay_c83d9e059557.jpg,D:\Machine Learning project\sea_food_dataset\train\satay\satay_c83d9e059557.jpg,satay,Satay / Saté,Indonesia / Malaysia,train,224,224,,,,,e6630a1b469a,
train\satay\satay_c8c6d34c546c.jpg,D:\Machine Learning project\sea_food_dataset\train\satay\satay_c8c6d34c546c.jpg,satay,Satay / Saté,Indonesia / Malaysia,train,224,224,,,,,855cab953f7d,
train\satay\satay_c9f996c9a26c.jpg,D:\Machine Learning project\sea_food_dataset\train\satay\satay_c9f996c9a26c.jpg,satay,Satay / Saté,Indonesia / Malaysia,train,224,224,,,,,ccb1bea1f2ef,
train\satay\satay_ca588e92fea2.jpg,D:\Machine Learning project\sea_food_dataset\train\satay\satay_ca588e92fea2.jpg,satay,Satay / Saté,Indonesia / Malaysia,train,224,224,,,,,643708f9fdeb,
train\satay\satay_cb05b685c196.jpg,D:\Machine Learning project\sea_food_dataset\train\satay\satay_cb05b685c196.jpg,satay,Satay / Saté,Indonesia / Malaysia,train,224,224,,,,,1b1cd724cc10,
train\satay\satay_cb38a2dd6dfd.jpg,D:\Machine Learning project\sea_food_dataset\train\satay\satay_cb38a2dd6dfd.jpg,satay,Satay / Saté,Indonesia / Malaysia,train,224,224,,,,,9f2e0c2d9f05,
train\satay\satay_ce3cae16b0fc.jpg,D:\Machine Learning project\sea_food_dataset\train\satay\satay_ce3cae16b0fc.jpg,satay,Satay / Saté,Indonesia / Malaysia,train,224,224,,,,,07f2281b93e1,
train\satay\satay_cec59a5c41a2.jpg,D:\Machine Learning project\sea_food_dataset\train\satay\satay_cec59a5c41a2.jpg,satay,Satay / Saté,Indonesia / Malaysia,train,224,224,,,,,1f99659475ce,
train\satay\satay_cefb1bdc42cb.jpg,D:\Machine Learning project\sea_food_dataset\train\satay\satay_cefb1bdc42cb.jpg,satay,Satay / Saté,Indonesia / Malaysia,train,224,224,,,,,ccd204fa56e4,
train\satay\satay_cf99f7d7e49f.jpg,D:\Machine Learning project\sea_food_dataset\train\satay\satay_cf99f7d7e49f.jpg,satay,Satay / Saté,Indonesia / Malaysia,train,224,224,,,,,9e12255572c0,
train\satay\satay_cfcc5e83f139.jpg,D:\Machine Learning project\sea_food_dataset\train\satay\satay_cfcc5e83f139.jpg,satay,Satay / Saté,Indonesia / Malaysia,train,224,224,,,,,713c236d3259,
train\satay\satay_d0049ea939d7.jpg,D:\Machine Learning project\sea_food_dataset\train\satay\satay_d0049ea939d7.jpg,satay,Satay / Saté,Indonesia / Malaysia,train,224,224,,,,,143abe3562b9,
train\satay\satay_d0641bb33812.jpg,D:\Machine Learning project\sea_food_dataset\train\satay\satay_d0641bb33812.jpg,satay,Satay / Saté,Indonesia / Malaysia,train,224,224,,,,,f62c0eba8564,
train\satay\satay_d0758d85b114.jpg,D:\Machine Learning project\sea_food_dataset\train\satay\satay_d0758d85b114.jpg,satay,Satay / Saté,Indonesia / Malaysia,train,224,224,,,,,6e986b110af9,
train\satay\satay_d09ed539b8ee.jpg,D:\Machine Learning project\sea_food_dataset\train\satay\satay_d09ed539b8ee.jpg,satay,Satay / Saté,Indonesia / Malaysia,train,224,224,,,,,18ffc66826b6,
train\satay\satay_d154cbd69a96.jpg,D:\Machine Learning project\sea_food_dataset\train\satay\satay_d154cbd69a96.jpg,satay,Satay / Saté,Indonesia / Malaysia,train,224,224,,,,,c0b123fd6650,
train\satay\satay_d1f0491f979e.jpg,D:\Machine Learning project\sea_food_dataset\train\satay\satay_d1f0491f979e.jpg,satay,Satay / Saté,Indonesia / Malaysia,train,224,224,,,,,96a71143cd41,
train\satay\satay_d28aa0b7d6b2.jpg,D:\Machine Learning project\sea_food_dataset\train\satay\satay_d28aa0b7d6b2.jpg,satay,Satay / Saté,Indonesia / Malaysia,train,224,224,,,,,582b5a132097,
train\satay\satay_d2a723c79834.jpg,D:\Machine Learning project\sea_food_dataset\train\satay\satay_d2a723c79834.jpg,satay,Satay / Saté,Indonesia / Malaysia,train,224,224,,,,,fe27748ca45e,
train\satay\satay_d37ee006539a.jpg,D:\Machine Learning project\sea_food_dataset\train\satay\satay_d37ee006539a.jpg,satay,Satay / Saté,Indonesia / Malaysia,train,224,224,,,,,70a0a63656fe,
train\satay\satay_d409da871a41.jpg,D:\Machine Learning project\sea_food_dataset\train\satay\satay_d409da871a41.jpg,satay,Satay / Saté,Indonesia / Malaysia,train,224,224,,,,,3c7086cf1cb9,
train\satay\satay_d4686a1ecfc0.jpg,D:\Machine Learning project\sea_food_dataset\train\satay\satay_d4686a1ecfc0.jpg,satay,Satay / Saté,Indonesia / Malaysia,train,224,224,,,,,fe4692ee45ab,
train\satay\satay_d601546e2789.jpg,D:\Machine Learning project\sea_food_dataset\train\satay\satay_d601546e2789.jpg,satay,Satay / Saté,Indonesia / Malaysia,train,224,224,,,,,8f682f52c8fd,
train\satay\satay_d6760bce437d.jpg,D:\Machine Learning project\sea_food_dataset\train\satay\satay_d6760bce437d.jpg,satay,Satay / Saté,Indonesia / Malaysia,train,224,224,,,,,85ab2787916b,
train\satay\satay_d6a59f90c2a1.jpg,D:\Machine Learning project\sea_food_dataset\train\satay\satay_d6a59f90c2a1.jpg,satay,Satay / Saté,Indonesia / Malaysia,train,224,224,,,,,1295d9fb364f,
train\satay\satay_d6b73fa69316.jpg,D:\Machine Learning project\sea_food_dataset\train\satay\satay_d6b73fa69316.jpg,satay,Satay / Saté,Indonesia / Malaysia,train,224,224,,,,,486b67185035,
train\satay\satay_d6fd909058dd.jpg,D:\Machine Learning project\sea_food_dataset\train\satay\satay_d6fd909058dd.jpg,satay,Satay / Saté,Indonesia / Malaysia,train,224,224,,,,,1fac76317eb7,
train\satay\satay_d7a87dd908fa.jpg,D:\Machine Learning project\sea_food_dataset\train\satay\satay_d7a87dd908fa.jpg,satay,Satay / Saté,Indonesia / Malaysia,train,224,224,,,,,0e674853995c,
train\satay\satay_d7f7243b376c.jpg,D:\Machine Learning project\sea_food_dataset\train\satay\satay_d7f7243b376c.jpg,satay,Satay / Saté,Indonesia / Malaysia,train,224,224,,,,,4b81eed140eb,
train\satay\satay_d8567d399e81.jpg,D:\Machine Learning project\sea_food_dataset\train\satay\satay_d8567d399e81.jpg,satay,Satay / Saté,Indonesia / Malaysia,train,224,224,,,,,cf43e9357e15,
train\satay\satay_d8f1d87b6a7e.jpg,D:\Machine Learning project\sea_food_dataset\train\satay\satay_d8f1d87b6a7e.jpg,satay,Satay / Saté,Indonesia / Malaysia,train,224,224,,,,,f1b20682093c,
train\satay\satay_d985b36dcff5.jpg,D:\Machine Learning project\sea_food_dataset\train\satay\satay_d985b36dcff5.jpg,satay,Satay / Saté,Indonesia / Malaysia,train,224,224,,,,,cb268c398e35,
train\satay\satay_d9a7b625c662.jpg,D:\Machine Learning project\sea_food_dataset\train\satay\satay_d9a7b625c662.jpg,satay,Satay / Saté,Indonesia / Malaysia,train,224,224,,,,,e87001c91750,
train\satay\satay_db1b96bc9fc1.jpg,D:\Machine Learning project\sea_food_dataset\train\satay\satay_db1b96bc9fc1.jpg,satay,Satay / Saté,Indonesia / Malaysia,train,224,224,,,,,e9352568d8c2,
train\satay\satay_db1fe05153a1.jpg,D:\Machine Learning project\sea_food_dataset\train\satay\satay_db1fe05153a1.jpg,satay,Satay / Saté,Indonesia / Malaysia,train,224,224,,,,,12d6174d1353,
train\satay\satay_dbc6be206ef1.jpg,D:\Machine Learning project\sea_food_dataset\train\satay\satay_dbc6be206ef1.jpg,satay,Satay / Saté,Indonesia / Malaysia,train,224,224,,,,,b23dd8b08b8d,
train\satay\satay_dc11da515c4e.jpg,D:\Machine Learning project\sea_food_dataset\train\satay\satay_dc11da515c4e.jpg,satay,Satay / Saté,Indonesia / Malaysia,train,224,224,,,,,e8dd3d7b33a2,
train\satay\satay_dc2ac615ee6a.jpg,D:\Machine Learning project\sea_food_dataset\train\satay\satay_dc2ac615ee6a.jpg,satay,Satay / Saté,Indonesia / Malaysia,train,224,224,,,,,9da8431e25a0,
train\satay\satay_dd85fa372fb4.jpg,D:\Machine Learning project\sea_food_dataset\train\satay\satay_dd85fa372fb4.jpg,satay,Satay / Saté,Indonesia / Malaysia,train,224,224,,,,,c84b5ceb7167,
train\satay\satay_dda5b7e441cc.jpg,D:\Machine Learning project\sea_food_dataset\train\satay\satay_dda5b7e441cc.jpg,satay,Satay / Saté,Indonesia / Malaysia,train,224,224,,,,,2e820702b618,
train\satay\satay_ddb83c7fb9f2.jpg,D:\Machine Learning project\sea_food_dataset\train\satay\satay_ddb83c7fb9f2.jpg,satay,Satay / Saté,Indonesia / Malaysia,train,224,224,,,,,d6d3e4e446d8,
train\satay\satay_ddee3d7e8126.jpg,D:\Machine Learning project\sea_food_dataset\train\satay\satay_ddee3d7e8126.jpg,satay,Satay / Saté,Indonesia / Malaysia,train,224,224,,,,,47e6da74c6df,
train\satay\satay_de4646211906.jpg,D:\Machine Learning project\sea_food_dataset\train\satay\satay_de4646211906.jpg,satay,Satay / Saté,Indonesia / Malaysia,train,224,224,,,,,116162ba0e43,
train\satay\satay_de4f4e6a9714.jpg,D:\Machine Learning project\sea_food_dataset\train\satay\satay_de4f4e6a9714.jpg,satay,Satay / Saté,Indonesia / Malaysia,train,224,224,,,,,bb019c4c7493,
train\satay\satay_de6acb06dbe2.jpg,D:\Machine Learning project\sea_food_dataset\train\satay\satay_de6acb06dbe2.jpg,satay,Satay / Saté,Indonesia / Malaysia,train,224,224,,,,,2de50834e932,
train\satay\satay_ded676ac26cd.jpg,D:\Machine Learning project\sea_food_dataset\train\satay\satay_ded676ac26cd.jpg,satay,Satay / Saté,Indonesia / Malaysia,train,224,224,,,,,9a0384f65cf5,
train\satay\satay_ded8cff0e065.jpg,D:\Machine Learning project\sea_food_dataset\train\satay\satay_ded8cff0e065.jpg,satay,Satay / Saté,Indonesia / Malaysia,train,224,224,,,,,f987eddc4c7d,
train\satay\satay_df00589c0eab.jpg,D:\Machine Learning project\sea_food_dataset\train\satay\satay_df00589c0eab.jpg,satay,Satay / Saté,Indonesia / Malaysia,train,224,224,,,,,1ce4a566cada,
train\satay\satay_dfc18efa5b83.jpg,D:\Machine Learning project\sea_food_dataset\train\satay\satay_dfc18efa5b83.jpg,satay,Satay / Saté,Indonesia / Malaysia,train,224,224,,,,,2c294373efb4,
train\satay\satay_e0911bb8782e.jpg,D:\Machine Learning project\sea_food_dataset\train\satay\satay_e0911bb8782e.jpg,satay,Satay / Saté,Indonesia / Malaysia,train,224,224,,,,,f8061ba12974,
train\satay\satay_e098042126ef.jpg,D:\Machine Learning project\sea_food_dataset\train\satay\satay_e098042126ef.jpg,satay,Satay / Saté,Indonesia / Malaysia,train,224,224,,,,,f9b64c03ec69,
train\satay\satay_e0e1155870ce.jpg,D:\Machine Learning project\sea_food_dataset\train\satay\satay_e0e1155870ce.jpg,satay,Satay / Saté,Indonesia / Malaysia,train,224,224,,,,,a6e59abc51fb,
train\satay\satay_e1a491570b65.jpg,D:\Machine Learning project\sea_food_dataset\train\satay\satay_e1a491570b65.jpg,satay,Satay / Saté,Indonesia / Malaysia,train,224,224,,,,,1ed0632b9695,
train\satay\satay_e254d66651d8.jpg,D:\Machine Learning project\sea_food_dataset\train\satay\satay_e254d66651d8.jpg,satay,Satay / Saté,Indonesia / Malaysia,train,224,224,,,,,fdc1448e0610,
train\satay\satay_e258d9a11e04.jpg,D:\Machine Learning project\sea_food_dataset\train\satay\satay_e258d9a11e04.jpg,satay,Satay / Saté,Indonesia / Malaysia,train,224,224,,,,,4d5e2506f79b,
train\satay\satay_e44f235428d2.jpg,D:\Machine Learning project\sea_food_dataset\train\satay\satay_e44f235428d2.jpg,satay,Satay / Saté,Indonesia / Malaysia,train,224,224,,,,,ac507f4ec7db,
train\satay\satay_e4c2fe985036.jpg,D:\Machine Learning project\sea_food_dataset\train\satay\satay_e4c2fe985036.jpg,satay,Satay / Saté,Indonesia / Malaysia,train,224,224,,,,,7c49cbd57717,
train\satay\satay_e4d847f7c035.jpg,D:\Machine Learning project\sea_food_dataset\train\satay\satay_e4d847f7c035.jpg,satay,Satay / Saté,Indonesia / Malaysia,train,224,224,,,,,346cb5753e31,
train\satay\satay_e5ddaec7b7dc.jpg,D:\Machine Learning project\sea_food_dataset\train\satay\satay_e5ddaec7b7dc.jpg,satay,Satay / Saté,Indonesia / Malaysia,train,224,224,,,,,fcb143658936,
train\satay\satay_e6266de4a296.jpg,D:\Machine Learning project\sea_food_dataset\train\satay\satay_e6266de4a296.jpg,satay,Satay / Saté,Indonesia / Malaysia,train,224,224,,,,,bff79807ed3d,
train\satay\satay_e67b0d0856c0.jpg,D:\Machine Learning project\sea_food_dataset\train\satay\satay_e67b0d0856c0.jpg,satay,Satay / Saté,Indonesia / Malaysia,train,224,224,,,,,1408dac83b68,
train\satay\satay_e693f9b25b23.jpg,D:\Machine Learning project\sea_food_dataset\train\satay\satay_e693f9b25b23.jpg,satay,Satay / Saté,Indonesia / Malaysia,train,224,224,,,,,1b86887f02e1,
train\satay\satay_e7bbcbebeb98.jpg,D:\Machine Learning project\sea_food_dataset\train\satay\satay_e7bbcbebeb98.jpg,satay,Satay / Saté,Indonesia / Malaysia,train,224,224,,,,,53fa8e0518af,
train\satay\satay_e884c48ec9b3.jpg,D:\Machine Learning project\sea_food_dataset\train\satay\satay_e884c48ec9b3.jpg,satay,Satay / Saté,Indonesia / Malaysia,train,224,224,,,,,1872596b775c,
train\satay\satay_e9f2b2ada169.jpg,D:\Machine Learning project\sea_food_dataset\train\satay\satay_e9f2b2ada169.jpg,satay,Satay / Saté,Indonesia / Malaysia,train,224,224,,,,,161b73fed3a4,
train\satay\satay_eb17cffd5544.jpg,D:\Machine Learning project\sea_food_dataset\train\satay\satay_eb17cffd5544.jpg,satay,Satay / Saté,Indonesia / Malaysia,train,224,224,,,,,092518cfd842,
train\satay\satay_eb35e22929e3.jpg,D:\Machine Learning project\sea_food_dataset\train\satay\satay_eb35e22929e3.jpg,satay,Satay / Saté,Indonesia / Malaysia,train,224,224,,,,,71b4736ee131,
train\satay\satay_eb523bedbe5c.jpg,D:\Machine Learning project\sea_food_dataset\train\satay\satay_eb523bedbe5c.jpg,satay,Satay / Saté,Indonesia / Malaysia,train,224,224,,,,,73bd7d07ca83,
train\satay\satay_eb5f71d4efd2.jpg,D:\Machine Learning project\sea_food_dataset\train\satay\satay_eb5f71d4efd2.jpg,satay,Satay / Saté,Indonesia / Malaysia,train,224,224,,,,,a989c20314be,
train\satay\satay_eb91fecddf7e.jpg,D:\Machine Learning project\sea_food_dataset\train\satay\satay_eb91fecddf7e.jpg,satay,Satay / Saté,Indonesia / Malaysia,train,224,224,,,,,5d7baaeac7c1,
train\satay\satay_ec45a230407a.jpg,D:\Machine Learning project\sea_food_dataset\train\satay\satay_ec45a230407a.jpg,satay,Satay / Saté,Indonesia / Malaysia,train,224,224,,,,,bc0db86f1748,
train\satay\satay_ed3f21f8d115.jpg,D:\Machine Learning project\sea_food_dataset\train\satay\satay_ed3f21f8d115.jpg,satay,Satay / Saté,Indonesia / Malaysia,train,224,224,,,,,b2f652a9c4e8,
train\satay\satay_ef055d57e599.jpg,D:\Machine Learning project\sea_food_dataset\train\satay\satay_ef055d57e599.jpg,satay,Satay / Saté,Indonesia / Malaysia,train,224,224,,,,,6e5518a35e60,
train\satay\satay_ef0f814e3b08.jpg,D:\Machine Learning project\sea_food_dataset\train\satay\satay_ef0f814e3b08.jpg,satay,Satay / Saté,Indonesia / Malaysia,train,224,224,,,,,7b26136962e9,
train\satay\satay_efe04e193e2c.jpg,D:\Machine Learning project\sea_food_dataset\train\satay\satay_efe04e193e2c.jpg,satay,Satay / Saté,Indonesia / Malaysia,train,224,224,,,,,d29f9a58400a,
train\satay\satay_f16955515c21.jpg,D:\Machine Learning project\sea_food_dataset\train\satay\satay_f16955515c21.jpg,satay,Satay / Saté,Indonesia / Malaysia,train,224,224,,,,,58d4da031505,
train\satay\satay_f24ae27a915f.jpg,D:\Machine Learning project\sea_food_dataset\train\satay\satay_f24ae27a915f.jpg,satay,Satay / Saté,Indonesia / Malaysia,train,224,224,,,,,86b2ca57495e,
train\satay\satay_f27590432f5b.jpg,D:\Machine Learning project\sea_food_dataset\train\satay\satay_f27590432f5b.jpg,satay,Satay / Saté,Indonesia / Malaysia,train,224,224,,,,,be67de8c5072,
train\satay\satay_f2cc61e55fd5.jpg,D:\Machine Learning project\sea_food_dataset\train\satay\satay_f2cc61e55fd5.jpg,satay,Satay / Saté,Indonesia / Malaysia,train,224,224,,,,,fc30d18f6fc6,
train\satay\satay_f3d7b14df949.jpg,D:\Machine Learning project\sea_food_dataset\train\satay\satay_f3d7b14df949.jpg,satay,Satay / Saté,Indonesia / Malaysia,train,224,224,,,,,9acfb21df6cf,
train\satay\satay_f3de059714bf.jpg,D:\Machine Learning project\sea_food_dataset\train\satay\satay_f3de059714bf.jpg,satay,Satay / Saté,Indonesia / Malaysia,train,224,224,,,,,a35f214f9e47,
train\satay\satay_f40f24736b11.jpg,D:\Machine Learning project\sea_food_dataset\train\satay\satay_f40f24736b11.jpg,satay,Satay / Saté,Indonesia / Malaysia,train,224,224,,,,,c12ca4c2314e,
train\satay\satay_f4b488ab3af0.jpg,D:\Machine Learning project\sea_food_dataset\train\satay\satay_f4b488ab3af0.jpg,satay,Satay / Saté,Indonesia / Malaysia,train,224,224,,,,,ecba3b16152a,
train\satay\satay_f60779288227.jpg,D:\Machine Learning project\sea_food_dataset\train\satay\satay_f60779288227.jpg,satay,Satay / Saté,Indonesia / Malaysia,train,224,224,,,,,916a951dc38b,
train\satay\satay_f6b0fcdf03ca.jpg,D:\Machine Learning project\sea_food_dataset\train\satay\satay_f6b0fcdf03ca.jpg,satay,Satay / Saté,Indonesia / Malaysia,train,224,224,,,,,f664fd2af9d0,
train\satay\satay_f6d8ad6ab243.jpg,D:\Machine Learning project\sea_food_dataset\train\satay\satay_f6d8ad6ab243.jpg,satay,Satay / Saté,Indonesia / Malaysia,train,224,224,,,,,9627d527c04d,
train\satay\satay_f6e7d8e21d28.jpg,D:\Machine Learning project\sea_food_dataset\train\satay\satay_f6e7d8e21d28.jpg,satay,Satay / Saté,Indonesia / Malaysia,train,224,224,,,,,32d30c9bacc5,
train\satay\satay_f6f07d66ccff.jpg,D:\Machine Learning project\sea_food_dataset\train\satay\satay_f6f07d66ccff.jpg,satay,Satay / Saté,Indonesia / Malaysia,train,224,224,,,,,3867919ec6a1,
train\satay\satay_f7719d6cd814.jpg,D:\Machine Learning project\sea_food_dataset\train\satay\satay_f7719d6cd814.jpg,satay,Satay / Saté,Indonesia / Malaysia,train,224,224,,,,,7bfe0d62a26b,
train\satay\satay_f8a92d3a9050.jpg,D:\Machine Learning project\sea_food_dataset\train\satay\satay_f8a92d3a9050.jpg,satay,Satay / Saté,Indonesia / Malaysia,train,224,224,,,,,db4cb1e0462c,
train\satay\satay_f8d3864e54ad.jpg,D:\Machine Learning project\sea_food_dataset\train\satay\satay_f8d3864e54ad.jpg,satay,Satay / Saté,Indonesia / Malaysia,train,224,224,,,,,e2e90bc07f99,
train\satay\satay_f8e447f20f34.jpg,D:\Machine Learning project\sea_food_dataset\train\satay\satay_f8e447f20f34.jpg,satay,Satay / Saté,Indonesia / Malaysia,train,224,224,,,,,afb40c6a0b05,
train\satay\satay_fb2b70d8cd87.jpg,D:\Machine Learning project\sea_food_dataset\train\satay\satay_fb2b70d8cd87.jpg,satay,Satay / Saté,Indonesia / Malaysia,train,224,224,,,,,0ee8159446cc,
train\satay\satay_fba428245d67.jpg,D:\Machine Learning project\sea_food_dataset\train\satay\satay_fba428245d67.jpg,satay,Satay / Saté,Indonesia / Malaysia,train,224,224,,,,,e200c2e927c9,
train\satay\satay_fbd61d1887d2.jpg,D:\Machine Learning project\sea_food_dataset\train\satay\satay_fbd61d1887d2.jpg,satay,Satay / Saté,Indonesia / Malaysia,train,224,224,,,,,5301d09c839d,
train\satay\satay_fc84c347b29a.jpg,D:\Machine Learning project\sea_food_dataset\train\satay\satay_fc84c347b29a.jpg,satay,Satay / Saté,Indonesia / Malaysia,train,224,224,,,,,1685bf279f32,
train\satay\satay_fca70108134d.jpg,D:\Machine Learning project\sea_food_dataset\train\satay\satay_fca70108134d.jpg,satay,Satay / Saté,Indonesia / Malaysia,train,224,224,,,,,87a2d40462bb,
train\satay\satay_fce869c7d630.jpg,D:\Machine Learning project\sea_food_dataset\train\satay\satay_fce869c7d630.jpg,satay,Satay / Saté,Indonesia / Malaysia,train,224,224,,,,,93ac42a78877,
train\satay\satay_fdc385634d5b.jpg,D:\Machine Learning project\sea_food_dataset\train\satay\satay_fdc385634d5b.jpg,satay,Satay / Saté,Indonesia / Malaysia,train,224,224,,,,,2ba86b39a2b9,
train\satay\satay_fe698357d5cd.jpg,D:\Machine Learning project\sea_food_dataset\train\satay\satay_fe698357d5cd.jpg,satay,Satay / Saté,Indonesia / Malaysia,train,224,224,,,,,134e1f066553,
train\satay\satay_ff8bbbbd808d.jpg,D:\Machine Learning project\sea_food_dataset\train\satay\satay_ff8bbbbd808d.jpg,satay,Satay / Saté,Indonesia / Malaysia,train,224,224,,,,,f3c82360b59f,
train\satay\satay_ffb5cba6c12b.jpg,D:\Machine Learning project\sea_food_dataset\train\satay\satay_ffb5cba6c12b.jpg,satay,Satay / Saté,Indonesia / Malaysia,train,224,224,,,,,ae8448a6927a,
train\satay\satay_ffff87d6affd.jpg,D:\Machine Learning project\sea_food_dataset\train\satay\satay_ffff87d6affd.jpg,satay,Satay / Saté,Indonesia / Malaysia,train,224,224,,,,,ca0dbe2a0577,
