file_path,abs_path,label,display_name,country,split,width,height,orig_width,orig_height,source,source_url,sha256,created_at
train\hainanese_chicken_rice\hainanese_chicken_rice_002b2887d118.jpg,D:\Machine Learning project\sea_food_dataset\train\hainanese_chicken_rice\hainanese_chicken_rice_002b2887d118.jpg,hainanese_chicken_rice,Hainanese Chicken Rice,Singapore,train,224,224,,,,,b131b432ce98,
train\hainanese_chicken_rice\hainanese_chicken_rice_002c103fde82.jpg,D:\Machine Learning project\sea_food_dataset\train\hainanese_chicken_rice\hainanese_chicken_rice_002c103fde82.jpg,hainanese_chicken_rice,Hainanese Chicken Rice,Singapore,train,224,224,,,,,e91961973196,
train\hainanese_chicken_rice\hainanese_chicken_rice_007281282265.jpg,D:\Machine Learning project\sea_food_dataset\train\hainanese_chicken_rice\hainanese_chicken_rice_007281282265.jpg,hainanese_chicken_rice,Hainanese Chicken Rice,Singapore,train,224,224,,,,,7b513a64aa56,
train\hainanese_chicken_rice\hainanese_chicken_rice_0123d9713369.jpg,D:\Machine Learning project\sea_food_dataset\train\hainanese_chicken_rice\hainanese_chicken_rice_0123d9713369.jpg,hainanese_chicken_rice,Hainanese Chicken Rice,Singapore,train,224,224,,,,,20468dd4e4c7,
train\hainanese_chicken_rice\hainanese_chicken_rice_02764ae0636d.jpg,D:\Machine Learning project\sea_food_dataset\train\hainanese_chicken_rice\hainanese_chicken_rice_02764ae0636d.jpg,hainanese_chicken_rice,Hainanese Chicken Rice,Singapore,train,224,224,,,,,2da3f6077c5b,
train\hainanese_chicken_rice\hainanese_chicken_rice_030133648028.jpg,D:\Machine Learning project\sea_food_dataset\train\hainanese_chicken_rice\hainanese_chicken_rice_030133648028.jpg,hainanese_chicken_rice,Hainanese Chicken Rice,Singapore,train,224,224,,,,,94ea72a52eec,
train\hainanese_chicken_rice\hainanese_chicken_rice_0385a3467073.jpg,D:\Machine Learning project\sea_food_dataset\train\hainanese_chicken_rice\hainanese_chicken_rice_0385a3467073.jpg,hainanese_chicken_rice,Hainanese Chicken Rice,Singapore,train,224,224,,,,,e40177ee3d0d,
train\hainanese_chicken_rice\hainanese_chicken_rice_0418ac81ba2f.jpg,D:\Machine Learning project\sea_food_dataset\train\hainanese_chicken_rice\hainanese_chicken_rice_0418ac81ba2f.jpg,hainanese_chicken_rice,Hainanese Chicken Rice,Singapore,train,224,224,,,,,e230e8a73815,
train\hainanese_chicken_rice\hainanese_chicken_rice_053ee20970cc.jpg,D:\Machine Learning project\sea_food_dataset\train\hainanese_chicken_rice\hainanese_chicken_rice_053ee20970cc.jpg,hainanese_chicken_rice,Hainanese Chicken Rice,Singapore,train,224,224,,,,,9e036cdda068,
train\hainanese_chicken_rice\hainanese_chicken_rice_056c3e6252ed.jpg,D:\Machine Learning project\sea_food_dataset\train\hainanese_chicken_rice\hainanese_chicken_rice_056c3e6252ed.jpg,hainanese_chicken_rice,Hainanese Chicken Rice,Singapore,train,224,224,,,,,57cfdbc823d2,
train\hainanese_chicken_rice\hainanese_chicken_rice_067316a6f8bf.jpg,D:\Machine Learning project\sea_food_dataset\train\hainanese_chicken_rice\hainanese_chicken_rice_067316a6f8bf.jpg,hainanese_chicken_rice,Hainanese Chicken Rice,Singapore,train,224,224,,,,,2c9f6367529d,
train\hainanese_chicken_rice\hainanese_chicken_rice_08973ebaecd1.jpg,D:\Machine Learning project\sea_food_dataset\train\hainanese_chicken_rice\hainanese_chicken_rice_08973ebaecd1.jpg,hainanese_chicken_rice,Hainanese Chicken Rice,Singapore,train,224,224,,,,,91b5d3c4c832,
train\hainanese_chicken_rice\hainanese_chicken_rice_08a1917c1a61.jpg,D:\Machine Learning project\sea_food_dataset\train\hainanese_chicken_rice\hainanese_chicken_rice_08a1917c1a61.jpg,hainanese_chicken_rice,Hainanese Chicken Rice,Singapore,train,224,224,,,,,aabce321af76,
train\hainanese_chicken_rice\hainanese_chicken_rice_091b3c0d965d.jpg,D:\Machine Learning project\sea_food_dataset\train\hainanese_chicken_rice\hainanese_chicken_rice_091b3c0d965d.jpg,hainanese_chicken_rice,Hainanese Chicken Rice,Singapore,train,224,224,,,,,a89c92da6e25,
train\hainanese_chicken_rice\hainanese_chicken_rice_0a40963b132f.jpg,D:\Machine Learning project\sea_food_dataset\train\hainanese_chicken_rice\hainanese_chicken_rice_0a40963b132f.jpg,hainanese_chicken_rice,Hainanese Chicken Rice,Singapore,train,224,224,,,,,b8ecd768568b,
train\hainanese_chicken_rice\hainanese_chicken_rice_0bec57d7c524.jpg,D:\Machine Learning project\sea_food_dataset\train\hainanese_chicken_rice\hainanese_chicken_rice_0bec57d7c524.jpg,hainanese_chicken_rice,Hainanese Chicken Rice,Singapore,train,224,224,,,,,9d4571d677f1,
train\hainanese_chicken_rice\hainanese_chicken_rice_0dbad92be4d3.jpg,D:\Machine Learning project\sea_food_dataset\train\hainanese_chicken_rice\hainanese_chicken_rice_0dbad92be4d3.jpg,hainanese_chicken_rice,Hainanese Chicken Rice,Singapore,train,224,224,,,,,6f146fb2e018,
train\hainanese_chicken_rice\hainanese_chicken_rice_0e0affd86a0b.jpg,D:\Machine Learning project\sea_food_dataset\train\hainanese_chicken_rice\hainanese_chicken_rice_0e0affd86a0b.jpg,hainanese_chicken_rice,Hainanese Chicken Rice,Singapore,train,224,224,,,,,67e1cf29815b,
train\hainanese_chicken_rice\hainanese_chicken_rice_0edc77b0120a.jpg,D:\Machine Learning project\sea_food_dataset\train\hainanese_chicken_rice\hainanese_chicken_rice_0edc77b0120a.jpg,hainanese_chicken_rice,Hainanese Chicken Rice,Singapore,train,224,224,,,,,3a062aa394d2,
train\hainanese_chicken_rice\hainanese_chicken_rice_0fdd92b716a0.jpg,D:\Machine Learning project\sea_food_dataset\train\hainanese_chicken_rice\hainanese_chicken_rice_0fdd92b716a0.jpg,hainanese_chicken_rice,Hainanese Chicken Rice,Singapore,train,224,224,,,,,28c33f558d1c,
train\hainanese_chicken_rice\hainanese_chicken_rice_141d6704eb65.jpg,D:\Machine Learning project\sea_food_dataset\train\hainanese_chicken_rice\hainanese_chicken_rice_141d6704eb65.jpg,hainanese_chicken_rice,Hainanese Chicken Rice,Singapore,train,224,224,,,,,f3774b64be59,
train\hainanese_chicken_rice\hainanese_chicken_rice_144a9fd0f817.jpg,D:\Machine Learning project\sea_food_dataset\train\hainanese_chicken_rice\hainanese_chicken_rice_144a9fd0f817.jpg,hainanese_chicken_rice,Hainanese Chicken Rice,Singapore,train,224,224,,,,,17092dd82bc6,
train\hainanese_chicken_rice\hainanese_chicken_rice_166cbaf7193c.jpg,D:\Machine Learning project\sea_food_dataset\train\hainanese_chicken_rice\hainanese_chicken_rice_166cbaf7193c.jpg,hainanese_chicken_rice,Hainanese Chicken Rice,Singapore,train,224,224,,,,,e3978aa869a2,
train\hainanese_chicken_rice\hainanese_chicken_rice_16b3e0b5ce89.jpg,D:\Machine Learning project\sea_food_dataset\train\hainanese_chicken_rice\hainanese_chicken_rice_16b3e0b5ce89.jpg,hainanese_chicken_rice,Hainanese Chicken Rice,Singapore,train,224,224,,,,,8875cc2f5e1a,
train\hainanese_chicken_rice\hainanese_chicken_rice_172ec1c78673.jpg,D:\Machine Learning project\sea_food_dataset\train\hainanese_chicken_rice\hainanese_chicken_rice_172ec1c78673.jpg,hainanese_chicken_rice,Hainanese Chicken Rice,Singapore,train,224,224,,,,,17c824540541,
train\hainanese_chicken_rice\hainanese_chicken_rice_174bc90639cb.jpg,D:\Machine Learning project\sea_food_dataset\train\hainanese_chicken_rice\hainanese_chicken_rice_174bc90639cb.jpg,hainanese_chicken_rice,Hainanese Chicken Rice,Singapore,train,224,224,,,,,b3828803c79f,
train\hainanese_chicken_rice\hainanese_chicken_rice_1913626713ac.jpg,D:\Machine Learning project\sea_food_dataset\train\hainanese_chicken_rice\hainanese_chicken_rice_1913626713ac.jpg,hainanese_chicken_rice,Hainanese Chicken Rice,Singapore,train,224,224,,,,,f053b5a66b5f,
train\hainanese_chicken_rice\hainanese_chicken_rice_1934e8d5ceb9.jpg,D:\Machine Learning project\sea_food_dataset\train\hainanese_chicken_rice\hainanese_chicken_rice_1934e8d5ceb9.jpg,hainanese_chicken_rice,Hainanese Chicken Rice,Singapore,train,224,224,,,,,020c409c1457,
train\hainanese_chicken_rice\hainanese_chicken_rice_19d44beb42c6.jpg,D:\Machine Learning project\sea_food_dataset\train\hainanese_chicken_rice\hainanese_chicken_rice_19d44beb42c6.jpg,hainanese_chicken_rice,Hainanese Chicken Rice,Singapore,train,224,224,,,,,4998a543679d,
train\hainanese_chicken_rice\hainanese_chicken_rice_19f28cbf6340.jpg,D:\Machine Learning project\sea_food_dataset\train\hainanese_chicken_rice\hainanese_chicken_rice_19f28cbf6340.jpg,hainanese_chicken_rice,Hainanese Chicken Rice,Singapore,train,224,224,,,,,8e0d0e5843e1,
train\hainanese_chicken_rice\hainanese_chicken_rice_1a597a1c5449.jpg,D:\Machine Learning project\sea_food_dataset\train\hainanese_chicken_rice\hainanese_chicken_rice_1a597a1c5449.jpg,hainanese_chicken_rice,Hainanese Chicken Rice,Singapore,train,224,224,,,,,51bb708814a1,
train\hainanese_chicken_rice\hainanese_chicken_rice_1a5f3aeae8e0.jpg,D:\Machine Learning project\sea_food_dataset\train\hainanese_chicken_rice\hainanese_chicken_rice_1a5f3aeae8e0.jpg,hainanese_chicken_rice,Hainanese Chicken Rice,Singapore,train,224,224,,,,,3ecbdd7ffbee,
train\hainanese_chicken_rice\hainanese_chicken_rice_1a749db0710e.jpg,D:\Machine Learning project\sea_food_dataset\train\hainanese_chicken_rice\hainanese_chicken_rice_1a749db0710e.jpg,hainanese_chicken_rice,Hainanese Chicken Rice,Singapore,train,224,224,,,,,09d5242faabc,
train\hainanese_chicken_rice\hainanese_chicken_rice_1b0982d370a9.jpg,D:\Machine Learning project\sea_food_dataset\train\hainanese_chicken_rice\hainanese_chicken_rice_1b0982d370a9.jpg,hainanese_chicken_rice,Hainanese Chicken Rice,Singapore,train,224,224,,,,,5e0a39e66b58,
train\hainanese_chicken_rice\hainanese_chicken_rice_1d38d17e16f5.jpg,D:\Machine Learning project\sea_food_dataset\train\hainanese_chicken_rice\hainanese_chicken_rice_1d38d17e16f5.jpg,hainanese_chicken_rice,Hainanese Chicken Rice,Singapore,train,224,224,,,,,8b781660f4cf,
train\hainanese_chicken_rice\hainanese_chicken_rice_1dd3b90b0d11.jpg,D:\Machine Learning project\sea_food_dataset\train\hainanese_chicken_rice\hainanese_chicken_rice_1dd3b90b0d11.jpg,hainanese_chicken_rice,Hainanese Chicken Rice,Singapore,train,224,224,,,,,f287f5812ecf,
train\hainanese_chicken_rice\hainanese_chicken_rice_1ea5847234b1.jpg,D:\Machine Learning project\sea_food_dataset\train\hainanese_chicken_rice\hainanese_chicken_rice_1ea5847234b1.jpg,hainanese_chicken_rice,Hainanese Chicken Rice,Singapore,train,224,224,,,,,d2531699f2f0,
train\hainanese_chicken_rice\hainanese_chicken_rice_1f6bb0d18c4a.jpg,D:\Machine Learning project\sea_food_dataset\train\hainanese_chicken_rice\hainanese_chicken_rice_1f6bb0d18c4a.jpg,hainanese_chicken_rice,Hainanese Chicken Rice,Singapore,train,224,224,,,,,6f3b2b54d278,
train\hainanese_chicken_rice\hainanese_chicken_rice_1f6c25218a35.jpg,D:\Machine Learning project\sea_food_dataset\train\hainanese_chicken_rice\hainanese_chicken_rice_1f6c25218a35.jpg,hainanese_chicken_rice,Hainanese Chicken Rice,Singapore,train,224,224,,,,,d9e734d639d6,
train\hainanese_chicken_rice\hainanese_chicken_rice_2094c03f09d2.jpg,D:\Machine Learning project\sea_food_dataset\train\hainanese_chicken_rice\hainanese_chicken_rice_2094c03f09d2.jpg,hainanese_chicken_rice,Hainanese Chicken Rice,Singapore,train,224,224,,,,,bd66df41df35,
train\hainanese_chicken_rice\hainanese_chicken_rice_209ec729086b.jpg,D:\Machine Learning project\sea_food_dataset\train\hainanese_chicken_rice\hainanese_chicken_rice_209ec729086b.jpg,hainanese_chicken_rice,Hainanese Chicken Rice,Singapore,train,224,224,,,,,ad7e1f2df232,
train\hainanese_chicken_rice\hainanese_chicken_rice_2163eaf1b4ab.jpg,D:\Machine Learning project\sea_food_dataset\train\hainanese_chicken_rice\hainanese_chicken_rice_2163eaf1b4ab.jpg,hainanese_chicken_rice,Hainanese Chicken Rice,Singapore,train,224,224,,,,,e40831d11046,
train\hainanese_chicken_rice\hainanese_chicken_rice_21a4883b6925.jpg,D:\Machine Learning project\sea_food_dataset\train\hainanese_chicken_rice\hainanese_chicken_rice_21a4883b6925.jpg,hainanese_chicken_rice,Hainanese Chicken Rice,Singapore,train,224,224,,,,,90bdb3105f91,
train\hainanese_chicken_rice\hainanese_chicken_rice_21b05571df34.jpg,D:\Machine Learning project\sea_food_dataset\train\hainanese_chicken_rice\hainanese_chicken_rice_21b05571df34.jpg,hainanese_chicken_rice,Hainanese Chicken Rice,Singapore,train,224,224,,,,,5f165f8f68c9,
train\hainanese_chicken_rice\hainanese_chicken_rice_2359bf4bbf9d.jpg,D:\Machine Learning project\sea_food_dataset\train\hainanese_chicken_rice\hainanese_chicken_rice_2359bf4bbf9d.jpg,hainanese_chicken_rice,Hainanese Chicken Rice,Singapore,train,224,224,,,,,b6ca16a871e5,
train\hainanese_chicken_rice\hainanese_chicken_rice_23ae7170e9d6.jpg,D:\Machine Learning project\sea_food_dataset\train\hainanese_chicken_rice\hainanese_chicken_rice_23ae7170e9d6.jpg,hainanese_chicken_rice,Hainanese Chicken Rice,Singapore,train,224,224,,,,,1ab8201285e0,
train\hainanese_chicken_rice\hainanese_chicken_rice_25499a6440ba.jpg,D:\Machine Learning project\sea_food_dataset\train\hainanese_chicken_rice\hainanese_chicken_rice_25499a6440ba.jpg,hainanese_chicken_rice,Hainanese Chicken Rice,Singapore,train,224,224,,,,,2d9e65f5f5c6,
train\hainanese_chicken_rice\hainanese_chicken_rice_25ad2a42b820.jpg,D:\Machine Learning project\sea_food_dataset\train\hainanese_chicken_rice\hainanese_chicken_rice_25ad2a42b820.jpg,hainanese_chicken_rice,Hainanese Chicken Rice,Singapore,train,224,224,,,,,ee86f1d4b17a,
train\hainanese_chicken_rice\hainanese_chicken_rice_26b18101fd8e.jpg,D:\Machine Learning project\sea_food_dataset\train\hainanese_chicken_rice\hainanese_chicken_rice_26b18101fd8e.jpg,hainanese_chicken_rice,Hainanese Chicken Rice,Singapore,train,224,224,,,,,7d32b0ae6687,
train\hainanese_chicken_rice\hainanese_chicken_rice_2741868cd4b5.jpg,D:\Machine Learning project\sea_food_dataset\train\hainanese_chicken_rice\hainanese_chicken_rice_2741868cd4b5.jpg,hainanese_chicken_rice,Hainanese Chicken Rice,Singapore,train,224,224,,,,,5b126065a15a,
train\hainanese_chicken_rice\hainanese_chicken_rice_2781cb07278d.jpg,D:\Machine Learning project\sea_food_dataset\train\hainanese_chicken_rice\hainanese_chicken_rice_2781cb07278d.jpg,hainanese_chicken_rice,Hainanese Chicken Rice,Singapore,train,224,224,,,,,4200b57003da,
train\hainanese_chicken_rice\hainanese_chicken_rice_28e7fa2aae13.jpg,D:\Machine Learning project\sea_food_dataset\train\hainanese_chicken_rice\hainanese_chicken_rice_28e7fa2aae13.jpg,hainanese_chicken_rice,Hainanese Chicken Rice,Singapore,train,224,224,,,,,8b0372db0b90,
train\hainanese_chicken_rice\hainanese_chicken_rice_292c1cd95836.jpg,D:\Machine Learning project\sea_food_dataset\train\hainanese_chicken_rice\hainanese_chicken_rice_292c1cd95836.jpg,hainanese_chicken_rice,Hainanese Chicken Rice,Singapore,train,224,224,,,,,e431728b65df,
train\hainanese_chicken_rice\hainanese_chicken_rice_29462a939c51.jpg,D:\Machine Learning project\sea_food_dataset\train\hainanese_chicken_rice\hainanese_chicken_rice_29462a939c51.jpg,hainanese_chicken_rice,Hainanese Chicken Rice,Singapore,train,224,224,,,,,d96ff1dcce18,
train\hainanese_chicken_rice\hainanese_chicken_rice_29f98e0d03a5.jpg,D:\Machine Learning project\sea_food_dataset\train\hainanese_chicken_rice\hainanese_chicken_rice_29f98e0d03a5.jpg,hainanese_chicken_rice,Hainanese Chicken Rice,Singapore,train,224,224,,,,,07d756f3ca85,
train\hainanese_chicken_rice\hainanese_chicken_rice_2ac5c9bb0c6b.jpg,D:\Machine Learning project\sea_food_dataset\train\hainanese_chicken_rice\hainanese_chicken_rice_2ac5c9bb0c6b.jpg,hainanese_chicken_rice,Hainanese Chicken Rice,Singapore,train,224,224,,,,,4ef791ce3a26,
train\hainanese_chicken_rice\hainanese_chicken_rice_2b86cedd266f.jpg,D:\Machine Learning project\sea_food_dataset\train\hainanese_chicken_rice\hainanese_chicken_rice_2b86cedd266f.jpg,hainanese_chicken_rice,Hainanese Chicken Rice,Singapore,train,224,224,,,,,280f0a8e1bab,
train\hainanese_chicken_rice\hainanese_chicken_rice_2c9d717d1d43.jpg,D:\Machine Learning project\sea_food_dataset\train\hainanese_chicken_rice\hainanese_chicken_rice_2c9d717d1d43.jpg,hainanese_chicken_rice,Hainanese Chicken Rice,Singapore,train,224,224,,,,,82fccaa83d0a,
train\hainanese_chicken_rice\hainanese_chicken_rice_2d07ef321591.jpg,D:\Machine Learning project\sea_food_dataset\train\hainanese_chicken_rice\hainanese_chicken_rice_2d07ef321591.jpg,hainanese_chicken_rice,Hainanese Chicken Rice,Singapore,train,224,224,,,,,c1b8586bcf82,
train\hainanese_chicken_rice\hainanese_chicken_rice_2d104b907689.jpg,D:\Machine Learning project\sea_food_dataset\train\hainanese_chicken_rice\hainanese_chicken_rice_2d104b907689.jpg,hainanese_chicken_rice,Hainanese Chicken Rice,Singapore,train,224,224,,,,,ca1336196630,
train\hainanese_chicken_rice\hainanese_chicken_rice_2dd77391ff73.jpg,D:\Machine Learning project\sea_food_dataset\train\hainanese_chicken_rice\hainanese_chicken_rice_2dd77391ff73.jpg,hainanese_chicken_rice,Hainanese Chicken Rice,Singapore,train,224,224,,,,,942e3a2aa8ec,
train\hainanese_chicken_rice\hainanese_chicken_rice_2ea43b2062b9.jpg,D:\Machine Learning project\sea_food_dataset\train\hainanese_chicken_rice\hainanese_chicken_rice_2ea43b2062b9.jpg,hainanese_chicken_rice,Hainanese Chicken Rice,Singapore,train,224,224,,,,,e616488b7df4,
train\hainanese_chicken_rice\hainanese_chicken_rice_2f3660eb1937.jpg,D:\Machine Learning project\sea_food_dataset\train\hainanese_chicken_rice\hainanese_chicken_rice_2f3660eb1937.jpg,hainanese_chicken_rice,Hainanese Chicken Rice,Singapore,train,224,224,,,,,f3eb203c254c,
train\hainanese_chicken_rice\hainanese_chicken_rice_2f7b6e841952.jpg,D:\Machine Learning project\sea_food_dataset\train\hainanese_chicken_rice\hainanese_chicken_rice_2f7b6e841952.jpg,hainanese_chicken_rice,Hainanese Chicken Rice,Singapore,train,224,224,,,,,2b69293681a5,
train\hainanese_chicken_rice\hainanese_chicken_rice_30d703d86ad2.jpg,D:\Machine Learning project\sea_food_dataset\train\hainanese_chicken_rice\hainanese_chicken_rice_30d703d86ad2.jpg,hainanese_chicken_rice,Hainanese Chicken Rice,Singapore,train,224,224,,,,,0ddf5337f983,
train\hainanese_chicken_rice\hainanese_chicken_rice_31929b0cf020.jpg,D:\Machine Learning project\sea_food_dataset\train\hainanese_chicken_rice\hainanese_chicken_rice_31929b0cf020.jpg,hainanese_chicken_rice,Hainanese Chicken Rice,Singapore,train,224,224,,,,,3b5d51b67280,
train\hainanese_chicken_rice\hainanese_chicken_rice_32815fea817b.jpg,D:\Machine Learning project\sea_food_dataset\train\hainanese_chicken_rice\hainanese_chicken_rice_32815fea817b.jpg,hainanese_chicken_rice,Hainanese Chicken Rice,Singapore,train,224,224,,,,,c1a3e2800b5e,
train\hainanese_chicken_rice\hainanese_chicken_rice_349dabd9ef28.jpg,D:\Machine Learning project\sea_food_dataset\train\hainanese_chicken_rice\hainanese_chicken_rice_349dabd9ef28.jpg,hainanese_chicken_rice,Hainanese Chicken Rice,Singapore,train,224,224,,,,,fe75a8d1db0d,
train\hainanese_chicken_rice\hainanese_chicken_rice_35df234da0d1.jpg,D:\Machine Learning project\sea_food_dataset\train\hainanese_chicken_rice\hainanese_chicken_rice_35df234da0d1.jpg,hainanese_chicken_rice,Hainanese Chicken Rice,Singapore,train,224,224,,,,,ce1b6758e19b,
train\hainanese_chicken_rice\hainanese_chicken_rice_36091bc64fc4.jpg,D:\Machine Learning project\sea_food_dataset\train\hainanese_chicken_rice\hainanese_chicken_rice_36091bc64fc4.jpg,hainanese_chicken_rice,Hainanese Chicken Rice,Singapore,train,224,224,,,,,bff7ced98856,
train\hainanese_chicken_rice\hainanese_chicken_rice_36561ae036fd.jpg,D:\Machine Learning project\sea_food_dataset\train\hainanese_chicken_rice\hainanese_chicken_rice_36561ae036fd.jpg,hainanese_chicken_rice,Hainanese Chicken Rice,Singapore,train,224,224,,,,,3bda02966903,
train\hainanese_chicken_rice\hainanese_chicken_rice_3935286288a6.jpg,D:\Machine Learning project\sea_food_dataset\train\hainanese_chicken_rice\hainanese_chicken_rice_3935286288a6.jpg,hainanese_chicken_rice,Hainanese Chicken Rice,Singapore,train,224,224,,,,,5d786e1ed72e,
train\hainanese_chicken_rice\hainanese_chicken_rice_39a01cd45d10.jpg,D:\Machine Learning project\sea_food_dataset\train\hainanese_chicken_rice\hainanese_chicken_rice_39a01cd45d10.jpg,hainanese_chicken_rice,Hainanese Chicken Rice,Singapore,train,224,224,,,,,a1e8a85c577c,
train\hainanese_chicken_rice\hainanese_chicken_rice_39a725d85671.jpg,D:\Machine Learning project\sea_food_dataset\train\hainanese_chicken_rice\hainanese_chicken_rice_39a725d85671.jpg,hainanese_chicken_rice,Hainanese Chicken Rice,Singapore,train,224,224,,,,,26703de99b8a,
train\hainanese_chicken_rice\hainanese_chicken_rice_39a9e9282506.jpg,D:\Machine Learning project\sea_food_dataset\train\hainanese_chicken_rice\hainanese_chicken_rice_39a9e9282506.jpg,hainanese_chicken_rice,Hainanese Chicken Rice,Singapore,train,224,224,,,,,1026fe09aafb,
train\hainanese_chicken_rice\hainanese_chicken_rice_39c38d82b8d0.jpg,D:\Machine Learning project\sea_food_dataset\train\hainanese_chicken_rice\hainanese_chicken_rice_39c38d82b8d0.jpg,hainanese_chicken_rice,Hainanese Chicken Rice,Singapore,train,224,224,,,,,cd96903187cd,
train\hainanese_chicken_rice\hainanese_chicken_rice_3a664fe08ed0.jpg,D:\Machine Learning project\sea_food_dataset\train\hainanese_chicken_rice\hainanese_chicken_rice_3a664fe08ed0.jpg,hainanese_chicken_rice,Hainanese Chicken Rice,Singapore,train,224,224,,,,,ed2030ae87b6,
train\hainanese_chicken_rice\hainanese_chicken_rice_3a9d30df117c.jpg,D:\Machine Learning project\sea_food_dataset\train\hainanese_chicken_rice\hainanese_chicken_rice_3a9d30df117c.jpg,hainanese_chicken_rice,Hainanese Chicken Rice,Singapore,train,224,224,,,,,070fb947d430,
train\hainanese_chicken_rice\hainanese_chicken_rice_3ada0eeada12.jpg,D:\Machine Learning project\sea_food_dataset\train\hainanese_chicken_rice\hainanese_chicken_rice_3ada0eeada12.jpg,hainanese_chicken_rice,Hainanese Chicken Rice,Singapore,train,224,224,,,,,7ad19282d76d,
train\hainanese_chicken_rice\hainanese_chicken_rice_3d73d58f36a9.jpg,D:\Machine Learning project\sea_food_dataset\train\hainanese_chicken_rice\hainanese_chicken_rice_3d73d58f36a9.jpg,hainanese_chicken_rice,Hainanese Chicken Rice,Singapore,train,224,224,,,,,a1596a11ab4e,
train\hainanese_chicken_rice\hainanese_chicken_rice_3da36c6dedf8.jpg,D:\Machine Learning project\sea_food_dataset\train\hainanese_chicken_rice\hainanese_chicken_rice_3da36c6dedf8.jpg,hainanese_chicken_rice,Hainanese Chicken Rice,Singapore,train,224,224,,,,,396b78102db7,
train\hainanese_chicken_rice\hainanese_chicken_rice_3deaa4328282.jpg,D:\Machine Learning project\sea_food_dataset\train\hainanese_chicken_rice\hainanese_chicken_rice_3deaa4328282.jpg,hainanese_chicken_rice,Hainanese Chicken Rice,Singapore,train,224,224,,,,,2333abc60822,
train\hainanese_chicken_rice\hainanese_chicken_rice_3e1dffdbfb65.jpg,D:\Machine Learning project\sea_food_dataset\train\hainanese_chicken_rice\hainanese_chicken_rice_3e1dffdbfb65.jpg,hainanese_chicken_rice,Hainanese Chicken Rice,Singapore,train,224,224,,,,,479c2bf08be0,
train\hainanese_chicken_rice\hainanese_chicken_rice_3f2bb9cfe86b.jpg,D:\Machine Learning project\sea_food_dataset\train\hainanese_chicken_rice\hainanese_chicken_rice_3f2bb9cfe86b.jpg,hainanese_chicken_rice,Hainanese Chicken Rice,Singapore,train,224,224,,,,,d68d3b5a1051,
train\hainanese_chicken_rice\hainanese_chicken_rice_3fbe93082491.jpg,D:\Machine Learning project\sea_food_dataset\train\hainanese_chicken_rice\hainanese_chicken_rice_3fbe93082491.jpg,hainanese_chicken_rice,Hainanese Chicken Rice,Singapore,train,224,224,,,,,fa6014dda955,
train\hainanese_chicken_rice\hainanese_chicken_rice_40fa943f8c4c.jpg,D:\Machine Learning project\sea_food_dataset\train\hainanese_chicken_rice\hainanese_chicken_rice_40fa943f8c4c.jpg,hainanese_chicken_rice,Hainanese Chicken Rice,Singapore,train,224,224,,,,,bf8739896d41,
train\hainanese_chicken_rice\hainanese_chicken_rice_41cec767d556.jpg,D:\Machine Learning project\sea_food_dataset\train\hainanese_chicken_rice\hainanese_chicken_rice_41cec767d556.jpg,hainanese_chicken_rice,Hainanese Chicken Rice,Singapore,train,224,224,,,,,df83b5531df6,
train\hainanese_chicken_rice\hainanese_chicken_rice_4202b0bb9e9d.jpg,D:\Machine Learning project\sea_food_dataset\train\hainanese_chicken_rice\hainanese_chicken_rice_4202b0bb9e9d.jpg,hainanese_chicken_rice,Hainanese Chicken Rice,Singapore,train,224,224,,,,,651d476732b9,
train\hainanese_chicken_rice\hainanese_chicken_rice_4231302fbd3a.jpg,D:\Machine Learning project\sea_food_dataset\train\hainanese_chicken_rice\hainanese_chicken_rice_4231302fbd3a.jpg,hainanese_chicken_rice,Hainanese Chicken Rice,Singapore,train,224,224,,,,,846780d572c1,
train\hainanese_chicken_rice\hainanese_chicken_rice_42dd409bdd02.jpg,D:\Machine Learning project\sea_food_dataset\train\hainanese_chicken_rice\hainanese_chicken_rice_42dd409bdd02.jpg,hainanese_chicken_rice,Hainanese Chicken Rice,Singapore,train,224,224,,,,,1bafee9b58d3,
train\hainanese_chicken_rice\hainanese_chicken_rice_430042c14ef4.jpg,D:\Machine Learning project\sea_food_dataset\train\hainanese_chicken_rice\hainanese_chicken_rice_430042c14ef4.jpg,hainanese_chicken_rice,Hainanese Chicken Rice,Singapore,train,224,224,,,,,49b0304e0231,
train\hainanese_chicken_rice\hainanese_chicken_rice_43e3c79c21f7.jpg,D:\Machine Learning project\sea_food_dataset\train\hainanese_chicken_rice\hainanese_chicken_rice_43e3c79c21f7.jpg,hainanese_chicken_rice,Hainanese Chicken Rice,Singapore,train,224,224,,,,,0f16af6ee624,
train\hainanese_chicken_rice\hainanese_chicken_rice_4469b0051849.jpg,D:\Machine Learning project\sea_food_dataset\train\hainanese_chicken_rice\hainanese_chicken_rice_4469b0051849.jpg,hainanese_chicken_rice,Hainanese Chicken Rice,Singapore,train,224,224,,,,,fe365e83437d,
train\hainanese_chicken_rice\hainanese_chicken_rice_46e3e829079c.jpg,D:\Machine Learning project\sea_food_dataset\train\hainanese_chicken_rice\hainanese_chicken_rice_46e3e829079c.jpg,hainanese_chicken_rice,Hainanese Chicken Rice,Singapore,train,224,224,,,,,309746ec7b87,
train\hainanese_chicken_rice\hainanese_chicken_rice_4b01d9c3dc30.jpg,D:\Machine Learning project\sea_food_dataset\train\hainanese_chicken_rice\hainanese_chicken_rice_4b01d9c3dc30.jpg,hainanese_chicken_rice,Hainanese Chicken Rice,Singapore,train,224,224,,,,,fa0414435d1d,
train\hainanese_chicken_rice\hainanese_chicken_rice_4b4f81eeb1cb.jpg,D:\Machine Learning project\sea_food_dataset\train\hainanese_chicken_rice\hainanese_chicken_rice_4b4f81eeb1cb.jpg,hainanese_chicken_rice,Hainanese Chicken Rice,Singapore,train,224,224,,,,,b2d92cb9d07d,
train\hainanese_chicken_rice\hainanese_chicken_rice_4bfef3a493de.jpg,D:\Machine Learning project\sea_food_dataset\train\hainanese_chicken_rice\hainanese_chicken_rice_4bfef3a493de.jpg,hainanese_chicken_rice,Hainanese Chicken Rice,Singapore,train,224,224,,,,,359499018b57,
train\hainanese_chicken_rice\hainanese_chicken_rice_4d474a97a60a.jpg,D:\Machine Learning project\sea_food_dataset\train\hainanese_chicken_rice\hainanese_chicken_rice_4d474a97a60a.jpg,hainanese_chicken_rice,Hainanese Chicken Rice,Singapore,train,224,224,,,,,8d6b8ba7a32f,
train\hainanese_chicken_rice\hainanese_chicken_rice_4de969687a4a.jpg,D:\Machine Learning project\sea_food_dataset\train\hainanese_chicken_rice\hainanese_chicken_rice_4de969687a4a.jpg,hainanese_chicken_rice,Hainanese Chicken Rice,Singapore,train,224,224,,,,,f310c98d1f05,
train\hainanese_chicken_rice\hainanese_chicken_rice_4f44d64356fd.jpg,D:\Machine Learning project\sea_food_dataset\train\hainanese_chicken_rice\hainanese_chicken_rice_4f44d64356fd.jpg,hainanese_chicken_rice,Hainanese Chicken Rice,Singapore,train,224,224,,,,,ea8422adacd6,
train\hainanese_chicken_rice\hainanese_chicken_rice_4ffb45824159.jpg,D:\Machine Learning project\sea_food_dataset\train\hainanese_chicken_rice\hainanese_chicken_rice_4ffb45824159.jpg,hainanese_chicken_rice,Hainanese Chicken Rice,Singapore,train,224,224,,,,,ed628212cf1c,
train\hainanese_chicken_rice\hainanese_chicken_rice_502d0d690cc3.jpg,D:\Machine Learning project\sea_food_dataset\train\hainanese_chicken_rice\hainanese_chicken_rice_502d0d690cc3.jpg,hainanese_chicken_rice,Hainanese Chicken Rice,Singapore,train,224,224,,,,,903162c4eac7,
train\hainanese_chicken_rice\hainanese_chicken_rice_50e3fe261df3.jpg,D:\Machine Learning project\sea_food_dataset\train\hainanese_chicken_rice\hainanese_chicken_rice_50e3fe261df3.jpg,hainanese_chicken_rice,Hainanese Chicken Rice,Singapore,train,224,224,,,,,7bcf3447a3f4,
train\hainanese_chicken_rice\hainanese_chicken_rice_517f1c9e4b68.jpg,D:\Machine Learning project\sea_food_dataset\train\hainanese_chicken_rice\hainanese_chicken_rice_517f1c9e4b68.jpg,hainanese_chicken_rice,Hainanese Chicken Rice,Singapore,train,224,224,,,,,df5dbf83cb3f,
train\hainanese_chicken_rice\hainanese_chicken_rice_51f65cb667d8.jpg,D:\Machine Learning project\sea_food_dataset\train\hainanese_chicken_rice\hainanese_chicken_rice_51f65cb667d8.jpg,hainanese_chicken_rice,Hainanese Chicken Rice,Singapore,train,224,224,,,,,635ab02ace53,
train\hainanese_chicken_rice\hainanese_chicken_rice_51f9cb6c81af.jpg,D:\Machine Learning project\sea_food_dataset\train\hainanese_chicken_rice\hainanese_chicken_rice_51f9cb6c81af.jpg,hainanese_chicken_rice,Hainanese Chicken Rice,Singapore,train,224,224,,,,,036cb214b835,
train\hainanese_chicken_rice\hainanese_chicken_rice_5201ab5415c5.jpg,D:\Machine Learning project\sea_food_dataset\train\hainanese_chicken_rice\hainanese_chicken_rice_5201ab5415c5.jpg,hainanese_chicken_rice,Hainanese Chicken Rice,Singapore,train,224,224,,,,,e73fa1407e17,
train\hainanese_chicken_rice\hainanese_chicken_rice_521c452f532a.jpg,D:\Machine Learning project\sea_food_dataset\train\hainanese_chicken_rice\hainanese_chicken_rice_521c452f532a.jpg,hainanese_chicken_rice,Hainanese Chicken Rice,Singapore,train,224,224,,,,,e6bdd0f7bad1,
train\hainanese_chicken_rice\hainanese_chicken_rice_540dff70b229.jpg,D:\Machine Learning project\sea_food_dataset\train\hainanese_chicken_rice\hainanese_chicken_rice_540dff70b229.jpg,hainanese_chicken_rice,Hainanese Chicken Rice,Singapore,train,224,224,,,,,48022339046b,
train\hainanese_chicken_rice\hainanese_chicken_rice_55d0fc45652a.jpg,D:\Machine Learning project\sea_food_dataset\train\hainanese_chicken_rice\hainanese_chicken_rice_55d0fc45652a.jpg,hainanese_chicken_rice,Hainanese Chicken Rice,Singapore,train,224,224,,,,,c2bb590b4875,
train\hainanese_chicken_rice\hainanese_chicken_rice_55e7de985aed.jpg,D:\Machine Learning project\sea_food_dataset\train\hainanese_chicken_rice\hainanese_chicken_rice_55e7de985aed.jpg,hainanese_chicken_rice,Hainanese Chicken Rice,Singapore,train,224,224,,,,,3a24967790b3,
train\hainanese_chicken_rice\hainanese_chicken_rice_5665530e0094.jpg,D:\Machine Learning project\sea_food_dataset\train\hainanese_chicken_rice\hainanese_chicken_rice_5665530e0094.jpg,hainanese_chicken_rice,Hainanese Chicken Rice,Singapore,train,224,224,,,,,644ae99cead6,
train\hainanese_chicken_rice\hainanese_chicken_rice_57ad30a64d46.jpg,D:\Machine Learning project\sea_food_dataset\train\hainanese_chicken_rice\hainanese_chicken_rice_57ad30a64d46.jpg,hainanese_chicken_rice,Hainanese Chicken Rice,Singapore,train,224,224,,,,,2e9cef91defd,
train\hainanese_chicken_rice\hainanese_chicken_rice_57bc7536f74d.jpg,D:\Machine Learning project\sea_food_dataset\train\hainanese_chicken_rice\hainanese_chicken_rice_57bc7536f74d.jpg,hainanese_chicken_rice,Hainanese Chicken Rice,Singapore,train,224,224,,,,,9213c3fc0505,
train\hainanese_chicken_rice\hainanese_chicken_rice_59a807e30aba.jpg,D:\Machine Learning project\sea_food_dataset\train\hainanese_chicken_rice\hainanese_chicken_rice_59a807e30aba.jpg,hainanese_chicken_rice,Hainanese Chicken Rice,Singapore,train,224,224,,,,,502e36906720,
train\hainanese_chicken_rice\hainanese_chicken_rice_5af9b870baf2.jpg,D:\Machine Learning project\sea_food_dataset\train\hainanese_chicken_rice\hainanese_chicken_rice_5af9b870baf2.jpg,hainanese_chicken_rice,Hainanese Chicken Rice,Singapore,train,224,224,,,,,1e2468150fb7,
train\hainanese_chicken_rice\hainanese_chicken_rice_5b9dc8e3b3bf.jpg,D:\Machine Learning project\sea_food_dataset\train\hainanese_chicken_rice\hainanese_chicken_rice_5b9dc8e3b3bf.jpg,hainanese_chicken_rice,Hainanese Chicken Rice,Singapore,train,224,224,,,,,01ff8b033290,
train\hainanese_chicken_rice\hainanese_chicken_rice_5dbdebcee734.jpg,D:\Machine Learning project\sea_food_dataset\train\hainanese_chicken_rice\hainanese_chicken_rice_5dbdebcee734.jpg,hainanese_chicken_rice,Hainanese Chicken Rice,Singapore,train,224,224,,,,,fe1a22fbf9bb,
train\hainanese_chicken_rice\hainanese_chicken_rice_5dd4168e2653.jpg,D:\Machine Learning project\sea_food_dataset\train\hainanese_chicken_rice\hainanese_chicken_rice_5dd4168e2653.jpg,hainanese_chicken_rice,Hainanese Chicken Rice,Singapore,train,224,224,,,,,daf012f81806,
train\hainanese_chicken_rice\hainanese_chicken_rice_5dd4f52c34fe.jpg,D:\Machine Learning project\sea_food_dataset\train\hainanese_chicken_rice\hainanese_chicken_rice_5dd4f52c34fe.jpg,hainanese_chicken_rice,Hainanese Chicken Rice,Singapore,train,224,224,,,,,20f3e38fa906,
train\hainanese_chicken_rice\hainanese_chicken_rice_5fabdaa91d0b.jpg,D:\Machine Learning project\sea_food_dataset\train\hainanese_chicken_rice\hainanese_chicken_rice_5fabdaa91d0b.jpg,hainanese_chicken_rice,Hainanese Chicken Rice,Singapore,train,224,224,,,,,c47cedaa79a8,
train\hainanese_chicken_rice\hainanese_chicken_rice_604ce4e1876f.jpg,D:\Machine Learning project\sea_food_dataset\train\hainanese_chicken_rice\hainanese_chicken_rice_604ce4e1876f.jpg,hainanese_chicken_rice,Hainanese Chicken Rice,Singapore,train,224,224,,,,,81f3399c3895,
train\hainanese_chicken_rice\hainanese_chicken_rice_611db28e99b2.jpg,D:\Machine Learning project\sea_food_dataset\train\hainanese_chicken_rice\hainanese_chicken_rice_611db28e99b2.jpg,hainanese_chicken_rice,Hainanese Chicken Rice,Singapore,train,224,224,,,,,70732bb5d66c,
train\hainanese_chicken_rice\hainanese_chicken_rice_61ad8875ff12.jpg,D:\Machine Learning project\sea_food_dataset\train\hainanese_chicken_rice\hainanese_chicken_rice_61ad8875ff12.jpg,hainanese_chicken_rice,Hainanese Chicken Rice,Singapore,train,224,224,,,,,23859198e386,
train\hainanese_chicken_rice\hainanese_chicken_rice_639cbfc28287.jpg,D:\Machine Learning project\sea_food_dataset\train\hainanese_chicken_rice\hainanese_chicken_rice_639cbfc28287.jpg,hainanese_chicken_rice,Hainanese Chicken Rice,Singapore,train,224,224,,,,,b6d2d2a0a01b,
train\hainanese_chicken_rice\hainanese_chicken_rice_642c3c8b135c.jpg,D:\Machine Learning project\sea_food_dataset\train\hainanese_chicken_rice\hainanese_chicken_rice_642c3c8b135c.jpg,hainanese_chicken_rice,Hainanese Chicken Rice,Singapore,train,224,224,,,,,a4aecf7ed257,
train\hainanese_chicken_rice\hainanese_chicken_rice_64b1464a60b0.jpg,D:\Machine Learning project\sea_food_dataset\train\hainanese_chicken_rice\hainanese_chicken_rice_64b1464a60b0.jpg,hainanese_chicken_rice,Hainanese Chicken Rice,Singapore,train,224,224,,,,,523eac81d701,
train\hainanese_chicken_rice\hainanese_chicken_rice_66da7834d8ce.jpg,D:\Machine Learning project\sea_food_dataset\train\hainanese_chicken_rice\hainanese_chicken_rice_66da7834d8ce.jpg,hainanese_chicken_rice,Hainanese Chicken Rice,Singapore,train,224,224,,,,,515333f82f13,
train\hainanese_chicken_rice\hainanese_chicken_rice_671d58bf1d9e.jpg,D:\Machine Learning project\sea_food_dataset\train\hainanese_chicken_rice\hainanese_chicken_rice_671d58bf1d9e.jpg,hainanese_chicken_rice,Hainanese Chicken Rice,Singapore,train,224,224,,,,,f1cdb1d17946,
train\hainanese_chicken_rice\hainanese_chicken_rice_679fd58e245b.jpg,D:\Machine Learning project\sea_food_dataset\train\hainanese_chicken_rice\hainanese_chicken_rice_679fd58e245b.jpg,hainanese_chicken_rice,Hainanese Chicken Rice,Singapore,train,224,224,,,,,8fb6121dae61,
train\hainanese_chicken_rice\hainanese_chicken_rice_67abb8bb97bf.jpg,D:\Machine Learning project\sea_food_dataset\train\hainanese_chicken_rice\hainanese_chicken_rice_67abb8bb97bf.jpg,hainanese_chicken_rice,Hainanese Chicken Rice,Singapore,train,224,224,,,,,a9cdf9297c39,
train\hainanese_chicken_rice\hainanese_chicken_rice_67e809255a6b.jpg,D:\Machine Learning project\sea_food_dataset\train\hainanese_chicken_rice\hainanese_chicken_rice_67e809255a6b.jpg,hainanese_chicken_rice,Hainanese Chicken Rice,Singapore,train,224,224,,,,,b33c638e5811,
train\hainanese_chicken_rice\hainanese_chicken_rice_68ba3fd6f2c1.jpg,D:\Machine Learning project\sea_food_dataset\train\hainanese_chicken_rice\hainanese_chicken_rice_68ba3fd6f2c1.jpg,hainanese_chicken_rice,Hainanese Chicken Rice,Singapore,train,224,224,,,,,bac5ddc707cb,
train\hainanese_chicken_rice\hainanese_chicken_rice_69c3bd6b6da1.jpg,D:\Machine Learning project\sea_food_dataset\train\hainanese_chicken_rice\hainanese_chicken_rice_69c3bd6b6da1.jpg,hainanese_chicken_rice,Hainanese Chicken Rice,Singapore,train,224,224,,,,,82bbfd2236e3,
train\hainanese_chicken_rice\hainanese_chicken_rice_6ae8d6a3f890.jpg,D:\Machine Learning project\sea_food_dataset\train\hainanese_chicken_rice\hainanese_chicken_rice_6ae8d6a3f890.jpg,hainanese_chicken_rice,Hainanese Chicken Rice,Singapore,train,224,224,,,,,6c85eb0027ac,
train\hainanese_chicken_rice\hainanese_chicken_rice_6bac9a43c4c3.jpg,D:\Machine Learning project\sea_food_dataset\train\hainanese_chicken_rice\hainanese_chicken_rice_6bac9a43c4c3.jpg,hainanese_chicken_rice,Hainanese Chicken Rice,Singapore,train,224,224,,,,,c2f7ed9b1181,
train\hainanese_chicken_rice\hainanese_chicken_rice_6c09c2d14d19.jpg,D:\Machine Learning project\sea_food_dataset\train\hainanese_chicken_rice\hainanese_chicken_rice_6c09c2d14d19.jpg,hainanese_chicken_rice,Hainanese Chicken Rice,Singapore,train,224,224,,,,,576aba3c6f75,
train\hainanese_chicken_rice\hainanese_chicken_rice_6cbdb607e9d7.jpg,D:\Machine Learning project\sea_food_dataset\train\hainanese_chicken_rice\hainanese_chicken_rice_6cbdb607e9d7.jpg,hainanese_chicken_rice,Hainanese Chicken Rice,Singapore,train,224,224,,,,,27aa1c8ba065,
train\hainanese_chicken_rice\hainanese_chicken_rice_6e332734d967.jpg,D:\Machine Learning project\sea_food_dataset\train\hainanese_chicken_rice\hainanese_chicken_rice_6e332734d967.jpg,hainanese_chicken_rice,Hainanese Chicken Rice,Singapore,train,224,224,,,,,b78637424c5b,
train\hainanese_chicken_rice\hainanese_chicken_rice_6e467937fa5f.jpg,D:\Machine Learning project\sea_food_dataset\train\hainanese_chicken_rice\hainanese_chicken_rice_6e467937fa5f.jpg,hainanese_chicken_rice,Hainanese Chicken Rice,Singapore,train,224,224,,,,,d287f05a1ffb,
train\hainanese_chicken_rice\hainanese_chicken_rice_6ea3267c55d9.jpg,D:\Machine Learning project\sea_food_dataset\train\hainanese_chicken_rice\hainanese_chicken_rice_6ea3267c55d9.jpg,hainanese_chicken_rice,Hainanese Chicken Rice,Singapore,train,224,224,,,,,36fb3bb02ff2,
train\hainanese_chicken_rice\hainanese_chicken_rice_6f1e378cb003.jpg,D:\Machine Learning project\sea_food_dataset\train\hainanese_chicken_rice\hainanese_chicken_rice_6f1e378cb003.jpg,hainanese_chicken_rice,Hainanese Chicken Rice,Singapore,train,224,224,,,,,f997b4e6ae5d,
train\hainanese_chicken_rice\hainanese_chicken_rice_6f216bd57afe.jpg,D:\Machine Learning project\sea_food_dataset\train\hainanese_chicken_rice\hainanese_chicken_rice_6f216bd57afe.jpg,hainanese_chicken_rice,Hainanese Chicken Rice,Singapore,train,224,224,,,,,dd9b2860ed8b,
train\hainanese_chicken_rice\hainanese_chicken_rice_6f3eeba16650.jpg,D:\Machine Learning project\sea_food_dataset\train\hainanese_chicken_rice\hainanese_chicken_rice_6f3eeba16650.jpg,hainanese_chicken_rice,Hainanese Chicken Rice,Singapore,train,224,224,,,,,87ff195c7d06,
train\hainanese_chicken_rice\hainanese_chicken_rice_6f4aa677f8c0.jpg,D:\Machine Learning project\sea_food_dataset\train\hainanese_chicken_rice\hainanese_chicken_rice_6f4aa677f8c0.jpg,hainanese_chicken_rice,Hainanese Chicken Rice,Singapore,train,224,224,,,,,bed207bd4070,
train\hainanese_chicken_rice\hainanese_chicken_rice_6f8b3f37d068.jpg,D:\Machine Learning project\sea_food_dataset\train\hainanese_chicken_rice\hainanese_chicken_rice_6f8b3f37d068.jpg,hainanese_chicken_rice,Hainanese Chicken Rice,Singapore,train,224,224,,,,,a029a7f8f629,
train\hainanese_chicken_rice\hainanese_chicken_rice_73c5655afde7.jpg,D:\Machine Learning project\sea_food_dataset\train\hainanese_chicken_rice\hainanese_chicken_rice_73c5655afde7.jpg,hainanese_chicken_rice,Hainanese Chicken Rice,Singapore,train,224,224,,,,,f4d5e14fea0f,
train\hainanese_chicken_rice\hainanese_chicken_rice_742f09898048.jpg,D:\Machine Learning project\sea_food_dataset\train\hainanese_chicken_rice\hainanese_chicken_rice_742f09898048.jpg,hainanese_chicken_rice,Hainanese Chicken Rice,Singapore,train,224,224,,,,,f9c15e3ffef3,
train\hainanese_chicken_rice\hainanese_chicken_rice_769f577e6e53.jpg,D:\Machine Learning project\sea_food_dataset\train\hainanese_chicken_rice\hainanese_chicken_rice_769f577e6e53.jpg,hainanese_chicken_rice,Hainanese Chicken Rice,Singapore,train,224,224,,,,,cb102754b4b2,
train\hainanese_chicken_rice\hainanese_chicken_rice_77dc4a7d21b6.jpg,D:\Machine Learning project\sea_food_dataset\train\hainanese_chicken_rice\hainanese_chicken_rice_77dc4a7d21b6.jpg,hainanese_chicken_rice,Hainanese Chicken Rice,Singapore,train,224,224,,,,,24f84ffa6eea,
train\hainanese_chicken_rice\hainanese_chicken_rice_7a2f91a862a7.jpg,D:\Machine Learning project\sea_food_dataset\train\hainanese_chicken_rice\hainanese_chicken_rice_7a2f91a862a7.jpg,hainanese_chicken_rice,Hainanese Chicken Rice,Singapore,train,224,224,,,,,fe26eb8fe58a,
train\hainanese_chicken_rice\hainanese_chicken_rice_7abb1f2d5dec.jpg,D:\Machine Learning project\sea_food_dataset\train\hainanese_chicken_rice\hainanese_chicken_rice_7abb1f2d5dec.jpg,hainanese_chicken_rice,Hainanese Chicken Rice,Singapore,train,224,224,,,,,42dd5718c4b8,
train\hainanese_chicken_rice\hainanese_chicken_rice_7ad8013fe0ba.jpg,D:\Machine Learning project\sea_food_dataset\train\hainanese_chicken_rice\hainanese_chicken_rice_7ad8013fe0ba.jpg,hainanese_chicken_rice,Hainanese Chicken Rice,Singapore,train,224,224,,,,,9e1a8a391c9f,
train\hainanese_chicken_rice\hainanese_chicken_rice_7afd203c2f9d.jpg,D:\Machine Learning project\sea_food_dataset\train\hainanese_chicken_rice\hainanese_chicken_rice_7afd203c2f9d.jpg,hainanese_chicken_rice,Hainanese Chicken Rice,Singapore,train,224,224,,,,,cc7558dea49b,
train\hainanese_chicken_rice\hainanese_chicken_rice_7c920309234a.jpg,D:\Machine Learning project\sea_food_dataset\train\hainanese_chicken_rice\hainanese_chicken_rice_7c920309234a.jpg,hainanese_chicken_rice,Hainanese Chicken Rice,Singapore,train,224,224,,,,,cffeb43c30c9,
train\hainanese_chicken_rice\hainanese_chicken_rice_7cc7e675bbc5.jpg,D:\Machine Learning project\sea_food_dataset\train\hainanese_chicken_rice\hainanese_chicken_rice_7cc7e675bbc5.jpg,hainanese_chicken_rice,Hainanese Chicken Rice,Singapore,train,224,224,,,,,bfcb466a8d89,
train\hainanese_chicken_rice\hainanese_chicken_rice_7d0079d0bbbd.jpg,D:\Machine Learning project\sea_food_dataset\train\hainanese_chicken_rice\hainanese_chicken_rice_7d0079d0bbbd.jpg,hainanese_chicken_rice,Hainanese Chicken Rice,Singapore,train,224,224,,,,,bd888f391942,
train\hainanese_chicken_rice\hainanese_chicken_rice_7d896c09e465.jpg,D:\Machine Learning project\sea_food_dataset\train\hainanese_chicken_rice\hainanese_chicken_rice_7d896c09e465.jpg,hainanese_chicken_rice,Hainanese Chicken Rice,Singapore,train,224,224,,,,,7a8f0ae4de76,
train\hainanese_chicken_rice\hainanese_chicken_rice_7de524cc8924.jpg,D:\Machine Learning project\sea_food_dataset\train\hainanese_chicken_rice\hainanese_chicken_rice_7de524cc8924.jpg,hainanese_chicken_rice,Hainanese Chicken Rice,Singapore,train,224,224,,,,,88e89f9e60ed,
train\hainanese_chicken_rice\hainanese_chicken_rice_7e2089af9fc2.jpg,D:\Machine Learning project\sea_food_dataset\train\hainanese_chicken_rice\hainanese_chicken_rice_7e2089af9fc2.jpg,hainanese_chicken_rice,Hainanese Chicken Rice,Singapore,train,224,224,,,,,d66869b751e3,
train\hainanese_chicken_rice\hainanese_chicken_rice_7fcb8d57860e.jpg,D:\Machine Learning project\sea_food_dataset\train\hainanese_chicken_rice\hainanese_chicken_rice_7fcb8d57860e.jpg,hainanese_chicken_rice,Hainanese Chicken Rice,Singapore,train,224,224,,,,,67225c0e3216,
train\hainanese_chicken_rice\hainanese_chicken_rice_805b3f9df2e9.jpg,D:\Machine Learning project\sea_food_dataset\train\hainanese_chicken_rice\hainanese_chicken_rice_805b3f9df2e9.jpg,hainanese_chicken_rice,Hainanese Chicken Rice,Singapore,train,224,224,,,,,f87f45b5697b,
train\hainanese_chicken_rice\hainanese_chicken_rice_8116d354c94c.jpg,D:\Machine Learning project\sea_food_dataset\train\hainanese_chicken_rice\hainanese_chicken_rice_8116d354c94c.jpg,hainanese_chicken_rice,Hainanese Chicken Rice,Singapore,train,224,224,,,,,7f87afc5f43e,
train\hainanese_chicken_rice\hainanese_chicken_rice_814726d5e6c0.jpg,D:\Machine Learning project\sea_food_dataset\train\hainanese_chicken_rice\hainanese_chicken_rice_814726d5e6c0.jpg,hainanese_chicken_rice,Hainanese Chicken Rice,Singapore,train,224,224,,,,,0431283ca44c,
train\hainanese_chicken_rice\hainanese_chicken_rice_820d69d20404.jpg,D:\Machine Learning project\sea_food_dataset\train\hainanese_chicken_rice\hainanese_chicken_rice_820d69d20404.jpg,hainanese_chicken_rice,Hainanese Chicken Rice,Singapore,train,224,224,,,,,58f68f8f65b5,
train\hainanese_chicken_rice\hainanese_chicken_rice_825bfc596f6c.jpg,D:\Machine Learning project\sea_food_dataset\train\hainanese_chicken_rice\hainanese_chicken_rice_825bfc596f6c.jpg,hainanese_chicken_rice,Hainanese Chicken Rice,Singapore,train,224,224,,,,,ca572e77ad4b,
train\hainanese_chicken_rice\hainanese_chicken_rice_851eed38019d.jpg,D:\Machine Learning project\sea_food_dataset\train\hainanese_chicken_rice\hainanese_chicken_rice_851eed38019d.jpg,hainanese_chicken_rice,Hainanese Chicken Rice,Singapore,train,224,224,,,,,cd7325e6ea02,
train\hainanese_chicken_rice\hainanese_chicken_rice_8675eb52c595.jpg,D:\Machine Learning project\sea_food_dataset\train\hainanese_chicken_rice\hainanese_chicken_rice_8675eb52c595.jpg,hainanese_chicken_rice,Hainanese Chicken Rice,Singapore,train,224,224,,,,,d90f1efdc9d6,
train\hainanese_chicken_rice\hainanese_chicken_rice_8682f4611efe.jpg,D:\Machine Learning project\sea_food_dataset\train\hainanese_chicken_rice\hainanese_chicken_rice_8682f4611efe.jpg,hainanese_chicken_rice,Hainanese Chicken Rice,Singapore,train,224,224,,,,,686727b70699,
train\hainanese_chicken_rice\hainanese_chicken_rice_872e30293f72.jpg,D:\Machine Learning project\sea_food_dataset\train\hainanese_chicken_rice\hainanese_chicken_rice_872e30293f72.jpg,hainanese_chicken_rice,Hainanese Chicken Rice,Singapore,train,224,224,,,,,dc15f16670f1,
train\hainanese_chicken_rice\hainanese_chicken_rice_87a919423329.jpg,D:\Machine Learning project\sea_food_dataset\train\hainanese_chicken_rice\hainanese_chicken_rice_87a919423329.jpg,hainanese_chicken_rice,Hainanese Chicken Rice,Singapore,train,224,224,,,,,9ae6eb169883,
train\hainanese_chicken_rice\hainanese_chicken_rice_88bb2301459a.jpg,D:\Machine Learning project\sea_food_dataset\train\hainanese_chicken_rice\hainanese_chicken_rice_88bb2301459a.jpg,hainanese_chicken_rice,Hainanese Chicken Rice,Singapore,train,224,224,,,,,24a779944c8f,
train\hainanese_chicken_rice\hainanese_chicken_rice_8d2b73498f52.jpg,D:\Machine Learning project\sea_food_dataset\train\hainanese_chicken_rice\hainanese_chicken_rice_8d2b73498f52.jpg,hainanese_chicken_rice,Hainanese Chicken Rice,Singapore,train,224,224,,,,,8c370f42d0db,
train\hainanese_chicken_rice\hainanese_chicken_rice_8e2a0a51932e.jpg,D:\Machine Learning project\sea_food_dataset\train\hainanese_chicken_rice\hainanese_chicken_rice_8e2a0a51932e.jpg,hainanese_chicken_rice,Hainanese Chicken Rice,Singapore,train,224,224,,,,,e69cee1cbe4e,
train\hainanese_chicken_rice\hainanese_chicken_rice_8edebfe681be.jpg,D:\Machine Learning project\sea_food_dataset\train\hainanese_chicken_rice\hainanese_chicken_rice_8edebfe681be.jpg,hainanese_chicken_rice,Hainanese Chicken Rice,Singapore,train,224,224,,,,,be0494f78992,
train\hainanese_chicken_rice\hainanese_chicken_rice_8f7ea61793ef.jpg,D:\Machine Learning project\sea_food_dataset\train\hainanese_chicken_rice\hainanese_chicken_rice_8f7ea61793ef.jpg,hainanese_chicken_rice,Hainanese Chicken Rice,Singapore,train,224,224,,,,,6d9ffef471aa,
train\hainanese_chicken_rice\hainanese_chicken_rice_9148e7008967.jpg,D:\Machine Learning project\sea_food_dataset\train\hainanese_chicken_rice\hainanese_chicken_rice_9148e7008967.jpg,hainanese_chicken_rice,Hainanese Chicken Rice,Singapore,train,224,224,,,,,c618533aa923,
train\hainanese_chicken_rice\hainanese_chicken_rice_91e7a75137d4.jpg,D:\Machine Learning project\sea_food_dataset\train\hainanese_chicken_rice\hainanese_chicken_rice_91e7a75137d4.jpg,hainanese_chicken_rice,Hainanese Chicken Rice,Singapore,train,224,224,,,,,4dc0a74b6a32,
train\hainanese_chicken_rice\hainanese_chicken_rice_920fcc28c678.jpg,D:\Machine Learning project\sea_food_dataset\train\hainanese_chicken_rice\hainanese_chicken_rice_920fcc28c678.jpg,hainanese_chicken_rice,Hainanese Chicken Rice,Singapore,train,224,224,,,,,78b37792c102,
train\hainanese_chicken_rice\hainanese_chicken_rice_92adb0b1ecfa.jpg,D:\Machine Learning project\sea_food_dataset\train\hainanese_chicken_rice\hainanese_chicken_rice_92adb0b1ecfa.jpg,hainanese_chicken_rice,Hainanese Chicken Rice,Singapore,train,224,224,,,,,67da41a1fa40,
train\hainanese_chicken_rice\hainanese_chicken_rice_944571319b94.jpg,D:\Machine Learning project\sea_food_dataset\train\hainanese_chicken_rice\hainanese_chicken_rice_944571319b94.jpg,hainanese_chicken_rice,Hainanese Chicken Rice,Singapore,train,224,224,,,,,5127d793af40,
train\hainanese_chicken_rice\hainanese_chicken_rice_94c81e11d486.jpg,D:\Machine Learning project\sea_food_dataset\train\hainanese_chicken_rice\hainanese_chicken_rice_94c81e11d486.jpg,hainanese_chicken_rice,Hainanese Chicken Rice,Singapore,train,224,224,,,,,d78e6983751c,
train\hainanese_chicken_rice\hainanese_chicken_rice_94e3374aee34.jpg,D:\Machine Learning project\sea_food_dataset\train\hainanese_chicken_rice\hainanese_chicken_rice_94e3374aee34.jpg,hainanese_chicken_rice,Hainanese Chicken Rice,Singapore,train,224,224,,,,,3cdb1c76c2c3,
train\hainanese_chicken_rice\hainanese_chicken_rice_94ffc8952fdb.jpg,D:\Machine Learning project\sea_food_dataset\train\hainanese_chicken_rice\hainanese_chicken_rice_94ffc8952fdb.jpg,hainanese_chicken_rice,Hainanese Chicken Rice,Singapore,train,224,224,,,,,97410f048d18,
train\hainanese_chicken_rice\hainanese_chicken_rice_9577ba50e052.jpg,D:\Machine Learning project\sea_food_dataset\train\hainanese_chicken_rice\hainanese_chicken_rice_9577ba50e052.jpg,hainanese_chicken_rice,Hainanese Chicken Rice,Singapore,train,224,224,,,,,7ce8263262ec,
train\hainanese_chicken_rice\hainanese_chicken_rice_9610611ab6d4.jpg,D:\Machine Learning project\sea_food_dataset\train\hainanese_chicken_rice\hainanese_chicken_rice_9610611ab6d4.jpg,hainanese_chicken_rice,Hainanese Chicken Rice,Singapore,train,224,224,,,,,cbfe27cd772e,
train\hainanese_chicken_rice\hainanese_chicken_rice_986b4405217b.jpg,D:\Machine Learning project\sea_food_dataset\train\hainanese_chicken_rice\hainanese_chicken_rice_986b4405217b.jpg,hainanese_chicken_rice,Hainanese Chicken Rice,Singapore,train,224,224,,,,,bedc28594a9f,
train\hainanese_chicken_rice\hainanese_chicken_rice_9ad231ac7fb8.jpg,D:\Machine Learning project\sea_food_dataset\train\hainanese_chicken_rice\hainanese_chicken_rice_9ad231ac7fb8.jpg,hainanese_chicken_rice,Hainanese Chicken Rice,Singapore,train,224,224,,,,,d6077e54a10f,
train\hainanese_chicken_rice\hainanese_chicken_rice_9bca33db6496.jpg,D:\Machine Learning project\sea_food_dataset\train\hainanese_chicken_rice\hainanese_chicken_rice_9bca33db6496.jpg,hainanese_chicken_rice,Hainanese Chicken Rice,Singapore,train,224,224,,,,,2efdeed338ad,
train\hainanese_chicken_rice\hainanese_chicken_rice_9c425d21a05c.jpg,D:\Machine Learning project\sea_food_dataset\train\hainanese_chicken_rice\hainanese_chicken_rice_9c425d21a05c.jpg,hainanese_chicken_rice,Hainanese Chicken Rice,Singapore,train,224,224,,,,,a10c99c41ab9,
train\hainanese_chicken_rice\hainanese_chicken_rice_9c7221b00f86.jpg,D:\Machine Learning project\sea_food_dataset\train\hainanese_chicken_rice\hainanese_chicken_rice_9c7221b00f86.jpg,hainanese_chicken_rice,Hainanese Chicken Rice,Singapore,train,224,224,,,,,974c2c45533f,
train\hainanese_chicken_rice\hainanese_chicken_rice_9cb98c11eb39.jpg,D:\Machine Learning project\sea_food_dataset\train\hainanese_chicken_rice\hainanese_chicken_rice_9cb98c11eb39.jpg,hainanese_chicken_rice,Hainanese Chicken Rice,Singapore,train,224,224,,,,,f65273f46374,
train\hainanese_chicken_rice\hainanese_chicken_rice_9e421592689e.jpg,D:\Machine Learning project\sea_food_dataset\train\hainanese_chicken_rice\hainanese_chicken_rice_9e421592689e.jpg,hainanese_chicken_rice,Hainanese Chicken Rice,Singapore,train,224,224,,,,,d70195745eb7,
train\hainanese_chicken_rice\hainanese_chicken_rice_9e8077c9d0c8.jpg,D:\Machine Learning project\sea_food_dataset\train\hainanese_chicken_rice\hainanese_chicken_rice_9e8077c9d0c8.jpg,hainanese_chicken_rice,Hainanese Chicken Rice,Singapore,train,224,224,,,,,8c687a46588b,
train\hainanese_chicken_rice\hainanese_chicken_rice_9f7c489eb7d2.jpg,D:\Machine Learning project\sea_food_dataset\train\hainanese_chicken_rice\hainanese_chicken_rice_9f7c489eb7d2.jpg,hainanese_chicken_rice,Hainanese Chicken Rice,Singapore,train,224,224,,,,,4a4f13b54c23,
train\hainanese_chicken_rice\hainanese_chicken_rice_9fc74dfc7ca7.jpg,D:\Machine Learning project\sea_food_dataset\train\hainanese_chicken_rice\hainanese_chicken_rice_9fc74dfc7ca7.jpg,hainanese_chicken_rice,Hainanese Chicken Rice,Singapore,train,224,224,,,,,22113fe80306,
train\hainanese_chicken_rice\hainanese_chicken_rice_a0526657ccfa.jpg,D:\Machine Learning project\sea_food_dataset\train\hainanese_chicken_rice\hainanese_chicken_rice_a0526657ccfa.jpg,hainanese_chicken_rice,Hainanese Chicken Rice,Singapore,train,224,224,,,,,5caf5235f02c,
train\hainanese_chicken_rice\hainanese_chicken_rice_a2202c9201fe.jpg,D:\Machine Learning project\sea_food_dataset\train\hainanese_chicken_rice\hainanese_chicken_rice_a2202c9201fe.jpg,hainanese_chicken_rice,Hainanese Chicken Rice,Singapore,train,224,224,,,,,9db11eb75364,
train\hainanese_chicken_rice\hainanese_chicken_rice_a35abc79e2ad.jpg,D:\Machine Learning project\sea_food_dataset\train\hainanese_chicken_rice\hainanese_chicken_rice_a35abc79e2ad.jpg,hainanese_chicken_rice,Hainanese Chicken Rice,Singapore,train,224,224,,,,,736e43dbb42a,
train\hainanese_chicken_rice\hainanese_chicken_rice_a51f426ee7cc.jpg,D:\Machine Learning project\sea_food_dataset\train\hainanese_chicken_rice\hainanese_chicken_rice_a51f426ee7cc.jpg,hainanese_chicken_rice,Hainanese Chicken Rice,Singapore,train,224,224,,,,,bdfc984452fa,
train\hainanese_chicken_rice\hainanese_chicken_rice_a547ba74b228.jpg,D:\Machine Learning project\sea_food_dataset\train\hainanese_chicken_rice\hainanese_chicken_rice_a547ba74b228.jpg,hainanese_chicken_rice,Hainanese Chicken Rice,Singapore,train,224,224,,,,,fb577db1429d,
train\hainanese_chicken_rice\hainanese_chicken_rice_a72a35e5d91d.jpg,D:\Machine Learning project\sea_food_dataset\train\hainanese_chicken_rice\hainanese_chicken_rice_a72a35e5d91d.jpg,hainanese_chicken_rice,Hainanese Chicken Rice,Singapore,train,224,224,,,,,1fe4b0b862bb,
train\hainanese_chicken_rice\hainanese_chicken_rice_a845c246d694.jpg,D:\Machine Learning project\sea_food_dataset\train\hainanese_chicken_rice\hainanese_chicken_rice_a845c246d694.jpg,hainanese_chicken_rice,Hainanese Chicken Rice,Singapore,train,224,224,,,,,d1958339d8a6,
train\hainanese_chicken_rice\hainanese_chicken_rice_abe5d7abe9e5.jpg,D:\Machine Learning project\sea_food_dataset\train\hainanese_chicken_rice\hainanese_chicken_rice_abe5d7abe9e5.jpg,hainanese_chicken_rice,Hainanese Chicken Rice,Singapore,train,224,224,,,,,646ee4513896,
train\hainanese_chicken_rice\hainanese_chicken_rice_ac46d8c79de5.jpg,D:\Machine Learning project\sea_food_dataset\train\hainanese_chicken_rice\hainanese_chicken_rice_ac46d8c79de5.jpg,hainanese_chicken_rice,Hainanese Chicken Rice,Singapore,train,224,224,,,,,791f2d44f0fe,
train\hainanese_chicken_rice\hainanese_chicken_rice_ac99a36d85bf.jpg,D:\Machine Learning project\sea_food_dataset\train\hainanese_chicken_rice\hainanese_chicken_rice_ac99a36d85bf.jpg,hainanese_chicken_rice,Hainanese Chicken Rice,Singapore,train,224,224,,,,,f42813122371,
train\hainanese_chicken_rice\hainanese_chicken_rice_ad2839681c1f.jpg,D:\Machine Learning project\sea_food_dataset\train\hainanese_chicken_rice\hainanese_chicken_rice_ad2839681c1f.jpg,hainanese_chicken_rice,Hainanese Chicken Rice,Singapore,train,224,224,,,,,939b420f8b0b,
train\hainanese_chicken_rice\hainanese_chicken_rice_ad65d217b7c1.jpg,D:\Machine Learning project\sea_food_dataset\train\hainanese_chicken_rice\hainanese_chicken_rice_ad65d217b7c1.jpg,hainanese_chicken_rice,Hainanese Chicken Rice,Singapore,train,224,224,,,,,c513497c8222,
train\hainanese_chicken_rice\hainanese_chicken_rice_ad9570a331a4.jpg,D:\Machine Learning project\sea_food_dataset\train\hainanese_chicken_rice\hainanese_chicken_rice_ad9570a331a4.jpg,hainanese_chicken_rice,Hainanese Chicken Rice,Singapore,train,224,224,,,,,e8b1336e06bf,
train\hainanese_chicken_rice\hainanese_chicken_rice_aed358bb97eb.jpg,D:\Machine Learning project\sea_food_dataset\train\hainanese_chicken_rice\hainanese_chicken_rice_aed358bb97eb.jpg,hainanese_chicken_rice,Hainanese Chicken Rice,Singapore,train,224,224,,,,,09a874a11fed,
train\hainanese_chicken_rice\hainanese_chicken_rice_af0825db7b62.jpg,D:\Machine Learning project\sea_food_dataset\train\hainanese_chicken_rice\hainanese_chicken_rice_af0825db7b62.jpg,hainanese_chicken_rice,Hainanese Chicken Rice,Singapore,train,224,224,,,,,33a76f38bf32,
train\hainanese_chicken_rice\hainanese_chicken_rice_af49b7c9b355.jpg,D:\Machine Learning project\sea_food_dataset\train\hainanese_chicken_rice\hainanese_chicken_rice_af49b7c9b355.jpg,hainanese_chicken_rice,Hainanese Chicken Rice,Singapore,train,224,224,,,,,ede63d328f39,
train\hainanese_chicken_rice\hainanese_chicken_rice_b0e6e6be447f.jpg,D:\Machine Learning project\sea_food_dataset\train\hainanese_chicken_rice\hainanese_chicken_rice_b0e6e6be447f.jpg,hainanese_chicken_rice,Hainanese Chicken Rice,Singapore,train,224,224,,,,,786d2a7ec2d7,
train\hainanese_chicken_rice\hainanese_chicken_rice_b1a072f6270d.jpg,D:\Machine Learning project\sea_food_dataset\train\hainanese_chicken_rice\hainanese_chicken_rice_b1a072f6270d.jpg,hainanese_chicken_rice,Hainanese Chicken Rice,Singapore,train,224,224,,,,,3610b63ffda4,
train\hainanese_chicken_rice\hainanese_chicken_rice_b1cbaf4d88b7.jpg,D:\Machine Learning project\sea_food_dataset\train\hainanese_chicken_rice\hainanese_chicken_rice_b1cbaf4d88b7.jpg,hainanese_chicken_rice,Hainanese Chicken Rice,Singapore,train,224,224,,,,,6cff9049c678,
train\hainanese_chicken_rice\hainanese_chicken_rice_b218f7f4b470.jpg,D:\Machine Learning project\sea_food_dataset\train\hainanese_chicken_rice\hainanese_chicken_rice_b218f7f4b470.jpg,hainanese_chicken_rice,Hainanese Chicken Rice,Singapore,train,224,224,,,,,65f768b9dee5,
train\hainanese_chicken_rice\hainanese_chicken_rice_b3262d9df352.jpg,D:\Machine Learning project\sea_food_dataset\train\hainanese_chicken_rice\hainanese_chicken_rice_b3262d9df352.jpg,hainanese_chicken_rice,Hainanese Chicken Rice,Singapore,train,224,224,,,,,afc621d9a190,
train\hainanese_chicken_rice\hainanese_chicken_rice_b3a8af6b7eb3.jpg,D:\Machine Learning project\sea_food_dataset\train\hainanese_chicken_rice\hainanese_chicken_rice_b3a8af6b7eb3.jpg,hainanese_chicken_rice,Hainanese Chicken Rice,Singapore,train,224,224,,,,,e01bc3cbdf48,
train\hainanese_chicken_rice\hainanese_chicken_rice_b454a33564e0.jpg,D:\Machine Learning project\sea_food_dataset\train\hainanese_chicken_rice\hainanese_chicken_rice_b454a33564e0.jpg,hainanese_chicken_rice,Hainanese Chicken Rice,Singapore,train,224,224,,,,,c19023d244f2,
train\hainanese_chicken_rice\hainanese_chicken_rice_b45579ac93b9.jpg,D:\Machine Learning project\sea_food_dataset\train\hainanese_chicken_rice\hainanese_chicken_rice_b45579ac93b9.jpg,hainanese_chicken_rice,Hainanese Chicken Rice,Singapore,train,224,224,,,,,17398662800a,
train\hainanese_chicken_rice\hainanese_chicken_rice_b4c1f5108b93.jpg,D:\Machine Learning project\sea_food_dataset\train\hainanese_chicken_rice\hainanese_chicken_rice_b4c1f5108b93.jpg,hainanese_chicken_rice,Hainanese Chicken Rice,Singapore,train,224,224,,,,,6aac694838f5,
train\hainanese_chicken_rice\hainanese_chicken_rice_b5392416a140.jpg,D:\Machine Learning project\sea_food_dataset\train\hainanese_chicken_rice\hainanese_chicken_rice_b5392416a140.jpg,hainanese_chicken_rice,Hainanese Chicken Rice,Singapore,train,224,224,,,,,810629c56056,
train\hainanese_chicken_rice\hainanese_chicken_rice_b5a5334c80cc.jpg,D:\Machine Learning project\sea_food_dataset\train\hainanese_chicken_rice\hainanese_chicken_rice_b5a5334c80cc.jpg,hainanese_chicken_rice,Hainanese Chicken Rice,Singapore,train,224,224,,,,,f6948448a745,
train\hainanese_chicken_rice\hainanese_chicken_rice_b7469863b5b5.jpg,D:\Machine Learning project\sea_food_dataset\train\hainanese_chicken_rice\hainanese_chicken_rice_b7469863b5b5.jpg,hainanese_chicken_rice,Hainanese Chicken Rice,Singapore,train,224,224,,,,,ae5365e524f1,
train\hainanese_chicken_rice\hainanese_chicken_rice_b756a50a0f44.jpg,D:\Machine Learning project\sea_food_dataset\train\hainanese_chicken_rice\hainanese_chicken_rice_b756a50a0f44.jpg,hainanese_chicken_rice,Hainanese Chicken Rice,Singapore,train,224,224,,,,,a5b7a8df2982,
train\hainanese_chicken_rice\hainanese_chicken_rice_b7feb9e63daf.jpg,D:\Machine Learning project\sea_food_dataset\train\hainanese_chicken_rice\hainanese_chicken_rice_b7feb9e63daf.jpg,hainanese_chicken_rice,Hainanese Chicken Rice,Singapore,train,224,224,,,,,96ca4fb6819a,
train\hainanese_chicken_rice\hainanese_chicken_rice_b81de789cc05.jpg,D:\Machine Learning project\sea_food_dataset\train\hainanese_chicken_rice\hainanese_chicken_rice_b81de789cc05.jpg,hainanese_chicken_rice,Hainanese Chicken Rice,Singapore,train,224,224,,,,,447535ac8502,
train\hainanese_chicken_rice\hainanese_chicken_rice_ba9b0f955bf7.jpg,D:\Machine Learning project\sea_food_dataset\train\hainanese_chicken_rice\hainanese_chicken_rice_ba9b0f955bf7.jpg,hainanese_chicken_rice,Hainanese Chicken Rice,Singapore,train,224,224,,,,,d39766c4ea94,
train\hainanese_chicken_rice\hainanese_chicken_rice_bb6ce5bb8132.jpg,D:\Machine Learning project\sea_food_dataset\train\hainanese_chicken_rice\hainanese_chicken_rice_bb6ce5bb8132.jpg,hainanese_chicken_rice,Hainanese Chicken Rice,Singapore,train,224,224,,,,,7d8b6c482511,
train\hainanese_chicken_rice\hainanese_chicken_rice_bbdea38d940d.jpg,D:\Machine Learning project\sea_food_dataset\train\hainanese_chicken_rice\hainanese_chicken_rice_bbdea38d940d.jpg,hainanese_chicken_rice,Hainanese Chicken Rice,Singapore,train,224,224,,,,,a9f0ec86340c,
train\hainanese_chicken_rice\hainanese_chicken_rice_bddee1588aee.jpg,D:\Machine Learning project\sea_food_dataset\train\hainanese_chicken_rice\hainanese_chicken_rice_bddee1588aee.jpg,hainanese_chicken_rice,Hainanese Chicken Rice,Singapore,train,224,224,,,,,c7c2d061675e,
train\hainanese_chicken_rice\hainanese_chicken_rice_be81d0800b6e.jpg,D:\Machine Learning project\sea_food_dataset\train\hainanese_chicken_rice\hainanese_chicken_rice_be81d0800b6e.jpg,hainanese_chicken_rice,Hainanese Chicken Rice,Singapore,train,224,224,,,,,23bca1650ed3,
train\hainanese_chicken_rice\hainanese_chicken_rice_bf293178dabd.jpg,D:\Machine Learning project\sea_food_dataset\train\hainanese_chicken_rice\hainanese_chicken_rice_bf293178dabd.jpg,hainanese_chicken_rice,Hainanese Chicken Rice,Singapore,train,224,224,,,,,6631561032d7,
train\hainanese_chicken_rice\hainanese_chicken_rice_bf6620d8f4ed.jpg,D:\Machine Learning project\sea_food_dataset\train\hainanese_chicken_rice\hainanese_chicken_rice_bf6620d8f4ed.jpg,hainanese_chicken_rice,Hainanese Chicken Rice,Singapore,train,224,224,,,,,598c2e09dfa2,
train\hainanese_chicken_rice\hainanese_chicken_rice_c03bb7a0e60b.jpg,D:\Machine Learning project\sea_food_dataset\train\hainanese_chicken_rice\hainanese_chicken_rice_c03bb7a0e60b.jpg,hainanese_chicken_rice,Hainanese Chicken Rice,Singapore,train,224,224,,,,,a38a12344300,
train\hainanese_chicken_rice\hainanese_chicken_rice_c17df2ddfd80.jpg,D:\Machine Learning project\sea_food_dataset\train\hainanese_chicken_rice\hainanese_chicken_rice_c17df2ddfd80.jpg,hainanese_chicken_rice,Hainanese Chicken Rice,Singapore,train,224,224,,,,,53ab68a8de83,
train\hainanese_chicken_rice\hainanese_chicken_rice_c18e4dc9952c.jpg,D:\Machine Learning project\sea_food_dataset\train\hainanese_chicken_rice\hainanese_chicken_rice_c18e4dc9952c.jpg,hainanese_chicken_rice,Hainanese Chicken Rice,Singapore,train,224,224,,,,,0927ceee4ee3,
train\hainanese_chicken_rice\hainanese_chicken_rice_c1a800e43733.jpg,D:\Machine Learning project\sea_food_dataset\train\hainanese_chicken_rice\hainanese_chicken_rice_c1a800e43733.jpg,hainanese_chicken_rice,Hainanese Chicken Rice,Singapore,train,224,224,,,,,5b2a12f66136,
train\hainanese_chicken_rice\hainanese_chicken_rice_c2e0bbab331e.jpg,D:\Machine Learning project\sea_food_dataset\train\hainanese_chicken_rice\hainanese_chicken_rice_c2e0bbab331e.jpg,hainanese_chicken_rice,Hainanese Chicken Rice,Singapore,train,224,224,,,,,09c7b5774f44,
train\hainanese_chicken_rice\hainanese_chicken_rice_c33938dac69a.jpg,D:\Machine Learning project\sea_food_dataset\train\hainanese_chicken_rice\hainanese_chicken_rice_c33938dac69a.jpg,hainanese_chicken_rice,Hainanese Chicken Rice,Singapore,train,224,224,,,,,0c0ab89fb945,
train\hainanese_chicken_rice\hainanese_chicken_rice_c43e5ecb3a02.jpg,D:\Machine Learning project\sea_food_dataset\train\hainanese_chicken_rice\hainanese_chicken_rice_c43e5ecb3a02.jpg,hainanese_chicken_rice,Hainanese Chicken Rice,Singapore,train,224,224,,,,,58908abff69d,
train\hainanese_chicken_rice\hainanese_chicken_rice_c4c60e279027.jpg,D:\Machine Learning project\sea_food_dataset\train\hainanese_chicken_rice\hainanese_chicken_rice_c4c60e279027.jpg,hainanese_chicken_rice,Hainanese Chicken Rice,Singapore,train,224,224,,,,,3e285d0966ab,
train\hainanese_chicken_rice\hainanese_chicken_rice_c5d4462123f7.jpg,D:\Machine Learning project\sea_food_dataset\train\hainanese_chicken_rice\hainanese_chicken_rice_c5d4462123f7.jpg,hainanese_chicken_rice,Hainanese Chicken Rice,Singapore,train,224,224,,,,,ad8d1184a472,
train\hainanese_chicken_rice\hainanese_chicken_rice_c5fe3a2f5221.jpg,D:\Machine Learning project\sea_food_dataset\train\hainanese_chicken_rice\hainanese_chicken_rice_c5fe3a2f5221.jpg,hainanese_chicken_rice,Hainanese Chicken Rice,Singapore,train,224,224,,,,,ea9d9090dd2d,
train\hainanese_chicken_rice\hainanese_chicken_rice_c7c2d418c4e0.jpg,D:\Machine Learning project\sea_food_dataset\train\hainanese_chicken_rice\hainanese_chicken_rice_c7c2d418c4e0.jpg,hainanese_chicken_rice,Hainanese Chicken Rice,Singapore,train,224,224,,,,,373b4fde973d,
train\hainanese_chicken_rice\hainanese_chicken_rice_c7d7c20e50d0.jpg,D:\Machine Learning project\sea_food_dataset\train\hainanese_chicken_rice\hainanese_chicken_rice_c7d7c20e50d0.jpg,hainanese_chicken_rice,Hainanese Chicken Rice,Singapore,train,224,224,,,,,90b3a4e71ea4,
train\hainanese_chicken_rice\hainanese_chicken_rice_c7e7b07d1dc9.jpg,D:\Machine Learning project\sea_food_dataset\train\hainanese_chicken_rice\hainanese_chicken_rice_c7e7b07d1dc9.jpg,hainanese_chicken_rice,Hainanese Chicken Rice,Singapore,train,224,224,,,,,fc804e9de9b2,
train\hainanese_chicken_rice\hainanese_chicken_rice_c9b7c03a90fa.jpg,D:\Machine Learning project\sea_food_dataset\train\hainanese_chicken_rice\hainanese_chicken_rice_c9b7c03a90fa.jpg,hainanese_chicken_rice,Hainanese Chicken Rice,Singapore,train,224,224,,,,,cd567213cf31,
train\hainanese_chicken_rice\hainanese_chicken_rice_ca5f630fd6d1.jpg,D:\Machine Learning project\sea_food_dataset\train\hainanese_chicken_rice\hainanese_chicken_rice_ca5f630fd6d1.jpg,hainanese_chicken_rice,Hainanese Chicken Rice,Singapore,train,224,224,,,,,c0d6ecafc685,
train\hainanese_chicken_rice\hainanese_chicken_rice_cc151639410d.jpg,D:\Machine Learning project\sea_food_dataset\train\hainanese_chicken_rice\hainanese_chicken_rice_cc151639410d.jpg,hainanese_chicken_rice,Hainanese Chicken Rice,Singapore,train,224,224,,,,,93bc510724c5,
train\hainanese_chicken_rice\hainanese_chicken_rice_cea8811e7e92.jpg,D:\Machine Learning project\sea_food_dataset\train\hainanese_chicken_rice\hainanese_chicken_rice_cea8811e7e92.jpg,hainanese_chicken_rice,Hainanese Chicken Rice,Singapore,train,224,224,,,,,4ca892b2c87e,
train\hainanese_chicken_rice\hainanese_chicken_rice_cf29c6b0130a.jpg,D:\Machine Learning project\sea_food_dataset\train\hainanese_chicken_rice\hainanese_chicken_rice_cf29c6b0130a.jpg,hainanese_chicken_rice,Hainanese Chicken Rice,Singapore,train,224,224,,,,,3ea47e66206d,
train\hainanese_chicken_rice\hainanese_chicken_rice_cf6ebfd3f081.jpg,D:\Machine Learning project\sea_food_dataset\train\hainanese_chicken_rice\hainanese_chicken_rice_cf6ebfd3f081.jpg,hainanese_chicken_rice,Hainanese Chicken Rice,Singapore,train,224,224,,,,,fb25b544e000,
train\hainanese_chicken_rice\hainanese_chicken_rice_d2d6cef84a66.jpg,D:\Machine Learning project\sea_food_dataset\train\hainanese_chicken_rice\hainanese_chicken_rice_d2d6cef84a66.jpg,hainanese_chicken_rice,Hainanese Chicken Rice,Singapore,train,224,224,,,,,f44b968541a9,
train\hainanese_chicken_rice\hainanese_chicken_rice_d3338982b63a.jpg,D:\Machine Learning project\sea_food_dataset\train\hainanese_chicken_rice\hainanese_chicken_rice_d3338982b63a.jpg,hainanese_chicken_rice,Hainanese Chicken Rice,Singapore,train,224,224,,,,,34c7994e61e3,
train\hainanese_chicken_rice\hainanese_chicken_rice_d3ad03e58a56.jpg,D:\Machine Learning project\sea_food_dataset\train\hainanese_chicken_rice\hainanese_chicken_rice_d3ad03e58a56.jpg,hainanese_chicken_rice,Hainanese Chicken Rice,Singapore,train,224,224,,,,,3450ce26fdf1,
train\hainanese_chicken_rice\hainanese_chicken_rice_d3f80c0a73ce.jpg,D:\Machine Learning project\sea_food_dataset\train\hainanese_chicken_rice\hainanese_chicken_rice_d3f80c0a73ce.jpg,hainanese_chicken_rice,Hainanese Chicken Rice,Singapore,train,224,224,,,,,7bf98b90f690,
train\hainanese_chicken_rice\hainanese_chicken_rice_d4260a2ed7ab.jpg,D:\Machine Learning project\sea_food_dataset\train\hainanese_chicken_rice\hainanese_chicken_rice_d4260a2ed7ab.jpg,hainanese_chicken_rice,Hainanese Chicken Rice,Singapore,train,224,224,,,,,54deb1fcd424,
train\hainanese_chicken_rice\hainanese_chicken_rice_d6c9fddbd978.jpg,D:\Machine Learning project\sea_food_dataset\train\hainanese_chicken_rice\hainanese_chicken_rice_d6c9fddbd978.jpg,hainanese_chicken_rice,Hainanese Chicken Rice,Singapore,train,224,224,,,,,bac839ddae3b,
train\hainanese_chicken_rice\hainanese_chicken_rice_d6f2ea7ccaec.jpg,D:\Machine Learning project\sea_food_dataset\train\hainanese_chicken_rice\hainanese_chicken_rice_d6f2ea7ccaec.jpg,hainanese_chicken_rice,Hainanese Chicken Rice,Singapore,train,224,224,,,,,90342b64c132,
train\hainanese_chicken_rice\hainanese_chicken_rice_d997d74b7573.jpg,D:\Machine Learning project\sea_food_dataset\train\hainanese_chicken_rice\hainanese_chicken_rice_d997d74b7573.jpg,hainanese_chicken_rice,Hainanese Chicken Rice,Singapore,train,224,224,,,,,a8a305c0569d,
train\hainanese_chicken_rice\hainanese_chicken_rice_d9c033f94b42.jpg,D:\Machine Learning project\sea_food_dataset\train\hainanese_chicken_rice\hainanese_chicken_rice_d9c033f94b42.jpg,hainanese_chicken_rice,Hainanese Chicken Rice,Singapore,train,224,224,,,,,5c9adeee9448,
train\hainanese_chicken_rice\hainanese_chicken_rice_dbda2b4bc582.jpg,D:\Machine Learning project\sea_food_dataset\train\hainanese_chicken_rice\hainanese_chicken_rice_dbda2b4bc582.jpg,hainanese_chicken_rice,Hainanese Chicken Rice,Singapore,train,224,224,,,,,0c5b6a1d1d9b,
train\hainanese_chicken_rice\hainanese_chicken_rice_dc151f87be2c.jpg,D:\Machine Learning project\sea_food_dataset\train\hainanese_chicken_rice\hainanese_chicken_rice_dc151f87be2c.jpg,hainanese_chicken_rice,Hainanese Chicken Rice,Singapore,train,224,224,,,,,37bc7dfa3577,
train\hainanese_chicken_rice\hainanese_chicken_rice_ddad6115c605.jpg,D:\Machine Learning project\sea_food_dataset\train\hainanese_chicken_rice\hainanese_chicken_rice_ddad6115c605.jpg,hainanese_chicken_rice,Hainanese Chicken Rice,Singapore,train,224,224,,,,,65f7129abe64,
train\hainanese_chicken_rice\hainanese_chicken_rice_ddb45ac3d43a.jpg,D:\Machine Learning project\sea_food_dataset\train\hainanese_chicken_rice\hainanese_chicken_rice_ddb45ac3d43a.jpg,hainanese_chicken_rice,Hainanese Chicken Rice,Singapore,train,224,224,,,,,f7a90b72105f,
train\hainanese_chicken_rice\hainanese_chicken_rice_ddf089b9c479.jpg,D:\Machine Learning project\sea_food_dataset\train\hainanese_chicken_rice\hainanese_chicken_rice_ddf089b9c479.jpg,hainanese_chicken_rice,Hainanese Chicken Rice,Singapore,train,224,224,,,,,6bdc8e2939d2,
train\hainanese_chicken_rice\hainanese_chicken_rice_ddf4f77b855e.jpg,D:\Machine Learning project\sea_food_dataset\train\hainanese_chicken_rice\hainanese_chicken_rice_ddf4f77b855e.jpg,hainanese_chicken_rice,Hainanese Chicken Rice,Singapore,train,224,224,,,,,c8cf3a5e013b,
train\hainanese_chicken_rice\hainanese_chicken_rice_e05ce2da0a33.jpg,D:\Machine Learning project\sea_food_dataset\train\hainanese_chicken_rice\hainanese_chicken_rice_e05ce2da0a33.jpg,hainanese_chicken_rice,Hainanese Chicken Rice,Singapore,train,224,224,,,,,5973e18bbe61,
train\hainanese_chicken_rice\hainanese_chicken_rice_e0a6d06dccc1.jpg,D:\Machine Learning project\sea_food_dataset\train\hainanese_chicken_rice\hainanese_chicken_rice_e0a6d06dccc1.jpg,hainanese_chicken_rice,Hainanese Chicken Rice,Singapore,train,224,224,,,,,d6dc6d696724,
train\hainanese_chicken_rice\hainanese_chicken_rice_e0aa3804c9f0.jpg,D:\Machine Learning project\sea_food_dataset\train\hainanese_chicken_rice\hainanese_chicken_rice_e0aa3804c9f0.jpg,hainanese_chicken_rice,Hainanese Chicken Rice,Singapore,train,224,224,,,,,174f21fbd7cd,
train\hainanese_chicken_rice\hainanese_chicken_rice_e0d25b6c88bc.jpg,D:\Machine Learning project\sea_food_dataset\train\hainanese_chicken_rice\hainanese_chicken_rice_e0d25b6c88bc.jpg,hainanese_chicken_rice,Hainanese Chicken Rice,Singapore,train,224,224,,,,,973e4e0538ab,
train\hainanese_chicken_rice\hainanese_chicken_rice_e0e69aabfb1a.jpg,D:\Machine Learning project\sea_food_dataset\train\hainanese_chicken_rice\hainanese_chicken_rice_e0e69aabfb1a.jpg,hainanese_chicken_rice,Hainanese Chicken Rice,Singapore,train,224,224,,,,,f061432dbe02,
train\hainanese_chicken_rice\hainanese_chicken_rice_e15ba8a8da7b.jpg,D:\Machine Learning project\sea_food_dataset\train\hainanese_chicken_rice\hainanese_chicken_rice_e15ba8a8da7b.jpg,hainanese_chicken_rice,Hainanese Chicken Rice,Singapore,train,224,224,,,,,2a31959d8bfb,
train\hainanese_chicken_rice\hainanese_chicken_rice_e1b82e5d31fe.jpg,D:\Machine Learning project\sea_food_dataset\train\hainanese_chicken_rice\hainanese_chicken_rice_e1b82e5d31fe.jpg,hainanese_chicken_rice,Hainanese Chicken Rice,Singapore,train,224,224,,,,,6bb2108a5239,
train\hainanese_chicken_rice\hainanese_chicken_rice_e1d1f16a299e.jpg,D:\Machine Learning project\sea_food_dataset\train\hainanese_chicken_rice\hainanese_chicken_rice_e1d1f16a299e.jpg,hainanese_chicken_rice,Hainanese Chicken Rice,Singapore,train,224,224,,,,,6a9ffd61d664,
train\hainanese_chicken_rice\hainanese_chicken_rice_e305d5f240df.jpg,D:\Machine Learning project\sea_food_dataset\train\hainanese_chicken_rice\hainanese_chicken_rice_e305d5f240df.jpg,hainanese_chicken_rice,Hainanese Chicken Rice,Singapore,train,224,224,,,,,e40f33f9c781,
train\hainanese_chicken_rice\hainanese_chicken_rice_e3d1d6bff949.jpg,D:\Machine Learning project\sea_food_dataset\train\hainanese_chicken_rice\hainanese_chicken_rice_e3d1d6bff949.jpg,hainanese_chicken_rice,Hainanese Chicken Rice,Singapore,train,224,224,,,,,2415a2eb5571,
train\hainanese_chicken_rice\hainanese_chicken_rice_e3de425c93ad.jpg,D:\Machine Learning project\sea_food_dataset\train\hainanese_chicken_rice\hainanese_chicken_rice_e3de425c93ad.jpg,hainanese_chicken_rice,Hainanese Chicken Rice,Singapore,train,224,224,,,,,a1cda031980c,
train\hainanese_chicken_rice\hainanese_chicken_rice_e41e291ccdb2.jpg,D:\Machine Learning project\sea_food_dataset\train\hainanese_chicken_rice\hainanese_chicken_rice_e41e291ccdb2.jpg,hainanese_chicken_rice,Hainanese Chicken Rice,Singapore,train,224,224,,,,,7eae3184e99b,
train\hainanese_chicken_rice\hainanese_chicken_rice_e4fb2d731cd7.jpg,D:\Machine Learning project\sea_food_dataset\train\hainanese_chicken_rice\hainanese_chicken_rice_e4fb2d731cd7.jpg,hainanese_chicken_rice,Hainanese Chicken Rice,Singapore,train,224,224,,,,,6a23fa242e5e,
train\hainanese_chicken_rice\hainanese_chicken_rice_e64a5b6776cb.jpg,D:\Machine Learning project\sea_food_dataset\train\hainanese_chicken_rice\hainanese_chicken_rice_e64a5b6776cb.jpg,hainanese_chicken_rice,Hainanese Chicken Rice,Singapore,train,224,224,,,,,0ff2e59d8f69,
train\hainanese_chicken_rice\hainanese_chicken_rice_e8897d869554.jpg,D:\Machine Learning project\sea_food_dataset\train\hainanese_chicken_rice\hainanese_chicken_rice_e8897d869554.jpg,hainanese_chicken_rice,Hainanese Chicken Rice,Singapore,train,224,224,,,,,ea1881b7c282,
train\hainanese_chicken_rice\hainanese_chicken_rice_e9017f9ed1f9.jpg,D:\Machine Learning project\sea_food_dataset\train\hainanese_chicken_rice\hainanese_chicken_rice_e9017f9ed1f9.jpg,hainanese_chicken_rice,Hainanese Chicken Rice,Singapore,train,224,224,,,,,820b2862d708,
train\hainanese_chicken_rice\hainanese_chicken_rice_e971e706de23.jpg,D:\Machine Learning project\sea_food_dataset\train\hainanese_chicken_rice\hainanese_chicken_rice_e971e706de23.jpg,hainanese_chicken_rice,Hainanese Chicken Rice,Singapore,train,224,224,,,,,9b8da411b0c7,
train\hainanese_chicken_rice\hainanese_chicken_rice_ea7fb4a304ec.jpg,D:\Machine Learning project\sea_food_dataset\train\hainanese_chicken_rice\hainanese_chicken_rice_ea7fb4a304ec.jpg,hainanese_chicken_rice,Hainanese Chicken Rice,Singapore,train,224,224,,,,,25e59337d341,
train\hainanese_chicken_rice\hainanese_chicken_rice_ebb2cdee3583.jpg,D:\Machine Learning project\sea_food_dataset\train\hainanese_chicken_rice\hainanese_chicken_rice_ebb2cdee3583.jpg,hainanese_chicken_rice,Hainanese Chicken Rice,Singapore,train,224,224,,,,,2091cd1a48d7,
train\hainanese_chicken_rice\hainanese_chicken_rice_ee5377dca860.jpg,D:\Machine Learning project\sea_food_dataset\train\hainanese_chicken_rice\hainanese_chicken_rice_ee5377dca860.jpg,hainanese_chicken_rice,Hainanese Chicken Rice,Singapore,train,224,224,,,,,d9800216304c,
train\hainanese_chicken_rice\hainanese_chicken_rice_efaba39fa745.jpg,D:\Machine Learning project\sea_food_dataset\train\hainanese_chicken_rice\hainanese_chicken_rice_efaba39fa745.jpg,hainanese_chicken_rice,Hainanese Chicken Rice,Singapore,train,224,224,,,,,5ffe734c1e91,
train\hainanese_chicken_rice\hainanese_chicken_rice_efb38626792e.jpg,D:\Machine Learning project\sea_food_dataset\train\hainanese_chicken_rice\hainanese_chicken_rice_efb38626792e.jpg,hainanese_chicken_rice,Hainanese Chicken Rice,Singapore,train,224,224,,,,,8e9d7d2bf755,
train\hainanese_chicken_rice\hainanese_chicken_rice_f08086d3f899.jpg,D:\Machine Learning project\sea_food_dataset\train\hainanese_chicken_rice\hainanese_chicken_rice_f08086d3f899.jpg,hainanese_chicken_rice,Hainanese Chicken Rice,Singapore,train,224,224,,,,,792a79764a99,
train\hainanese_chicken_rice\hainanese_chicken_rice_f1c7446f183d.jpg,D:\Machine Learning project\sea_food_dataset\train\hainanese_chicken_rice\hainanese_chicken_rice_f1c7446f183d.jpg,hainanese_chicken_rice,Hainanese Chicken Rice,Singapore,train,224,224,,,,,04ca80878f52,
train\hainanese_chicken_rice\hainanese_chicken_rice_f21d73da3c0c.jpg,D:\Machine Learning project\sea_food_dataset\train\hainanese_chicken_rice\hainanese_chicken_rice_f21d73da3c0c.jpg,hainanese_chicken_rice,Hainanese Chicken Rice,Singapore,train,224,224,,,,,45e1e467179a,
train\hainanese_chicken_rice\hainanese_chicken_rice_f2bb7fd7d945.jpg,D:\Machine Learning project\sea_food_dataset\train\hainanese_chicken_rice\hainanese_chicken_rice_f2bb7fd7d945.jpg,hainanese_chicken_rice,Hainanese Chicken Rice,Singapore,train,224,224,,,,,db93d049182c,
train\hainanese_chicken_rice\hainanese_chicken_rice_f5c43f50c3fd.jpg,D:\Machine Learning project\sea_food_dataset\train\hainanese_chicken_rice\hainanese_chicken_rice_f5c43f50c3fd.jpg,hainanese_chicken_rice,Hainanese Chicken Rice,Singapore,train,224,224,,,,,f8fbe2e7c616,
train\hainanese_chicken_rice\hainanese_chicken_rice_f7bd89515cbb.jpg,D:\Machine Learning project\sea_food_dataset\train\hainanese_chicken_rice\hainanese_chicken_rice_f7bd89515cbb.jpg,hainanese_chicken_rice,Hainanese Chicken Rice,Singapore,train,224,224,,,,,8ae81363b8d5,
train\hainanese_chicken_rice\hainanese_chicken_rice_f85120442d71.jpg,D:\Machine Learning project\sea_food_dataset\train\hainanese_chicken_rice\hainanese_chicken_rice_f85120442d71.jpg,hainanese_chicken_rice,Hainanese Chicken Rice,Singapore,train,224,224,,,,,0cc7ddd5b4d7,
train\hainanese_chicken_rice\hainanese_chicken_rice_f8aed6448942.jpg,D:\Machine Learning project\sea_food_dataset\train\hainanese_chicken_rice\hainanese_chicken_rice_f8aed6448942.jpg,hainanese_chicken_rice,Hainanese Chicken Rice,Singapore,train,224,224,,,,,81c852d86401,
train\hainanese_chicken_rice\hainanese_chicken_rice_f8c49668f00d.jpg,D:\Machine Learning project\sea_food_dataset\train\hainanese_chicken_rice\hainanese_chicken_rice_f8c49668f00d.jpg,hainanese_chicken_rice,Hainanese Chicken Rice,Singapore,train,224,224,,,,,35a084821c71,
train\hainanese_chicken_rice\hainanese_chicken_rice_f9b61f96ffce.jpg,D:\Machine Learning project\sea_food_dataset\train\hainanese_chicken_rice\hainanese_chicken_rice_f9b61f96ffce.jpg,hainanese_chicken_rice,Hainanese Chicken Rice,Singapore,train,224,224,,,,,1a42f95e963b,
train\hainanese_chicken_rice\hainanese_chicken_rice_f9f30b587140.jpg,D:\Machine Learning project\sea_food_dataset\train\hainanese_chicken_rice\hainanese_chicken_rice_f9f30b587140.jpg,hainanese_chicken_rice,Hainanese Chicken Rice,Singapore,train,224,224,,,,,680d0b2fdd51,
train\hainanese_chicken_rice\hainanese_chicken_rice_fa3b941d0c39.jpg,D:\Machine Learning project\sea_food_dataset\train\hainanese_chicken_rice\hainanese_chicken_rice_fa3b941d0c39.jpg,hainanese_chicken_rice,Hainanese Chicken Rice,Singapore,train,224,224,,,,,e4d1c9bed5be,
train\hainanese_chicken_rice\hainanese_chicken_rice_fa5bfe75aa06.jpg,D:\Machine Learning project\sea_food_dataset\train\hainanese_chicken_rice\hainanese_chicken_rice_fa5bfe75aa06.jpg,hainanese_chicken_rice,Hainanese Chicken Rice,Singapore,train,224,224,,,,,29b35fc3f5f9,
train\hainanese_chicken_rice\hainanese_chicken_rice_fa665f9232aa.jpg,D:\Machine Learning project\sea_food_dataset\train\hainanese_chicken_rice\hainanese_chicken_rice_fa665f9232aa.jpg,hainanese_chicken_rice,Hainanese Chicken Rice,Singapore,train,224,224,,,,,cf567fb431e8,
train\hainanese_chicken_rice\hainanese_chicken_rice_faf837d3bfb1.jpg,D:\Machine Learning project\sea_food_dataset\train\hainanese_chicken_rice\hainanese_chicken_rice_faf837d3bfb1.jpg,hainanese_chicken_rice,Hainanese Chicken Rice,Singapore,train,224,224,,,,,65d3682c48c6,
train\hainanese_chicken_rice\hainanese_chicken_rice_fba84e247d45.jpg,D:\Machine Learning project\sea_food_dataset\train\hainanese_chicken_rice\hainanese_chicken_rice_fba84e247d45.jpg,hainanese_chicken_rice,Hainanese Chicken Rice,Singapore,train,224,224,,,,,5c4be948860e,
train\hainanese_chicken_rice\hainanese_chicken_rice_fbfa74fdd337.jpg,D:\Machine Learning project\sea_food_dataset\train\hainanese_chicken_rice\hainanese_chicken_rice_fbfa74fdd337.jpg,hainanese_chicken_rice,Hainanese Chicken Rice,Singapore,train,224,224,,,,,8d9998d278e8,
train\hainanese_chicken_rice\hainanese_chicken_rice_fd7afeafe293.jpg,D:\Machine Learning project\sea_food_dataset\train\hainanese_chicken_rice\hainanese_chicken_rice_fd7afeafe293.jpg,hainanese_chicken_rice,Hainanese Chicken Rice,Singapore,train,224,224,,,,,ba77b49240c1,
train\hainanese_chicken_rice\hainanese_chicken_rice_fe5568417e60.jpg,D:\Machine Learning project\sea_food_dataset\train\hainanese_chicken_rice\hainanese_chicken_rice_fe5568417e60.jpg,hainanese_chicken_rice,Hainanese Chicken Rice,Singapore,train,224,224,,,,,c2753b32fe19,
train\hainanese_chicken_rice\hainanese_chicken_rice_feb30fd778b7.jpg,D:\Machine Learning project\sea_food_dataset\train\hainanese_chicken_rice\hainanese_chicken_rice_feb30fd778b7.jpg,hainanese_chicken_rice,Hainanese Chicken Rice,Singapore,train,224,224,,,,,c069931a5e72,
train\hainanese_chicken_rice\hainanese_chicken_rice_ff4f6408d108.jpg,D:\Machine Learning project\sea_food_dataset\train\hainanese_chicken_rice\hainanese_chicken_rice_ff4f6408d108.jpg,hainanese_chicken_rice,Hainanese Chicken Rice,Singapore,train,224,224,,,,,58fb62c1b74f,
val\hainanese_chicken_rice\hainanese_chicken_rice_01274f8ad363.jpg,D:\Machine Learning project\sea_food_dataset\val\hainanese_chicken_rice\hainanese_chicken_rice_01274f8ad363.jpg,hainanese_chicken_rice,Hainanese Chicken Rice,Singapore,val,224,224,,,,,28f3d0ff4dac,
val\hainanese_chicken_rice\hainanese_chicken_rice_064c96337e20.jpg,D:\Machine Learning project\sea_food_dataset\val\hainanese_chicken_rice\hainanese_chicken_rice_064c96337e20.jpg,hainanese_chicken_rice,Hainanese Chicken Rice,Singapore,val,224,224,,,,,9fa849c7974e,
val\hainanese_chicken_rice\hainanese_chicken_rice_095462a84052.jpg,D:\Machine Learning project\sea_food_dataset\val\hainanese_chicken_rice\hainanese_chicken_rice_095462a84052.jpg,hainanese_chicken_rice,Hainanese Chicken Rice,Singapore,val,224,224,,,,,fbf4c289657d,
val\hainanese_chicken_rice\hainanese_chicken_rice_11997df9ef2e.jpg,D:\Machine Learning project\sea_food_dataset\val\hainanese_chicken_rice\hainanese_chicken_rice_11997df9ef2e.jpg,hainanese_chicken_rice,Hainanese Chicken Rice,Singapore,val,224,224,,,,,205d46311e58,
val\hainanese_chicken_rice\hainanese_chicken_rice_1ee9787eb6bf.jpg,D:\Machine Learning project\sea_food_dataset\val\hainanese_chicken_rice\hainanese_chicken_rice_1ee9787eb6bf.jpg,hainanese_chicken_rice,Hainanese Chicken Rice,Singapore,val,224,224,,,,,3efc1d0fef76,
val\hainanese_chicken_rice\hainanese_chicken_rice_279dca4a5e64.jpg,D:\Machine Learning project\sea_food_dataset\val\hainanese_chicken_rice\hainanese_chicken_rice_279dca4a5e64.jpg,hainanese_chicken_rice,Hainanese Chicken Rice,Singapore,val,224,224,,,,,86707da56b54,
val\hainanese_chicken_rice\hainanese_chicken_rice_2b3326d78c89.jpg,D:\Machine Learning project\sea_food_dataset\val\hainanese_chicken_rice\hainanese_chicken_rice_2b3326d78c89.jpg,hainanese_chicken_rice,Hainanese Chicken Rice,Singapore,val,224,224,,,,,02d979d040d3,
val\hainanese_chicken_rice\hainanese_chicken_rice_2ec302f0dda9.jpg,D:\Machine Learning project\sea_food_dataset\val\hainanese_chicken_rice\hainanese_chicken_rice_2ec302f0dda9.jpg,hainanese_chicken_rice,Hainanese Chicken Rice,Singapore,val,224,224,,,,,4e4e916e50ba,
val\hainanese_chicken_rice\hainanese_chicken_rice_3965aafd4f15.jpg,D:\Machine Learning project\sea_food_dataset\val\hainanese_chicken_rice\hainanese_chicken_rice_3965aafd4f15.jpg,hainanese_chicken_rice,Hainanese Chicken Rice,Singapore,val,224,224,,,,,d448c5310013,
val\hainanese_chicken_rice\hainanese_chicken_rice_45f3f881ce99.jpg,D:\Machine Learning project\sea_food_dataset\val\hainanese_chicken_rice\hainanese_chicken_rice_45f3f881ce99.jpg,hainanese_chicken_rice,Hainanese Chicken Rice,Singapore,val,224,224,,,,,99b78219376d,
val\hainanese_chicken_rice\hainanese_chicken_rice_4fde9446e3c8.jpg,D:\Machine Learning project\sea_food_dataset\val\hainanese_chicken_rice\hainanese_chicken_rice_4fde9446e3c8.jpg,hainanese_chicken_rice,Hainanese Chicken Rice,Singapore,val,224,224,,,,,09032aff3ab9,
val\hainanese_chicken_rice\hainanese_chicken_rice_578f933c2d25.jpg,D:\Machine Learning project\sea_food_dataset\val\hainanese_chicken_rice\hainanese_chicken_rice_578f933c2d25.jpg,hainanese_chicken_rice,Hainanese Chicken Rice,Singapore,val,224,224,,,,,7b4d1457acf4,
val\hainanese_chicken_rice\hainanese_chicken_rice_58b1eb621045.jpg,D:\Machine Learning project\sea_food_dataset\val\hainanese_chicken_rice\hainanese_chicken_rice_58b1eb621045.jpg,hainanese_chicken_rice,Hainanese Chicken Rice,Singapore,val,224,224,,,,,6df59ddf9e75,
val\hainanese_chicken_rice\hainanese_chicken_rice_590b9b25cf06.jpg,D:\Machine Learning project\sea_food_dataset\val\hainanese_chicken_rice\hainanese_chicken_rice_590b9b25cf06.jpg,hainanese_chicken_rice,Hainanese Chicken Rice,Singapore,val,224,224,,,,,90ec938537b0,
val\hainanese_chicken_rice\hainanese_chicken_rice_5ba8bf0f725b.jpg,D:\Machine Learning project\sea_food_dataset\val\hainanese_chicken_rice\hainanese_chicken_rice_5ba8bf0f725b.jpg,hainanese_chicken_rice,Hainanese Chicken Rice,Singapore,val,224,224,,,,,96def2beb7fe,
val\hainanese_chicken_rice\hainanese_chicken_rice_6796f959c8e7.jpg,D:\Machine Learning project\sea_food_dataset\val\hainanese_chicken_rice\hainanese_chicken_rice_6796f959c8e7.jpg,hainanese_chicken_rice,Hainanese Chicken Rice,Singapore,val,224,224,,,,,4b70c6fc2a5c,
val\hainanese_chicken_rice\hainanese_chicken_rice_70602d41e43a.jpg,D:\Machine Learning project\sea_food_dataset\val\hainanese_chicken_rice\hainanese_chicken_rice_70602d41e43a.jpg,hainanese_chicken_rice,Hainanese Chicken Rice,Singapore,val,224,224,,,,,67630f9f1e67,
val\hainanese_chicken_rice\hainanese_chicken_rice_70f63b362a78.jpg,D:\Machine Learning project\sea_food_dataset\val\hainanese_chicken_rice\hainanese_chicken_rice_70f63b362a78.jpg,hainanese_chicken_rice,Hainanese Chicken Rice,Singapore,val,224,224,,,,,6b02dcf97d29,
val\hainanese_chicken_rice\hainanese_chicken_rice_7474b4069d18.jpg,D:\Machine Learning project\sea_food_dataset\val\hainanese_chicken_rice\hainanese_chicken_rice_7474b4069d18.jpg,hainanese_chicken_rice,Hainanese Chicken Rice,Singapore,val,224,224,,,,,cd0beb800a03,
val\hainanese_chicken_rice\hainanese_chicken_rice_7b6747d5da15.jpg,D:\Machine Learning project\sea_food_dataset\val\hainanese_chicken_rice\hainanese_chicken_rice_7b6747d5da15.jpg,hainanese_chicken_rice,Hainanese Chicken Rice,Singapore,val,224,224,,,,,8eea11960d0b,
val\hainanese_chicken_rice\hainanese_chicken_rice_7be3311faf87.jpg,D:\Machine Learning project\sea_food_dataset\val\hainanese_chicken_rice\hainanese_chicken_rice_7be3311faf87.jpg,hainanese_chicken_rice,Hainanese Chicken Rice,Singapore,val,224,224,,,,,f05a0e9f7a47,
val\hainanese_chicken_rice\hainanese_chicken_rice_7c69a799ea80.jpg,D:\Machine Learning project\sea_food_dataset\val\hainanese_chicken_rice\hainanese_chicken_rice_7c69a799ea80.jpg,hainanese_chicken_rice,Hainanese Chicken Rice,Singapore,val,224,224,,,,,8b96886a8309,
val\hainanese_chicken_rice\hainanese_chicken_rice_7f3204084444.jpg,D:\Machine Learning project\sea_food_dataset\val\hainanese_chicken_rice\hainanese_chicken_rice_7f3204084444.jpg,hainanese_chicken_rice,Hainanese Chicken Rice,Singapore,val,224,224,,,,,e7652f4da096,
val\hainanese_chicken_rice\hainanese_chicken_rice_85351de2938c.jpg,D:\Machine Learning project\sea_food_dataset\val\hainanese_chicken_rice\hainanese_chicken_rice_85351de2938c.jpg,hainanese_chicken_rice,Hainanese Chicken Rice,Singapore,val,224,224,,,,,445b58780391,
val\hainanese_chicken_rice\hainanese_chicken_rice_92c452ad5eb2.jpg,D:\Machine Learning project\sea_food_dataset\val\hainanese_chicken_rice\hainanese_chicken_rice_92c452ad5eb2.jpg,hainanese_chicken_rice,Hainanese Chicken Rice,Singapore,val,224,224,,,,,b0b2cdfe3636,
val\hainanese_chicken_rice\hainanese_chicken_rice_93053938eabb.jpg,D:\Machine Learning project\sea_food_dataset\val\hainanese_chicken_rice\hainanese_chicken_rice_93053938eabb.jpg,hainanese_chicken_rice,Hainanese Chicken Rice,Singapore,val,224,224,,,,,f6aa87c2aaa4,
val\hainanese_chicken_rice\hainanese_chicken_rice_938c7c72f8ab.jpg,D:\Machine Learning project\sea_food_dataset\val\hainanese_chicken_rice\hainanese_chicken_rice_938c7c72f8ab.jpg,hainanese_chicken_rice,Hainanese Chicken Rice,Singapore,val,224,224,,,,,16806298e7a5,
val\hainanese_chicken_rice\hainanese_chicken_rice_946bada0bca5.jpg,D:\Machine Learning project\sea_food_dataset\val\hainanese_chicken_rice\hainanese_chicken_rice_946bada0bca5.jpg,hainanese_chicken_rice,Hainanese Chicken Rice,Singapore,val,224,224,,,,,2925799a118a,
val\hainanese_chicken_rice\hainanese_chicken_rice_9fcbe3f3ef89.jpg,D:\Machine Learning project\sea_food_dataset\val\hainanese_chicken_rice\hainanese_chicken_rice_9fcbe3f3ef89.jpg,hainanese_chicken_rice,Hainanese Chicken Rice,Singapore,val,224,224,,,,,ad5d634dabc5,
val\hainanese_chicken_rice\hainanese_chicken_rice_a078216392ec.jpg,D:\Machine Learning project\sea_food_dataset\val\hainanese_chicken_rice\hainanese_chicken_rice_a078216392ec.jpg,hainanese_chicken_rice,Hainanese Chicken Rice,Singapore,val,224,224,,,,,4eeb0bf27289,
val\hainanese_chicken_rice\hainanese_chicken_rice_aab4519db0f6.jpg,D:\Machine Learning project\sea_food_dataset\val\hainanese_chicken_rice\hainanese_chicken_rice_aab4519db0f6.jpg,hainanese_chicken_rice,Hainanese Chicken Rice,Singapore,val,224,224,,,,,e8ccf6ac993e,
val\hainanese_chicken_rice\hainanese_chicken_rice_ae59e17887cd.jpg,D:\Machine Learning project\sea_food_dataset\val\hainanese_chicken_rice\hainanese_chicken_rice_ae59e17887cd.jpg,hainanese_chicken_rice,Hainanese Chicken Rice,Singapore,val,224,224,,,,,618c93aa16c6,
val\hainanese_chicken_rice\hainanese_chicken_rice_b3fd873be555.jpg,D:\Machine Learning project\sea_food_dataset\val\hainanese_chicken_rice\hainanese_chicken_rice_b3fd873be555.jpg,hainanese_chicken_rice,Hainanese Chicken Rice,Singapore,val,224,224,,,,,f5ed37cb56d5,
val\hainanese_chicken_rice\hainanese_chicken_rice_bfedd4b7e412.jpg,D:\Machine Learning project\sea_food_dataset\val\hainanese_chicken_rice\hainanese_chicken_rice_bfedd4b7e412.jpg,hainanese_chicken_rice,Hainanese Chicken Rice,Singapore,val,224,224,,,,,bdf1a46aa252,
val\hainanese_chicken_rice\hainanese_chicken_rice_c238626fd35f.jpg,D:\Machine Learning project\sea_food_dataset\val\hainanese_chicken_rice\hainanese_chicken_rice_c238626fd35f.jpg,hainanese_chicken_rice,Hainanese Chicken Rice,Singapore,val,224,224,,,,,f30c21c75177,
val\hainanese_chicken_rice\hainanese_chicken_rice_c40527d396df.jpg,D:\Machine Learning project\sea_food_dataset\val\hainanese_chicken_rice\hainanese_chicken_rice_c40527d396df.jpg,hainanese_chicken_rice,Hainanese Chicken Rice,Singapore,val,224,224,,,,,e692f62af60c,
val\hainanese_chicken_rice\hainanese_chicken_rice_d47d7be97e3a.jpg,D:\Machine Learning project\sea_food_dataset\val\hainanese_chicken_rice\hainanese_chicken_rice_d47d7be97e3a.jpg,hainanese_chicken_rice,Hainanese Chicken Rice,Singapore,val,224,224,,,,,254460aa3fe7,
val\hainanese_chicken_rice\hainanese_chicken_rice_e2f8942e17ee.jpg,D:\Machine Learning project\sea_food_dataset\val\hainanese_chicken_rice\hainanese_chicken_rice_e2f8942e17ee.jpg,hainanese_chicken_rice,Hainanese Chicken Rice,Singapore,val,224,224,,,,,70e4c1ed9dab,
val\hainanese_chicken_rice\hainanese_chicken_rice_fb1d62f70d5a.jpg,D:\Machine Learning project\sea_food_dataset\val\hainanese_chicken_rice\hainanese_chicken_rice_fb1d62f70d5a.jpg,hainanese_chicken_rice,Hainanese Chicken Rice,Singapore,val,224,224,,,,,cc672131239c,
test\hainanese_chicken_rice\hainanese_chicken_rice_011950a14810.jpg,D:\Machine Learning project\sea_food_dataset\test\hainanese_chicken_rice\hainanese_chicken_rice_011950a14810.jpg,hainanese_chicken_rice,Hainanese Chicken Rice,Singapore,test,224,224,,,,,79bba67adfba,
test\hainanese_chicken_rice\hainanese_chicken_rice_030be3aa1c83.jpg,D:\Machine Learning project\sea_food_dataset\test\hainanese_chicken_rice\hainanese_chicken_rice_030be3aa1c83.jpg,hainanese_chicken_rice,Hainanese Chicken Rice,Singapore,test,224,224,,,,,af2dd587d34f,
test\hainanese_chicken_rice\hainanese_chicken_rice_09946e3044c8.jpg,D:\Machine Learning project\sea_food_dataset\test\hainanese_chicken_rice\hainanese_chicken_rice_09946e3044c8.jpg,hainanese_chicken_rice,Hainanese Chicken Rice,Singapore,test,224,224,,,,,5e6bb1a85d60,
test\hainanese_chicken_rice\hainanese_chicken_rice_0ef25d6b9ff9.jpg,D:\Machine Learning project\sea_food_dataset\test\hainanese_chicken_rice\hainanese_chicken_rice_0ef25d6b9ff9.jpg,hainanese_chicken_rice,Hainanese Chicken Rice,Singapore,test,224,224,,,,,9747ff5eb320,
test\hainanese_chicken_rice\hainanese_chicken_rice_173ed2f66b21.jpg,D:\Machine Learning project\sea_food_dataset\test\hainanese_chicken_rice\hainanese_chicken_rice_173ed2f66b21.jpg,hainanese_chicken_rice,Hainanese Chicken Rice,Singapore,test,224,224,,,,,1e5c9822ef68,
test\hainanese_chicken_rice\hainanese_chicken_rice_1902a38844bd.jpg,D:\Machine Learning project\sea_food_dataset\test\hainanese_chicken_rice\hainanese_chicken_rice_1902a38844bd.jpg,hainanese_chicken_rice,Hainanese Chicken Rice,Singapore,test,224,224,,,,,ca410c7337a5,
test\hainanese_chicken_rice\hainanese_chicken_rice_20779064cc4c.jpg,D:\Machine Learning project\sea_food_dataset\test\hainanese_chicken_rice\hainanese_chicken_rice_20779064cc4c.jpg,hainanese_chicken_rice,Hainanese Chicken Rice,Singapore,test,224,224,,,,,1fb81e95874a,
test\hainanese_chicken_rice\hainanese_chicken_rice_232a5201d1f5.jpg,D:\Machine Learning project\sea_food_dataset\test\hainanese_chicken_rice\hainanese_chicken_rice_232a5201d1f5.jpg,hainanese_chicken_rice,Hainanese Chicken Rice,Singapore,test,224,224,,,,,4e32886f2621,
test\hainanese_chicken_rice\hainanese_chicken_rice_3615b7601030.jpg,D:\Machine Learning project\sea_food_dataset\test\hainanese_chicken_rice\hainanese_chicken_rice_3615b7601030.jpg,hainanese_chicken_rice,Hainanese Chicken Rice,Singapore,test,224,224,,,,,85a2d30b0478,
test\hainanese_chicken_rice\hainanese_chicken_rice_378a6b0c1a69.jpg,D:\Machine Learning project\sea_food_dataset\test\hainanese_chicken_rice\hainanese_chicken_rice_378a6b0c1a69.jpg,hainanese_chicken_rice,Hainanese Chicken Rice,Singapore,test,224,224,,,,,cbeabf6aa36b,
test\hainanese_chicken_rice\hainanese_chicken_rice_37ad6fe05121.jpg,D:\Machine Learning project\sea_food_dataset\test\hainanese_chicken_rice\hainanese_chicken_rice_37ad6fe05121.jpg,hainanese_chicken_rice,Hainanese Chicken Rice,Singapore,test,224,224,,,,,56ebd70ae161,
test\hainanese_chicken_rice\hainanese_chicken_rice_3887ef40b49b.jpg,D:\Machine Learning project\sea_food_dataset\test\hainanese_chicken_rice\hainanese_chicken_rice_3887ef40b49b.jpg,hainanese_chicken_rice,Hainanese Chicken Rice,Singapore,test,224,224,,,,,b68ef014b6f3,
test\hainanese_chicken_rice\hainanese_chicken_rice_5367b0b9f438.jpg,D:\Machine Learning project\sea_food_dataset\test\hainanese_chicken_rice\hainanese_chicken_rice_5367b0b9f438.jpg,hainanese_chicken_rice,Hainanese Chicken Rice,Singapore,test,224,224,,,,,c69e1a5397ba,
test\hainanese_chicken_rice\hainanese_chicken_rice_53a7d6640ab0.jpg,D:\Machine Learning project\sea_food_dataset\test\hainanese_chicken_rice\hainanese_chicken_rice_53a7d6640ab0.jpg,hainanese_chicken_rice,Hainanese Chicken Rice,Singapore,test,224,224,,,,,ef86679d15df,
test\hainanese_chicken_rice\hainanese_chicken_rice_580a3f5a045b.jpg,D:\Machine Learning project\sea_food_dataset\test\hainanese_chicken_rice\hainanese_chicken_rice_580a3f5a045b.jpg,hainanese_chicken_rice,Hainanese Chicken Rice,Singapore,test,224,224,,,,,587e3a6a2a90,
test\hainanese_chicken_rice\hainanese_chicken_rice_5bf2dd35bbfb.jpg,D:\Machine Learning project\sea_food_dataset\test\hainanese_chicken_rice\hainanese_chicken_rice_5bf2dd35bbfb.jpg,hainanese_chicken_rice,Hainanese Chicken Rice,Singapore,test,224,224,,,,,3a3ace5ce42f,
test\hainanese_chicken_rice\hainanese_chicken_rice_5f28048a46f6.jpg,D:\Machine Learning project\sea_food_dataset\test\hainanese_chicken_rice\hainanese_chicken_rice_5f28048a46f6.jpg,hainanese_chicken_rice,Hainanese Chicken Rice,Singapore,test,224,224,,,,,b6abeba06058,
test\hainanese_chicken_rice\hainanese_chicken_rice_611899c065df.jpg,D:\Machine Learning project\sea_food_dataset\test\hainanese_chicken_rice\hainanese_chicken_rice_611899c065df.jpg,hainanese_chicken_rice,Hainanese Chicken Rice,Singapore,test,224,224,,,,,1353d3c27975,
test\hainanese_chicken_rice\hainanese_chicken_rice_6e1830babc36.jpg,D:\Machine Learning project\sea_food_dataset\test\hainanese_chicken_rice\hainanese_chicken_rice_6e1830babc36.jpg,hainanese_chicken_rice,Hainanese Chicken Rice,Singapore,test,224,224,,,,,6afa8915afcd,
test\hainanese_chicken_rice\hainanese_chicken_rice_7471f3a6e409.jpg,D:\Machine Learning project\sea_food_dataset\test\hainanese_chicken_rice\hainanese_chicken_rice_7471f3a6e409.jpg,hainanese_chicken_rice,Hainanese Chicken Rice,Singapore,test,224,224,,,,,e50bd3523a0a,
test\hainanese_chicken_rice\hainanese_chicken_rice_7b8bb5a38016.jpg,D:\Machine Learning project\sea_food_dataset\test\hainanese_chicken_rice\hainanese_chicken_rice_7b8bb5a38016.jpg,hainanese_chicken_rice,Hainanese Chicken Rice,Singapore,test,224,224,,,,,fe25443ac44b,
test\hainanese_chicken_rice\hainanese_chicken_rice_892a50eaf786.jpg,D:\Machine Learning project\sea_food_dataset\test\hainanese_chicken_rice\hainanese_chicken_rice_892a50eaf786.jpg,hainanese_chicken_rice,Hainanese Chicken Rice,Singapore,test,224,224,,,,,2fa7511ee2e2,
test\hainanese_chicken_rice\hainanese_chicken_rice_8ae5b0d2ac5b.jpg,D:\Machine Learning project\sea_food_dataset\test\hainanese_chicken_rice\hainanese_chicken_rice_8ae5b0d2ac5b.jpg,hainanese_chicken_rice,Hainanese Chicken Rice,Singapore,test,224,224,,,,,638a63f74839,
test\hainanese_chicken_rice\hainanese_chicken_rice_8b23fe653f12.jpg,D:\Machine Learning project\sea_food_dataset\test\hainanese_chicken_rice\hainanese_chicken_rice_8b23fe653f12.jpg,hainanese_chicken_rice,Hainanese Chicken Rice,Singapore,test,224,224,,,,,86e15721ebc2,
test\hainanese_chicken_rice\hainanese_chicken_rice_8fcd13031c6f.jpg,D:\Machine Learning project\sea_food_dataset\test\hainanese_chicken_rice\hainanese_chicken_rice_8fcd13031c6f.jpg,hainanese_chicken_rice,Hainanese Chicken Rice,Singapore,test,224,224,,,,,608e8e3a09f7,
test\hainanese_chicken_rice\hainanese_chicken_rice_91096b928f45.jpg,D:\Machine Learning project\sea_food_dataset\test\hainanese_chicken_rice\hainanese_chicken_rice_91096b928f45.jpg,hainanese_chicken_rice,Hainanese Chicken Rice,Singapore,test,224,224,,,,,a74014141896,
test\hainanese_chicken_rice\hainanese_chicken_rice_a5b3221bd08c.jpg,D:\Machine Learning project\sea_food_dataset\test\hainanese_chicken_rice\hainanese_chicken_rice_a5b3221bd08c.jpg,hainanese_chicken_rice,Hainanese Chicken Rice,Singapore,test,224,224,,,,,679d62efe2f9,
test\hainanese_chicken_rice\hainanese_chicken_rice_af1e07f13c19.jpg,D:\Machine Learning project\sea_food_dataset\test\hainanese_chicken_rice\hainanese_chicken_rice_af1e07f13c19.jpg,hainanese_chicken_rice,Hainanese Chicken Rice,Singapore,test,224,224,,,,,4c00d28669e7,
test\hainanese_chicken_rice\hainanese_chicken_rice_c8828d0773d7.jpg,D:\Machine Learning project\sea_food_dataset\test\hainanese_chicken_rice\hainanese_chicken_rice_c8828d0773d7.jpg,hainanese_chicken_rice,Hainanese Chicken Rice,Singapore,test,224,224,,,,,cc8c1303f83b,
test\hainanese_chicken_rice\hainanese_chicken_rice_c8a4ef7aae3f.jpg,D:\Machine Learning project\sea_food_dataset\test\hainanese_chicken_rice\hainanese_chicken_rice_c8a4ef7aae3f.jpg,hainanese_chicken_rice,Hainanese Chicken Rice,Singapore,test,224,224,,,,,ce7d76d2e557,
test\hainanese_chicken_rice\hainanese_chicken_rice_cb9324e67eba.jpg,D:\Machine Learning project\sea_food_dataset\test\hainanese_chicken_rice\hainanese_chicken_rice_cb9324e67eba.jpg,hainanese_chicken_rice,Hainanese Chicken Rice,Singapore,test,224,224,,,,,e3108c630ffd,
test\hainanese_chicken_rice\hainanese_chicken_rice_cdc44abe433e.jpg,D:\Machine Learning project\sea_food_dataset\test\hainanese_chicken_rice\hainanese_chicken_rice_cdc44abe433e.jpg,hainanese_chicken_rice,Hainanese Chicken Rice,Singapore,test,224,224,,,,,af167ec3d79d,
test\hainanese_chicken_rice\hainanese_chicken_rice_d7716e6b04b6.jpg,D:\Machine Learning project\sea_food_dataset\test\hainanese_chicken_rice\hainanese_chicken_rice_d7716e6b04b6.jpg,hainanese_chicken_rice,Hainanese Chicken Rice,Singapore,test,224,224,,,,,10dfbcb3ef24,
test\hainanese_chicken_rice\hainanese_chicken_rice_e6dae6502ff7.jpg,D:\Machine Learning project\sea_food_dataset\test\hainanese_chicken_rice\hainanese_chicken_rice_e6dae6502ff7.jpg,hainanese_chicken_rice,Hainanese Chicken Rice,Singapore,test,224,224,,,,,1c21959fbb9d,
test\hainanese_chicken_rice\hainanese_chicken_rice_eeb0299c5116.jpg,D:\Machine Learning project\sea_food_dataset\test\hainanese_chicken_rice\hainanese_chicken_rice_eeb0299c5116.jpg,hainanese_chicken_rice,Hainanese Chicken Rice,Singapore,test,224,224,,,,,cec5d8550aa5,
test\hainanese_chicken_rice\hainanese_chicken_rice_eff547102d54.jpg,D:\Machine Learning project\sea_food_dataset\test\hainanese_chicken_rice\hainanese_chicken_rice_eff547102d54.jpg,hainanese_chicken_rice,Hainanese Chicken Rice,Singapore,test,224,224,,,,,dc7618c1a669,
test\hainanese_chicken_rice\hainanese_chicken_rice_f2231f8febce.jpg,D:\Machine Learning project\sea_food_dataset\test\hainanese_chicken_rice\hainanese_chicken_rice_f2231f8febce.jpg,hainanese_chicken_rice,Hainanese Chicken Rice,Singapore,test,224,224,,,,,b98c4891805c,
test\hainanese_chicken_rice\hainanese_chicken_rice_f94ad85124f8.jpg,D:\Machine Learning project\sea_food_dataset\test\hainanese_chicken_rice\hainanese_chicken_rice_f94ad85124f8.jpg,hainanese_chicken_rice,Hainanese Chicken Rice,Singapore,test,224,224,,,,,73f8001a1807,
test\hainanese_chicken_rice\hainanese_chicken_rice_f94d23ab0e78.jpg,D:\Machine Learning project\sea_food_dataset\test\hainanese_chicken_rice\hainanese_chicken_rice_f94d23ab0e78.jpg,hainanese_chicken_rice,Hainanese Chicken Rice,Singapore,test,224,224,,,,,1312eba15404,
