filename,split,query,source,image_url,landing_page,title,creator,license,sha256,orig_width,orig_height,final_bytes
laphet_thoke_7a0c5d946910.jpg,train,Rangoon tea leaf salad,bing,https://thumbs.dreamstime.com/z/tea-leaf-salad-street-food-myanmar-yangon-myanmar-street-food-rangoon-burma-198191872.jpg,https://www.dreamstime.com/tea-leaf-salad-street-food-myanmar-yangon-myanmar-street-food-rangoon-burma-image198191872,Tea Leaf Salad Street Food in Myanmar Stock Photo - Image of culture ...,,verify at source,7a0c5d946910312c1b2c1eae58dcd7dfd1a56479f4998fa2029759d3ca92b44b,1600,1157,12482
laphet_thoke_4999e9a6751c.jpg,train,lahpet thoke traditional dish,bing,https://www.shutterstock.com/image-photo/lahpet-thoke-traditional-myanmar-fermented-600w-1433889155.jpg,https://www.shutterstock.com/image-photo/lahpet-thoke-traditional-myanmar-fermented-tea-1433889155,Lahpet Thoke Traditional Myanmar Fermented Tea Stock Photo 1433889155 ...,,verify at source,4999e9a6751c2f25307ec7c38386f5dcc75afce82a627385b4ea298a1b9464ff,600,420,10639
laphet_thoke_be1fcb7ebd3e.jpg,train,Mandalay tea leaf salad,bing,https://pimwp.s3-accelerate.amazonaws.com/2025/08/Varsha-PIM-Template-8.png,https://www.passionateinmarketing.com/khowsuey-tea-leaf-salad-samosa-soup-mandalay-noodle-bowl-burmese-falooda-and-more-from-award-winning-burmese-restaurant-tea-room-burma-burma/,"Khowsuey, Tea Leaf Salad, Samosa Soup, Mandalay Noodle Bowl, Burmese ...",,verify at source,be1fcb7ebd3ef0984e09dcbfc6a133b08953309210e7c8f3fd331254360e838a,1366,768,13823
laphet_thoke_f09e0a29aa05.jpg,train,"""lahpet thoke""",bing,http://www.surajspicesteas.com/cdn/shop/articles/Lahpet5.jpg?v=1616681309,https://fity.club/lists/suggestions/Lahpet-Burmese-Food/,Lahpet Burmese Food,,verify at source,f09e0a29aa05660bf53f6ce4f17829187aa0b590ae304f706b380049415d8fc0,3024,3024,13800
laphet_thoke_6dc3724b5e6a.jpg,train,tea leaf salad Burma,bing,https://i.pinimg.com/originals/e0/0c/96/e00c967e9aef47a6da13e7ccc67bcc67.jpg,https://in.pinterest.com/pin/burmese-tea-leaf-salad-recipe--370913719327818406/,Burmese Tea Leaf Salad Recipe | Foodwassup,,verify at source,6dc3724b5e6afe4b428f83a6d2dc427ca8004e5b4f64c0f29269bd13d5714ef7,3792,2844,15596
laphet_thoke_e79db8e3c0c0.jpg,train,lahpet thoke Myanmar,bing,https://thumbs.dreamstime.com/z/burmese-tea-leaf-salad-mixed-ingredient-lahpet-thoke-name-ofx-famous-fermented-myan-mar-decorate-vegetable-chili-210600886.jpg,https://cartoondealer.com/image/119261468/lahpet-burmese-tea-leaf-salad-served-deep-fried-garlic-peanut-white-sesame-dried-shrimp-ginger-roasted-coconut.html,"Lahpet Is Burmese Tea Leaf Salad Served With Deep Fried Garlic, Peanut ...",,verify at source,e79db8e3c0c089475750a18e9d9949479294dbe9181d50b8db1e5ba2b1d6b890,1600,1681,11386
laphet_thoke_f2102d77253d.jpg,train,laphet thoke recipe,bing,https://i.pinimg.com/originals/a4/0b/b0/a40bb07a0447f9c7489a8ba80f1890fa.jpg,https://www.pinterest.com/pin/laphet-tea-leaf-salad-burmalicious-by-suu--844706473865128859/,"Laphet-Burmalicious ၁ | Myanmar food recipe, Tea leaf salad, Burmese food",,verify at source,f2102d77253db88ea8e876c88121ff4559941b946b7e6026ea8b75f451b543f0,1500,2250,14388
laphet_thoke_ce52bf26eb22.jpg,train,"""laphat thoke""",bing,https://global-uploads.webflow.com/62de641ce3132f751e31416e/62de641ce3132f1413314e33_fWGAo5jYzi6sdFbbYtQu6HngiR_1FES-sS7z1vzuczL5Yt83FrDluGp21dQXOfB2F2MVTwwje-Uf4NzUShmVEFegkQHW4Q8ZMDwD5O3kfL-HdiEDKS40PWQQSjybASWE0c-RIGHaRDKos4JErw.jpeg,https://www.mylocalpassion.com/posts-mm/discovering-different-styles-of-myanmar-tea-leaf-salad-mm,မြန်မာတို့၏လက်ဖက်ရိုးရာ,,verify at source,ce52bf26eb22d52ff688fdd931388b46a8e2e28e24d8361ba65072e57f96d515,1080,1423,17824
laphet_thoke_4010218f31d0.jpg,train,"""laphet thohk""",bing,https://keluyuran.com/wp-content/uploads/2019/10/Laphet-Thohk-Copy.jpg,https://keluyuran.com/makanan-khas-myanmar/,Berwisata Kuliner di Myanmar? Cobalah 10 Makanan Khas Ini! - Keluyuran,,verify at source,4010218f31d0b9024a638cb2046725ca5e1653a5b96f804489c4158f977581b8,1131,768,14059
laphet_thoke_4e6f04b70825.jpg,train,Burmese fermented tea leaf salad,bing,https://whattocooktoday.com/wp-content/uploads/2017/08/IMG_2249.jpg,https://whattocooktoday.com/homemade-lahpet-burmese-pickled-tea-leaves.html,Homemade Lahpet (Burmese Fermented Tea Leaves),,verify at source,4e6f04b708256a50a809fd98686dc4449b020e8f3a0d350e50bffd5711123735,750,1125,5091
laphet_thoke_0b21e98601f5.jpg,train,laphet thoke traditional dish,bing,https://hungrygowhere.com/wp-content/uploads/2024/12/05-gl-Club-Rangoon-Laphet-Thoke-HungryGoWhere.jpg,https://hungrygowhere.com/critics-reviews/club-rangoon-singapore/,Review: Club Rangoon delights with upscale Burmese dishes | HungryGoWhere,,verify at source,0b21e98601f5219e7aabaaa43570d340bf502733e8318577e3de70776abc84f7,1024,768,13401
laphet_thoke_27d4e73964ee.jpg,train,Myanmar lahpet salad,bing,https://c8.alamy.com/comp/FB9JMY/traditional-burmese-lahpet-salad-is-made-out-of-pickled-fermented-FB9JMY.jpg,https://www.alamy.com/stock-photo-traditional-burmese-lahpet-salad-is-made-out-of-pickled-fermented-93025323.html,Traditional Burmese Lahpet salad is made out of pickled ( fermented ...,,verify at source,27d4e73964eeb2efbb93a78448525b8ab9c0d33c07524c955d0b7513f86d96a9,1300,965,14059
laphet_thoke_f89e31465357.jpg,train,"""laphet thohk""",bing,https://mantapfood.weebly.com/uploads/1/2/6/8/126872926/laphet-thohk_orig.jpg,https://mantapfood.weebly.com/blog/kuliner-khas-myanmar-menggoda-yang-harus-kamu-coba,Kuliner khas Myanmar Menggoda yang Harus Kamu Coba,,verify at source,f89e314653572b411217651250b13d13bd9023c8d3d935802557c2ecc4d7c192,588,400,13245
laphet_thoke_ac8944f0c7d9.jpg,train,lahpet thoke Myanmar,bing,https://c8.alamy.com/compde/gnn52w/mandalay-lahpet-ein-traditioneller-salat-mit-fermentierten-teeblatter-serviert-in-myanmar-burma-gnn52w.jpg,https://www.alamy.de/stockfoto-mandalay-lahpet-ein-traditioneller-salat-mit-fermentierten-teeblatter-serviert-in-myanmar-burma-116634977.html,"Mandalay Lahpet, ein traditioneller Salat mit fermentierten Teeblätter ...",,verify at source,ac8944f0c7d95854fcd1d853e100f201e80bc40203ce9e9b960aac122a12b86e,1300,1390,19969
laphet_thoke_f0875e29bd30.jpg,train,Burmese pickled tea leaf salad,bing,https://preview.redd.it/i-ate-thai-boat-noodles-and-burmese-pickled-tea-leaf-salad-v0-d444qorqitnc1.jpg?width=640&crop=smart&auto=webp&s=3a9d9bd9bb9ecdf85e6947f99ca1082e0e78ef90,https://www.reddit.com/r/food/comments/1bcmmhy/i_ate_thai_boat_noodles_and_burmese_pickled_tea/,[I ate] Thai boat noodles and Burmese Pickled Tea Leaf Salad. : r/food,,verify at source,f0875e29bd303b5e2f359d87884fe159ed0525a59934d33ba25e388be902b36c,640,853,14587
laphet_thoke_c86a5612f325.jpg,train,pickled tea leaves salad Burmese food,bing,https://i.ytimg.com/vi/A2O3B0UWWcM/maxresdefault.jpg,https://www.youtube.com/watch?v=A2O3B0UWWcM,Pickled Tea Leaves Salad(Lahpet Thoke)လက်ဖက်သုတ်(Myanmar/Burmese ...,,verify at source,c86a5612f3254aff4cce3b6d506d8674cc0a88a465e517f434cedcac8b777c7d,1280,720,17969
laphet_thoke_ee2ed21d5023.jpg,train,laphet thoke food,bing,https://i.pinimg.com/originals/fc/57/95/fc5795bb0914ecbe1ed286ba1328dbb4.jpg,https://www.pinterest.com/pin/laphet-thote--296041375484715735/,"လက်ဖက်သုတ် / Laphet thote | Tea leaf salad, Fast food slogans, Crunchy ...",,verify at source,ee2ed21d5023e1db490219a15b2728ef3b402e01bfcb4d40e8d4130ed52322e4,1000,653,14310
laphet_thoke_62d500f5991e.jpg,train,laphet thoke food,bing,https://www.tripsavvy.com/thmb/bCk8sKEAI5ZsPY8ZiG8EfumDN_s=/937x0/filters:no_upscale():max_bytes(150000):strip_icc()/Laphet-aa8e3d8ffe9348f3aab7b5b4489e3c53.jpg,https://www.tripsavvy.com/top-foods-to-try-in-myanmar-5093106,The Top 9 Foods to Try in Myanmar,,verify at source,62d500f5991ee3150d1881bbfba4b5e5551e381cfb74baaefcf2ca69157bce7d,937,625,16720
laphet_thoke_31961cb46c5a.jpg,train,tea leaf salad Burma,bing,https://ak.picdn.net/offset/photos/5660c19b2d1642c189625f0e/large_w/offset_299732.jpg,https://www.offset.com/photos/traditional-green-tea-leaf-salad-in-myanmar-299732,Traditional green tea leaf salad in Myanmar stock photo - OFFSET,,verify at source,31961cb46c5a5e81db076710cbfe9db0775700bb8e142cbf2d9752091631e2a4,1500,1121,15102
laphet_thoke_bfc64a9b99b5.jpg,train,Myanmar fermented tea leaf salad,bing,https://c8.alamy.com/comp/FXW43P/burmese-cuisine-lahpet-or-traditional-pickled-green-tea-leaves-salad-FXW43P.jpg,https://www.alamy.com/stock-photo-burmese-cuisine-lahpet-or-traditional-pickled-green-tea-leaves-salad-102584938.html,"Burmese Cuisine, Lahpet or Traditional Pickled Green Tea Leaves Salad ...",,verify at source,bfc64a9b99b521ee6385796b939e9a417581f20c1f896850f96ed3a1f42a3cc2,1300,1336,10319
laphet_thoke_2b5803a71250.jpg,train,"""Burmese tea leaf salad""",bing,https://bonsaimary.com/wp-content/uploads/bonsaimary_1.png,https://bonsaimary.com/burmese-tea-leaf-salad.html,Burmese Tea Leaf Salad Recipe,,verify at source,2b5803a71250577c2077de2c1a0305ecaf0169975fd7ff4ba9fa88811a5900c0,1024,1024,10906
laphet_thoke_7efa1826d0d6.jpg,train,"""lahpet thohk""",bing,https://i1.wp.com/www.thedropoutdiaries.com/wp-content/uploads/2012/03/Lahpet-Thohk-207.jpg?w=600,http://www.thedropoutdiaries.com/2012/03/international-street-food-festival-eating-the-unexpected/,International Street Food Festival: Eating The Unexpected - The Dropout ...,,verify at source,7efa1826d0d61ef44a8b63761467a3a2d911e1d44d59b45208b2e3454bbf5175,600,400,14105
laphet_thoke_0b13c031148c.jpg,train,"""laphet thoke""",bing,https://www.rachelrecipe.com/wp-content/uploads/2025/03/cropped-3-Logo.png,https://www.rachelrecipe.com/burmese-laphet-thoke-tea-leaf-salad/,Burmese Laphet Thoke: Irresistible Tea Leaf Salad Recipe,,verify at source,0b13c031148cc5d655da9ab570985bf93b1e6abf8264e4b1bb26468f3dea8683,1500,1077,7935
laphet_thoke_1d870b0c309d.jpg,train,tea leaf salad Burma,bing,"https://res.cloudinary.com/the-infatuation/image/upload/c_fill,w_3840,ar_4:3,g_center,f_auto/images/Mandalay_TeaLeafSalad_SarahFelker_SanFrancisco_005_xz3cfx",https://www.theinfatuation.com/san-francisco/guides/best-tea-leaf-salad-sf,The SF Tea Leaf Salad Power Rankings - San Francisco - The Infatuation,,verify at source,1d870b0c309db703b99a2fa00398bda77b2c26bbd7169cd233ea5e34516c834c,3840,2880,15629
laphet_thoke_77f3e486a2da.jpg,train,"""laphet thoke""",bing,https://www.figandginger.com/wp-content/uploads/2024/03/DALL·E-2024-03-04-00.30.05-Illustrate-a-bustling-street-market-scene-in-the-heart-of-Myanmar-capturing-the-moment-Alex-discovers-the-Burmese-Tea-Leaf-Dip-Laphet-Thoke-at-a-hu-800x800.webp,https://www.figandginger.com/food/exotic-infusion-burmese-laphet-thoke-dip/,Exotic Infusion: Burmese Laphet Thoke Dip,,verify at source,77f3e486a2dadd8d83a0f2f8491df108f222ca37c6aa04a9af7aa7825c85722d,800,800,17471
laphet_thoke_a4227482f97a.jpg,train,lahpet salad Burma,bing,https://pickyglutton.files.wordpress.com/2022/12/ginger-salad-at-lahpet-west-end.jpg?w=1220,https://pickyglutton.com/2022/12/12/lahpet-west-end-review-a-taste-of-burma-in-covent-garden/,Lahpet West End review – a taste of Burma in Covent Garden | The Picky ...,,verify at source,a4227482f97adeed17bfb0487e19c822ceade88c54a7ea2d4291af9858b668cf,1220,915,13960
laphet_thoke_689385c0d33c.jpg,train,lahpet thoke Myanmar,bing,https://thumbs.dreamstime.com/b/burmese-lahpet-thoke-tea-leaf-salad-made-fermented-leaves-crunchy-nuts-seeds-other-fresh-ingredients-served-322596482.jpg,https://www.dreamstime.com/burmese-lahpet-thoke-tea-leaf-salad-made-fermented-leaves-crunchy-nuts-seeds-other-fresh-ingredients-served-image322596482,"Burmese Lahpet Thoke or Tea Leaf Salad, Made with Fermented Tea Leaves ...",,verify at source,689385c0d33c6580d2da3d171c08d4703cfeee61ed18b5dc779d5da4fadfb821,800,449,15197
laphet_thoke_f1ac2ca76ca3.jpg,train,tea leaf salad Burma,bing,https://preview.redd.it/tea-leaf-salad-at-irrawaddy-taste-of-burma-in-stanton-v0-tyfebeztkrra1.jpg?width=1080&crop=smart&auto=webp&s=2099e99d823d7229be734e1eca12c54a8721aed7,https://www.reddit.com/r/vegetarian/comments/12b3vfx/tea_leaf_salad_at_irrawaddy_taste_of_burma_in/,"Tea Leaf Salad at ""Irrawaddy Taste of Burma"" in Stanton, California : r ...",,verify at source,f1ac2ca76ca34735bd9cd1aa717713da5d7f4d83dfc2e4679dc82f8e52ec0397,1080,525,13187
laphet_thoke_c8ed1f019d99.jpg,train,tea leaf salad Burma,bing,https://i.pinimg.com/originals/ee/18/49/ee184948523a42aeb7b934581b224640.jpg,https://www.artofit.org/image-gallery/947515209077776142/burma-superstar-tea-leaf-salad/,Burma superstar tea leaf salad – Artofit,,verify at source,c8ed1f019d9970b4e52ca775f9714a57c2f3d9fcaf07094f9ac86e299db49bc5,735,1470,16083
laphet_thoke_4e2e52cd126d.jpg,train,"""lahpet thoke""",bing,https://thumbs.dreamstime.com/b/traditional-burmese-tea-leaf-salad-lahpet-thoke-assorted-fried-nuts-beans-vegetables-fermented-served-garlic-fresh-396999887.jpg,https://www.dreamstime.com/traditional-burmese-tea-leaf-salad-lahpet-thoke-assorted-fried-nuts-beans-vegetables-fermented-served-garlic-fresh-image396999887,Traditional Burmese Tea Leaf Salad Lahpet Thoke with Assorted Fried ...,,verify at source,4e2e52cd126de9bb6a12dd34fe3e7d2b1e2d18e64b91e39c0ce0bfc28cc47aae,491,900,16428
laphet_thoke_c4c5d882cf65.jpg,train,laphet thoke recipe,bing,https://www.hindustantimes.com/ht-img/img/2025/05/21/1600x900/Tea_leaf_salad_1747828439423_1747828439661.jpg,https://dumoid.com/drinking-tea-is-cool-but-have-you-ever-tried-this-burmese-laphet-thoke-tea-lead-salad-recipe-inside/,Drinking tea is cool but have you ever tried this Burmese Laphet Thoke ...,,verify at source,c4c5d882cf658a23088f880842e57a366030b21d4325904b8b396b5ce190fd24,1600,900,14752
laphet_thoke_8631f5563b91.jpg,train,lahpet thoke salad,bing,https://burmawalakitchen.com/wp-content/uploads/2024/05/Laphet-1536x864.jpg,https://burmawalakitchen.com/recipe/lahpet/,Lahpet – Burmese Tea Leaf Salad – Burmawala Kitchen,,verify at source,8631f5563b9155de3d05ed329487fc69d20713f472247274fce4f5b1e90ab499,1536,864,17178
laphet_thoke_6f17d3cb2166.jpg,train,Burmese fermented tea leaf salad,bing,https://i.pinimg.com/736x/ba/2a/02/ba2a02cfeeb5e55a077d6c1ca4052a20--fermented-tea-burmese-food.jpg,https://www.pinterest.com/pin/290763719681727613/,"Burmese Tea Leaf Salad | Recipe | Tea leaf salad, Salad recipes ...",,verify at source,6f17d3cb2166ac8b36200026a51c20aa8050fa86e66114d101b9e74497f7b167,620,930,16356
laphet_thoke_63b950e96a2a.jpg,train,lahpet salad Burma,bing,https://burmawalakitchen.com/wp-content/uploads/2025/06/Black-Dal-Malhani-4-819x1024.jpg,https://burmawalakitchen.com/recipe/lahpet/,Lahpet - Burmese Tea Leaf Salad - Burmawala Kitchen,,verify at source,63b950e96a2acb5bef56f2cfb4f4f0e2d2048f93f660e3ee94609726cbc3feb5,819,1024,14303
laphet_thoke_07cbd284fd8b.jpg,train,"""Myanmar tea leaf salad""",bing,https://cysalad.com/images/resources/how-to-make-myanmar-tea-leaf-salad_20260317073800.webp,https://cysalad.com/article/how-to-make-myanmar-tea-leaf-salad,Authentic Myanmar Tea Leaf Salad Recipe: A Step-By-Step Guide | CySalad,,verify at source,07cbd284fd8b4f2e6179ac4dd4b62f1d8a71149cac6b05226a006f26237f9f1f,1024,680,14169
laphet_thoke_4fd8fb223103.jpg,train,"""lahpet thoke""",bing,https://i.pinimg.com/736x/73/1e/2c/731e2cb76a35d2588482c756981907e1.jpg,https://au.pinterest.com/pin/lahpet-thoke-fermented-tea-leaf-salad--221731981643250393/,Lahpet Thoke - Fermented Tea Leaf Salad,,verify at source,4fd8fb2231031a83cbe66cbe7ea44c0f25b6a64b080b04455920935c007b3267,735,705,10854
laphet_thoke_540aa73c58f3.jpg,train,"""lahpet thoke""",bing,https://c8.alamy.com/comp/FW36RX/lahpet-thoke-burmese-pickled-tea-leaf-salad-in-yangon-myanmar-FW36RX.jpg,https://www.alamy.com/stock-photo-lahpet-thoke-burmese-pickled-tea-leaf-salad-in-yangon-myanmar-101489470.html,"Lahpet Thoke Burmese pickled tea leaf salad in Yangon, Myanmar Stock ...",,verify at source,540aa73c58f35a71ba60451a3b6293157f861d837c07033d9a72d7d4462051ee,1300,995,15886
laphet_thoke_d141f99c077b.jpg,train,"""lephet thoke""",bing,https://i.ytimg.com/vi/RVO7jFpejqY/maxresdefault.jpg,https://www.youtube.com/watch?v=RVO7jFpejqY,Consent and Lephet Thoke (Burmese) - YouTube,,verify at source,d141f99c077b377a595580f81548e788d3510b36fc5c4b325cc4532b299ce770,1280,720,5520
laphet_thoke_fdfbd77da507.jpg,train,"""lahpet thohk""",bing,https://www.180c.fr/wp-content/uploads/2019/01/Assiette-de-dégustation-avec-échantillons-de-thé-fermenté-au-marché-de-Mandalay.jpg,https://www.180c.fr/la-gazette/reportages/lahpet-thohk-la-salade-de-the/,"Lahpet thohk, la salade de thé - 180°C La revue culture food",,verify at source,fdfbd77da507f460368a075286e8b4db3d569f7da322f189b67c67c6423b96db,890,667,14547
laphet_thoke_151aa60fc484.jpg,train,Myanmar tea salad dish,bing,https://1.bp.blogspot.com/-UMXFyq-8Qb8/TZit4PyGVvI/AAAAAAAAwVc/m3kMxh1lhcU/s1600/burmese_green_tea_leaf_salad.JPG,https://fantastic-dl.blogspot.com/2011/04/burmese-tea-leaf-salad.html,scrapbook.: Burmese Tea Leaf Salad.,,verify at source,151aa60fc48491cd7ce77d69c22e2a790bd960584ef2c7bc54a35948ec418239,1000,750,14817
laphet_thoke_a56f434fd0c8.jpg,train,"""Burmese tea leaf salad""",bing,https://www.lentils.org/wp-content/uploads/2017/04/Burmese-Tea-Leaf-and-Popped-Lentil-Salad-1.jpg,https://www.lentils.org/recipe/burmese-tea-leaf-salad-with-popped-lentils/,Burmese Tea Leaf Salad with Popped Lentils – Lentils.org,,verify at source,a56f434fd0c8371a7c5f7178ef0ba061675731f6571e3c8f1b3927cbd8e5f7d3,2000,1335,13157
laphet_thoke_ff3d33634b01.jpg,train,Burmese fermented tea leaf salad,bing,https://c8.alamy.com/comp/BJ696D/myanmar-burma-lephet-fermented-tea-leaf-salad-BJ696D.jpg,https://www.alamy.com/stock-photo-myanmar-burma-lephet-fermented-tea-leaf-salad-28413125.html,"Myanmar, Burma, Lephet, fermented tea leaf salad Stock Photo - Alamy",,verify at source,ff3d33634b011e59fc1c6d71e9680a4f93cae961ab5cf0b7c5cd4398e1997f8b,1300,956,12891
laphet_thoke_6ae71b8a6222.jpg,train,lahpet thoke Myanmar,bing,https://thumbs.dreamstime.com/b/vibrant-tea-leaf-salad-lephet-thoke-388060526.jpg,https://www.dreamstime.com/vibrant-tea-leaf-salad-lephet-thoke-image388060526,"Vibrant Burmese Tea Leaf Salad (Lahpet Thoke) with Tomatoes, Peanuts ...",,verify at source,6ae71b8a6222a0a657052f07dde6d67eb2b7acf192dd3972c905c366fb7f6d61,800,533,11338
laphet_thoke_c9e47e258c0a.jpg,train,"""lahpet thohk""",bing,https://dontstopliving.net/wp-content/uploads/2013/08/DSC00625.jpg,https://dontstopliving.net/fridays-featured-food-tea-leaf-salad-in-amarapura-myanmar/,"Friday’s Featured Food: Tea Leaf Salad in Amarapura, Myanmar (Lahpet ...",,verify at source,c9e47e258c0ae6ac64bd1e27a35130382de1fff9d1fd3f41ad5f0ee9fc1d5cab,1200,900,7823
laphet_thoke_757cf4fd7905.jpg,train,Burmese fermented tea leaf salad,bing,https://i.pinimg.com/originals/5a/af/8a/5aaf8a73247bb0380702677e15a25c7c.jpg,https://house-for-families.blogspot.com/2022/06/burmese-tea-leaf-salad.html,Burmese Tea Leaf Salad,,verify at source,757cf4fd7905490576acede737ecf21f9f510767d603cebe6ef3108cc8dcddeb,1333,2040,13824
laphet_thoke_53fd7a827723.jpg,train,tea leaf salad Burma,bing,"https://res.cloudinary.com/the-infatuation/image/upload/c_fill,w_3840,ar_4:3,g_center,f_auto/94F83BF7-9CB2-4A32-AE2E-6C6FB7101FA8_s1ehb7",https://www.theinfatuation.com/san-francisco/guides/best-tea-leaf-salad-sf,The SF Tea Leaf Salad Power Rankings - San Francisco - The Infatuation,,verify at source,53fd7a82772325bde27f0ac6acb4afb335e0f198430c627b533b5d49119d1052,3840,2880,13655
laphet_thoke_3755d597f385.jpg,train,lahpet thoke plate,bing,https://www.ediblenm.com/wp-content/uploads/2024/09/TeaSalad.png,https://www.ediblenm.com/burmese-lahpet-thoke/,Burmese Lahpet thoke - Edible New Mexico,,verify at source,3755d597f38585ea0fbdb211f296f5480b35c183e222cbaf957ffc8eb382586f,1250,878,17031
laphet_thoke_6f3d999aa6e4.jpg,train,Burmese fermented tea leaf salad,bing,https://images.squarespace-cdn.com/content/v1/5e2ce9169eeacf07004d9070/1602536204535-T153KM319QQETOG92KFO/Tea-Leaf-Salad.JPG?format=1500w,https://www.burmalovefoods.com/recipe-fermented-tea-leaf-salad,RECIPE - Fermented Tea Leaf Salad — Burma Love Foods,,verify at source,6f3d999aa6e4bc4206bc6fce35f3a2ca6f39c7f70f49b11f259f1e8b7cd48c72,1500,1000,13601
laphet_thoke_876042b64437.jpg,train,"""laphat thoke""",bing,https://image.makewebeasy.net/makeweb/m_1200x600/Joym5IEZQ/DefaultData/356639335_201653952847087_7822215215565251707_n_depositphotos_bgremover__1_.png?v=202405291424,https://www.jeabkrajomthong.com/product/37590-45376/ถั่วยำbayinma-laphat-thoke10ห่อ,ถั่วยำ(BAYINMA LAPHAT THOKE)10ห่อ,,verify at source,876042b6443798f2a5b287d159dc79b9743efeddbbcb7a2a3e5629100a2af1e1,1080,1350,6214
laphet_thoke_cebd146c41ef.jpg,train,lahpet thoke traditional dish,bing,https://blogger.googleusercontent.com/img/b/R29vZ2xl/AVvXsEh0HaKPgEq9YZNHsZ04RDNcsWtd88RWsHCbXpEUV2PW24CS4VSGqzdodm3JYkUJrgO09GNLlLMsPe34QhBpDUIg6thhtT4CIyOSzJCqUvU2YIO0MJXtIJ4uMwIaV0ULBTf0CZuQgLLyidRsT0PvO8gnd3nt8aoLv4_NcCtOTuDPDYBdlurTBiLVAz89AA/s16000/Tea Leaf Salad - Lahpet Thoke.png,https://rollinggrace.com/,Rolling Grace - Asia Travel & Food Guide,,verify at source,cebd146c41ef15a8d5c456c09d5aaf2c11e8f73e37975dd7ccc9b4856c205da8,675,675,14323
laphet_thoke_982c99c31f09.jpg,train,Mandalay tea leaf salad,bing,https://c8.alamy.com/comp/2A6R2XC/mandalaymyanmarburma-28th-oct-2019-burmese-tea-leaf-salad-which-is-also-called-la-phat-thote-in-myanmar-one-of-my-favourite-food-2A6R2XC.jpg,https://www.alamy.com/mandalaymyanmarburma-28th-oct-2019-burmese-tea-leaf-salad-which-is-also-called-la-phat-thote-in-myanmar-one-of-my-favourite-food-image331192132.html,"MANDALAY/MYANMAR(BURMA) - 28th Oct, 2019 : Burmese Tea Leaf Salad which ...",,verify at source,982c99c31f09ddc397dcb73c4211dfe01958b72f7a59c515a81c2ca10e110fae,1300,956,9655
laphet_thoke_c6b26a8c7c77.jpg,train,laphet thoke traditional dish,bing,"https://static.wixstatic.com/media/0c93f4_29e5dcec48ed430cb07c8f7e5b0f7ed1~mv2.png/v1/fill/w_1000,h_563,al_c,q_90,usm_0.66_1.00_0.01/0c93f4_29e5dcec48ed430cb07c8f7e5b0f7ed1~mv2.png",https://www.yangondelight.nl/post/taste-the-tradition-exploring-burma-s-flavorful-gem-tea-leaf-salad-laphet-thoke-in-amsterdam,"Taste the Tradition: Exploring Burma's Flavorful Gem, Tea Leaf Salad ...",,verify at source,c6b26a8c7c773ee2ea8f7d7e5d4bc60d0410f63150a4d61ef0a178fb932d14e1,1000,563,11241
laphet_thoke_99c4649c2551.jpg,train,"""lahpet thoke""",bing,https://thefoodiebunch.sfo3.digitaloceanspaces.com/wp-content/uploads/2025/03/09013235/Lahpet-Thoke-Myanmars-Fermented-Tea-Leaf-Salad2.png,https://thefoodiebunch.com/dinner-recipes/a-taste-of-myanmar-fermented-tea-leaf-magic/,A Taste Of Myanmar Fermented Tea Leaf Magic,,verify at source,99c4649c25512505f87ebc05861094d5df0b8861cfb2e3af36a97423e73d770d,1232,928,15791
laphet_thoke_aa1f6b523810.jpg,train,lahpet salad Burma,bing,https://c8.alamy.com/comp/2TDKPT5/lahpet-toke-in-mandalay-burma-2TDKPT5.jpg,https://www.alamy.com/stock-photo/burma-tea-leaf-salad.html,Burma tea leaf salad hi-res stock photography and images - Alamy,,verify at source,aa1f6b52381024daa5f2370b6c89150f6bd096a9ca6a21275648ad64e65c8ea5,1300,956,14530
laphet_thoke_b560b898ade2.jpg,train,"""lahpet thoke""",bing,https://imagedelivery.net/hhZzKJCQsEDsVEGQ2sIMyg/2ff062e8-eb0e-4efc-4997-fec096ab8400/w=720,https://www.abillion.com/reviews/64110e35185e0437c66b5ebf,包哥來 Taiwan Lahpet Thoke (Fermented Tea Leaf Salad) Review | abillion,,verify at source,b560b898ade27358b6e59581fe10f3c11b090a9f10aa8787d716ce6858192358,720,720,9494
laphet_thoke_2dee43e34dbb.jpg,train,"""laphet thoke""",bing,https://thumbs.dreamstime.com/b/tea-pickled-leaf-salad-laphet-thoke-386702006.jpg?w=576,https://www.dreamstime.com/tea-pickled-leaf-salad-laphet-thoke-image386702006,Burmese Pickled Tea Leaf Salad (Laphet Thoke) with Tea Stock Photo ...,,verify at source,2dee43e34dbb5d0dea8b755ba90d85c0c0bb10195d10b17db8a2a6407b94a448,576,432,13030
laphet_thoke_dddedc8e6e2e.jpg,train,lahpet salad Burma,bing,https://c8.alamy.com/comp/GNN531/mandalay-lahpet-a-traditional-salad-made-with-fermented-tea-leaves-GNN531.jpg,https://www.alamy.com/stock-photo-mandalay-lahpet-a-traditional-salad-made-with-fermented-tea-leaves-116634981.html,"Mandalay lahpet, a traditional salad made with fermented tea leaves ...",,verify at source,dddedc8e6e2ee4c1fd04f5d00915ab74a40a9c9c3f5db0db48e72593ebed1044,1300,1390,17273
laphet_thoke_8916aaa2739a.jpg,train,Burmese fermented tea leaf salad,bing,https://c8.alamy.com/comp/GNN539/mandalay-lahpet-a-traditional-salad-made-with-fermented-tea-leaves-GNN539.jpg,https://www.alamy.com/stock-photo-mandalay-lahpet-a-traditional-salad-made-with-fermented-tea-leaves-116634989.html,"Mandalay lahpet, a traditional salad made with fermented tea leaves ...",,verify at source,8916aaa2739a14742e710d810ed207967e7f44cefbfd262c1d3fe263406c163d,866,1390,18108
laphet_thoke_80bcae2541d8.jpg,train,laphet thoke restaurant,bing,https://blogger.googleusercontent.com/img/b/R29vZ2xl/AVvXsEgHhKJyrEXs67pVat49aXmRCPzgz2iZuiPN8NKSIWs4-gIschP9ahuOlWhD6IoYkRrgPd3eVM_bJ0Poa-6faBFi1C3-FuraBy5Qb0H-GByaiWlMcn3QcGtfEy147IyVGFlCaYcZO1FO0rN6sCqHXE1rfOld5vqzIXq9MRIffrP6_sRqIc1oh_8-WMFKI5gm/s1080/459420036_18434069338071957_8515269578333466148_n.jpg,https://supersupergirl-dining.blogspot.com/2024/09/burmese-fare-at-laphet-larder.html,Supersupergirl's restaurant reviews: Burmese fare at Laphet Larder,,verify at source,80bcae2541d86cdea317efd2a625e55c93cc76eb76a41dec50ea28ae59226e60,1080,1080,13062
laphet_thoke_de6827d1e315.jpg,train,Mandalay tea leaf salad,bing,https://s.hdnux.com/photos/36/15/64/7920940/8/rawImage.jpg,https://www.sfchronicle.com/food/article/Tea-leaf-salad-3-ways-6251419.php,Tea leaf salad 3 ways,,verify at source,de6827d1e3151e3730c579fcc027e35d662f80784f3b106d6d492e2767a0dcb9,2048,1296,11748
laphet_thoke_d1dcfc9ba38d.jpg,train,Myanmar lahpet salad,bing,https://c8.alamy.com/comp/FB9JMR/traditional-burmese-lahpet-salad-is-made-out-of-pickled-fermented-FB9JMR.jpg,https://www.alamy.com/stock-photo-traditional-burmese-lahpet-salad-is-made-out-of-pickled-fermented-93025319.html,Traditional Burmese Lahpet salad is made out of pickled ( fermented ...,,verify at source,d1dcfc9ba38d146069c98158c19241cee033f0298851081c453434b50489cb3d,867,1390,16214
laphet_thoke_d0cfbbb2e594.jpg,train,"""Myanmar tea leaf salad""",bing,https://i.ytimg.com/vi/NyeF2aNb2lo/maxresdefault.jpg,https://www.youtube.com/watch?v=NyeF2aNb2lo,လက်ဖက်သုပ် | Myanmar Tea Leaf Salad - YouTube,,verify at source,d0cfbbb2e594d71d5c732dd667dbd0311cd05bdb89255aefec9e65eaa506dd1b,1280,720,14707
laphet_thoke_f104135f9374.jpg,train,"""laphet thoke""",bing,https://myanmar.com/wp-content/uploads/2026/02/Laphet-Thoke.jpg,https://myanmar.com/food-drinks/laphet-thoke/,Laphet Thoke: Myanmar’s Famous Tea Leaf Salad,,verify at source,f104135f9374bf9c15f3cd9185f5dad879853e4e1dbfd0e36118145eff5ff9f9,600,750,14671
laphet_thoke_398faf629eaf.jpg,train,"""Myanmar tea leaf salad""",bing,https://www.shutterstock.com/shutterstock/photos/421628989/display_1500/stock-vector-myanmar-food-pickled-tea-leaf-salad-laphet-thote-421628989.jpg,https://www.shutterstock.com/search/myanmar-tea-leaf-salad?image_type=illustration,Myanmar Tea Leaf Salad: Over 3 Royalty-Free Licensable Stock ...,,verify at source,398faf629eafc1de6a4bb069406e2fda52f5c9cddfe221e71d83d9434d593cab,1499,1600,11426
laphet_thoke_0de887f12621.jpg,train,"""lahpet thohk""",bing,https://www.theadventurecrowd.se/wp-content/uploads/2016/09/Lahpet-Thohk-Burmesisk-Tebladssallad.jpg,https://www.theadventurecrowd.se/aventyrsresa/aktiv-resa-upplev-burmas-hojdpunkter-tac/,Aktiv resa: Upplev Burmas höjdpunkter [TAC+] - TAC,,verify at source,0de887f126216b3787ccf589351f7bc44a4e2a4ce5f5e8e17a7eb6a3ff8c7d73,600,450,14464
laphet_thoke_772e3750853d.jpg,train,lahpet thoke Myanmar,bing,https://thumbs.dreamstime.com/b/burmese-tea-leaf-salad-lahpet-thoke-name-famous-fermented-myan-mar-decorate-vegetable-chili-topview-210600883.jpg,https://www.dreamstime.com/burmese-tea-leaf-salad-lahpet-thoke-name-famous-fermented-myan-mar-decorate-vegetable-chili-topview-image210600883,Burmese Tea Leaf Salad Lahpet Thoke is the Name of the Famous Fermented ...,,verify at source,772e3750853db02bcf2cb70ed27a98144382c7cc6a547c6e997a0f350d5615ce,800,803,9422
laphet_thoke_f57e89d8a0d0.jpg,train,lahpet thoke restaurant,bing,"https://cdn.thefork.com/tf-lab/image/upload/w_520,h_520,c_fill,q_auto,f_auto/restaurant/72915023-7308-4db7-b65f-9797e40427bd/c1cd4fb1-5a9d-4b16-8438-0c0213e86773.jpg",https://www.thefork.es/restaurante/lahpet-west-end-r815570,"Restaurante Lahpet West End en Londres - Menú 2026, opiniones, precios ...",,verify at source,f57e89d8a0d01536a9b9df209e90d181482fc46b4f7a1404e754d9be6aad5b9b,520,520,12397
laphet_thoke_e163160322ab.jpg,train,laphet thoke food,bing,http://www.johnwise.com/wp-content/uploads/2020/10/IMG_2983.jpg,https://www.johnwise.com/2020/10/08/burmese-fermented-green-tea-salad-laphet-thoke/,Burmese Fermented Green Tea Salad – Laphet Thoke – John Wise,,verify at source,e163160322ab47afc9647bbc9cde5b32bced7abe416859a1ce9ebb38c40a34d5,950,613,15378
laphet_thoke_505b2c04ee69.jpg,train,"""Burmese tea leaf salad""",bing,"https://static.wixstatic.com/media/6eae07_bdef282a3e304fc785ff7a3b8adb4e3b~mv2.jpeg/v1/fill/w_763,h_1001,al_c/6eae07_bdef282a3e304fc785ff7a3b8adb4e3b~mv2.jpeg",https://www.abowlofsugar.com/post/burmese-tea-leaf-salad,Burmese tea leaf salad (Lahpet Thoke),,verify at source,505b2c04ee69a8bf4fa83f73d0d58916e291e1b6dc1fc2a2dd6fe72a63906179,763,1001,12536
laphet_thoke_422df8348d55.jpg,train,tea leaf salad Burma,bing,https://thetasteedit.com/wp-content/uploads/2017/04/burma-superstar-fermented-tea-leaf-salad-hetastesf-1008645.jpg,https://salad-recipes.com/burma-superstar-fermented-tea-leaf-salad/,Burma Superstar Fermented Tea Leaf Salad – Easy Salad Recipes,,verify at source,422df8348d55d5ac49063c5230d173091808a08c7199a7ad71bb8b3e295083a6,1363,2040,11858
laphet_thoke_32e03b4ece87.jpg,train,Myanmar fermented tea leaf salad,bing,https://c8.alamy.com/comp/KEEBMY/traditional-burmese-tea-leaf-salad-with-fermented-green-tea-leaves-KEEBMY.jpg,https://www.alamy.com/stock-image-traditional-burmese-tea-leaf-salad-with-fermented-green-tea-leaves-163815035.html,Traditional burmese tea leaf salad with fermented green tea leaves in ...,,verify at source,32e03b4ece87c99ecd0e7b96acc1ffd1ed1529d8e8aba0f3aae776b03f00f44a,866,1390,11194
laphet_thoke_d799382ae510.jpg,train,Burmese fermented tea leaf salad,bing,https://inspiredhealthmed.com/wp-content/uploads/2023/03/IMG_5207-1-scaled.jpg,https://inspiredhealthmed.com/burma-superstar-tea-leaf-salad-recipe/,Burma Superstar Tea Leaf Salad Recipe - Inspired Health,,verify at source,d799382ae510f3040035e597573e85af27c9e7f72a85fa4765741483530cc99d,2560,1920,15694
laphet_thoke_e74c74c997a9.jpg,train,Burmese lahpet salad,bing,https://c8.alamy.com/comp/HWCFTA/traditional-burmese-lahpet-salad-made-out-of-fermented-tea-leaves-HWCFTA.jpg,https://www.alamy.com/stock-photo-traditional-burmese-lahpet-salad-made-out-of-fermented-tea-leaves-136114842.html,"Traditional Burmese Lahpet salad, made out of fermented tea leaves ...",,verify at source,e74c74c997a9698369a5adcfd3bd1c4c36e57c8941e564356d2a13c225181153,1300,951,14568
laphet_thoke_13ff081dc5ed.jpg,train,lahpet thoke recipe,bing,https://i.ytimg.com/vi/4T89-VWVH3M/maxresdefault.jpg,https://www.youtube.com/watch?v=4T89-VWVH3M,Lahpet Thoke | Burmese Tea Leaf Salad Recipe - YouTube,,verify at source,13ff081dc5edd88a46dd2bcebaf4583467df6e9639e019ab561119159cb6d15b,1280,720,16650
laphet_thoke_7e0377b982f8.jpg,train,Burmese fermented tea leaf salad,bing,https://1.bp.blogspot.com/-NTzh4rG33Mk/T1Wd6s_llyI/AAAAAAAAHLs/0CWyQ3So44E/s1600/Tea4.jpg,https://culinary-adventures-with-cam.blogspot.com/2012/03/laphet-fermented-burmese-tea-leaves.html,Lephet (Fermented Burmese Tea Leaves),,verify at source,7e0377b982f80cf9ef8e2348dd87e3e5f0483d69ac160749711443287ad234fe,1600,1071,11515
laphet_thoke_ee11d5a3085c.jpg,train,"""lahpet thoke""",bing,https://thumbs.dreamstime.com/b/exploring-lahpet-thoke-traditional-burmese-fermented-tea-leaf-salad-myanmar-food-outdoor-culinary-art-discover-flavors-367915693.jpg,https://www.dreamstime.com/exploring-lahpet-thoke-traditional-burmese-fermented-tea-leaf-salad-myanmar-food-outdoor-culinary-art-discover-flavors-image367915693,Exploring Lahpet Thoke Traditional Burmese Fermented Tea Leaf Salad ...,,verify at source,ee11d5a3085cf62f31b10941bde4d243f6824ca5e4fc1e6498d3a981c31c9275,800,449,16034
laphet_thoke_10fbc399a0e1.jpg,train,"""laphet thoke""",bing,https://www.rachelrecipe.com/wp-content/uploads/2026/03/xtkyyx3t61y6sx7etnzu.webp,https://www.rachelrecipe.com/burmese-laphet-thoke-tea-leaf-salad/,Burmese Laphet Thoke: Irresistible Tea Leaf Salad Recipe,,verify at source,10fbc399a0e1d93aff9ec8cd0b392d088a8335febdbe633bb165e1ec63e494b1,1200,1600,13292
laphet_thoke_d5a89bd12bb3.jpg,train,tea leaf salad Burma,bing,https://www.tastecooking.com/wp-content/uploads/2017/04/TEA-LEAF-SALAD_1.jpg,https://www.tastecooking.com/recipes/tea-leaf-salad/,Burma Superstar's Tea Leaf Salad | TASTE,,verify at source,d5a89bd12bb3d09ed0ab74df7c344def996b9afe3868245968471c15215c8dd2,2384,2990,9323
laphet_thoke_af9febcb8bd2.jpg,train,lahpet thoke traditional dish,bing,"https://static.wixstatic.com/media/04d0b9_39f9defd4f30463b9a35358142deeeea~mv2.jpeg/v1/fill/w_853,h_1280,al_c,q_85,enc_auto/04d0b9_39f9defd4f30463b9a35358142deeeea~mv2.jpeg",https://www.lostteacompany.com/post/lahpet-lord-of-the-leaves,Lahpet: Lord Of The Leaves,,verify at source,af9febcb8bd2c6664dd79edd2d9735f841f805c648928514a1d580a52cdeda7c,853,1280,9170
laphet_thoke_e1e55ae724fd.jpg,train,Burmese pickled tea leaf salad,bing,https://www.shutterstock.com/shutterstock/photos/1388036765/display_1500/stock-photo-famous-traditional-burmese-spicy-and-sour-pickled-tea-leaf-salad-or-fermented-green-tea-leaves-in-1388036765.jpg,https://www.shutterstock.com/search/myanmar-tea-home,"57 Myanmar Tea Home Images, Stock Photos & Vectors | Shutterstock",,verify at source,e1e55ae724fd7e8388fd1c1beccda73f66ed1eca51ea8cd21d05012cb4a927db,1500,1101,12585
laphet_thoke_17266095b619.jpg,train,lahpet thoke bowl,bing,https://thumbs.dreamstime.com/b/vibrant-burmese-lahpet-thoke-unique-salad-featuring-fermented-tea-leaves-nuts-seeds-fresh-toppings-served-wooden-bowl-386819098.jpg,https://www.dreamstime.com/photos-images/vibrant-burmese-lahpet.html,Vibrant Burmese Lahpet Stock Photos - Free & Royalty-Free Stock Photos ...,,verify at source,17266095b6198537119a4d21711304e6a070fc964b0f0b62aa3bf3ad0bbeb3e8,800,449,17420
laphet_thoke_ef56a93d991f.jpg,train,laphet thoke food,bing,https://i.pinimg.com/736x/d4/2b/6b/d42b6b745aaac42ec780f7fc9f0047ec.jpg,https://www.pinterest.com/pin/discover-the-delightful-laphet-thoke-salad--789818853383776230/,Discover the Delightful Laphet Thoke Salad,,verify at source,ef56a93d991f2466ea8977ad74225919974b1519360d5daae28ca89dd37c7020,735,490,11794
laphet_thoke_dca6dda9fef4.jpg,train,Burmese lahpet salad,bing,https://c8.alamy.com/comp/FB9JMT/traditional-burmese-lahpet-salad-is-made-out-of-pickled-fermented-FB9JMT.jpg,https://www.alamy.com/stock-photo-traditional-burmese-lahpet-salad-is-made-out-of-pickled-fermented-93025320.html,Traditional Burmese Lahpet salad is made out of pickled ( fermented ...,,verify at source,dca6dda9fef485e391999906cca6d2411dda2f3f92a1dad6f2a1d9c067c8519f,1300,957,14392
laphet_thoke_385be7457022.jpg,train,"""lahpet thoke""",bing,https://thumbs.dreamstime.com/z/burmese-lahpet-thoke-tea-leaf-salad-made-fermented-leaves-crunchy-nuts-seeds-other-fresh-ingredients-served-322596482.jpg?w=992,https://www.dreamstime.com/burmese-lahpet-thoke-tea-leaf-salad-made-fermented-leaves-crunchy-nuts-seeds-other-fresh-ingredients-served-image322596482,"Burmese Lahpet Thoke or Tea Leaf Salad, Made with Fermented Tea Leaves ...",,verify at source,385be7457022f13634fe74ee73036a1c60dabcb861aa51dcd8a78a9a1afe2b71,992,556,16637
laphet_thoke_cee07f9be7ee.jpg,train,"""lahpet thoke""",bing,https://blogger.googleusercontent.com/img/b/R29vZ2xl/AVvXsEgrMH_bnlXCZ1XICbCzC-VNdy9XxayhuEDpBIHoaSdT1LgM0QChFI5GpsJYvm3xRLU0w18Zn_L7_zUsRe9_MK4sMIWrcLChKy4XkiJ1gR8Y9rhu_V7U-wZXOTSgRF11Q3x_Emn13TtTYlI_USi-eZqOoLxWtCUKAsdjcnsxomZnXYzBFbFRhrwAP6NfWCw/s16000/IMG_0016.HEIC,https://www.theworldofstreetfood.com/2026/03/lahpet-thoke-or-burmese-tea-leaf-salad.html,"Lahpet Thoke, or Burmese Tea Leaf Salad in Bangkok, Thailand by Asian ...",,verify at source,cee07f9be7eee070ac1360928a25d7fa9f360406a793b959c3aad714c560ae3c,4032,3024,14041
laphet_thoke_4f58ba20bc8d.jpg,train,"""Burmese tea leaf salad""",bing,https://i.pinimg.com/originals/18/74/a0/1874a00079b69d5ad2afad1aa104a006.jpg,https://www.artofit.org/particle/327144360450701290/burmese-tea-leaf-salad/,Best 13 Burmese Tea Leaf Salad – Artofit,,verify at source,4f58ba20bc8dcb5940774cabd15c69550a4037006a09ce2facf9588349dc7112,749,999,17273
laphet_thoke_340e5c0fc847.jpg,train,"""lahpet thoke""",bing,https://c8.alamy.com/comp/JYDHN7/tea-leaf-salad-or-lahpet-thoke-myanmar-JYDHN7.jpg,https://www.alamy.com/tea-leaf-salad-or-lahpet-thoke-myanmar-image154577955.html,"Tea leaf salad or lahpet thoke, Myanmar Stock Photo - Alamy",,verify at source,340e5c0fc847765c882f93221a3075a6d6a0bfdfcd1b67067917dc05c729c20c,1300,1065,12335
laphet_thoke_98d3f5647877.jpg,train,"""lephet thoke""",bing,https://blogger.googleusercontent.com/img/b/R29vZ2xl/AVvXsEi33XATadw7vEoR0Ez6Nchq5jj8T4adS-HTrZ1iE2YLP7PBxxBtW_4zH4kP63TR62AqxRAInfKsFAJLVaMpIW2iUYJnOW_XcU1FkCjJl8XlUIpjLNRmpGLkjlcH096JEfq1qSOJPK2IKANRhJxwV6Q6Zd0kJafNjJrmuvDVitKiRrgwCMfEooh3ZfP-N_pu/w622-h640/photo_2024-02-20_15-36-27.jpg,https://myanmartraditionalfoodblog.blogspot.com/2024/02/myanmar-traditional-food.html,Laphet - Tea Leaf Salad,,verify at source,98d3f5647877c1df7a8e55cfa4afe797a65d657ca679e4b7fcc1d66502cdf5f0,622,639,14361
laphet_thoke_a67ace17072d.jpg,train,Burma Superstar tea leaf salad,bing,https://i.redd.it/soz1n1nrvkk41.jpg,https://www.reddit.com/r/tonightsdinner/comments/fd75i2/my_version_of_burma_superstar_tea_leaf_salad/,My version of Burma Superstar tea leaf salad : r/tonightsdinner,,verify at source,a67ace17072d0baac293be55cf1265bab370cfb7208e200ef44f582284d38607,2048,1676,15912
laphet_thoke_0aeb00e8ac47.jpg,train,lahpet thoke Myanmar,bing,https://i.pinimg.com/736x/79/a6/05/79a6051c9db0afc65f56b9ff2b456b16.jpg,https://www.pinterest.com/pin/151926187414186810/,Lahpet Thoke (Burmese Pickled Tea Leaves Salad) | Tea leaf salad ...,,verify at source,0aeb00e8ac47fb490736c83a7eeaba60a06401558830a86896e6d315eb8f402a,736,1104,12618
laphet_thoke_ccbda3a25064.jpg,train,Burmese fermented tea leaf salad,bing,https://thumbs.dreamstime.com/b/burmese-tea-leaf-salad-lahpet-thoke-name-famous-fermented-myan-mar-decorate-vegetable-chili-sideview-210600878.jpg,https://www.dreamstime.com/burmese-tea-leaf-salad-lahpet-thoke-name-famous-fermented-myan-mar-decorate-vegetable-chili-sideview-image210600878,Burmese Tea Leaf Salad Lahpet Thoke is the Name of the Famous Fermented ...,,verify at source,ccbda3a250644d40752a28c959a7fe1b62cfe7a689878ea3bdf0c11ec705a8f1,800,484,11717
laphet_thoke_22a6c854e2a4.jpg,train,"""lahpet thohk""",bing,https://headbox-media.imgix.net/spaces/40584/photos/6e85c067-e713-4202-9240-2411cdd8a1cb_Lahpet WE Interior_031.jpg?auto=format&ar=3:2&fit=crop&q=60&ixlib=react-9.5.4,https://www.headbox.com/spaces/40584-book-lahpet-west-end-summer-terrace-lahpet-london,"Hire Lahpet West End Summer Terrace, Lahpet, London • HeadBox",,verify at source,22a6c854e2a4fba70f8c2c1d11d3e254e9bb7635c25dd6fcdd8324f0d653b1d9,2000,1333,11983
laphet_thoke_79350bafcfae.jpg,train,lahpet thoke restaurant,bing,"https://cdn.thefork.com/tf-lab/image/upload/w_500,h_500,c_fill,q_auto,f_auto,g_auto:subject/restaurant/72915023-7308-4db7-b65f-9797e40427bd/14e0893b-e4f9-4f47-a620-be0e48845fca.jpg",https://www.thefork.co.uk/restaurant/lahpet-west-end-r815570,"Lahpet West End in London - Restaurant Reviews, Menus, and Prices | TheFork",,verify at source,79350bafcfaee5bac87a33dfbd480c9d977eb07a3a6c0ab06824caf221a58b07,500,500,15673
laphet_thoke_fed247d888a4.jpg,train,Burma Superstar tea leaf salad,bing,https://www.7x7.com/media-library/image.jpg?id=8197006&width=1200&quality=85&coordinates=0%2C23%2C0%2C24&height=800,https://www.7x7.com/the-secrets-of-burma-superstars-cult-classic-tea-leaf-salad-1787218226.html,The Secrets of Burma Superstar's Cult Classic Tea Leaf Salad - 7x7 Bay Area,,verify at source,fed247d888a407a7da79b09c9363cd5c3843502c2a270e7dd0a3f702478ae85d,1200,799,15266
laphet_thoke_42b5d7fbf7bb.jpg,train,lahpet thoke traditional dish,bing,https://i.pinimg.com/originals/30/f7/86/30f78675375879cdda1714d5cf1d2cad.jpg,https://www.pinterest.com/pin/84864774221725093/,"Lahpet/ Myanmar | อาหารอร่อย, อาหารริมทาง, เด",,verify at source,42b5d7fbf7bba4ed036477e610f0384c3bcd0c7c587b056939fb5994b31e806e,400,286,16774
laphet_thoke_f026591754fd.jpg,train,Myanmar fermented tea leaf salad,bing,https://thumbs.dreamstime.com/b/myanmar-fermented-tea-leaves-salad-lahpet-famous-cuisine-105331550.jpg,https://www.dreamstime.com/myanmar-fermented-tea-leaves-salad-lahpet-famous-cuisine-image105331550,Myanmar Fermented Tea Leaves Salad or Lahpet Stock Photo - Image of ...,,verify at source,f026591754fd45c171b32351ff90c8ad6b3c676431358c60d59d354b88bac428,598,900,11849
laphet_thoke_40823ad8b7a5.jpg,train,laphet thoke restaurant,bing,https://vietdantraveldmc.com/wp-content/uploads/2026/02/Laphet-Thoke-–-Fermented-Tea-Leaf-Salad-in-myanmar-restaurants-in-vietnam.jpg,https://vietdantraveldmc.com/top-5-best-myanmar-restaurants-in-vietnam/,Top 5+ Best Myanmar Restaurants in Vietnam - Vietnam DMC,,verify at source,40823ad8b7a55f4ea8dd3da315662126b83a591f1d9890335875f291d004672b,900,600,16345
laphet_thoke_d28a29379efa.jpg,train,lahpet thoke Myanmar,bing,https://whattocooktoday.com/wp-content/uploads/2017/08/IMG_2346.jpg,https://whattocooktoday.com/homemade-lahpet-burmese-pickled-tea-leaves.html,Homemade Lahpet (Burmese Fermented Tea Leaves),,verify at source,d28a29379efa8642216409d01a6115721082cc94254cd8898a4834ee14f0c6ba,825,550,13048
laphet_thoke_36867ac05817.jpg,train,Burmese fermented tea leaf salad,bing,https://images.slurrp.com/prod/recipe_images/transcribe/salad/Burmese-tea-leaf-salad-Laphet-thoke.webp,https://www.slurrp.com/recipes/burmese-tea-leaf-salad-laphet-thoke-1612537726,How to make Burmese Tea Leaf Salad/laphet Thoke Recipe,,verify at source,36867ac0581753bc8de611427bb228ba2c23f9c48eb7f3e01add3a090d6f8aae,1200,1200,14714
laphet_thoke_1299bf2e1d76.jpg,train,"""Burmese tea leaf salad""",bing,https://i.pinimg.com/736x/b8/ed/bc/b8edbc3f419f35f417ec22e128b27e97.jpg,https://ph.pinterest.com/pin/444167582016775561/,"Burmese Tea Leaf Salad | Recipe | Tea leaf salad, Dinner salads, Salad ...",,verify at source,1299bf2e1d76175bd1a880bc30e2be212259cd49030463e90f9e57f272740f1a,736,920,14457
laphet_thoke_e0a8a4caee81.jpg,train,"""laphat thoke""",bing,https://i.ytimg.com/vi/Y3E1LJj7QL8/maxres2.jpg?sqp=-oaymwEoCIAKENAF8quKqQMcGADwAQH4Ac4FgAKACooCDAgAEAEYfyBMKCgwDw==&rs=AOn4CLAPwaz9FueqnKXB3fTo4Eiuij0yfA,https://www.youtube.com/watch?v=Y3E1LJj7QL8,"The taste of Myanmar, Laphat Thoke, our unique salad. A mix of flavor ...",,verify at source,e0a8a4caee815b5ce2d77366d7d5bdd802627c550d201eb1df0b22a1c73f48fb,1280,720,9196
laphet_thoke_e1ac5dfeb149.jpg,train,Mandalay tea leaf salad,bing,https://thumbs.dreamstime.com/z/burmese-tea-leaf-salad-which-also-called-la-phat-thote-myanmar-one-my-favourite-food-mandalay-myanmarburma-th-oct-n-162289132.jpg,https://www.dreamstime.com/burmese-tea-leaf-salad-which-also-called-la-phat-thote-myanmar-one-my-favourite-food-mandalay-myanmarburma-th-oct-n-image162289132,Burmese Tea Leaf Salad Which is Also Called `La Phat Thote` in Myanmar ...,,verify at source,e1ac5dfeb149a987682fd31b86ffd1edc2b320807cc0f8f2997674a45290e934,1600,1157,7872
laphet_thoke_fab98a195e38.jpg,train,"""lahpet thoke""",bing,https://thumbs.dreamstime.com/z/burmese-tea-leaf-salad-style-traditional-pickled-known-as-lahpet-thoke-consisting-leaves-peanuts-165976396.jpg,https://cartoondealer.com/image/210600878/burmese-tea-leaf-salad-lahpet-thoke-name-famous-fermented-myan-mar.html,Burmese Tea Leaf Salad Lahpet Thoke Is The Name Of The Famous Fermented ...,,verify at source,fab98a195e380e52e2a0ba720f8b220bf89ec34ceeb695f15449ad646a74d7de,1200,1690,15208
laphet_thoke_6e317e2047e4.jpg,train,laphet thoke recipe,bing,https://api2.krua.co/wp-content/uploads/2022/02/RI1738_SEOImage_1200x630.jpg,https://krua.co/recipe/myanmese-tea-salad,ยำใบชาพม่า (Laphet Thoke) by KRUA.CO,,verify at source,6e317e2047e4925a5aaf9fda594224906d7d2762950b49f60451beaa273e5508,1200,630,13316
laphet_thoke_50c696672eb5.jpg,train,laphet thoke Myanmar,bing,https://cdn.vox-cdn.com/thumbor/OuDGw5zvkQQLrIAI5-lCvqLIJck=/0x0:1024x683/920x0/filters:focal(0x0:1024x683):no_upscale()/cdn.vox-cdn.com/uploads/chorus_asset/file/25664414/Pickled_tea_leaf_salad__laphet_thoke___Burmese_Harp__Bay_Ridge__Brooklyn.JPG,https://ny.eater.com/2024/10/8/24265163/burmese-harp-mohinga-opening-bay-ridge,Burmese Harp Has Opened in Bay Ridge - Eater NY,,verify at source,50c696672eb58f866e701428c13972c119d1ce3381684ba16032d3edcc821093,920,614,12396
laphet_thoke_de0500e41dd2.jpg,train,Rangoon tea leaf salad,bing,https://i0.wp.com/newspack-berkeleyside-cityside.s3.amazonaws.com/wp-content/uploads/2014/06/mixed-tea-leaf-salad.jpg?ssl=1,https://www.berkeleyside.org/2014/07/08/rangoon-super-stars-a-worthy-addition-to-the-east-bays-array-of-southeast-asian-cuisine,Burmese deliciousness at Rangoon Super Stars,,verify at source,de0500e41dd2310b091c8c91e823e5138692f8f172b99303066c79a56d023b67,1000,683,12685
laphet_thoke_aa2a114a07e0.jpg,train,Burmese pickled tea leaf salad,bing,https://media.gettyimages.com/id/167505668/photo/laphet-thote-the-traditional-burmese-pickled-tea-leaf-salad.jpg?s=1024x1024&w=gi&k=20&c=bIV44aJa-NcdadA0dNhkwmW9HOxPwUdCct-Xh5C8oPs=,https://www.gettyimages.com/detail/news-photo/laphet-thote-the-traditional-burmese-pickled-tea-leaf-salad-news-photo/167505668,"Laphet Thote, the traditional Burmese pickled tea-leaf salad, for ...",,verify at source,aa2a114a07e05f12bde4a166bb002865ccd8041faf48c334e02eb38bab42554e,1024,685,15016
laphet_thoke_35156bb314a8.jpg,train,lahpet thoke restaurant,bing,"https://cdn.thefork.com/tf-lab/image/upload/w_500,h_500,c_fill,q_auto,f_auto,g_auto:subject/restaurant/ad7d77c3-a6c1-4cdb-9ac5-0f1876a6e9c2/d8c4d7d5-443c-4c34-88fe-2e1cff8c503e.jpg",https://www.thefork.co.uk/restaurant/lahpet-shoreditch-r815563,"Lahpet Shoreditch in London - Restaurant Reviews, Menus, and Prices ...",,verify at source,35156bb314a8deaa42b7be089ffa62e817736ca69f4c5dfc878b228b7525beac,500,500,15578
laphet_thoke_294a9ee7f58f.jpg,train,Burmese fermented tea leaf salad,bing,https://parade.com/.image/t_share/MTkwNTgwOTgyOTg5OTg4OTg5/burma-superstar-tea-leaf-salad-kit-laphet-768x768.jpg,https://parade.com/1196342/kelli-acciardo/burmese-tea-leaf-salad/,Best Burmese Tea Leaf Salad Recipe - How to make Burmese Tea Leaf Salad ...,,verify at source,294a9ee7f58f2f0fad6d6bc028db6cc4308a2b2c042a4f398d8ebccbe82b2737,768,768,14903
laphet_thoke_8d80ead3d1c1.jpg,train,"""lahpet thoke""",bing,https://preview.redd.it/lahpet-thoke-burmese-fermented-tea-leaf-salad-from-mays-v0-2ktd2jmdh62d1.jpeg?width=1080&crop=smart&auto=webp&s=040d5c4fb697dea11c245042d3be74406fed5aa3,https://www.reddit.com/r/VeganFoodPorn/comments/1cyssr4/lahpet_thoke_burmese_fermented_tea_leaf_salad/,Lahpet Thoke: Burmese Fermented Tea Leaf Salad from May's Veggie Home ...,,verify at source,8d80ead3d1c1499d643741fc88b068c6cb569ba305899f9889203180f1115e19,1080,635,13954
laphet_thoke_05d27d409dd7.jpg,train,pickled tea leaves salad Burmese food,bing,https://burmesevegan.com/wp-content/uploads/2021/12/LaphetMixedBowl-2048x969.jpeg,https://burmesevegan.com/recipe/laphat-tote-tea-leaves-salad/,Laphat Tote (Pickled Tea Leaves Salad) - Burmese Vegan,,verify at source,05d27d409dd75f42f913680aa61a8c3c9f79a29f7e05c018a37bb3184fb0b96f,2048,969,15203
laphet_thoke_02b013abe87c.jpg,train,Burma Superstar tea leaf salad,bing,http://www.foodgps.com/wp-content/uploads/2007/08/Burma-Superstar-Tea-Leaf-Salad.jpg,https://foodgps.com/burma-superstar-san-francisco/,Burma Superstar: Blending Southeast Asian Cuisines - Food GPS,,verify at source,02b013abe87c22adc48502a7f1f7342be9552e4a7c40a74a4b5d1098e758d75f,450,336,11281
laphet_thoke_b9a2fd171ca8.jpg,train,"""lephet thoke""",bing,https://i.ytimg.com/vi/oEEHAKPjqBQ/hqdefault.jpg,https://www.youtube.com/watch?v=oEEHAKPjqBQ,ချယ်ရီ လက်ဖက်သုပ်နည်း#cherry tomato lephet Thoke recipe. - YouTube,,verify at source,b9a2fd171ca8f8a6697110c55cc7ff13ef879c0389a112ca14731134dbc143c3,480,360,10839
laphet_thoke_f047fd8e3862.jpg,train,fermented tea leaf salad Burma,bing,https://i.pinimg.com/originals/f6/8e/75/f68e7519c852d8d453809a71c5059903.png,https://www.pinterest.com/pin/215258057172756311/,Burma Superstar fermented tea leaf salad recipe | Well+Good | Tea leaf ...,,verify at source,f047fd8e3862175c36ebf8ce0bdc772d4d05acf03b791fcc5b2b91029325a054,734,1100,11507
laphet_thoke_784fb9f18c08.jpg,train,pickled tea leaves salad Burmese food,bing,https://burmesevegan.com/wp-content/uploads/2021/12/LaphetMixedSalad-scaled.jpeg,https://burmesevegan.com/recipe/laphat-tote-tea-leaves-salad/,Laphat Tote (Pickled Tea Leaves Salad) - Burmese Vegan,,verify at source,784fb9f18c0815cb9432a36e1c2cc3b1411d539e9fbf5260eafd6c1dde82bdfc,2560,1211,14834
laphet_thoke_d3ac9bc798cd.jpg,train,laphet thoke recipe,bing,http://www.johnwise.com/wp-content/uploads/2020/10/IMG_3778.jpg,https://www.johnwise.com/2020/10/08/burmese-fermented-green-tea-salad-laphet-thoke/,Burmese Fermented Green Tea Salad – Laphet Thoke – John Wise,,verify at source,d3ac9bc798cd3134470549c892f950eecf5e4bc08913aea4d7ee4869ac3e4457,950,653,16252
laphet_thoke_e54536f23ba5.jpg,train,laphet thoke Myanmar,bing,https://www.vietworldkitchen.com/wp-content/uploads/2021/08/burmese-tea-leaf-salad-tall3-834x1024.jpg,https://www.vietworldkitchen.com/blog/2021/08/burmese-tea-leaf-salad-recipe-laphet-thoke.html,A Shortcut to Buzzy Burmese Tea Leaf Salad (Laphet Thoke) - Viet World ...,,verify at source,e54536f23ba5066937b85a8f2b00c31f11a977f3cc9b261cad676493bc1a9c71,834,1024,19331
laphet_thoke_7ffba5f90a3e.jpg,train,tea leaf salad Burma,bing,https://i.pinimg.com/originals/e1/b1/f7/e1b1f78bea4aa3bc64572927b1b73727.jpg,https://www.pinterest.com/pin/now-you-can-make-the-famous-tea-leaf-salad-from-burma-superstar-at-home-thanks-to-their-easy-burma-love-laphet-fe--429601251939983921/,Now you can make the famous Tea Leaf Salad from Burma Superstar at home ...,,verify at source,7ffba5f90a3e573b2011039f3f96f7db803322980050f10018f31f55db96ffb5,3319,2212,14627
laphet_thoke_8b850ff2cfa4.jpg,train,tea leaf salad Yangon,bing,https://soupchick.s3.amazonaws.com/wp-content/uploads/2024/01/07140036/SALAD0073_4.png-1.webp,https://soupchick.com/tea-leaf-salad-recipe/,Delicious Tea Leaf Salad Recipe (An All-Time Favorite Dish) - Soup Chick,,verify at source,8b850ff2cfa479bbed8cf022c0ebadc05fedc9b5ca633149331ded87cf3441a6,1024,1024,13310
laphet_thoke_cc4086705444.jpg,train,"""lahpet thoke""",bing,https://holisticchefacademy.com/wp-content/uploads/2024/04/Khao-Soi-7-1024x1024.jpg,https://holisticchefacademy.com/burmese-tea-leaf-salad-lahpet-thoke/,Burmese Tea Leaf Salad {Lahpet Thoke} - Holistic Chef Academy,,verify at source,cc4086705444cd28d8495c29453fa4b6ca0ca8463ee6aa65b172ee83e3d19644,1024,1024,16256
laphet_thoke_44e4e2f0eeda.jpg,train,Burmese tea leaf salad restaurant,bing,https://images.squarespace-cdn.com/content/v1/5e2ce9169eeacf07004d9070/86b2c58a-a954-4522-b643-a6c31cc6be63/Tea+Leaf+Salad+Kit+Vegan+(2).jpg,https://www.burmalovefoods.com/tea-leaf-salad-kit,NEW RELEASES - Anchovy Sauce — Burma Love Foods,,verify at source,44e4e2f0eeda1b0dbc9415874ac00764571ed64a531b05475ad784f999806f92,2000,1334,13550
laphet_thoke_864330e8df7a.jpg,train,lahpet thoke traditional dish,bing,https://assets.atlasobscura.com/media/W1siZiIsInVwbG9hZHMvdGhpbmdfaW1hZ2VzLzBjYzc5NWNhNTY4NGY3MjgwMV9sYWhwZXQgdGhva2UgMi5qcGciXSxbInAiLCJjb252ZXJ0IiwiLXF1YWxpdHkgODEgLWF1dG8tb3JpZW50Il0sWyJwIiwidGh1bWIiLCI2MDB4PiJdXQ/lahpet%20thoke%202.jpg,https://www.atlasobscura.com/foods/lahpet-thoke-tea-leaf-salad-myanmar-burma,Lahpet Thoke - Gastro Obscura,,verify at source,864330e8df7a4dd90c164065566dfceb1786924df02a17c899933d704f5db978,600,600,13635
laphet_thoke_e708bcece2c8.jpg,train,Burma Superstar tea leaf salad,bing,https://s.hdnux.com/photos/01/23/64/63/21974270/3/rawImage.jpg,https://www.sfgate.com/food/article/Bay-Area-restaurant-Burma-Superstar-salad-shortage-16820164.php,Bay Area restaurant Burma Superstar rationing tea leaf salad due to ...,,verify at source,e708bcece2c8b85f657f7197af49074b0b249a8f5b914d551ff6a7864d51d7b2,2048,1365,15991
laphet_thoke_7ac2044f5d51.jpg,train,tea leaf salad Yangon,bing,https://i.pinimg.com/originals/91/c1/3b/91c13bc4233960a7030f8b1ce02d8d36.png,https://it.pinterest.com/pin/637611259782551846/,Corn and tea leaf salad nel 2025,,verify at source,7ac2044f5d51d0b521f2981080eead4a72f79fddf5eafe5430d4667538f01e13,1410,1182,11326
laphet_thoke_8cd5ecb4f7ed.jpg,train,laphet thoke recipe,bing,https://i.pinimg.com/originals/94/e2/57/94e257258476602024a9fdf24f7ef62b.jpg,https://www.pinterest.com/pin/burmese-food--279223245631486724/,"Laphet Thoke | Liver and bacon, Indian food recipes, Winter cooking",,verify at source,8cd5ecb4f7ed87761a66a02032413907e356845fba076f25eda1e5af0db157cf,500,335,13642
laphet_thoke_2a8746963743.jpg,train,laphet thoke food,bing,"https://res.cloudinary.com/rainforest-cruises/images/c_fill,g_auto/f_auto,q_auto/w_1120,h_650/v1620067050/Southeast-Asian-Food-Laphet-Thoke/Southeast-Asian-Food-Laphet-Thoke.jpg",https://www.rainforestcruises.com/guides/southeast-asian-food,Southeast Asian Food: The Top 13 Dishes You Need To Eat - Rainforest ...,,verify at source,2a87469637435a42570cc737b63992a6f0d10d0eea9cc4bccaf8753f9a728001,1120,650,15929
laphet_thoke_3ba6f4b3e07c.jpg,train,Burmese pickled tea leaf salad,bing,https://burmesevegan.com/wp-content/uploads/2021/12/LaphatGuestPlate-2048x969.jpeg,https://burmesevegan.com/recipe/laphat-tote-tea-leaves-salad/,Laphat Tote (Pickled Tea Leaves Salad) - Burmese Vegan,,verify at source,3ba6f4b3e07c8e605b24d2881f33f6a9b0f2b570b4fdebe45f5bf0e1464a6d3e,2048,969,11876
laphet_thoke_217c1a2e0ef9.jpg,train,fermented tea leaf salad Burma,bing,https://parade.com/.image/t_share/MTkwNTgwOTgyNzIyNTM2NTcz/burma-superstar-burma-love-laphet-tea-leaf-salad-kit-768x512.jpg,https://parade.com/1196342/kelli-acciardo/burmese-tea-leaf-salad/,Best Burmese Tea Leaf Salad Recipe - How to make Burmese Tea Leaf Salad ...,,verify at source,217c1a2e0ef967345e07f1d8706f38e37e10229f915233cdf7230189c5678626,512,512,12705
laphet_thoke_5142d1ffed1c.jpg,train,Mandalay tea leaf salad,bing,https://www.worldwanderingkiwi.com/wp-content/uploads/2017/02/Laphet-pickled-tea-leaf-salad-Myanmar.jpg,http://www.worldwanderingkiwi.com/2017/02/myanmar-mandalay-tea-shop-foodies-tour/,The Mandalay Tea Shop Foodies Tour in Myanmar,,verify at source,5142d1ffed1c15e2334f1b49f77f13b8f0b47b45b399b000113766ec0656e678,1024,768,16212
laphet_thoke_11ed105d1b1e.jpg,train,laphet thoke Myanmar,bing,http://flavorverse.com/wp-content/uploads/2016/11/Laphet-Thoke-Best-Burmese-Food.jpg,https://flavorverse.com/traditional-burmese-foods/,12 Delicious Burmese Foods to Go Gaga Over - Flavorverse,,verify at source,11ed105d1b1e21373959627ae9ba15b9dac9d3f7296bfdc49219af66b07c3834,3840,2560,15000
laphet_thoke_f68b99a258c4.jpg,train,laphet thoke traditional dish,bing,https://thumbs.dreamstime.com/z/laphet-thoke-myanmar-fermented-tea-leaf-salad-often-mixed-nuts-seeds-other-ingredients-laphet-thoke-traditional-burmese-296957281.jpg?w=992,https://www.dreamstime.com/laphet-thoke-myanmar-fermented-tea-leaf-salad-often-mixed-nuts-seeds-other-ingredients-laphet-thoke-traditional-burmese-image296957281,"Laphet Thoke - Myanmar - Fermented Tea Leaf Salad, Often Mixed with ...",,verify at source,f68b99a258c49a5ff1a4a91ef2b91d2ab36a578633d5db98065c43b95a1d0740,992,661,13363
laphet_thoke_86a1bb34f5bf.jpg,train,Burmese tea salad dish,bing,https://i.redd.it/nggtzzy6vgk91.jpg,https://www.reddit.com/r/52weeksofcooking/comments/wzx5cj/week_35_burmese_tea_leaf_salad_with_crispy_fried/,Week 35: Burmese- Tea Leaf Salad with crispy fried oats (Meta: Crossed ...,,verify at source,86a1bb34f5bf4556d40075ced12fd3294ef4d67dbe9396c894b0213ad6050281,1752,1480,18520
laphet_thoke_14efb09c09f0.jpg,train,laphet thoke restaurant,bing,https://live.staticflickr.com/3721/9372373589_5e69ea0d87_b.jpg,https://www.flickr.com/photos/heyitschili/9372373589,Laphet Thok and Mohinga at Monsoon Restaurant | The square d… | Flickr,,verify at source,14efb09c09f0998be3e02cab0162d7d0f6fa53f495c0723f3bd5ab08d43238ff,768,1024,11465
laphet_thoke_e9eb775ab4d1.jpg,train,tea leaf salad Burma,bing,https://i.pinimg.com/originals/15/e0/f1/15e0f1d92662588628f6432d0b7e5039.jpg,https://www.pinterest.com/pin/togo-box-of-the-tea-leaf-salad-from-burma-superstar-in-oakland--190136415496495230/,To-Go Box of the Tea Leaf Salad from Burma Superstar in Oakland. | Tea ...,,verify at source,e9eb775ab4d160ec5150b2fab1f725adfaf0223c43bbca2837f0180214caf160,1080,1349,13520
laphet_thoke_a8adfd9efe99.jpg,train,lahpet thoke restaurant,bing,"https://cdn.thefork.com/tf-lab/image/upload/w_640,c_fill,q_auto,f_auto/customer/ad7d77c3-a6c1-4cdb-9ac5-0f1876a6e9c2/b3093491-4e6a-4e76-b2bc-e685ba59c869.jpg",https://www.thefork.co.uk/restaurant/lahpet-shoreditch-r815563,"Lahpet Shoreditch in London - Restaurant Reviews, Menus, and Prices ...",,verify at source,a8adfd9efe99bbf0366236a8002e805827365479c188bc85f0f3c3984f99a983,640,853,13961
laphet_thoke_a2581ebca4f7.jpg,train,"""laphet thohk""",bing,https://fermentations.co.uk/wp-content/uploads/2023/04/Burmese-cuisine.jpg,https://fermentations.co.uk/laphet-learn-more-about-this-unique-burmese-flavour/,Laphet: Learn More About This Unique Burmese Flavour!,,verify at source,a2581ebca4f7c2806da907caa0e2818974950295482f7dec88d2900055c605da,1024,1024,16690
laphet_thoke_1960fc189fb4.jpg,train,laphet thoke Myanmar,bing,https://www.vietworldkitchen.com/wp-content/uploads/2021/08/burmese-tea-leaf-salad-wide.jpeg,https://www.vietworldkitchen.com/blog/2021/08/burmese-tea-leaf-salad-recipe-laphet-thoke.html,A Shortcut to Buzzy Burmese Tea Leaf Salad (Laphet Thoke) - Viet World ...,,verify at source,1960fc189fb4cdba3d19235f72b1d0fcce34c00e6b6d6539a2b96deaeb7bffb8,1200,900,18097
laphet_thoke_8bf9d1733593.jpg,train,"""lahpet thohk""",bing,https://lahpet.co.uk/wp-content/uploads/sb-instagram-feed-images/424608287_366140946155937_272594782356432850_nfull.jpg,https://lahpet.co.uk/menus/express-lunch-menu-west-end/,Express Lunch Menu - West End - Lahpet,,verify at source,8bf9d173359328e50cc46a935dd9a9d1fba5c3a453fef9e3d1a46eabb2e37f2d,640,1138,12069
laphet_thoke_21884bf7ddd2.jpg,train,"""Burmese tea leaf salad""",bing,https://thumbs.dreamstime.com/b/burmese-tea-leaf-salad-peanuts-digital-386820975.jpg?w=576,https://www.dreamstime.com/burmese-tea-leaf-salad-peanuts-digital-image386820975,Burmese Tea Leaf Salad with Peanuts. Stock Image - Image of vegetable ...,,verify at source,21884bf7ddd2d43c9fccc085f4815dfd0d1341b2b34119b74fb9438c7031b1ee,576,1027,15485
laphet_thoke_2bbf30871c94.jpg,train,"""laphat thoke""",bing,https://i.ytimg.com/vi/v2VkwOjH-6g/maxres2.jpg?sqp=-oaymwEoCIAKENAF8quKqQMcGADwAQH4AYwCgALgA4oCDAgAEAEYfyA-KCEwDw==&rs=AOn4CLAve59MMIY5hMF7Ocsa1uxMIPHJvg,https://www.youtube.com/watch?v=v2VkwOjH-6g,လက်ဖက်သုပ်Laphat thoke 👩‍🍳👩‍🍳👩‍🍳 - YouTube,,verify at source,2bbf30871c94c29344ec02e17890677f75abc0d5d16447e39a0a921510533bd5,1280,720,8134
laphet_thoke_60cb061f0c3b.jpg,train,Burmese fermented tea leaf salad,bing,https://c8.alamy.com/comp/FB9JMP/traditional-burmese-lahpet-salad-is-made-out-of-pickled-fermented-FB9JMP.jpg,https://www.alamy.com/stock-photo-traditional-burmese-lahpet-salad-is-made-out-of-pickled-fermented-93025318.html,Traditional Burmese Lahpet salad is made out of pickled ( fermented ...,,verify at source,60cb061f0c3b1927045daf2f05a5ba028da518ce607005472b88c1e678abea5f,1300,1066,16799
laphet_thoke_524318c604aa.jpg,train,Mandalay tea leaf salad,bing,https://c8.alamy.com/comp/2A6R31T/mandalaymyanmarburma-28th-oct-2019-burmese-tea-leaf-salad-which-is-also-called-la-phat-thote-in-myanmar-one-of-my-favourite-food-2A6R31T.jpg,https://www.alamy.com/mandalaymyanmarburma-28th-oct-2019-burmese-tea-leaf-salad-which-is-also-called-la-phat-thote-in-myanmar-one-of-my-favourite-food-image331192228.html,"MANDALAY/MYANMAR(BURMA) - 28th Oct, 2019 : Burmese Tea Leaf Salad which ...",,verify at source,524318c604aada2a76bf675a0b0e9e703855bb26694ca18d6342d33bc186b207,1300,956,11311
laphet_thoke_89932592c5bc.jpg,train,lahpet thoke bowl,bing,https://l450v.alamy.com/450v/far1y0/tea-leaf-salad-served-in-an-ornate-bowl-in-yangon-myanmar-burma-far1y0.jpg,https://www.alamy.com/burmese-myanmar-tea-leaf-salad-called-lahpet-thoke-recipe-closeup-view-image590695264.html,"Burmese, Myanmar tea leaf salad called Lahpet thoke recipe. Closeup ...",,verify at source,89932592c5bcd7066c197fa0e152b0647775a4708d82a90cd53928193f0f7eb2,300,470,16733
laphet_thoke_1dd0b359587f.jpg,train,"""lahpet thoke""",bing,https://media.istockphoto.com/id/2159807830/photo/burmese-myanmar-tea-leaf-salad-called-lahpet-thoke-recipe-with-djenkol-bean-slices.jpg?s=1024x1024&w=is&k=20&c=1Tu6_u-ID2VK_jA8PbBoHyPyTNMY9COGZopcAcW4ur8=,https://www.istockphoto.com/photo/burmese-myanmar-tea-leaf-salad-called-lahpet-thoke-recipe-with-djenkol-bean-slices-gm2159807830-580372748,Burmese Myanmar Tea Leaf Salad Called Lahpet Thoke Recipe With Djenkol ...,,verify at source,1dd0b359587ff226fad680427af4b4246e577111ce9f63f96a33c21e77a0be97,768,1024,16615
laphet_thoke_e9cb62e748e2.jpg,train,lahpet salad Burma,bing,https://c8.alamy.com/comp/HWCFYA/traditional-burmese-lahpet-salad-made-out-of-fermented-tea-leaves-HWCFYA.jpg,https://www.alamy.com/stock-photo-traditional-burmese-lahpet-salad-made-out-of-fermented-tea-leaves-136114926.html,"Traditional Burmese Lahpet salad, made out of fermented tea leaves ...",,verify at source,e9cb62e748e286e7de005f0f1a8eb8c8185521c2810e70dfb7cf23c7807279cf,861,1390,17230
laphet_thoke_03b4bf78e2bc.jpg,train,"""lephet thoke""",bing,https://cdn-d12srav5gxm0re.maxsold.com/auctionimages/103453/1763142359/wvintage_myanmar_bowl-79-1.jpeg,https://maxsold.com/listing/7456577/myanmar-lacquerware-lephet-thoke-bowl,Vintage Myanmar black lacquerware Lephet Thoke bowl | Maxsold,,verify at source,03b4bf78e2bc36cfc80b4b684b4d90fbde1a7d418a5373ee7df4509d9f421d35,1050,1400,9184
laphet_thoke_37db2738a9fa.jpg,train,laphet thoke traditional dish,bing,https://wildchina.com/wp-content/uploads/2016/08/Laphet_thoke.jpg,https://wildchina.com/2016/08/a-quick-guide-to-myanmars-traditional-food/,A Quick Guide to Myanmar's Traditional Food | WildChina,,verify at source,37db2738a9fa76f2db4af371cd7834b6aa5d2418cc10d1f9e73aedc965023090,700,490,13960
laphet_thoke_fed074009d26.jpg,train,tea leaf salad Yangon,bing,https://soupchick.s3.amazonaws.com/wp-content/uploads/2024/01/07140036/SALAD0071_5.png-3.webp,https://soupchick.com/tea-leaf-salad-recipe/,Delicious Tea Leaf Salad Recipe (An All-Time Favorite Dish) - Soup Chick,,verify at source,fed074009d26fe72b06abe5f0a83b283095f61c1b82c6bcaf453c148401dd2f1,1024,1024,12557
laphet_thoke_90f498e7c39a.jpg,train,"""laphet thohk""",bing,https://fermentations.co.uk/wp-content/uploads/2023/04/Tea-leaf-salad-e1693648760841.jpg,https://fermentations.co.uk/laphet-learn-more-about-this-unique-burmese-flavour/,Laphet: Learn More About This Unique Burmese Flavour!,,verify at source,90f498e7c39a7c8fe0b370f6e75dc979a825df4d68b7d6eab5814e145f36f69b,1024,918,11037
laphet_thoke_0b5f01c58365.jpg,train,"""lahpet thoke""",bing,https://thumbs.dreamstime.com/b/delicious-traditional-burmese-lahpet-thoke-fermented-tea-leaves-peanuts-fried-garlic-bowl-leaf-salad-cabbage-tomato-396999908.jpg?w=576,https://www.dreamstime.com/delicious-traditional-burmese-lahpet-thoke-fermented-tea-leaves-peanuts-fried-garlic-bowl-leaf-salad-cabbage-tomato-image396999908,Delicious Traditional Burmese Lahpet Thoke with Fermented Tea Leaves ...,,verify at source,0b5f01c58365a4f3d3465164cd5354f9af86d1516cedbc945a29ff49b52a14a6,576,403,17018
laphet_thoke_07ce5f8d651f.jpg,train,lahpet thoke salad,bing,http://www.travelnlass.com/wp-content/uploads/2025/11/TL-Burmese-Lahpet-Thoke-salad-with-accompaniments.jpg,https://www.travelnlass.com/2025/11/12/the-saga-of-a-burmese-salad/,TravelnLass | Proof that you're never too old to slap on a backpack and ...,,verify at source,07ce5f8d651f370c7b952b586f829747dd217469ff198fbfadfc4b3b03d138ab,536,670,19047
laphet_thoke_5eba1ce43a69.jpg,train,Burmese fermented tea leaf salad,bing,https://c8.alamy.com/comp/GNN538/mandalay-lahpet-a-traditional-salad-made-with-fermented-tea-leaves-GNN538.jpg,https://www.alamy.com/stock-photo/burmese-lacquerware.html,Burmese Lacquerware High Resolution Stock Photography and Images - Alamy,,verify at source,5eba1ce43a69cefcb0a473e6f25efc6dc9a214b213c56c73027317ad13033edd,1300,1390,17395
laphet_thoke_7eeea40d837b.jpg,train,tea leaf salad Yangon,bing,https://soupchick.s3.amazonaws.com/wp-content/uploads/2024/06/07125852/Tea-Leaf-Salad-Recipe05.webp,https://soupchick.com/tea-leaf-salad-recipe/,Delicious Tea Leaf Salad Recipe (An All-Time Favorite Dish) - Soup Chick,,verify at source,7eeea40d837b0bf3fae75f7a43af3028876ed310ddf151d13e88d527839fee41,1024,1024,12415
laphet_thoke_956fa5b4ffce.jpg,train,lahpet thoke restaurant,bing,"https://cdn.thefork.com/tf-lab/image/upload/w_500,h_500,c_fill,q_auto,f_auto,g_auto:subject/restaurant/ad7d77c3-a6c1-4cdb-9ac5-0f1876a6e9c2/1f9e062a-86d7-4ae4-b671-75e515cab35b.jpg",https://www.thefork.co.uk/restaurant/lahpet-shoreditch-r815563,"Lahpet Shoreditch in London - Restaurant Reviews, Menus, and Prices ...",,verify at source,956fa5b4ffcee6c94779e1e96556f601557157b939d16bb3164382cc95068e07,500,500,15554
laphet_thoke_477044d7831c.jpg,train,Burmese lahpet salad,bing,https://c8.alamy.com/comp/FB9JN2/traditional-burmese-lahpet-salad-is-made-out-of-pickled-fermented-FB9JN2.jpg,https://www.alamy.com/stock-photo-traditional-burmese-lahpet-salad-is-made-out-of-pickled-fermented-93025326.html,Traditional Burmese Lahpet salad is made out of pickled ( fermented ...,,verify at source,477044d7831cd06b24c4497667fcb2a5b1ad4e6f0c67e34e5d777dd998906e3d,1300,957,15537
laphet_thoke_bba645b886ce.jpg,train,Burma Superstar tea leaf salad,bing,https://media.gettyimages.com/id/1321649856/photo/owner-joycelyn-lee-carries-tea-leaf-salad-at-burma-superstar-in-san-francisco-california-on.jpg?s=1024x1024&w=gi&k=20&c=6mN-nEalAhAwb7fRUgJ9nKJNgw4r8Fdi28HEwR1tnxg=,https://www.gettyimages.fi/detail/uutiskuva/owner-joycelyn-lee-carries-tea-leaf-salad-at-burma-superstar-uutiskuva/1321649856,Owner Joycelyn Lee carries tea leaf salad at Burma Superstar in San ...,,verify at source,bba645b886ce8e7283e359aac05aad23b9ca8d70c959ba7d2f46b266d04fead9,1024,683,10679
laphet_thoke_96c6aae823e3.jpg,train,Burmese fermented tea leaf salad,bing,http://whattocooktoday.com/wp-content/uploads/2017/08/IMG_2348.jpg,https://whattocooktoday.com/lahpet-thoke-burmese-pickled-tea-leaves-salad.html,Lahpet Thoke (Burmese Fermented Tea Leaves Salad),,verify at source,96c6aae823e35696905dad22b766af15f947ee8abe2494e4b31f9a2d61046766,825,550,8329
laphet_thoke_d0afe57e947f.jpg,train,Burmese pickled tea leaf salad,bing,http://whattocooktoday.com/wp-content/uploads/2017/08/IMG_2390.jpg,https://whattocooktoday.com/lahpet-thoke-burmese-pickled-tea-leaves-salad.html,Lahpet Thoke (Burmese Pickled Tea Leaves Salad) - What To Cook Today,,verify at source,d0afe57e947fb0a1ebf7019781380b442937cc029a28c029f17342c6431fb633,825,550,11759
laphet_thoke_3e665397eac1.jpg,train,Burmese fermented tea leaf salad,bing,https://c8.alamy.com/comp/HB6RAB/fermented-green-tea-leaf-salad-myanmar-HB6RAB.jpg,https://www.alamy.com/stock-photo-fermented-green-tea-leaf-salad-myanmar-127383827.html,"Fermented green tea leaf salad, Myanmar Stock Photo - Alamy",,verify at source,3e665397eac1430803771a2648a4ff09d8d8097322271d243c5a1f226049323a,1300,956,11824
laphet_thoke_016bca0d5c14.jpg,train,fermented tea leaf salad Burma,bing,https://i.ytimg.com/vi/HF87fO59e3s/maxresdefault.jpg,https://www.youtube.com/watch?v=HF87fO59e3s,Burma Superstar’s Fermented Tea Leaf Salad | laphet | exotic salad ...,,verify at source,016bca0d5c14ee40a078979fe3a0edf2d3b9a6f059e3465ce214298ca6166373,1280,720,14984
laphet_thoke_aa56f84fc710.jpg,train,Burmese fermented tea leaf salad,bing,https://ww2.kqed.org/app/uploads/sites/2/2023/08/mandalay-tea-leaf-salad_courtesyFB.jpg,https://www.kqed.org/arts/13933745/cold-food-hot-weather-sf-bay-area-fall-2023,The Bay Area's Best Cold Dishes to Eat in Hot Weather | KQED,,verify at source,aa56f84fc71049edc4711c1551ce64515e6ea4b2012ef56d6c368ba9a1540bd9,1920,1914,13838
laphet_thoke_da69568f402a.jpg,train,Burmese fermented tea leaf salad,bing,https://blogger.googleusercontent.com/img/b/R29vZ2xl/AVvXsEjJ5gsrbI39FFxIGOcCWhkNv-X5NcZ_ALBfbnXp4Wx90fEIUfbRCcDP4N-8DmVrUP6FOYKNuMjiEDBYSys_aBMFEW1aV4GRZjVy37j_zNAo8FNeEmxfZKKpcAeGlCJZk-hAAYlF1lYzgOc/w1920-h1080-p-k-no-nu/Burmese+Tea+Leaf+Salad+Recipe+%257C+Raise+a+Toast-751020.jpg,https://storage.googleapis.com/deaqmvwwhahbme/green-tea-leaf-salad-recipe.html,Green Tea Leaf Salad Recipe at Jackson Mcpherson blog,,verify at source,da69568f402aea5f741c90f161d910995b37229979ec019d68d86ebe2d23fc3c,1600,900,14055
laphet_thoke_45831ca98243.jpg,train,"""laphat thoke""",bing,https://image.makewebeasy.net/makeweb/m_1200x600/Joym5IEZQ/DefaultData/233__1_1_.png?v=202405291424,https://www.jeabkrajomthong.com/product/37590/ถั่วยำbayinma-laphat-thoke10ห่อ,ถั่วยำ(BAYINMA LAPHAT THOKE)10ห่อ,,verify at source,45831ca98243c99c9b908fa5c55f2de9bb743634b62450ff5a0d4ef7d33c7ae5,1200,1697,17530
laphet_thoke_4076a5f15eb5.jpg,train,"""laphet thoke""",bing,https://teatrade.co.uk/images/recipes/laphet-thoke.jpg,https://teatrade.co.uk/recipes/laphet-thoke.html,Laphet Thoke: Burmese Fermented Tea Leaf Salad - TeaTrade,,verify at source,4076a5f15eb597fc416e928a61106475d54ae0d8341cae2debf6562f6ce85f22,2048,1118,14849
laphet_thoke_a0bbef8bc4a3.jpg,train,"""lahpet thoke""",bing,https://thumbs.dreamstime.com/b/burmese-tea-leaf-salad-called-lahpet-thoke-recipe-myanmar-closeup-view-301446538.jpg,https://www.dreamstime.com/photos-images/thoke-recipe.html,Thoke Recipe Stock Photos - Free & Royalty-Free Stock Photos from ...,,verify at source,a0bbef8bc4a333391ec9c8e60329750ab538ae4880321e3d8eba1349f797a903,800,613,14313
laphet_thoke_46dfc1737039.jpg,train,lahpet thoke Myanmar,bing,https://www.shutterstock.com/shutterstock/photos/2223485489/display_1500/stock-photo-tea-leaf-salad-lahpet-thoke-myanmar-traditional-appetizer-2223485489.jpg,https://www.shutterstock.com/image-photo/tea-leaf-salad-lahpet-thoke-myanmar-2223485489,Tea Leaf Salad Lahpet Thoke Myanmar Stock Photo 2223485489 | Shutterstock,,verify at source,46dfc17370395b9432c58ef9e7011cd241e7f0617a62818e16a20e452388e116,1500,1213,8317
laphet_thoke_ef425b1a9ccf.jpg,train,lahpet salad Burma,bing,https://c8.alamy.com/comp/GNN53B/mandalay-lahpet-a-traditional-salad-made-with-fermented-tea-leaves-GNN53B.jpg,https://www.alamy.com/stock-photo-mandalay-lahpet-a-traditional-salad-made-with-fermented-tea-leaves-116634991.html,"Mandalay lahpet, a traditional salad made with fermented tea leaves ...",,verify at source,ef425b1a9ccf3cc66335d9445f4e2f12ef75b717acb251ef88190d800bc74d60,1300,956,15998
laphet_thoke_30861715f758.jpg,train,"""lahpet thoke""",bing,https://i.pinimg.com/736x/8d/8f/50/8d8f50ed6f0e02b6e281be358810dcdc.jpg,https://www.pinterest.com/pin/559572322442023979/,Lahpet Thoke (Burmese Pickled Tea Leaves Salad) | Tea leaf salad ...,,verify at source,30861715f758b68d9ade621fc24ff3e8e7e9bf63ee7f40f24be45ebe3db78aab,736,1104,14027
laphet_thoke_d123f76ec115.jpg,train,Myanmar fermented tea leaf salad,bing,https://news.icstravelgroup.com/wp-content/uploads/2022/05/Phone-1-1.png,https://storage.googleapis.com/dlnldujmrwvtle/green-tea-leaf-salad-myanmar.html,Green Tea Leaf Salad Myanmar at Trent Ragland blog,,verify at source,d123f76ec115c0f5c45b624b9469877c7d957dc8f85dd5f4dac6801a2214476a,1000,700,15479
laphet_thoke_5ae62e020d18.jpg,train,"""lahpet thohk""",bing,https://c8.alamy.com/comp/2AEJB6M/signature-tea-leaf-salad-lahpet-thohk-at-lahpet-shoreditch-london-uk-2AEJB6M.jpg,https://www.alamy.com/signature-tea-leaf-salad-lahpet-thohk-at-lahpet-shoreditch-london-uk-image336006124.html,"Signature Tea Leaf Salad (Lahpet Thohk) at Lahpet, Shoreditch, London ...",,verify at source,5ae62e020d18df730668811c43049843b2fc5356c7cbfe5aad27c3acec653cbc,1300,956,13469
laphet_thoke_ca6f80d08adb.jpg,train,Burmese pickled tea leaf salad,bing,https://i.pinimg.com/originals/8a/59/98/8a5998242fc6b1fdcb8bf78e5d0f3e5b.jpg,https://www.pinterest.com/pin/4996249576994085/,"Burmese Pickled Tea Leaf Salad | Burmese cuisine, Burmese dishes ...",,verify at source,ca6f80d08adb26ba5b7dc0207fcce7064060dfc49e42dc98f7c146101b08697c,1083,1477,15807
laphet_thoke_d0e15760a2fb.jpg,train,"""lephet thoke""",bing,https://blogger.googleusercontent.com/img/b/R29vZ2xl/AVvXsEhog1rvFRmLoBmuQ17TLkZ7wt_sWCxu5bGWZgXB-5iuw_TZPds1Gz0H4RLra4b4-orQxoxU7tQqN5c3J4zEFGMQ8T40eytnoj9xPXkh82Pco3fvjaO6dc9yGh-q5ULxwDGBlFavNJXUuwk/w1200-h630-p-k-no-nu/l5.JPG,https://moulmeinkitchen.blogspot.com/2011/11/burmese-fermented-tea-leaf-salad-lephet.html,Moulmein Kitchen: Burmese Fermented Tea Leaf Salad (Lephet Thoke),,verify at source,d0e15760a2fbfe8aad82725e6ed8e3574e34522e3e013ce3b9c6ad63ba9f062a,400,304,13501
laphet_thoke_a8b9e638d576.jpg,train,"""lahpet thohk""",bing,https://lahpet.co.uk/wp-content/uploads/2022/02/lahpet-logo.png,https://lahpet.co.uk/recipes/tea-leaf-salad/,TEA LEAF SALAD (Lahpet Thohk) - Lahpet,,verify at source,a8b9e638d576c838398a0f1c5fb707bf80932b4a93c657edba79b546354bc1f6,473,316,2686
laphet_thoke_486ef03c85ff.jpg,train,laphet thoke Myanmar,bing,https://i.ytimg.com/vi/D58_3WqxZNQ/maxresdefault.jpg,https://www.youtube.com/watch?v=D58_3WqxZNQ,Laphet Thoke - Delicious Burmese Fermented Tea Leaf Salad - YouTube,,verify at source,486ef03c85ffc618e63d81f74189acd2bf949b639155647d92eb48d115e5b129,1280,720,17227
laphet_thoke_b3baebd836ba.jpg,train,laphet thoke food,bing,https://www.luxurycruisemekong.com/wp-content/uploads/2016/09/Laphet-thoke.jpg,https://www.luxurycruisemekong.com/blog/food-drink-myanmar/,Food and drink in Myanmar - Mekong Cruises,,verify at source,b3baebd836ba273c3e7f25425a415583a38f49a96a235a6efde28960df9d5735,1379,1034,14353
laphet_thoke_f92c448dfb9a.jpg,train,Myanmar tea salad dish,bing,https://thumbs.dreamstime.com/b/burmese-tea-leaf-salad-mixed-ingredient-lahpet-thoke-name-ofx-famous-fermented-myan-mar-decorate-vegetable-chili-210600886.jpg,https://www.dreamstime.com/photos-images/burmese-tea.html,224 Burmese Tea Stock Photos - Free & Royalty-Free Stock Photos from ...,,verify at source,f92c448dfb9aeda3a90f14387fca885ee4ab976a1c3107f8182b84c2b93d6db0,800,796,10418
laphet_thoke_a54861090da3.jpg,train,laphet thoke food,bing,https://static.idctravel.com/wp-content/uploads/t/21/The-Laphet-Thoke.jpg,https://www.idctravel.com/travel-guide/myanmar,Myanmar Travel Guide: Most useful information & Tips - IDC Travel,,verify at source,a54861090da31bb2bc8c5c5cca68dd116ddf6569afd5ddf9442ec4c59d5b1696,800,500,16484
laphet_thoke_3484ac6450e6.jpg,train,Myanmar fermented tea leaf salad,bing,https://whattocooktoday.com/wp-content/uploads/2017/08/IMG_2328.jpg,https://whattocooktoday.com/homemade-lahpet-burmese-pickled-tea-leaves.html,Homemade Lahpet (Burmese Fermented Tea Leaves),,verify at source,3484ac6450e627167a63d18f0648bce89ce47c0b16ff4c6989201719bc6e8c64,750,1125,5633
laphet_thoke_27785914999c.jpg,train,lahpet salad Burma,bing,https://c8.alamy.com/comp/FB9JMN/traditional-burmese-lahpet-salad-is-made-out-of-pickled-fermented-FB9JMN.jpg,https://www.alamy.com/stock-photo/burmese-lacquerware.html,Burmese lacquerware hi-res stock photography and images - Alamy,,verify at source,27785914999c4d51c000deaa25e1232fb72059defb31d9ce6f928017af6023ee,872,1390,16228
laphet_thoke_4a822bf51892.jpg,train,"""lahpet thohk""",bing,https://lahpet.co.uk/wp-content/uploads/2020/05/ginger-salad-recipe-kit.jpg,https://lahpet.co.uk/recipes/ginger-salad/,GINGER SALAD (Gin Thohk) - Lahpet,,verify at source,4a822bf5189289bdfe8f22cc6b4b6f73ef3a0df66882cf9750b78a3c188b914a,1920,1280,8989
laphet_thoke_65c1c93f79b1.jpg,train,lahpet thoke bowl,bing,https://as1.ftcdn.net/v2/jpg/04/76/61/12/1000_F_476611256_ICR0YsIwKFIJN9tUDK23hO230CuR4wON.jpg,https://stock.adobe.com/es/images/hand-holding-bowl-of-lahpet-thoke-burmese-tea-leaf-salad/476611256,"Hand holding bowl of Lahpet Thoke, Burmese tea leaf salad ミャンマーの茶葉サラダ ...",,verify at source,65c1c93f79b1828768e2a4679d31bea6918b64311027d4db4497256efffc2255,1000,667,10000
laphet_thoke_a0e1dec1fe7d.jpg,train,"""lephet thoke""",bing,https://i.ytimg.com/vi/yVOPXjZ4W70/oar2.jpg?sqp=-oaymwEkCJUDENAFSFqQAgHyq4qpAxMIARUAAAAAJQAAyEI9AICiQ3gB&rs=AOn4CLA6_5f-bL9tGhEDBbCO0QM85hDCdQ,https://www.youtube.com/shorts/yVOPXjZ4W70,"Burmese Big Piece of Camel Roast | Mohinga, Lephet Thoke & Jaggery ...",,verify at source,a0e1dec1fe7d7cc17f7b0e18dc7e7ca3fc7e5a75d6c9c68512d2a3bc52e214a8,405,720,15479
laphet_thoke_23be4d17a941.jpg,train,laphet thoke traditional dish,bing,https://i.ytimg.com/vi/uVqvO1UsvDo/maxresdefault.jpg,https://www.youtube.com/watch?v=uVqvO1UsvDo,Laphet Thoke | Tea Leave Rice Salad | How to make MYANMAR TEA LEAF RICE ...,,verify at source,23be4d17a941bfa987fdb4b08266298e4db74315a3a3bcd96b29aaa7bf8884c9,1280,720,18288
laphet_thoke_d9a507b23d3d.jpg,train,laphet thoke recipe,bing,https://i.ytimg.com/vi/-3o1jwaGSq0/maxresdefault.jpg?sqp=-oaymwEmCIAKENAF8quKqQMa8AEB-AHOBYAC0AWKAgwIABABGHIgTyhAMA8=&rs=AOn4CLBX1XBSzwTVYxljHciMOkC8MV5nyA,https://www.youtube.com/watch?v=-3o1jwaGSq0,How to Make Burmese Tea Leaf Salad (Laphet Thoke) - A Delicious ...,,verify at source,d9a507b23d3d9d8cbf14fe4484669e73029ab39c9f6a7c42eb8f232bdbdffa20,1280,720,13236
laphet_thoke_ad9f3f73c75f.jpg,train,"""lahpet thoke""",bing,https://i.pinimg.com/originals/f0/fe/16/f0fe16e103f1fe49553b53c0c958c228.jpg,https://www.pinterest.com/pin/lahpet-thoke-burmese-pickled-tea-leaves-salad--835136324622425246/,Lahpet Thoke (Burmese Pickled Tea Leaves Salad) | Tea leaf salad ...,,verify at source,ad9f3f73c75f57322f0df3a88fb107577b54d9499800bba1f4f4121569bcbe6b,750,1125,13187
laphet_thoke_6626ecaab4e5.jpg,train,tea leaf salad Yangon,bing,https://media.gettyimages.com/id/969677100/photo/tea-leaf-salad-is-served-in-yangon-myanmar.jpg?s=612x612&w=gi&k=20&c=49PwMhqxBWCDZkgY6dR8YMFL3iyY4SdwN8zrWXWwtmM=,https://www.gettyimages.dk/photos/yangon-tea,Yangon Tea Photos and Premium High Res Pictures - Getty Images,,verify at source,6626ecaab4e5a565c0536fe637244db3e44c4d22105fe710c8ab0ac3a0198d26,612,408,12157
laphet_thoke_20ac0a2feb7d.jpg,train,"""lahpet thohk""",bing,https://www.180c.fr/wp-content/uploads/2019/01/Vendeuse-de-thé-fermenté-de-pois-frits-et-épices-tous-les-ingrédients-de-la-salade-de-thé-667x500.jpg,https://www.180c.fr/la-gazette/reportages/lahpet-thohk-la-salade-de-the/,"Lahpet thohk, la salade de thé - 180°C La revue culture food",,verify at source,20ac0a2feb7df0bd977d6ad780efd0674c2f6c563042322a01e660f906a925e9,667,500,14243
laphet_thoke_22b898c37a74.jpg,train,fermented tea leaf salad Burma,bing,https://cdn.copymethat.com/media/orig_burma_superstar_fermented_tea_leaf_salad_20170513195802372938b10j6r.jpg,https://www.copymethat.com/r/gdbS7Wh/burma-superstar-fermented-tea-leaf-salad/,Burma Superstar Fermented Tea Leaf Salad | Ann Eckhart | Copy Me That,,verify at source,22b898c37a74176af12019b7df3784d432ad1c3e0d3f6a011447c9a98705bfc9,760,1140,9171
laphet_thoke_fbfa3549bc2a.jpg,train,laphet thoke traditional dish,bing,https://cultura.in/wp-content/uploads/2024/11/laphet-troke-salad-tea.jpg,https://cultura.in/myanmar-food-12-traditional-dishes,Discover 12 Traditional Dishes of Myanmar Cuisine,,verify at source,fbfa3549bc2a7c89756b6fa6dcb41d6f3014045943ab34c3bd212fa30add0684,1011,1000,13274
laphet_thoke_4b2fa0fa6b02.jpg,train,"""lephet thoke""",bing,https://2.bp.blogspot.com/-M0aiX9Hleg0/TmECWbU5yXI/AAAAAAAABcE/Kiyw6dxJ-ZM/s1600/5059660632_434e599ca8_b.jpg,https://anchorsadrift.blogspot.com/2011/09/lephet-thoke-burmese-tea-leaf-salad.html,Anchors Adrift: Lephet Thoke - Burmese Tea Leaf Salad,,verify at source,4b2fa0fa6b02c30f2e5f479e8bb6ede33bf660fc4d8ffcc5b0abaf1bb125d16e,1024,768,13194
laphet_thoke_d32f7e80325f.jpg,train,Burma Superstar tea leaf salad,bing,https://4.bp.blogspot.com/-aMDQyPfTWcE/Vot9v9D-1rI/AAAAAAAA8H0/Sy6D876vIbQ/s1600/20160102_145245_HDR.jpg,https://louisvilleofftrack.blogspot.com/2016/01/my-86-burmese-tea-leaf-salad.html,Louisville Off Track: My $86 Burmese Tea Leaf Salad,,verify at source,d32f7e80325f6939b588b6dcafad32192b50ceb4d6c872655f8445cb99a36e91,1600,1200,12520
laphet_thoke_4930f09eea51.jpg,train,lahpet salad Burma,bing,https://i.pinimg.com/originals/9c/cb/9c/9ccb9c23c5a1ebd9c940ae6f54d2419a.jpg,https://www.pinterest.com/pin/527484175102561279/,"Traditional Lahpet Thouk in Myanmar | Myanmar food recipe, Burmese food ...",,verify at source,4930f09eea51d16def8a7a0eecffe80bc6820f727f6265a046917bc82876270e,700,933,15660
laphet_thoke_8e484a6ae6ae.jpg,train,Burma Superstar tea leaf salad,bing,https://i.pinimg.com/originals/69/43/39/69433913f2d1d097b457af69a4ebdad5.jpg,https://www.pinterest.com/pin/burma-superstar-tea-leaf-salad--258042253633890108/,"Burma superstar tea leaf salad | Tea leaf salad, Fermented tea, Tea leaves",,verify at source,8e484a6ae6ae44b8ef19fbb0711ab3a862c2d6fa01acfae54be8598050440eea,3650,2231,12958
laphet_thoke_e687eee37ebb.jpg,train,lahpet thoke salad,bing,https://thumbs.dreamstime.com/b/burmese-myanmar-tea-leaf-salad-called-lahpet-thoke-recipe-djenkol-bean-slices-304054360.jpg,https://www.dreamstime.com/burmese-myanmar-tea-leaf-salad-called-lahpet-thoke-recipe-djenkol-bean-slices-image304054360,"Burmese, Myanmar Tea Leaf Salad Called Lahpet Thoke Recipe with Djenkol ...",,verify at source,e687eee37ebbb5da4ef9145cd04a1d764bacc0175f03610cdc5438d09a759918,800,553,13429
laphet_thoke_85eedfa2acd5.jpg,train,"""lahpet thoke""",bing,https://c8.alamy.com/comp/2W90DRC/burmese-myanmar-tea-leaf-salad-called-lahpet-thoke-recipe-closeup-view-2W90DRC.jpg,https://www.alamy.com/burmese-myanmar-tea-leaf-salad-called-lahpet-thoke-recipe-closeup-view-image590695264.html,"Burmese, Myanmar tea leaf salad called Lahpet thoke recipe. Closeup ...",,verify at source,85eedfa2acd55a4687fb0fbd826c3feff850bead229e8808e262a8de7b6098f8,1300,1085,14022
laphet_thoke_0a67bb5609c5.jpg,train,"""lephet thoke""",bing,https://1.bp.blogspot.com/-SJquTD0u6OE/VOX8eGy8sZI/AAAAAAAABd0/yoDR4hldIgY/s1600/Myanmar%2BLephet%2BThoke%2B(Fermented%2BTea%2BLeaf%2BSalad).jpg,https://asianrecipesava.blogspot.com/2015/02/how-to-make-burmese-lephet-thoke-asian.html,How to Make Burmese Lephet Thoke Asian Cooking Recipe Cuisine,,verify at source,0a67bb5609c56e5ad9a30bb86da22568aadb4124b337fa0037f021f1b22fb9d5,1024,768,13400
laphet_thoke_ac3d129ecf78.jpg,train,laphet thoke food,bing,https://4.bp.blogspot.com/-fugbJwuzmRk/Vg4GQdDbxkI/AAAAAAAACYc/wxDT0eROj9I/s1600/T4.jpg,https://chi-he.blogspot.com/2015/10/laphet-thoke-tea-leaf-salad.html,吃喝: 缅甸菜Laphet Thoke /Tea Leaf Salad,,verify at source,ac3d129ecf787773dd96db8cd4c40e0e5a22ebd45d709a9b561ca4885fe373d3,1178,1600,15513
laphet_thoke_ff82780659f8.jpg,train,laphet thoke traditional dish,bing,https://i.ytimg.com/vi/udX7KSHyoBs/maxresdefault.jpg,https://www.youtube.com/watch?v=udX7KSHyoBs,MYR - LaPhet Thoke: Tea Leaf Salad (Traditional Dish) - YouTube,,verify at source,ff82780659f803b1d3d72aeadd55da490fa133c02e0bb371deba47f69077523b,1280,720,15687
laphet_thoke_0da0cdadb70c.jpg,train,laphet thoke restaurant,bing,https://citynomads.com/wp-content/uploads/2023/08/Laphet-Thoke-767x628.jpg,https://citynomads.com/restaurant-review-burma-social-brings-the-essence-of-six-asian-kingdoms-to-tras-street/,Restaurant Review: Burma Social Brings The Essence Of Six Asian ...,,verify at source,0da0cdadb70c0103ca296c0686159dfc43eea72b9a058db000f48ef447f46640,767,628,13012
laphet_thoke_48fe5370571c.jpg,train,lahpet thoke traditional dish,bing,https://static.wixstatic.com/media/04d0b9_3e03d70b236f435f9b9197b20efaf031~mv2.jpg/v1/fit/w_1000%2Ch_1000%2Cal_c%2Cq_80/file.jpg,https://www.lostteacompany.com/post/lahpet-lord-of-the-leaves,Lahpet: Lord Of The Leaves,,verify at source,48fe5370571c9c9643824a81b0049ca6adaa9ce0c0c0bc486b2c470e82ab30a3,1000,653,13491
laphet_thoke_7a8b9f923f0a.jpg,train,tea leaf salad Yangon,bing,https://bonsaimary.com/wp-content/uploads/tea-leaf-salad-preparation-1024x585.jpg,https://bonsaimary.com/burmese-tea-leaf-salad.html,Burmese Tea Leaf Salad Recipe,,verify at source,7a8b9f923f0af66d70127acbc54210bdf8770312aea5f8e763aa374479bfb2da,1024,585,15870
laphet_thoke_6e01ef38a71e.jpg,train,Burma Superstar tea leaf salad,bing,https://cdn.vox-cdn.com/thumbor/aw6aSgIuEvT-wy7RFCADkQwTFGs=/0x663:2479x2057/1600x900/cdn.vox-cdn.com/uploads/chorus_image/image/52054909/BurmaCover.0.jpeg,https://sf.eater.com/2016/11/29/13771150/burma-superstar-tea-leaf-salad-book,Skip the Line for Burma Superstar’s Tea Leaf Salad - Eater SF,,verify at source,6e01ef38a71eee56b5ef06631f150bb997d5f14f3269e6af43af3695a8ff2b27,1600,900,15940
laphet_thoke_b222eb50b4e0.jpg,train,"""lephet thoke""",bing,"https://res.cloudinary.com/dbypkwlyr/images/c_fill,w_1200,f_auto,q_auto/annabelle/Fusions_Kueche_Lephet_Thoke/Fusions_Kueche_Lephet_Thoke.jpg",https://www.annabelle.ch/stil/rezept-fur-lephet-thoke-burmesischer-salat-fusionfood-24794/,"Rezept für Lephet Thoke, burmesischer Salat - annabelle",,verify at source,b222eb50b4e04e535bd1b4aa8a42851f4a0f25c5638df57e37f704a929cd21b1,1200,948,11673
laphet_thoke_61c04d4c5f70.jpg,train,laphet thoke recipe,bing,https://grazia.wwmindia.com/content/2017/sep/laphet_thoke_2_1504695356.jpg,https://www.grazia.co.in/lifestyle/twice-as-good-2667.html,Twice as good | Grazia India,,verify at source,61c04d4c5f702015e332bd37803809ea71a78beccada855083adcdc6b6308122,3000,2000,8147
laphet_thoke_91cdf069d501.jpg,train,"""laphet thohk""",bing,https://imgv2-1-f.scribdassets.com/img/document/624791672/original/1aa6d136bd/1?v=1,https://id.scribd.com/document/624791672/DOC-20230206-WA0009,Makanan Khas Myanmar: Laphet Thohk | PDF | Perjalanan | Kesehatan Holistik,,verify at source,91cdf069d501166eb4f237d538b12be5ec91316f78c93d5813bfc4bb7df18dca,768,1024,3514
laphet_thoke_991e88992f6c.jpg,train,"""lahpet thohk""",bing,https://i.ytimg.com/vi/x8O5JBvcz_k/maxresdefault.jpg,https://www.youtube.com/watch?v=x8O5JBvcz_k,Myanmar Tea Leaf Salad | Lahpet Thoke | လက်ဖက်သုပ် - YouTube,,verify at source,991e88992f6cf9c714369bd299e089f1f454237dfc103639f7f7fcaeaaaa3275,1280,720,17350
laphet_thoke_d82e22464794.jpg,train,"""laphet thoke""",bing,https://www.nationalgerichtrezepte.de/wp-content/uploads/2024/06/teesalat-nationalgericht-myanmar-lephet-thoke-1717442200-b031.jpg,https://www.nationalgerichtrezepte.de/nationalgericht-myanmar-mohinga-rezept/,Nationalgericht Myanmar: Mohinga (Rezept),,verify at source,d82e2246479422ff66791209f905019077d93e42affcab3d3a65885cd23b7ad0,1024,1024,13499
laphet_thoke_f79cf4a4e498.jpg,train,tea leaf salad Burma,bing,https://images.squarespace-cdn.com/content/v1/53e6a052e4b0638731edcfae/1618270187570-594EVFN66GACIWDC4R0D/IMG_3777.JPG,https://masalamamafoods.com/tea-leaf-salad,Tea Leaf Salad — All Natural Sauces and Foods | Masala Mama,,verify at source,f79cf4a4e4989e0b08b88f3a42db78a61fd814a053f3d35fd8f20d814976b70e,2500,1894,15709
laphet_thoke_10278c4b6ebb.jpg,train,lahpet thoke Myanmar,bing,https://i.pinimg.com/736x/f8/0f/0f/f80f0f9af2dc88e60dcd8bfc7286441f.jpg,https://www.pinterest.com/pin/510525307758624061/,Pickled tea leaf salad (lahpet thoke) | Recipe | Yummy vegetable ...,,verify at source,10278c4b6ebb96f464c522372501d93ad1f6c3ee630cfb10583ea59caf5f57db,736,919,15967
laphet_thoke_3ab2a29c4e7a.jpg,train,laphet thoke recipe,bing,https://i.pinimg.com/736x/c0/1c/f8/c01cf87df2aef59cca7eea521842b227.jpg,https://www.pinterest.com/pin/laphet-thoke-tea-salad-recipe--410320216030156971/,Laphet Thoke - Tea Salad Recipe,,verify at source,3ab2a29c4e7ab7af81b1246ae358dfebc2cb8d231eb41edc3dddd3eb32d9ef68,736,981,12220
laphet_thoke_e207b2f266d9.jpg,train,lahpet thoke Myanmar,bing,https://holisticchefacademy.com/wp-content/uploads/2024/12/vegan-mushroom-gravy-1200-1200-jpeg.jpg,https://holisticchefacademy.com/burmese-tea-leaf-salad-lahpet-thoke/,Burmese Tea Leaf Salad {Lahpet Thoke} - Holistic Chef Academy,,verify at source,e207b2f266d9a880e9f3173fc4fdaf77ea7bd9894e901347fb29dfe661d1d2dd,1200,1200,13157
laphet_thoke_5f6be4c152d7.jpg,train,lahpet thoke restaurant,bing,https://homeiswhereyourbagis.com/wp-content/uploads/2020/02/Myanmar-Essen-Lahpet-Thoke.jpg,https://homeiswhereyourbagis.com/myanmar-essen/,Myanmar Essen - Top 10 Gerichte,,verify at source,5f6be4c152d7aba47f6ac3490d67d1663b2f5547fe0de6aec578233cd8bd5250,1280,720,13607
laphet_thoke_55d6440a7a1d.jpg,train,"""lahpet thoke""",bing,https://thumbs.dreamstime.com/z/burmese-tea-leaf-salad-lahpet-thoke-name-famous-fermented-myan-mar-decorate-vegetable-chili-sideview-210600878.jpg,https://www.dreamstime.com/burmese-tea-leaf-salad-lahpet-thoke-name-famous-fermented-myan-mar-decorate-vegetable-chili-sideview-image210600878,Burmese Tea Leaf Salad Lahpet Thoke is the Name of the Famous Fermented ...,,verify at source,55d6440a7a1da3493ba5da42cf2a74252d8c2c2eea17e269c4a059d144941eab,1600,1058,11939
laphet_thoke_5baefd09ff67.jpg,train,tea leaf salad Yangon,bing,https://www.eatingwell.com/thmb/rWpkMa7XbEgPskgtRQdA0eYvyMU=/1500x0/filters:no_upscale():max_bytes(150000):strip_icc()/tea-leaf-salad-square-623708db995f4b09898af006967497cb.jpg,https://infoupdate.org/what-does-green-tea-leaf-look-like/,What Does Green Tea Leaf Look Like - Infoupdate.org,,verify at source,5baefd09ff67f38672b3e7e5cdfb97ccad97ce2cbcda267c6e3cc333f2f5a4e4,1500,1500,17540
laphet_thoke_90c5aaab1b01.jpg,train,Burmese fermented tea leaf salad,bing,https://www.veggiessavetheday.com/wp-content/uploads/2016/04/Burma-Superstar-Tea-Leaf-Salad-new-FI-1200.jpg,https://storage.googleapis.com/deaqmvwwhahbme/green-tea-leaf-salad-recipe.html,Green Tea Leaf Salad Recipe at Jackson Mcpherson blog,,verify at source,90c5aaab1b012c0486dc82c5a405ca719f88d914b85dad013be026bdfcd1185c,1200,1200,17310
laphet_thoke_4e14a15ff563.jpg,train,"""laphet thohk""",bing,https://fermentations.co.uk/wp-content/uploads/2023/04/Tea-leaves.jpg,https://fermentations.co.uk/laphet-learn-more-about-this-unique-burmese-flavour/,Laphet: Learn More About This Unique Burmese Flavour!,,verify at source,4e14a15ff563f6de68f5cb7160483b22e8d77de940a161457ff4c6df9a33d2f9,1024,1024,13969
laphet_thoke_cb3414bd093d.jpg,train,Mandalay tea leaf salad,bing,https://cdn.shopify.com/s/files/1/0750/2649/products/IMG-2524-PhotoRoom_grande.png?v=1666307985,https://www.myanmarfoodmart.com/products/copy-of-myanmar-lacquerware-tea-leaf-salad-serving-bold-8-inches-2,"Myanmar Lacquerware Tea Leaf Salad Serving Bold, 8 inches - 2 – Myanmar ...",,verify at source,cb3414bd093d04062fd4ac94db96fbb848357f2a98963202fdabe0250b05e803,600,600,8126
laphet_thoke_a1d87b65d456.jpg,train,"""lahpet thohk""",bing,https://lahpet.co.uk/wp-content/uploads/2020/05/tea-leaf-salad-recipe-kit.jpg,https://lahpet.co.uk/recipes/tea-leaf-salad/,TEA LEAF SALAD (Lahpet Thohk) - Lahpet,,verify at source,a1d87b65d4563247c9f3251e834e4e218218b23b19a65bb539038f3172fd6666,1920,1280,12395
laphet_thoke_633ae99d0077.jpg,train,"""lahpet thohk""",bing,https://somethingcurated.com/wp-content/uploads/2020/05/Lahpet-Kit-1-2048x1524.jpg,https://somethingcurated.com/2020/05/28/lahpets-dan-anton-shares-his-favourite-burmese-recipes-to-try-at-home/,Lahpet's Dan Anton Shares His Favourite Burmese Recipes To Try At Home ...,,verify at source,633ae99d0077cd1504860ab28ea0fa64972d8d9f2eae6629b70613b11492b52f,2048,1524,4142
laphet_thoke_1e621681d815.jpg,train,laphet thoke food,bing,https://journal.nicobar.com/wp-content/uploads/2023/01/45_1296x.jpg,https://journal.nicobar.com/tea-leaf-salad/,Burma Burma's Special Tea Leaf Salad • Nico Journal,,verify at source,1e621681d815e4fe14a28c19b784dcf3467ebf0435bc587d617f84ea47250992,1296,1296,12481
laphet_thoke_0a9e4580c720.jpg,train,tea leaf salad Yangon,bing,https://www.topasiatour.com/pic/myanmar/city/yangon/guide/tea-leaf-salad.jpg,https://www.topasiatour.com/myanmar/yangon/food-in-yangon.html,"Food in Yangon, What to eat in Yangon, Things to eat in Yangon",,verify at source,0a9e4580c720efb76ac11d6062ca438f890965a6bebf213da3b7f5a1f0ac1f13,600,450,15166
laphet_thoke_aacefb1ef44e.jpg,train,lahpet thoke Myanmar,bing,https://thumbs.dreamstime.com/b/burmese-tea-leaf-salad-style-traditional-pickled-known-as-lahpet-thoke-consisting-leaves-peanuts-165976396.jpg,https://www.dreamstime.com/burmese-tea-leaf-salad-which-also-called-la-phat-thote-myanmar-one-my-favourite-food-mandalay-myanmarburma-th-oct-n-image162289132,Burmese Tea Leaf Salad Which is Also Called `La Phat Thote` in Myanmar ...,,verify at source,aacefb1ef44e701a20eaa01f72df8cdbd778387762536ca28ce962e2c31d736d,675,900,14670
laphet_thoke_2f070a582bce.jpg,train,"""laphet thohk""",bing,https://asianinspirations.com.au/wp-content/uploads/2022/05/Fascinating-Flavours-Burmese-Laphet-Thohk.jpg,https://asianinspirations.com.au/food-knowledge/experience-the-fascinating-flavours-of-myanmar-laos-cambodia/,"Experience the Fascinating Flavours of Myanmar, Laos, & Cambodia ...",,verify at source,2f070a582bce7a3532426fac5aa2480cc9443450f792826306da5f3d4e8ca874,1000,600,13023
laphet_thoke_92e459c6d6d4.jpg,train,Burmese fermented tea leaf salad,bing,https://farm8.staticflickr.com/7375/16573896801_ec9a8f58d1_b.jpg,https://www.foodfashionparty.com/2015/03/10/burmese-tea-leaf-salad/,Burmese Tea Leaf salad | Food Fashion Party,,verify at source,92e459c6d6d4c1082a76803cb83cd22b809323444fce7206fb5c78663efe0eed,1024,683,13599
laphet_thoke_d2d57999f167.jpg,train,"""laphet thohk""",bing,https://assets.traveltriangle.com/blog/wp-content/uploads/2018/05/Laphet-Thohk1.jpg,https://traveltriangle.com/blog/burmese-food/,"Burmese Food Guide: What To Eat, And Where To Eat",,verify at source,d2d57999f1672f5b3a062a7cbcf12d570a52338c64dcedc778626bacbce85dda,700,467,14244
laphet_thoke_b46160e76975.jpg,train,lahpet thoke bowl,bing,https://www.veggiessavetheday.com/wp-content/uploads/2021/09/Burma-Superstar-Tea-Leaf-Salad-Composed-1200x1800-1.jpg,https://soya-nutrisi.blogspot.com/2020/11/a-plate-of-salad-and-air-soya.html,A Plate Of Salad And Air Soya - Soya Nutrisi,,verify at source,b46160e76975bcaa7050315e8a9b03c71b9b34ae10cc235a5b55bf395bedf61a,1200,1800,17133
laphet_thoke_7f7046e9a75c.jpg,train,"""lahpet thoke""",bing,https://holisticchefacademy.com/wp-content/uploads/2021/06/1-10-1024x683.jpg,https://holisticchefacademy.com/burmese-tea-leaf-salad-lahpet-thoke/,Burmese Tea Leaf Salad {Lahpet Thoke} - Holistic Chef Academy,,verify at source,7f7046e9a75cd330881019b47dcd5b5198d1b043377348f160915eafb2aa0645,1024,683,14566
laphet_thoke_90d69d548b2e.jpg,train,laphet thoke food,bing,https://www.shutterstock.com/shutterstock/photos/2232653005/display_1500/stock-photo-authentic-myanmar-and-chakma-food-named-laphet-thoke-laphaso-2232653005.jpg,https://www.shutterstock.com/search/lephet,"4 Lephet Images, Stock Photos & Vectors | Shutterstock",,verify at source,90d69d548b2eadc8ead79cc93c72ff213a8ae5b9338673cf0ea5443cf8b8d04a,1001,1600,11582
laphet_thoke_968f6d822834.jpg,train,lahpet salad Burma,bing,https://c8.alamy.com/comp/HWCFRY/traditional-burmese-lahpet-salad-made-out-of-fermented-tea-leaves-HWCFRY.jpg,https://www.alamy.com/stock-photo-traditional-burmese-lahpet-salad-made-out-of-fermented-tea-leaves-136114831.html,"Traditional Burmese Lahpet salad, made out of fermented tea leaves ...",,verify at source,968f6d8228348fbc75ad046b62807b30dc7f1fa0ceb1770352a396722daddc4e,1300,918,12833
laphet_thoke_ca67bd652cc4.jpg,train,"""laphet thohk""",bing,https://cdns.klimg.com/merdeka.com/i/w/news/2014/11/25/463812/content_images/670x335/20141125133915-1-laphet-thohk-002-tantri-setyorini.jpg,https://www.merdeka.com/gaya/laphet-thohk-lezatnya-salad-daun-teh-khas-myanmar.html,"Laphet Thohk, lezatnya salad daun teh khas Myanmar",,verify at source,ca67bd652cc4ef87ab93528693ca7f46931628f36159986772eb4bda0fa35eaa,600,430,14526
laphet_thoke_49a8f9f02be1.jpg,train,lahpet salad Burma,bing,https://i.pinimg.com/originals/7b/a8/ef/7ba8efcb09706c776625948a59ff914b.jpg,https://www.pinterest.com/pin/burmese-tea-leaf-salad-lahpetthohk-in-myanmar--475340935641190021/,Burmese Tea Leaf Salad (Lahpet-Thohk) in Myanmar,,verify at source,49a8f9f02be1c1a97c06d26adc8a9ecba76c6219377652cb61c200e5d915527b,1024,768,13475
laphet_thoke_f498eedad1ab.jpg,train,"""lahpet thoke""",bing,https://stat.ameba.jp/user_images/20240719/22/illustrated-diary/23/00/p/o1200080015465028162.png,https://ameblo.jp/illustrated-diary/entry-12860488976.html,ミャンマー、発酵茶葉のサラダ「Lahpet Thoke」 | えにっきの絵日記,,verify at source,f498eedad1ab3cf15ec1ebad75d100085f8911ddb673ac031e3c9be803379d9c,1200,800,10452
laphet_thoke_41e6b15ca268.jpg,train,lahpet thoke salad,bing,https://i.pinimg.com/736x/4f/35/1f/4f351fb47ee0fa954bddccb98f9ae350.jpg,https://www.pinterest.com/pin/lahpet-thoke-burmese-pickled-tea-leaves-salad--38069559341168532/,Lahpet Thoke (Burmese Pickled Tea Leaves Salad) | Tea leaf salad ...,,verify at source,41e6b15ca268b01118ea0395859936fa664fb4870ac1ac8dce40d8dd12e4448e,736,1104,8681
laphet_thoke_271a9c9cd952.jpg,train,"""Myanmar tea leaf salad""",bing,https://www.nationalgerichtrezepte.de/wp-content/uploads/2025/03/nationalgericht-myanmar-fermented-tea-leaf-salad-1742520933-8a4e.jpg,https://www.nationalgerichtrezepte.de/nationalgericht-myanmar-fermented-tea-leaf-salad-rezept/,Nationalgericht Myanmar: Fermented Tea Leaf Salad (Rezept),,verify at source,271a9c9cd9520afbd1d36692cbdbf4728f10ee716cc6f0d6b6442986118455f9,1024,1024,16097
laphet_thoke_a369ef44cd45.jpg,train,"""Burmese tea leaf salad""",bing,https://preview.redd.it/r7d6y0gpmyk91.jpg?auto=webp&s=64991f0e05e38b236e5f616799624a89a5c6f7f3,https://www.reddit.com/r/52weeksofcooking/comments/x21shh/week_35_burmese_tea_leaf_salad/,Week 35: Burmese- tea leaf salad : r/52weeksofcooking,,verify at source,a369ef44cd4570cfc0f8278d9dbf8c6df82c9b375df59b866f216bd635d0d07e,4032,3024,15286
laphet_thoke_148ce71c9fbe.jpg,train,laphet thoke recipe,bing,https://justlovecooking.com/wp-content/uploads/2026/01/Laphet-Thoke-Fermented-Tea-Leaf-Salad.jpg,https://justlovecooking.com/burmese-recipes/,35 Delicious Burmese Recipes for Authentic Flavors - Just Love Cooking,,verify at source,148ce71c9fbe86e7ee17ea2503efbf613f6f8e23fd2cd7592ff5a8ff048fd3a6,1024,768,17853
laphet_thoke_38ecd8ca03a7.jpg,train,tea leaf salad Yangon,bing,https://soupchick.s3.amazonaws.com/wp-content/uploads/2024/06/07125908/Tea-Leaf-Salad-Recipe07.webp,https://soupchick.com/tea-leaf-salad-recipe/,Delicious Tea Leaf Salad Recipe (An All-Time Favorite Dish) - Soup Chick,,verify at source,38ecd8ca03a7b70c5395aecc7b3db82fe1e0df14e49d4c8792e44d266032c6fe,683,1024,15160
laphet_thoke_528b62b855ed.jpg,train,"""lahpet thohk""",bing,https://i.ytimg.com/vi/xqjcoVDOUOY/maxresdefault.jpg,https://www.youtube.com/watch?v=xqjcoVDOUOY,Burmese National Delicacy: Tea Leaf Salad aka Lahpet Thoke | လက်ဖက်သုပ ...,,verify at source,528b62b855eddf4ecde216ed2e8a1ca8e0018656f209917fb18cfd32386d83e9,1280,720,8471
laphet_thoke_e8c84edfe6ab.jpg,train,"""laphat thoke""",bing,https://i.pinimg.com/originals/26/07/44/260744a3308fe84643241ec9c9cdde9b.jpg,https://www.pinterest.com/pin/traditional-laphat-thoke-salad-with-a-signature-crunch--88172105203763078/,Traditional Laphat Thoke Salad with a Signature Crunch | Asian cabbage ...,,verify at source,e8c84edfe6ab86fae3f85556a27bf407ccfbfbd601a29950ee41d3593869bdfa,512,640,15689
laphet_thoke_fd99d1665d97.jpg,train,traditional Burmese tea leaf salad,bing,https://i.redd.it/2r0h8tnlntb21.jpg,https://www.reddit.com/r/veganrecipes/comments/aid7sx/burmese_tea_leaf_salad/,Burmese Tea Leaf Salad : r/veganrecipes,,verify at source,fd99d1665d972795f2e519a12db33f8cecbf9c21f686590cf97bb54e08e09ef4,2048,1365,12945
laphet_thoke_f4cd33cb193b.jpg,train,"""Burmese tea leaf salad""",bing,https://i.pinimg.com/736x/21/17/fc/2117fc455f2d6d792e6ccd540de8a57b.jpg,https://www.pinterest.com/pin/burmese-tea-leaf-salad-recipe--623185667220224432/,Burmese Tea Leaf Salad Recipe,,verify at source,f4cd33cb193b2e7308c90482ce52c2198943056b3d748fe2454368ac7194885b,736,1104,16007
laphet_thoke_be0b90426548.jpg,train,Burmese fermented tea leaf salad,bing,https://i.pinimg.com/originals/0b/06/81/0b06817857e27989b350e84513ba5ba8.jpg,https://www.pinterest.com/pin/405605510185826574/,Now you can easily make the famous Burma Superstar Tea Leaf Salad at ...,,verify at source,be0b904265482912e78a430de07d47b5f27e2cc894eee364b41415c4d0ea095c,600,900,15392
laphet_thoke_1eac8a22fb17.jpg,train,laphet thoke restaurant,bing,https://dynamic-media-cdn.tripadvisor.com/media/photo-o/1a/b8/3d/bf/the-exterior.jpg?w=1200&h=-1&s=1,https://www.tripadvisor.com/Restaurant_Review-g294191-d15054049-Reviews-Laphet_Mania-Yangon_Rangoon_Yangon_Region.html,"LAPHET MANIA, Yangon (Rangoon) - Menu, Prices & Restaurant Reviews ...",,verify at source,1eac8a22fb1798a8626ebb4c2e1d58d8d23237497d9c28733bed03fafc4e52e7,1200,795,14933
laphet_thoke_c83ef17c8697.jpg,train,"""lahpet thoke""",bing,https://www.veryhungrynomads.com/wp-content/uploads/2024/04/very-hungry-nomads-Lahpet-Thoke-tea-leaf-salad-Myanmar-canva-933x700.jpg,https://www.veryhungrynomads.com/foods-in-burma/,20 Most Popular Foods in Burma (Food in Myanmar) | Very Hungry Nomads,,verify at source,c83ef17c8697e6543811a8b07dd6eefbd51bdc491516676c1c2001215d6ecd18,933,700,12119
laphet_thoke_8e9db0b575c3.jpg,train,"""Burmese tea leaf salad""",bing,https://thumbs.dreamstime.com/z/large-serving-burmese-tea-leaf-salad-yummy-salad-national-dish-myanmar-made-cabbage-tomatoes-chillies-272371336.jpg,https://www.dreamstime.com/large-serving-burmese-tea-leaf-salad-yummy-salad-national-dish-myanmar-made-cabbage-tomatoes-chillies-image272371336,A Large Serving of Burmese Tea Leaf Salad Stock Photo - Image of leaf ...,,verify at source,8e9db0b575c3c598491f477049abc0876dbfa11cad75a31f1c6cec2f123ffe5f,1600,1290,13601
laphet_thoke_f3d0ced0d984.jpg,train,"""lahpet thoke""",bing,https://media.istockphoto.com/id/1796846252/photo/traditional-burmese-tea-leaf-salad-with-fermented-green-tea-leaves-lahpet-thoke-a-traditional.jpg?s=1024x1024&w=is&k=20&c=_mUE9eBFdYb5SwtHCF6MxZQjlgy0578vgJf_ep_TqqY=,https://www.istockphoto.com/photo/traditional-burmese-tea-leaf-salad-with-fermented-green-tea-leaves-lahpet-thoke-a-gm1796846252-548207752,Traditional Burmese Tea Leaf Salad With Fermented Green Tea Leaves ...,,verify at source,f3d0ced0d984dae407720b1959d7eb82bb3476f509caf274c080437d12a6036b,1024,579,13283
laphet_thoke_25b931c3110b.jpg,train,tea leaf salad Yangon,bing,https://images.squarespace-cdn.com/content/v1/640b8b56b72e96653f1e4728/1679862248076-KCKV27J51Q43A5H6VGS3/tealeaf.jpg,https://www.tabatanyc.com/store/p/organic-green-tea-leaf-salad,Organic Green Tea Leaf Salad — Tabata Japanese Restaurant & Yakitori Bar,,verify at source,25b931c3110bf4d3cba70008092630943b0cebfb686955d3e557c43307838aa7,2500,1875,12388
laphet_thoke_e16967a9abba.jpg,train,laphet thoke recipe,bing,https://www.recipesbynatalia.com/wp-content/uploads/2026/04/f7jrqnmxd9zufy5gxukp.webp,https://www.recipesbynatalia.com/burmese-laphet-thoke-tea-leaf-salad/,Ultimate Burmese Laphet Thoke: Delicious Tea Leaf Salad,,verify at source,e16967a9abba90eff09e61a2e607e29ba76876cbe0c0acac457b2640871bb92a,1200,1600,16166
laphet_thoke_09943850b5d2.jpg,train,"""laphet thoke""",bing,https://i.pinimg.com/originals/bd/14/3f/bd143f4c70d9e7fe2a2900f101f59545.jpg,https://www.artofit.org/image-gallery/412783122107219319/a-shortcut-to-buzzy-burmese-tea-leaf-salad-laphet-thoke-viet-world-kitchen/,A shortcut to buzzy burmese tea leaf salad laphet thoke viet world ...,,verify at source,09943850b5d24fb5fe551b2c40cb767b92a817f30465b4e9422447b1ab5ef4e2,1080,1080,17417
laphet_thoke_d243500a64c7.jpg,train,tea leaf salad Burma,bing,https://2.bp.blogspot.com/-1cUHVYcGcOA/Vot5JmAqq_I/AAAAAAAA8G0/cjQ5AEvYzik/s1600/tea%2Bleaf%2Bsalad%2Bburma%2Bsuperstar.jpg,https://louisvilleofftrack.blogspot.com/2016/01/my-86-burmese-tea-leaf-salad.html,Louisville Off Track: My $86 Burmese Tea Leaf Salad,,verify at source,d243500a64c7249933f03e8766fdedd0c2858b428045188fc2598e813adefa12,1000,750,13690
laphet_thoke_6f1be55de25f.jpg,train,"""lahpet thoke""",bing,https://www.196flavors.com/wp-content/uploads/2016/10/lahpet-thoke-fermented-tea-leaf-salad-1-FP.jpg,https://www.196flavors.com/es/birmania-lahpet-thoke/,Lahpet Thoke - Receta Tradicional Birmana | 196 flavors,,verify at source,6f1be55de25f787fce4c5f5a0ab5083ee59c66ef9bc64224f6c1719e1a4ed676,600,600,13595
laphet_thoke_258773522aed.jpg,train,Myanmar lahpet salad,bing,https://thumbs.dreamstime.com/z/lahpet-burmese-pickled-tea-leaf-salad-cuisine-traditional-green-leaves-various-vagetables-nuts-one-most-popular-70121486.jpg,https://cartoondealer.com/image/70121486/lahpet-burmese-pickled-tea-leaf-salad.html,Lahpet Or Burmese Pickled Tea Leaf Salad Vector Illustration ...,,verify at source,258773522aed61a925f3796290f39efb69ca5ebce6637303ca91780b632519cc,1600,1512,9037
laphet_thoke_4cd1493a212b.jpg,train,Burma Superstar tea leaf salad,bing,https://i.pinimg.com/736x/f8/90/69/f890694e91210595a29b41d62f0e5c38.jpg,https://www.pinterest.com/pin/burma-superstar-tea-leaf-salad--238972323967462256/,"Burma Superstar Tea Leaf Salad | Recipe | Vegan salad recipes, Tea leaf ...",,verify at source,4cd1493a212b075df527a77cbb584e4079a230507c0ac0b43fb5ce2a1b3b3f53,600,900,15973
laphet_thoke_51dd9f1c7a0a.jpg,train,"""laphet thohk""",bing,https://blogger.googleusercontent.com/img/b/R29vZ2xl/AVvXsEiQOlXfee2HNSRehnzrjjM2_FGZNP33T1HdIe3w_G4eqnH2_XoBp099YfLBNEKF0d9JIm0ZDkM3HvdE7yoG2M7YBZPMWG8LDe5L42mqDxdhKGkjhc0hhqFsBiE7CIU1HoLyQeWTESMA6KYguK_W-fBUi2vqSApnBwYiKj8XIXMEgZG8FOmeWG7FN5GncEd5/s1080/459267810_18434069329071957_7860242982028045327_n.jpg,https://supersupergirl-dining.blogspot.com/2024/09/burmese-fare-at-laphet-larder.html,Supersupergirl's restaurant reviews: Burmese fare at Laphet Larder,,verify at source,51dd9f1c7a0ad912be91e327272ddfb72ea94b903b5dcb714d50d2dc79587319,1080,1080,11736
laphet_thoke_940d30a2ecaf.jpg,train,"""laphet thohk""",bing,https://i.ytimg.com/vi/ItEFVjoAujM/maxresdefault.jpg,https://www.youtube.com/watch?v=ItEFVjoAujM,Myanmar 🇲🇲 Cucumber 🥒 Laphet Thohk – Green Tea Salad - YouTube,,verify at source,940d30a2ecaf96253bf83794ab9d2091e15931412952d7d77068b797c2e7d551,1280,720,12326
laphet_thoke_f48424399dab.jpg,train,"""laphat thoke""",bing,https://i.ytimg.com/vi/v2VkwOjH-6g/hq720_2.jpg?sqp=-oaymwEkCI4CEOADSFryq4qpAxYIARUAAAAAJQAAyEI9AICiQ3gB0AEB&rs=AOn4CLBY4vlv46oZhqBcQmbnRHeG5zRVNA,https://www.youtube.com/shorts/v2VkwOjH-6g,လက်ဖက်သုပ်Laphat thoke 👩‍🍳👩‍🍳👩‍🍳 - YouTube,,verify at source,f48424399dabab70c0a70fb6fbb951918be399b941a47e3971f2c89fd7f55c45,405,720,11101
laphet_thoke_27231948d520.jpg,train,Yangon tea leaf salad,bing,https://images.squarespace-cdn.com/content/v1/58fc870d3a041197bb89a78f/1504253968712-SO83IBO2OLF1TP62FTDN/Vegan+Tea+Leaf+Salad.jpg,https://www.sabastreetfoodtours.com/blog/vegantealeafsalad,Make your own Vegan Tea Leaf Salad (Laphet Tho) — Sa Ba Street Food Tours,,verify at source,27231948d52052513237b5c05c33d3106e8c6b9c175a6f8a41114fe2f3743422,735,1102,17593
laphet_thoke_41f70a84d3a4.jpg,train,"""lahpet thohk""",bing,https://dynamic-media-cdn.tripadvisor.com/media/photo-o/10/bd/5c/9c/tea-leaf-salad-lahpet.jpg?w=900&h=500&s=1,https://www.tripadvisor.com/Restaurant_Review-g186338-d11996010-Reviews-Lahpet_Shoreditch-London_England.html,"LAHPET SHOREDITCH, London - Shoreditch - Menu, Prices & Restaurant ...",,verify at source,41f70a84d3a473224e525b21614d41d07ec852bdbff7df6500f3c6c02a0280e3,900,500,13912
laphet_thoke_178ef70079d2.jpg,train,"""lephet thoke""",bing,https://3.bp.blogspot.com/--he8T3efP8w/TsItFPXdkkI/AAAAAAAABQA/xppISNmrNP4/s1600/l4.JPG,https://moulmeinkitchen.blogspot.com/2011/11/burmese-fermented-tea-leaf-salad-lephet.html,Moulmein Kitchen: Burmese Fermented Tea Leaf Salad (Lephet Thoke),,verify at source,178ef70079d2e48ecd982e8ce20ad71368721e3764d7ce8cb420fbcdf115b71b,640,486,11895
laphet_thoke_be4dc8269cfc.jpg,train,"""laphet thoke""",bing,https://kobietawkrakowie.pl/wp-content/uploads/2023/05/Laphet_Thoke.jpg,https://kobietawkrakowie.pl/laphet-thoke-birmanska-salatka-z-fermentowanych-lisci-herbaty/,Laphet Thoke PRZEPIS birmańska sałatka z fermentowanych liści herbaty,,verify at source,be4dc8269cfc8f55137034990038736c0a6c3fe08c8e8b1cd12d12d82199dbe2,1000,617,9796
laphet_thoke_969e8d4d6641.jpg,train,Burmese fermented tea leaf salad,bing,https://thetasteedit.com/wp-content/uploads/2017/04/burma-superstar-fermented-tea-leaf-salad-hetastesf-1008643-3.jpg,https://salad-recipes.com/burma-superstar-fermented-tea-leaf-salad/,Burma Superstar Fermented Tea Leaf Salad – Easy Salad Recipes,,verify at source,969e8d4d664131bda001b8838524428c90d121fdabace4451e56cae68a45a8fc,2400,1603,14254
laphet_thoke_7065b0e13172.jpg,train,lahpet thoke bowl,bing,https://thumbs.dreamstime.com/z/authentic-burmese-tea-leaf-salad-lahpet-thoke-served-wooden-bowl-traditional-dish-featuring-fermented-leaves-mixed-nuts-329109733.jpg,https://cartoondealer.com/image/142499667/bowl-traditional-japanese-fermented-soybeans-called-natto.html,Bowl With Traditional Japanese Fermented Soybeans Called Natto Royalty ...,,verify at source,7065b0e13172573fdc639215bd872ebf769fc286c3d51d857de20be08a6bc45b,1205,1690,13506
laphet_thoke_ceef2e8dfd3e.jpg,train,lahpet thoke salad,bing,https://i.pinimg.com/originals/c9/c6/41/c9c641d73d62c7f26e5be03c5b4f1f85.jpg,https://www.pinterest.com/pin/655344183318033141/,How to make Burmese Tea Leaf Salad (Lahpet-thok) ยำใบชาดองพม่า (လက်ဖက ...,,verify at source,ceef2e8dfd3e8ccab0fbe7b9896a749a61703342ed6e8e680d19783adb2379df,1280,719,15056
laphet_thoke_3be3d236da30.jpg,train,lahpet thoke restaurant,bing,https://www.myglobalviewpoint.com/wp-content/uploads/2024/02/Lahpet.jpg,https://www.myglobalviewpoint.com/unique-restaurants-in-the-uk/,Unique Restaurants in the UK: 12 Quirky Places to Eat in Britain,,verify at source,3be3d236da3030f29de640b6426c669b3838cb9d4d3820575c899c892ec8e5d8,800,530,12233
laphet_thoke_58899c63a6e3.jpg,train,"""lahpet thoke""",bing,https://triply.ro/wp-content/uploads/2023/04/lahpet-thoke.webp,https://triply.ro/preparate-traditionale-spectaculoase-din-diverse-culturi/,🌍 Delicii Ascunse: Preparate Tradiționale Mai Puțin Cunoscute din ...,,verify at source,58899c63a6e3c7a7f3ac5b1f9e34db5057ca1f467e1fcf1bc1540b07268f0ba9,1000,563,13057
laphet_thoke_131e6ca6e9e7.jpg,train,lahpet thoke recipe,bing,https://images.food52.com/hfXTEW3Ep6Fc1eb5_44V-T0VS_0=/750x500/15d0ad6f-b11e-4031-8b7a-ea220df0404a--IMG_20141209_175537.jpg,https://food52.com/recipes/32376-burmese-tea-leaf-salad-lahpet-thoke,Best Burmese Tea Leaf Salad Recipe - How to Make Lahpet Thoke,,verify at source,131e6ca6e9e7fc05d2d7c4f7f5ff0749fd1bf6d7ac578d975f2e37c05142dacf,750,500,15665
laphet_thoke_c69a9d785a8a.jpg,train,tea leaf salad Burma,bing,https://i.pinimg.com/736x/5e/99/7b/5e997b31b706d22e9a2e0e38eaf287db.jpg,https://in.pinterest.com/pin/burmese-tea-leaf-salad--374009944071918849/,Burmese Tea Leaf Salad Recipe,,verify at source,c69a9d785a8af30ae70f7c81996dbbbb859e6e980d3f0baee2a1ed0b8182464f,736,1308,13754
laphet_thoke_73dac3432740.jpg,train,laphet thoke recipe,bing,https://i.pinimg.com/474x/c4/1e/89/c41e8915ed705e4c7d1e16821227ce6e.jpg,https://www.pinterest.com/pin/245305510948629456/,A Shortcut to Buzzy Burmese Tea Leaf Salad (Laphet Thoke) - Viet World ...,,verify at source,73dac3432740cf40bbbcb5f73b11dc9134ad2b9e37c769f87f96c6c21441f5f4,474,474,18648
laphet_thoke_5bb9a078dfa5.jpg,train,lahpet thoke restaurant,bing,https://www.nickkembel.com/wp-content/uploads/2019/01/lahpet-thoke-fermented-tea-leaf-salad.jpg,https://www.nickkembel.com/taipei-burma-street/,"A Food Tour of Burma Street in Zhonghe, New Taipei City | Spiritual Travels",,verify at source,5bb9a078dfa5525e5a913bb3b587db8954a249fff9c1c3b989aea8d05a92dbd6,1000,750,13055
laphet_thoke_ce9c058b86b5.jpg,train,lahpet thoke plate,bing,https://www.nationalgerichtrezepte.de/wp-content/uploads/2024/12/nationalgericht-myanmar-lahpet-1734445357-8390-768x768.jpg,https://www.nationalgerichtrezepte.de/nationalgericht-myanmar-lahpet-thoke-rezept/,Nationalgericht Myanmar: Lahpet Thoke (Rezept),,verify at source,ce9c058b86b5cb9f3f1d75b7bc9db75ebffd8ebb2ffcca49d2930adf154b4e51,768,768,17583
laphet_thoke_22bcf1b74774.jpg,train,Burmese fermented tea leaf salad,bing,https://i.ytimg.com/vi/TbHMxB3yE1M/maxresdefault.jpg,https://www.youtube.com/watch?v=TbHMxB3yE1M,BURMESE TRADITIONAL FOOD||Burmese Fermented Tea Leaf Salad * Myanmar ...,,verify at source,22bcf1b74774e533611c429f2e1dfdac94e52c091b52e03f7d3a8413b9640d5d,1280,720,14628
laphet_thoke_2f63b4fbd3d3.jpg,train,lahpet thoke Myanmar,bing,https://holisticchefacademy.com/wp-content/uploads/2025/01/Homemade-Pasta-Dough-Neated-1-1024x1024.jpg,https://holisticchefacademy.com/burmese-tea-leaf-salad-lahpet-thoke/,Burmese Tea Leaf Salad {Lahpet Thoke} - Holistic Chef Academy,,verify at source,2f63b4fbd3d3fe19b8f908a11ffa84d59f46fddc72507e8e75f61af3cc848a82,1024,1024,10050
laphet_thoke_d53f6c7de96c.jpg,train,lahpet thoke restaurant,bing,"https://cdn.thefork.com/tf-lab/image/upload/w_640,c_fill,q_auto,f_auto/customer/ad7d77c3-a6c1-4cdb-9ac5-0f1876a6e9c2/41967881-95d5-4349-84ad-960e165f7343.jpg",https://www.thefork.co.uk/restaurant/lahpet-shoreditch-r815563,"Lahpet Shoreditch in London - Restaurant Reviews, Menus, and Prices ...",,verify at source,d53f6c7de96c2691018a9508c04774d55e6bff1f7c0f097e4045f059d1ca13c1,640,1137,10481
laphet_thoke_eb094c7a9abb.jpg,train,Myanmar lahpet salad,bing,https://www.shutterstock.com/shutterstock/photos/1050564767/display_1500/stock-photo-closeup-burmese-tea-leaf-salad-or-lahpet-in-a-wooden-plate-with-wild-betel-leaves-on-a-light-wooden-1050564767.jpg,https://www.shutterstock.com/search/burmese-vegetarian-cuisine,"568 Burmese Vegetarian Cuisine Images, Stock Photos & Vectors ...",,verify at source,eb094c7a9abb20e7c8f90510836af396d547d96da789cbab5b8ed695a4a9b495,1500,1225,12813
laphet_thoke_bc665f8ca83b.jpg,train,lahpet thoke plate,bing,https://i1.wp.com/tching.com/wp-content/uploads/2017/10/Post1.jpg?resize=1024%2C768&ssl=1,https://tching.com/2017/10/burmese-tea-leaf-salad/,Burmese tea leaf salad - Tea Places T Ching,,verify at source,bc665f8ca83b3d25126d9a938414f2a3c63444bd7d080d79f4d7a3d11bbbd642,1024,768,12248
laphet_thoke_85afe34d0479.jpg,train,"""laphat thoke""",bing,https://images.squarespace-cdn.com/content/v1/5d828ae38dcc450b79c91438/1596216118916-YMMK7B29J5WRK620F1L6/Laphet+thoke.jpg,https://www.sandysmyanmarcuisine.com/order-online/laphat-thoke,Laphat Thoke — Sandy's Myanmar Cuisine,,verify at source,85afe34d0479af99a723f28224c06972c718abb2362351a24938e8eb0597e17e,2500,3149,13068
laphet_thoke_a8cafe246971.jpg,train,lahpet thoke Myanmar,bing,https://www.internationalcuisine.com/wp-content/uploads/2017/05/Myanmar-Green-tea-salad_-e1496260881287.jpg,https://www.internationalcuisine.com/fermented-green-tea-salad/,Fermented Green Tea Salad (Lahpet Thoke) - International Cuisine,,verify at source,a8cafe246971b1d3103ec71c8f39014faa98afdcc80b9b58cb8e3f376ca61410,724,1084,15618
laphet_thoke_1b47c71235f6.jpg,train,lahpet thoke traditional dish,bing,https://i.pinimg.com/originals/44/58/13/4458136154fe65f56f444305ecf3b874.jpg,https://ca.pinterest.com/pin/burmese-tea-salad-lahpet-thoke-recipe--873628027699489867/,"Recipe: Burmese Tea Salad (Lahpet Thoke) | Cooking dishes, Vegetarian ...",,verify at source,1b47c71235f6133d2e4164d2adc1cb06a194f3fbf7c9131a4b8f123a25456ce0,600,400,13204
laphet_thoke_e5129b70472d.jpg,train,"""lahpet thoke""",bing,https://apprivals-insecure.b-cdn.net/applications/npnews-mm/news_articles/660a3a17a5d6bc00f42334fa/banner-660a3a17a5d6bc00f42334fa-x800.jpg,https://npnewsmm.com/news/660a3a17a5d6bc00f42334fa,Tea Leaf salad or Lahpet Thoke Myanmar's traditional appetizer attracts ...,,verify at source,e5129b70472d0c8ef71b66a4e1a7ef95d1559bb689521d31c0e7f7716f0f221c,1200,800,13733
laphet_thoke_afee21b5ff37.jpg,train,"""lahpet thoke""",bing,https://blogger.googleusercontent.com/img/b/R29vZ2xl/AVvXsEhpI8djIhVBry2m7lizW0aeQHVPbCPViZARalb-ITbdjJrfGYRhtP2tWX-7cNmR4XHlkbJleXWUwEv0V9V94F3b2sqDCzZEJIUlLoYeuYld3ylRIouMpng_DaBg0QscZC3BspsvHgaue630CgLbS4YgStfajV6VeROvt6N7Jgps6m1yLJEmoErtSWVY/s4096/Tea Leaf Salad.jpeg,https://johorkaki.blogspot.com/2023/05/history-of-myanmar-burma-for-foodies.html,History of Myanmar / Burma for Foodies National Dish Mohinga & Lahpet ...,,verify at source,afee21b5ff374209679add6a433c1acdc4869070bbb988e0c62e7bc4eb522d9f,4096,3072,12684
laphet_thoke_9c999ff38f57.jpg,train,laphet thoke traditional dish,bing,https://travel-myanmar.net/wp-content/uploads/2020/06/Laphet-Thoke.jpg,https://travel-myanmar.net/blog/10-typical-dishes-in-myanmar/,10 Typical dishes in Myanmar » Travel Myanmar,,verify at source,9c999ff38f5764a37872278a7a43f87c537f0516c7b889ce16ccf6014c09a76c,1024,755,13979
laphet_thoke_298fa4310043.jpg,train,"""lahpet thohk""",bing,"https://res.cloudinary.com/tf-lab/image/upload/w_520,h_520,c_fill,q_auto,f_auto/restaurant/72915023-7308-4db7-b65f-9797e40427bd/f142ac5b-4097-4bdd-a3e4-9338d9fc61c5.jpg",https://www.thefork.nl/restaurant/lahpet-west-end-r815570/menu,Menu 2025 - Lahpet Covent Garden in Londen | TheFork,,verify at source,298fa431004320f419ad4989ceac42369497a5e9d1b39103dd2a73628252469f,520,520,12839
laphet_thoke_26442fcb9842.jpg,train,lahpet thoke traditional dish,bing,https://i.ytimg.com/vi/-MB-bL69lAw/maxresdefault.jpg,https://www.youtube.com/watch?v=-MB-bL69lAw,Burmese Tea Leaf Salad or Lahpet Thoke | Myanmar dish - YouTube,,verify at source,26442fcb9842b77c2a3aacd6a10e06d654d8d247f2c2336b4157cb98d2987d20,1280,720,14115
laphet_thoke_3388417e2134.jpg,train,"""lahpet thoke""",bing,https://c8.alamy.com/comp/2H94R64/lahpet-thoke-or-burmese-tea-leaf-salad-a-classic-dish-from-myanmar-2H94R64.jpg,https://www.alamy.com/lahpet-thoke-or-burmese-tea-leaf-salad-a-classic-dish-from-myanmar-image453107484.html,Lahpet Thoke or Burmese tea leaf salad. A classic dish from Myanmar ...,,verify at source,3388417e213458cce75a6772074a3b663f62f077eaf9bdbb9b52861f10349f5f,1300,956,15953
laphet_thoke_3b0b07929c37.jpg,train,"""lahpet thohk""",bing,https://180c.fr/wp-content/uploads/2019/01/Thé-fermenté-et-jeune-femme-préparant-la-salade.jpg,https://www.180c.fr/la-gazette/reportages/lahpet-thohk-la-salade-de-the/,"Lahpet thohk, la salade de thé - 180°C La revue culture food",,verify at source,3b0b07929c37dc0f4de78b58f35f347b32b98f0fe4f26271ad61c0b22ecab642,1334,1000,14884
laphet_thoke_60a3336cf63e.jpg,train,lahpet thoke salad,bing,https://zataka.co.uk/cdn/shop/collections/DALL_E_2024-08-05_21.42.55_-_A_traditional_Burmese_tea_leaf_salad_Lahpet_Thoke_served_in_a_decorative_lacquerware_dish._The_dish_is_divided_into_compartments_featuring_fermente.webp?v=1722890905&width=1500,https://zataka.co.uk/,Zataka,,verify at source,60a3336cf63e79d7aed647cb78036083c2638522291b7cf71165132973026175,1500,857,19337
laphet_thoke_6e995897efb2.jpg,train,"""lahpet thoke""",bing,https://holisticchefacademy.com/wp-content/uploads/2021/06/burmese-tea-leaf-salad-1200-1200-1024x1024.jpg,https://holisticchefacademy.com/burmese-tea-leaf-salad-lahpet-thoke/,Burmese Tea Leaf Salad {Lahpet Thoke} - Holistic Chef Academy,,verify at source,6e995897efb25c75dbc6b6838af09049ad55a44542b73e4ccd36e7d8745be145,1024,1024,15129
laphet_thoke_644f005b06ec.jpg,train,lahpet thoke salad,bing,https://1.bp.blogspot.com/-PZbjEmEcMxE/WQlMwibEZPI/AAAAAAAA2hM/UuiaptIrKW0ZBHURikfiEdyrrrGMP6tfwCLcB/s1600/DSC_0096.JPG,https://culinary-adventures-with-cam.blogspot.com/2017/05/lahpet-thoke-fermented-tea-leaf-salad.html,Lahpet Thoke (Fermented Tea Leaf Salad) #FoodieExtravaganza,,verify at source,644f005b06ecb1a6532a730e4604f48cb541873c16bc6214808816859d7d3449,1600,1071,12562
laphet_thoke_05fe72fa75fc.jpg,train,Burmese fermented tea leaf salad,bing,https://parade.com/.image/t_share/MTkwNTgwOTgyOTkxOTU1MDY5/burma-superstar-famous-tea-leaf-salad-brumese.jpg,https://parade.com/1196342/kelli-acciardo/burmese-tea-leaf-salad/,Best Burmese Tea Leaf Salad Recipe - How to make Burmese Tea Leaf Salad ...,,verify at source,05fe72fa75fc6fcd22ec980630f046824e13a0004445149e58955710fa0cb6ef,1024,1024,15772
laphet_thoke_d18f04943557.jpg,train,laphet thoke restaurant,bing,https://www.cityam.com/wp-content/uploads/2023/12/saltie.jpg,https://ten-membership.com/londons-best-hidden-restaurants/,"London’s best hidden restaurants, from Saltie Girl to Laphet | Dining x ...",,verify at source,d18f049435572feea2e247e1ec4efc5e7c4dcd18b97d31b6fa4e17eb8b675d42,960,600,12961
laphet_thoke_aedeb524cdc7.jpg,train,Myanmar lahpet salad,bing,https://burmawalakitchen.com/wp-content/uploads/2024/05/Laphet-4-450x600.jpg?crop=1,https://burmawalakitchen.com/recipe/lahpet/,Lahpet – Burmese Tea Leaf Salad – Burmawala Kitchen,,verify at source,aedeb524cdc7df0d8d95f635578388f1c98caa4c429f6811b972ba060dcbf64e,450,600,16358
laphet_thoke_8498b8015bf7.jpg,train,"""laphet thoke""",bing,https://www.lasiankitchen.com/wp-content/uploads/2018/07/laphet_thoke-fermented_green_tea_salad.jpg,https://www.lasiankitchen.com/gallery/,Gallery – lasian kitchen,,verify at source,8498b8015bf7f0fe207f4bf5a9c8bede97801dc81cea8ffd96b679fdd40ae688,1917,1406,16177
laphet_thoke_0fa8650b06aa.jpg,train,lahpet thoke traditional dish,bing,https://www.shutterstock.com/image-photo/thai-southern-traditional-stylespicy-roasted-260nw-650480191.jpg,https://www.shutterstock.com/image-photo/tea-leaf-salad-lahpet-thoke-myanmar-2223485489,Tea Leaf Salad Lahpet Thoke Myanmar Stock Photo 2223485489 | Shutterstock,,verify at source,0fa8650b06aa6f49018514a06debd7d6aeffd3f26b36185246fef53e3b645df6,390,280,8093
laphet_thoke_a60d971bdc00.jpg,train,Burmese fermented tea leaf salad,bing,https://3.bp.blogspot.com/-VoSdv7-wUVM/T1kDGdSORrI/AAAAAAAAHL8/qOLzLrJnJKI/s1600/Salad2.jpg,https://culinary-adventures-with-cam.blogspot.com/2019/05/lephet-thoke-burmese-fermented-tea-leaf.html,Lephet Thoke (Burmese Fermented Tea Leaf Salad) #OurFamilyTable,,verify at source,a60d971bdc00921ebb188b6f949fd499b6d109b1c925b9ed6f089b7cf9c53631,1600,1071,14770
laphet_thoke_8879fa2064fa.jpg,train,"""laphet thoke""",bing,https://thumbs.dreamstime.com/z/laphet-thoke-myanmar-fermented-tea-leaf-salad-often-mixed-nuts-seeds-other-ingredients-laphet-thoke-traditional-burmese-296957281.jpg,https://www.dreamstime.com/laphet-thoke-myanmar-fermented-tea-leaf-salad-often-mixed-nuts-seeds-other-ingredients-laphet-thoke-traditional-burmese-image296957281,"Laphet Thoke - Myanmar - Fermented Tea Leaf Salad, Often Mixed with ...",,verify at source,8879fa2064fa933931a14b3d47fbfe37cd7e453a7cb5118307501c7e113e1612,1600,1156,12985
laphet_thoke_ab17f3c73053.jpg,train,tea leaf salad Burma,bing,"https://res.cloudinary.com/the-infatuation/image/upload/c_fill,w_3840,ar_4:3,g_center,f_auto/images/Burma_Love_Tea_Leaf_Salad_3_f1e9jp",https://www.theinfatuation.com/san-francisco/guides/best-tea-leaf-salad-sf,The SF Tea Leaf Salad Power Rankings - San Francisco - The Infatuation,,verify at source,ab17f3c730538bc38c3913afd7c643f1d30ed27aac014b9b504e9ac2adda2d73,3840,2880,16603
laphet_thoke_c9e1a4fed84c.jpg,train,tea leaf salad Yangon,bing,https://c8.alamy.com/comp/FAR1Y0/tea-leaf-salad-served-in-an-ornate-bowl-in-yangon-myanmar-burma-FAR1Y0.jpg,https://www.alamy.com/stock-photo-tea-leaf-salad-served-in-an-ornate-bowl-in-yangon-myanmar-burma-92704836.html,"Tea leaf salad served in an ornate bowl in Yangon, Myanmar (Burma Stock ...",,verify at source,c9e1a4fed84ceb0ff7dd74838ede6d4fc12f08a132a7fe79aa1fa958f7280d1d,866,1390,17047
laphet_thoke_d6d06de5dd60.jpg,train,lahpet thoke Myanmar,bing,https://thumbs.dreamstime.com/b/burmese-tea-leaf-salad-mixed-ingredient-lahpet-thoke-name-ofx-famous-fermented-myan-mar-decorate-vegetable-chili-210600888.jpg,https://www.dreamstime.com/burmese-tea-leaf-salad-mixed-ingredient-lahpet-thoke-name-ofx-famous-fermented-myan-mar-decorate-vegetable-chili-image210600888,"Burmese Tea Leaf Salad Mixed Stock Photo - Image of gourmet, burma ...",,verify at source,d6d06de5dd60ea9b79f3c1b51e8dafd521b8e5c8dc7809dee6c8fa3ccc497596,800,486,13346
laphet_thoke_4165b9011df2.jpg,train,Burmese pickled tea leaf salad,bing,https://c8.alamy.com/comp/FB9JM3/traditional-burmese-lahpet-salad-is-made-out-of-pickled-fermented-FB9JM3.jpg,https://www.alamy.com/stock-photo/laphet.html,Laphet hi-res stock photography and images - Alamy,,verify at source,4165b9011df258e152daf3f0ff83e8a1a9072fc6949469a032e4051c1e8dda8c,1300,957,12850
laphet_thoke_fa6bdfab17e9.jpg,train,"""laphat thoke""",bing,https://i.ytimg.com/vi/6tBBUcBHu_8/maxresdefault.jpg?sqp=-oaymwEmCIAKENAF8quKqQMa8AEB-AG2CIACgA-KAgwIABABGHIgSygzMA8=&rs=AOn4CLCfYHVtHg-CNTBAYwqRC7yCguFvnA,https://www.youtube.com/watch?v=6tBBUcBHu_8,Let’s prepare Laphat thoke | လက်ဖက်သုတ် လုပ်စားကြမယ် - YouTube,,verify at source,fa6bdfab17e974003a29146fb39a18b1bc4cfec86956a9147881f6dad52795fd,1280,720,8278
laphet_thoke_fbf035b89248.jpg,train,Rangoon tea leaf salad,bing,https://healthyhkg.com/wp-content/uploads/2020/09/Club-Rangoon-Tea-Leaf-Salad-Hong-Kong.jpg,https://healthyhkg.com/6-healthy-hong-kong-dishes-fall-2020/,5 healthy Hong Kong dishes to order this fall – Healthy Hong Kong (HKG),,verify at source,fbf035b892486461a35d1443d2ee5d7b401af46995bdadef7542aaffd592ff0b,1080,1350,11994
laphet_thoke_eb744c9e8601.jpg,train,traditional Burmese tea leaf salad,bing,https://s.hdnux.com/photos/36/15/64/7920936/33/1200x0.jpg,https://www.sfchronicle.com/food/article/Tea-leaf-salad-3-ways-6251419.php,Tea leaf salad 3 ways,,verify at source,eb744c9e86015eeb11bcd9704337f391e2dfa06ddd56c22749cef41110fbf629,1200,823,11895
laphet_thoke_64946ab52f94.jpg,train,Burmese fermented tea leaf salad,bing,https://thumbs.dreamstime.com/b/hand-tossing-burmese-tea-leaf-salad-fermented-leaves-crispy-beans-bright-colors-create-inviting-atmosphere-kitchen-380995142.jpg?w=576,https://www.dreamstime.com/hand-tossing-burmese-tea-leaf-salad-fermented-leaves-crispy-beans-bright-colors-create-inviting-atmosphere-kitchen-image380995142,Hand-tossing Burmese Tea-leaf Salad with Fermented Leaves and Crispy ...,,verify at source,64946ab52f941f10d2eb240ddc483cee2aa0aa37f25fa2749fd55bce35ba9dca,576,865,15068
laphet_thoke_4d3ddaad94ad.jpg,train,"""lahpet thoke""",bing,https://www.shutterstock.com/image-photo/pad-thai-260nw-295066628.jpg,https://www.shutterstock.com/image-photo/tea-leaf-salad-lahpet-thoke-myanmar-2223485489,Tea Leaf Salad Lahpet Thoke Myanmar Stock Photo 2223485489 | Shutterstock,,verify at source,4d3ddaad94ad024695de7a40d290591b290f2c9fe63c632bd8d4dabf9aa9d71b,390,280,10923
laphet_thoke_212d49c32384.jpg,train,tea leaf salad Burma,bing,https://s.hdnux.com/photos/75/15/57/16047065/10/rawImage.jpg,https://www.sfchronicle.com/cooking/article/Recipe-Burma-Superstar-s-Tea-Leaf-Salad-14367941.php,Recipe: Burma Superstar’s Tea Leaf Salad,,verify at source,212d49c323845778ed60ab3e2ed53597aa4577101d92e23af6f80763b8a000ce,2048,1536,15729
laphet_thoke_caabf4664011.jpg,train,lahpet thoke Myanmar,bing,https://whattocooktoday.com/wp-content/uploads/2017/08/IMG_2387.jpg,https://whattocooktoday.com/lahpet-thoke-burmese-pickled-tea-leaves-salad.html,Lahpet Thoke (Burmese Fermented Tea Leaves Salad),,verify at source,caabf46640117418e11240edb4fdec644d1c484b1c4d6492db12aad6248ee410,750,1125,4479
laphet_thoke_9a8c7306f4c8.jpg,train,tea leaf salad Burma,bing,https://fithealthspot.com/wp-content/uploads/2023/11/Untitled-800-x-800-px-Website-715-x-400-px-750-x-400-px-1024-x-576-px-90.webp,https://fithealthspot.com/ultimate-guide-tea-leaf-salad/,Tea Leaf Salad: A Deep Dive into Burma's Culinary Gem - Fit Health Spot,,verify at source,9a8c7306f4c89f0c6fa31d5197dbb9e52870970cdb3a33f97972d7944cce5ed5,1024,576,14118
laphet_thoke_cf9841338004.jpg,train,lahpet thoke restaurant,bing,https://food-touring.com/wp-content/uploads/2014/03/img_5105.jpg?w=1400&h=882,https://food-touring.com/2014/03/28/burma-lahpet-thoke/,Burma: Lahpet Thoke | Food Touring,,verify at source,cf98413380040da8cf084bc931a31acba8fa6b6e451d6705d71b63d9afa884c4,1400,881,17202
laphet_thoke_425a6168d744.jpg,train,"""laphet thoke""",bing,https://www.atravel.blog/content/images/recipes/laphet-thoke.webp,https://www.atravel.blog/post/laphet-thoke-recipe,Laphet Thoke Recipe - A Travel Blog,,verify at source,425a6168d744228f636c7c4d6060ed45e370e5899971c126475bbcd5fad5155a,600,400,14107
laphet_thoke_a26c83e615d9.jpg,train,"""lahpet thohk""",bing,"https://res.cloudinary.com/tf-lab/image/upload/w_500,h_500,c_fill,g_auto:subject,q_auto,f_auto/restaurant/72915023-7308-4db7-b65f-9797e40427bd/c1cd4fb1-5a9d-4b16-8438-0c0213e86773.jpg",https://www.thefork.nl/restaurant/lahpet-west-end-r815570/menu,Menu 2025 - Lahpet Covent Garden in Londen | TheFork,,verify at source,a26c83e615d9f041ca0c16304ad55a131166a9a4a7e8001f1a77e034840e80fb,500,500,12248
laphet_thoke_7ca08b8c0b45.jpg,train,lahpet thoke Myanmar,bing,https://whattocooktoday.com/wp-content/uploads/2017/08/IMG_2382-750x500.jpg,https://whattocooktoday.com/lahpet-thoke-burmese-pickled-tea-leaves-salad.html,Lahpet Thoke (Burmese Fermented Tea Leaves Salad),,verify at source,7ca08b8c0b455b605f6af2c36abb6a2912abe053083e0832a6f54885e5cfb8d2,750,500,12059
laphet_thoke_a4ac6012ec0f.jpg,train,laphet thoke recipe,bing,https://ethnojunkie.com/wp-content/uploads/2017/07/Laphet-Thoke-768x576.jpg,https://ethnojunkie.com/?cat=13,Recipes | Ethnojunkie,,verify at source,a4ac6012ec0f83f06b5bad3363a509fe72446d6e5fd51e307cd6fc86a72ed3ad,768,576,12264
laphet_thoke_7b60b6c1ace0.jpg,train,"""lahpet thohk""",bing,https://www.giunca.com/EdWorld/wp-content/uploads/2016/08/lahpet_thohk-600x565.jpg,https://www.giunca.com/EdWorld/2016/08/29/sneak-some-street-food-snacks-in-myanmar-part-ii/,Sneak Some Street Food Snacks in Myanmar~ Part II – 180 Books Blog,,verify at source,7b60b6c1ace01aff10853f3fda60bf747186859dfcd673279486217a86ae8f92,600,565,15043
laphet_thoke_0365e31878bd.jpg,train,tea leaf salad peanuts sesame tomatoes,bing,https://thumbs.dreamstime.com/z/exploring-lahpet-thoke-traditional-burmese-fermented-tea-leaf-salad-myanmar-food-outdoor-culinary-art-discover-flavors-367915693.jpg,https://cartoondealer.com/image/367915693/exploring-lahpet-thoke-traditional-burmese-fermented-tea-leaf-salad-myanmar-food-outdoor-culinary-art.html,Exploring Lahpet Thoke Traditional Burmese Fermented Tea Leaf Salad ...,,verify at source,0365e31878bd4287cfbe41db96aef799dad53485791baac83f70290a73992207,1600,987,16141
laphet_thoke_922684101097.jpg,train,pickled tea leaves salad Burmese food,bing,https://i.pinimg.com/originals/69/43/a0/6943a09887b867994fab0da1e41a0e56.jpg,https://www.pinterest.com/pin/lytealeafsalad--184788390931679370/,LYTeaLeafSalad | Burmese Pickled Tea Leaf Salad with Cabbage,,verify at source,9226841010973116e62cfb3b27a9104cb80a124f8e21af2109a1ea5b2d57f847,640,480,13997
laphet_thoke_c201a41cc61e.jpg,train,"""laphat thoke""",bing,https://images.squarespace-cdn.com/content/v1/5d828ae38dcc450b79c91438/1598215609216-WZERF8BHC9TPZ9UR7F67/Laphet+Thoke+with+Laquareware..jpg,https://www.sandysmyanmarcuisine.com/,Sandy's Myanmar Cuisine,,verify at source,c201a41cc61e12264a102667f8c7263b517b7b4e7adec0c23605e83437def458,1200,1600,15198
laphet_thoke_4d2be5b772c2.jpg,train,"""lahpet thohk""",bing,https://lahpet.co.uk/wp-content/uploads/sb-instagram-feed-images/449866056_1639721923472768_4909209434950974031_nfull.jpg,https://lahpet.co.uk/menus/express-lunch-menu-west-end/,Express Lunch & Pre-theatre Menu - West End - Lahpet,,verify at source,4d2be5b772c21803ad956517659a7711b5c63412219445aeaed8eb567d09e8aa,640,960,12010
laphet_thoke_4c811aec86ae.jpg,train,"""lahpet thoke""",bing,https://d2s742iet3d3t1.cloudfront.net/menu_service/restaurants/30bdb45b-6a5d-4015-a4e0-c62d3060ae6c/MenuItem/3b0653ae-6139-4e41-832f-4b06eb51d7eb.jpg?size=medium,https://order.toasttab.com/online/mandalay-kitchen-383-university-ave-w/item-lahpet-thoke-tea-leaf-salad-v_71dec1b3-7db6-406b-b35b-719116d9a2bc,Mandalay Kitchen - Lahpet Thoke (Tea Leaf Salad) (V)*,,verify at source,4c811aec86aedd6ba054e36c7e3ed871679e5b701493cf4a33d53ceadf042650,540,720,16345
laphet_thoke_2ca55b766e5e.jpg,train,"""laphet thoke""",bing,https://indochinacharmtravel.com/wp-content/uploads/2023/08/Laphet-Thoke-Fermented-Tea-Leaf-Salad.jpg,https://indochinacharmtravel.com/myanmar-food-culture-things-to-read-before-traveling/,Myanmar Food Culture – Things to Read Before Traveling,,verify at source,2ca55b766e5eb4f16dc7b1c7201e9114a7f7ef7a2be51cf8eeca0047da064708,1000,800,15041
laphet_thoke_31a35a778173.jpg,train,tea leaf salad Yangon,bing,https://soupchick.s3.amazonaws.com/wp-content/uploads/2024/06/07125830/Tea-Leaf-Salad-Recipe02.webp,https://soupchick.com/tea-leaf-salad-recipe/,Delicious Tea Leaf Salad Recipe (An All-Time Favorite Dish) - Soup Chick,,verify at source,31a35a778173df80302c7e7d2692021d7274aa361496ea559f6588ed64408aa2,1024,1024,11971
laphet_thoke_3e20981782cc.jpg,train,"""Burmese tea leaf salad""",bing,https://assets.dmagstatic.com/wp-content/uploads/2023/04/D-Online-Lunch-Box-Inlay-Burmese-Kitchen.jpeg,https://www.dmagazine.com/food-drink/2023/04/grab-a-spoon-and-try-this-refreshing-burmese-tea-leaf-salad-in-lewisville/,Grab a Spoon and Try This Refreshing Burmese Tea Leaf Salad in ...,,verify at source,3e20981782ccdad4bec73f9f2363af1568463397efb50536408e00a095bde5b7,1200,800,10776
laphet_thoke_09e6fcb43129.jpg,train,tea leaf salad Burma,bing,https://inspiredhealthmed.com/wp-content/uploads/2023/03/Screenshot-2023-03-20-at-8.41.06-PM-778x1024.png,https://inspiredhealthmed.com/burma-superstar-tea-leaf-salad-recipe/,Burma Superstar Tea Leaf Salad Recipe - Inspired Health,,verify at source,09e6fcb431296b2a17d22bc857fa8bb49ce7d7b4ac4b8de879aba596c8142b30,778,1024,13879
laphet_thoke_db95565945e4.jpg,train,laphet thoke traditional dish,bing,"https://static.wixstatic.com/media/0c93f4_c0ab871012ca46a4b733fee1e8453988~mv2.jpg/v1/fill/w_980,h_1307,al_c,q_85,usm_0.66_1.00_0.01,enc_avif,quality_auto/0c93f4_c0ab871012ca46a4b733fee1e8453988~mv2.jpg",https://www.yangondelight.nl/post/taste-the-tradition-exploring-burma-s-flavorful-gem-tea-leaf-salad-laphet-thoke-in-amsterdam,"Taste the Tradition: Exploring Burma's Flavorful Gem, Tea Leaf Salad ...",,verify at source,db95565945e428b86557f28fc98e7e0b80b783b267def1e51ed0292bdc643034,980,1307,14650
laphet_thoke_26a91a6ec509.jpg,train,"""lephet thoke""",bing,https://i.pinimg.com/474x/ab/29/22/ab29220088c99aa5358b51e139a2c535.jpg?nii=t,https://www.pinterest.com/pin/529313762453089158/,Learn how you can make your own Lahpet (Burmese Pi… | Fermented tea ...,,verify at source,26a91a6ec50920f8519437ac3a2fb9e72258e390df872583a30ac58083db243a,474,711,13108
laphet_thoke_23cccf1ebfaa.jpg,train,Burmese pickled tea leaf salad,bing,https://i.ytimg.com/vi/e6B2qcmWVlk/maxresdefault.jpg,https://www.youtube.com/watch?v=e6B2qcmWVlk,How to make Burmese Pickled Tea leaf Salad | Myanmar Tea Leaf salad ...,,verify at source,23cccf1ebfaae8982c417e5e681e57d872349cbc11d80aeba145165686569db7,1280,720,17464
laphet_thoke_f11bbcc18df2.jpg,train,Burmese pickled tea leaf salad,bing,https://i.ebayimg.com/images/g/Hb8AAOSw0gVd0qzq/s-l500.jpg,https://www.ebay.fr/itm/403923100157,10x Yuzana LePhet Myanmar Pickled Tea Leaves Burmese Bean Salad Cook ...,,verify at source,f11bbcc18df265296a4c2a3c7b5245aa0a9a3e041cd2cee22f0769f465a4c62a,500,399,12698
laphet_thoke_f9c335978457.jpg,train,"""lahpet thoke""",bing,https://migrationology.com/wp-content/uploads/2014/07/lahpet-thoke-လက်ဖက်သုတ်.jpg,http://migrationology.com/lahpet-thoke-myanmar-tea-leaf-salad,"Lahpet Thoke - In Myanmar, You Can Drink and Eat Tea",,verify at source,f9c3359784577795d6bd7bfdcfb5571ce8164c11434e0a5a78a8858ce7d37935,1024,683,11934
laphet_thoke_6daab771b014.jpg,train,traditional Burmese tea leaf salad,bing,https://i.pinimg.com/originals/88/c4/a0/88c4a0192f8d328173949322fe4bbfa8.jpg,https://www.pinterest.com/pin/202380576974879080/,"The most popular tea leaf with a lot of staff. ""Laphetto"" | Burmese ...",,verify at source,6daab771b0140c738befed41d2780c5bedee012a9759c049a28a70db94a8e851,640,479,11722
laphet_thoke_02118d7594f3.jpg,train,Myanmar tea leaf salad restaurant,bing,https://i.pinimg.com/736x/7f/72/52/7f72527fff2efc51a91b816f855e1d0f.jpg,https://www.pinterest.com/pin/myanmar-tea-leaf-salad-recipe--535435843175385634/,Myanmar Tea leaves salad,,verify at source,02118d7594f37e31a1f193d778c701ed9b84fee95ac338c068c2512764301002,720,405,15830
laphet_thoke_1cd5eef7cee1.jpg,train,Yangon tea leaf salad,bing,https://i.pinimg.com/originals/4f/08/74/4f0874ac8b4b88bd9ab77ac1a0b5ea73.jpg,https://www.pinterest.com/pin/iconic-burmese-tea-leaf-salad-house-pickled-tea-leaves-tomatoes-crispy-nutsshredded-cabbage-yangon-myanmar-for-more-photos--298645019034663547/,Iconic Burmese Tea Leaf Salad House pickled tea leaves tomatoes crispy ...,,verify at source,1cd5eef7cee1eb6f33e99fc772c55848482ff6d56a6c74ea869ac02a81b47b40,640,800,15666
laphet_thoke_fabca84057a0.jpg,train,"""laphet thohk""",bing,https://blogger.googleusercontent.com/img/b/R29vZ2xl/AVvXsEjZAQ3Aj7NFA-wnQGS4lae1EsqFzkCvgAdrfk_wn7_skrXCHKbNqV4F-Lr4zaGnasD2DD3dRROHMA4XAEQnN6XH7JIIUkACtiqM1ezdG2BgJ5xaegA_M0oGCEaGltVklOhwgSaCXsrwuqoIhyS0qAZ_Wty2p2h0dtM1rluSRwcfn76YDACTmk_9rV9SYON6/s1080/459125779_18434069407071957_1831158392154665534_n.jpg,https://supersupergirl-dining.blogspot.com/2024/09/burmese-fare-at-laphet-larder.html,Supersupergirl's restaurant reviews: Burmese fare at Laphet Larder,,verify at source,fabca84057a018086351950a98532cc09b45f182acc3d62d051bd37b76c7090a,1080,1080,9215
laphet_thoke_efc3d1469590.jpg,train,lahpet thoke Myanmar,bing,https://thumbs.dreamstime.com/z/traditional-burmese-tea-leaf-salad-fermented-green-leaves-lahpet-thoke-myanmar-close-up-view-lemon-slice-chilies-297541001.jpg,https://www.dreamstime.com/traditional-burmese-tea-leaf-salad-fermented-green-leaves-lahpet-thoke-myanmar-close-up-view-lemon-slice-chilies-image297541001,Traditional Burmese Tea Leaf Salad with Fermented Green Tea Leaves ...,,verify at source,efc3d1469590d93f9b3b970849e2e686abd23d7ea412f31a43c2aff34dd72617,1600,996,13267
laphet_thoke_115b707c8658.jpg,train,"""lahpet thoke""",bing,https://i.pinimg.com/originals/9a/b9/99/9ab9999f7ca63dd92f6f8199921012a0.jpg,https://www.pinterest.com/pin/451767406367840830/,Delicious Lahpet Thoke and Rice | Comment faire une salade de feuilles ...,,verify at source,115b707c86581b8f866e1dd9d6ff31220dcb8b584f84056804aa100869948ce7,4032,3021,15175
laphet_thoke_ce09ce168438.jpg,train,"""lahpet thoke""",bing,https://c8.alamy.com/comp/2H94T50/lahpet-thoke-or-burmese-tea-leaf-salad-a-classic-dish-from-myanmar-2H94T50.jpg,https://www.alamy.com/lahpet-thoke-or-burmese-tea-leaf-salad-a-classic-dish-from-myanmar-image453108236.html,Lahpet Thoke or Burmese tea leaf salad. A classic dish from Myanmar ...,,verify at source,ce09ce1684383f9023328ec98056853e02fca1a658bbc16553123b26f9a1ec10,1300,956,15444
laphet_thoke_a25f93696839.jpg,train,"""laphet thoke""",bing,https://www.shutterstock.com/shutterstock/photos/1546418447/display_1500/stock-photo-laphet-thoke-or-burmese-tea-salad-myanmar-national-dish-1546418447.jpg,https://www.shutterstock.com/search/burmese-laphet-thoke,"2 Burmese Laphet Thoke Images, Stock Photos, 3D objects, & Vectors ...",,verify at source,a25f936968391303febce04271ecf21d478f3d668a1423aff1c1ce6f3ea42e61,1500,1225,13535
laphet_thoke_b1761ae844a6.jpg,train,lahpet thoke traditional dish,bing,https://myanmartravel.com/images/2020/07/lahpet-thoke-tea-leaf-salad.jpg,https://myanmartravel.com/myanmar-cuisine-where-to-eat-in-yangon/,Where To Eat In Yangon? | Myanmar Travel,,verify at source,b1761ae844a6dccc396d855e636cdac482fa8fd4d73602005a75759e4a59f993,1280,683,14284
laphet_thoke_dec868d729a8.jpg,train,tea leaf salad Burma,bing,https://i.pinimg.com/originals/63/dc/22/63dc2223a5f7a2a0fbd74d4efe26295b.png,https://www.pinterest.com/pin/460704236880317013/,"Burma Superstar Tea Leaf Salad | Recipe | Vegan dinner recipes, Vegan ...",,verify at source,dec868d729a81ead7f9890a681ef97850345a1667eb4a0744a19278ac7ef14a4,600,900,17828
laphet_thoke_8a7f27404e95.jpg,train,laphet thoke Myanmar,bing,https://images.lifestyleasia.com/wp-content/uploads/sites/6/2024/10/02101835/3.-Club-Rangoon-Laphet-Thoke-1350x900.jpg,https://www.lifestyleasia.com/sg/dining/reviews/club-rangoon-singapore-restaurant-review/,Club Rangoon Singapore review: Tamed but still enthralling Burmese food,,verify at source,8a7f27404e9528f65b28f311e47e932341d35d30f8a079554db1121a148b55b8,1350,900,9835
laphet_thoke_ae3d7372239b.jpg,train,"""lephet thoke""",bing,https://asiaprivatetravels.com/ckfinder/userfiles/images/travel-guides/Myanmar/tea-leaf-salad-myanmar.png,https://asiaprivatetravels.com/travel-guide/myanmar-travel-guides/what-to-eat-in-myanmar.html,A Foodie Guide: 10 Must - Try Dishes in Myanmar | Asia Private Travels,,verify at source,ae3d7372239bf48b20f1862867ee398067ae3b45bbea7b0cc5bc38ce2fa88596,700,570,16417
laphet_thoke_839a2a406c1b.jpg,train,"""lahpet thohk""",bing,https://lahpet.co.uk/wp-content/uploads/sb-instagram-feed-images/431180883_758799956203550_302262374982308289_nfull.jpg,https://lahpet.co.uk/menus/festive-menu-west-end/,Festive Menu - West End - Lahpet,,verify at source,839a2a406c1b03ad82db58107a1e6e8da248bd31c57e8f6954be5d58e475650b,640,800,9404
laphet_thoke_13837e5024e3.jpg,train,lahpet salad Burma,bing,https://media.istockphoto.com/id/1497104486/id/foto/salad-daun-teh-burma-atau-lahpet-dengan-cabai-hijau-dan-merah-bawang-putih-dalam-piring-baja.jpg?s=1024x1024&w=is&k=20&c=lKKKWP_b61ZvkQeWKTF8yIYRlRJkPMToq6kUhE0cePg=,https://www.istockphoto.com/id/foto/salad-daun-teh-burma-atau-lahpet-dengan-cabai-hijau-dan-merah-bawang-putih-dalam-gm1497104486-519576222,Salad Daun Teh Burma Atau Lahpet Dengan Cabai Hijau Dan Merah Bawang ...,,verify at source,13837e5024e395e3180fb638180b7102bc8a066a3539ad8da0fed44cf8dd7be5,1024,682,16059
laphet_thoke_f74ddf11f8e8.jpg,train,Myanmar tea salad dish,bing,https://myanmarmakers.com/cdn/shop/products/s-l1600_11.jpg?v=1676444001&width=1946,https://myanmarmakers.com/products/fermented-tea-leaf-for-myanmar-tea-leaf-salad-dressing-laphet-spicy-nonspicy-320g,Myanmar Pickled Tea (Laphet) for Tea Salad Dressing. Authentic Taste o ...,,verify at source,f74ddf11f8e8e580e9039abe72a0281cac0240af928f8bf5bf3fac70c051b5a1,1080,1080,12690
laphet_thoke_c9821697c2eb.jpg,train,laphet thoke recipe,bing,"https://res.cloudinary.com/hv9ssmzrz/image/fetch/c_fill,f_auto,h_488,q_auto,w_650/https://s3-eu-west-1.amazonaws.com/images-ca-1-0-1-eu/recipe_photos/original/140650/lahpet-thoke-fermented-tea-leaf-salad-1-FP-260x260.jpg",https://chefsimon.com/gourmets/196-flavors/recettes/laphet-thoke,Laphet Thoke - Recette par 196 flavors,,verify at source,c9821697c2eb8a394a526708f8b664e94c6884e526fd53b938230718303c6485,650,488,13170
laphet_thoke_c8500293e0bc.jpg,train,Burmese tea salad dish,bing,https://i.pinimg.com/originals/15/a4/0f/15a40f4aabc9065cc0f34677011f3c81.jpg,https://www.pinterest.com/pin/62206038583894461/,"Burmese Tea Leaf Salad | Recipe | Tea leaf salad, Burmese food, Asian ...",,verify at source,c8500293e0bc7e8eeb0e409f7fad82663e6fe46b95b4a2df7b1b8231e24393b9,620,930,14363
laphet_thoke_18c3fef9bfd3.jpg,train,"""Burmese tea leaf salad""",bing,https://burmawalakitchen.com/wp-content/uploads/2024/11/Ultimate-Comfort-Meal-5.jpg,https://burmawalakitchen.com/recipe/lahpet/,Lahpet - Burmese Tea Leaf Salad - Burmawala Kitchen,,verify at source,18c3fef9bfd35cc4c177831f2ae0cc452ce1627ebe9f0d6d4bd37c679b41b051,1080,1440,16801
laphet_thoke_28649265e3a8.jpg,train,tea leaf salad Yangon,bing,https://c8.alamy.com/comp/K8Y6YF/burmese-tea-leaf-salad-yangon-myanmar-K8Y6YF.jpg,https://www.alamy.com/stock-image-burmese-tea-leaf-salad-yangon-myanmar-160408739.html,"Burmese tea leaf salad, Yangon, Myanmar Stock Photo - Alamy",,verify at source,28649265e3a8fa976b042f822c4b5cc04742041b55b778148a5f623324cd6d61,1300,957,9093
laphet_thoke_50b9e9c26e10.jpg,train,Rangoon tea leaf salad,bing,https://clubrangoon.com.hk/wp-content/uploads/2025/04/pickled-tea-leaf-salad-non-fried-version-recipe-1745823986.jpg,https://clubrangoon.com.hk/pickled-tea-leaf-salad-non-fried-version-recipe/,Pickled Tea Leaf Salad (Non-fried version) Recipe | Clubrangoon.com.hk,,verify at source,50b9e9c26e10471737f154ec6b95bc0633713530ec84c4510278273b44263caa,1331,887,16833
laphet_thoke_b6227455bff6.jpg,train,"""Burmese tea leaf salad""",bing,https://i.pinimg.com/736x/4c/c7/0b/4cc70b1f0103fa1cd9e158cae34d9374.jpg,https://ph.pinterest.com/pin/burmese-tea-leaf-salad-is-one-big-bowl-of-fermented-flavor-topped-with-crunchies--176273772905840619/,Burmese Tea Leaf Salad Is One Big Bowl of Fermented Flavor Topped With ...,,verify at source,b6227455bff66b2043a27ab94a24497521b2cae9d10da67e3757527ca80137a9,736,1104,16182
laphet_thoke_268575db6c5f.jpg,train,tea leaf salad peanuts sesame tomatoes,bing,https://thumbs.dreamstime.com/b/burmese-tea-leaf-salad-peanuts-digital-391568093.jpg?w=576,https://www.dreamstime.com/burmese-tea-leaf-salad-peanuts-digital-image391568093,Burmese Tea Leaf Salad with Peanuts. Stock Image - Image of herb ...,,verify at source,268575db6c5fe0b6690a005befc8e9391152773ac67d09c39780a1fba93d61d3,576,1027,17482
laphet_thoke_d9c59a919ccc.jpg,train,"""laphet thohk""",bing,https://d27k8xmh3cuzik.cloudfront.net/wp-content/uploads/2018/05/Laphet-Thohk.jpg,https://e-visamyanmar.blogspot.com/2019/,E Visa Myanmar: 2019,,verify at source,d9c59a919cccbe98df9f71beb9a496b7f4ce41c4105b586c8f311d30eb905ac4,700,467,15766
laphet_thoke_dea0a56f85a0.jpg,train,lahpet thoke Myanmar,bing,http://whattocooktoday.com/wp-content/uploads/2017/08/IMG_2343.jpg,https://whattocooktoday.com/lahpet-thoke-burmese-pickled-tea-leaves-salad.html,Lahpet Thoke (Burmese Fermented Tea Leaves Salad),,verify at source,dea0a56f85a036704a92284e7171aca2afff84595ba37372043c5bd7865c7edc,750,1125,15637
laphet_thoke_45dad20858bd.jpg,train,laphet thoke traditional dish,bing,https://media.istockphoto.com/id/1184611778/photo/laphet-thoke.jpg?s=1024x1024&w=is&k=20&c=8tAYMm3wK0d1ExrHrwcExl0c9XYSoQ_O_3txlPg38H8=,https://www.istockphoto.com/photo/laphet-thoke-gm1184611778-333533170,"Laphet Thoke Stock Photo - Download Image Now - Appetizer, Crockery ...",,verify at source,45dad20858bdab97ef14e468ed7076e09e4aace757a8f3ae4647616bec682678,1024,768,13849
laphet_thoke_7328c769dfb3.jpg,train,lahpet thoke plate,bing,https://thumbs.dreamstime.com/b/myanmar-lahpet-thoke-plate-lahpet-thoke-myanmar-s-famous-tea-leaf-salad-made-fermented-tea-leaves-crunchy-nuts-fried-360870954.jpg?w=768,https://www.dreamstime.com/myanmar-lahpet-thoke-plate-lahpet-thoke-myanmar-s-famous-tea-leaf-salad-made-fermented-tea-leaves-crunchy-nuts-fried-image360870954,Myanmar Lahpet Thoke stock illustration. Illustration of fried - 360870954,,verify at source,7328c769dfb3bd1a875a0b065d74b2a27be02b3f8e7aab273eaa0f58164979fb,768,768,17152
laphet_thoke_989424531d3d.jpg,train,lahpet salad Burma,bing,https://c8.alamy.com/comp/GNN52P/mandalay-lahpet-a-traditional-salad-made-with-fermented-tea-leaves-GNN52P.jpg,https://www.alamy.com/stock-photo-mandalay-lahpet-a-traditional-salad-made-with-fermented-tea-leaves-116634974.html,"Mandalay lahpet, a traditional salad made with fermented tea leaves ...",,verify at source,989424531d3d681a5b057bcffbd299240d2eba8425bb9f5de534b89f171b4e35,1300,956,18312
laphet_thoke_e4abe6a5d261.jpg,train,tea leaf salad Burma,bing,https://i.pinimg.com/736x/64/26/a9/6426a9c811ed3aa5d22eb444b247e8a4.jpg,https://www.pinterest.com/pin/68746972151/,This homemade vegan version of Burma Superstar's famous Tea Leaf Salad ...,,verify at source,e4abe6a5d261f6f343cfeb53d07e7b15ed2047257716292dc6ce2ac1a629dc13,736,1308,17457
laphet_thoke_db598cc4cd98.jpg,train,laphet thoke restaurant,bing,https://www.pronititravel.com/wp-content/uploads/2017/09/Laphet-Thoke-Tea-leaves-salad.jpg,https://www.pronititravel.com/what-to-pack-for-myanmar-travel/,What to pack for Myanmar? | Things to pack while visiting Myanmar,,verify at source,db598cc4cd98f92f8e812470f61caaf021b669cafcab9b770cc7865ec64ded50,800,530,13490
laphet_thoke_e6e7ba05d6f3.jpg,train,"""laphat thoke""",bing,https://i.ytimg.com/vi/huwgevAcNWs/maxresdefault.jpg,https://www.youtube.com/watch?v=huwgevAcNWs,Fermented Tea Leaf Salad (Laphet Thoke - လက်ဖက်သုပ်) - YouTube,,verify at source,e6e7ba05d6f338dc4f89252b5869646d07eac5ca66ba8173afc0899906bbc857,1280,720,14511
laphet_thoke_350b574caae5.jpg,train,"""lephet thoke""",bing,https://i.ytimg.com/vi/l4D6UfSwVaI/maxres2.jpg?sqp=-oaymwEoCIAKENAF8quKqQMcGADwAQH4Ac4FgALQBYoCDAgAEAEYfyBLKB8wDw==&rs=AOn4CLBcmKSI-0b-7KSKXRkkW6t3ky7fjQ,https://www.youtube.com/watch?v=l4D6UfSwVaI,Burmese Tea Leaf Salad (Laphet Thoke) - A Refreshing and Tangy ...,,verify at source,350b574caae5fc35b27dbf0992b3fb0689085c87f2cb0c5134be7f28e99fc65f,1280,720,12408
laphet_thoke_cb86e5b45c53.jpg,train,tea leaf salad Yangon,bing,https://i.pinimg.com/originals/cd/f8/20/cdf820b761302b443796fd6ea88e2262.jpg,https://www.pinterest.com/pin/what-is-the-difference-between-homemade-and-storebought-tea-leaf-salad-recipe--835206693422986213/,What Is The Difference Between Homemade And Store-Bought Tea Leaf Salad ...,,verify at source,cb86e5b45c53a4ab06b3c18de33a52c6f7bd5f6bad569d9ec562e8f828ca939b,683,1024,15590
laphet_thoke_efe5843fe067.jpg,train,laphet thoke food,bing,https://kwee.co/wp-content/uploads/2021/11/Laphet-Thoke-1024x683.jpg,https://kwee.co/best-street-foods-you-must-try-in-southeast-asia/,အရှေ့တောင်အာရှမှာ နာမည်ကျော်ကြားကြတဲ့ Street Foods ၅ မျိုး - Kwee,,verify at source,efe5843fe06740c6dc9fc5abd285845874200db51099add6eba33f50dfa7c15c,1024,683,10495
laphet_thoke_3649926c95cd.jpg,train,"""lahpet thoke""",bing,https://www.shutterstock.com/image-photo/tea-leaf-salad-lahpet-thoke-260nw-2223485489.jpg,https://www.shutterstock.com/image-photo/tea-leaf-salad-lahpet-thoke-myanmar-2223485489,Tea Leaf Salad Lahpet Thoke Myanmar Stock Photo 2223485489 | Shutterstock,,verify at source,3649926c95cded196fef36a75d0debdabe16021c31c94606507c3fe06283f09e,350,280,7996
laphet_thoke_76ebc11c463b.jpg,train,"""Burmese tea leaf salad""",bing,https://www.shutterstock.com/image-photo/burmese-tea-leaf-salad-lahpet-600w-1917965462.jpg,https://www.shutterstock.com/search/burmese-tea-leaf-salad-white-plate,"84 Burmese Tea Leaf Salad White Plate Royalty-Free Images, Stock Photos ...",,verify at source,76ebc11c463b5533e7b7afc0ea43c724b5f0288ac27b80a78f603676c7520de0,600,383,12555
laphet_thoke_6defba7de696.jpg,train,lahpet salad Burma,bing,https://c8.alamy.com/comp/GNN530/mandalay-lahpet-a-traditional-salad-made-with-fermented-tea-leaves-GNN530.jpg,https://www.alamy.com/stock-photo-mandalay-lahpet-a-traditional-salad-made-with-fermented-tea-leaves-116634980.html,"Mandalay lahpet, a traditional salad made with fermented tea leaves ...",,verify at source,6defba7de6969cad9dba431e32c6ff98cd1573315c3393d5f56711d232a269e8,1300,956,17084
laphet_thoke_6e2257b571a8.jpg,train,Burmese fermented tea leaf salad,bing,https://i.ytimg.com/vi/YVDetExsEBk/maxresdefault.jpg,https://www.youtube.com/watch?v=YVDetExsEBk,BURMESE TRADITIONAL FOOD||Burmese Fermented Tea Leaf Salad * Myanmar ...,,verify at source,6e2257b571a8164da50d256c4d4067d039b78fd8e0721f044eff7b77433b8a18,1280,720,15838
laphet_thoke_0be4e0dbfa37.jpg,train,Burma Superstar tea leaf salad,bing,https://thetasteedit.com/wp-content/uploads/2017/04/burma-superstar-fermented-tea-leaf-salad-hetastesf-07619-2.jpg,https://thetasteedit.com/burma-superstar-tea-leaf-salad/,Burma Superstar Fermented Tea Leaf Salad - The Taste Edit,,verify at source,0be4e0dbfa379d4d7339528f44ebc518a506f627448ce3c75edb7771b53eb1bb,1361,2040,9893
laphet_thoke_829c5d30f2c6.jpg,train,lahpet thoke salad,bing,https://bizweb.dktcdn.net/100/025/663/files/lahpet-thoke-6-min.jpg?v=1657269000128,https://plantrip-cha.com/lahpet-thoke-mon-salad-la-tra-doc-dao-cua-myanmar,Lahpet Thoke - Món salad lá trà độc đáo của Myanmar | Plantrip Cha,,verify at source,829c5d30f2c68d0030efb5dbc0002caeadebc2675a0328a24438935c4eee24df,1920,1080,17126
laphet_thoke_b10a8ebd3829.jpg,train,"""lahpet thoke""",bing,https://4.bp.blogspot.com/-3iwTjr77uIw/WQlMQm9KRhI/AAAAAAAA2hE/HMHxkSIdt5ANpVudx_OcKgFZ81qZSNhvwCLcB/s1600/DSC_0089.JPG,https://culinary-adventures-with-cam.blogspot.com/2017/05/lahpet-thoke-fermented-tea-leaf-salad.html,Lahpet Thoke (Fermented Tea Leaf Salad) #FoodieExtravaganza,,verify at source,b10a8ebd3829a2fcb0c00c32022a7d8d184a2485f8e66287583b57ff65a86d79,1600,1071,17105
laphet_thoke_473d20ce1f36.jpg,train,Burmese fermented tea leaf salad,bing,https://c8.alamy.com/comp/BJ69J1/myanmar-burma-lephet-fermented-tea-leaf-salad-BJ69J1.jpg,https://www.alamy.com/stock-photo-myanmar-burma-lephet-fermented-tea-leaf-salad-28413449.html,"Myanmar, Burma, Lephet, fermented tea leaf salad Stock Photo - Alamy",,verify at source,473d20ce1f36cf5e74c1ad34571457c6542d712dff24818c2e19ce4e25c9211a,1300,956,14203
laphet_thoke_ec9e353a2bb4.jpg,train,lahpet thoke restaurant,bing,"https://cdn.thefork.com/tf-lab/image/upload/w_640,c_fill,q_auto,f_auto/customer/ad7d77c3-a6c1-4cdb-9ac5-0f1876a6e9c2/01f65ef5-b784-43f1-b876-42249400b525.jpg",https://www.thefork.co.uk/restaurant/lahpet-shoreditch-r815563,"Lahpet Shoreditch in London - Restaurant Reviews, Menus, and Prices ...",,verify at source,ec9e353a2bb4cd5f233fff68f9cda5e8fc55d8d05d6535ae88b27019e5ba9c54,640,853,11041
laphet_thoke_4021b641c7fc.jpg,train,Mandalay tea leaf salad,bing,https://thumbs.dreamstime.com/z/burmese-tea-leaf-salad-which-also-called-la-phat-thote-myanmar-one-my-favourite-food-mandalay-myanmarburma-th-oct-n-162288742.jpg,https://www.dreamstime.com/burmese-tea-leaf-salad-which-also-called-la-phat-thote-myanmar-one-my-favourite-food-mandalay-myanmarburma-th-oct-n-image162288742,Burmese Tea Leaf Salad Which is Also Called `La Phat Thote` in Myanmar ...,,verify at source,4021b641c7fc43303369a78b4bf95d32cddb917be29ec407cd1b11597fd8ee5d,1600,1157,10200
laphet_thoke_6dad4a1a1407.jpg,train,tea leaf salad Burma,bing,"https://res.cloudinary.com/the-infatuation/image/upload/c_fill,w_3840,ar_4:3,g_center,f_auto/images/burmasuperstar_tealeafsalad_1_rdzloc",https://www.theinfatuation.com/san-francisco/guides/best-tea-leaf-salad-sf,The SF Tea Leaf Salad Power Rankings - San Francisco - The Infatuation,,verify at source,6dad4a1a14073e5b61f5b017abb31b15a94494464e038468b72d446dfc159143,3840,2880,15341
laphet_thoke_c765e63ccde0.jpg,train,lahpet thoke restaurant,bing,"https://cdn.thefork.com/tf-lab/image/upload/w_520,h_520,c_fill,q_auto,f_auto/restaurant/ad7d77c3-a6c1-4cdb-9ac5-0f1876a6e9c2/47d117d2-ecdb-4111-a2c5-3ed5f818225d.jpg",https://www.thefork.fr/restaurant/lahpet-shoreditch-r815563,"Restaurant Lahpet Shoreditch à Londres - Menu, avis, prix et ...",,verify at source,c765e63ccde02042df5e87d88ecf5d452e390a7c67d08a7f5c893d8d48117d65,520,520,18741
laphet_thoke_211fd5d2abb1.jpg,train,tea leaf salad peanuts sesame tomatoes,bing,https://soupchick.s3.amazonaws.com/wp-content/uploads/2024/06/07125824/Tea-Leaf-Salad-Recipe01.webp,https://soupchick.com/tea-leaf-salad-recipe/,Delicious Tea Leaf Salad Recipe (An All-Time Favorite Dish) - Soup Chick,,verify at source,211fd5d2abb1337d488f064cea31914f59ba15799cba89807e33f598f078c6e3,1024,1024,13630
laphet_thoke_a4e226d69968.jpg,train,"""Burmese tea leaf salad""",bing,https://i.pinimg.com/originals/93/aa/b8/93aab81d4e4e693f990ad2a3c1bd9741.jpg,https://in.pinterest.com/pin/burmese-pickled-tea-leaves--567523990560884745/,"Burmese Pickled Tea Leaves | Tea leaf salad, Asian salad, Still life ...",,verify at source,a4e226d69968200c6065b55012a8d09e1a18f7447fac19d659dff22d124f2d1f,1224,1632,13836
laphet_thoke_c1a2243b6160.jpg,train,"""lahpet thohk""",bing,"https://res.cloudinary.com/the-infatuation/image/upload/c_fill,w_3840,ar_4:3,g_center,f_auto/images/Tea_Leaf_Salad_Lahpet_Thohk_002_copy_cyneld",https://www.theinfatuation.com/london/guides/best-salads-london,The 14 Best Salads In London That Will Bring You Joy - London - The ...,,verify at source,c1a2243b61600aa4084496fc457160f5f04aabc072a6eaaf873234d7465e5415,3840,2880,13855
laphet_thoke_20a13e3d979e.jpg,train,laphet thoke traditional dish,bing,https://as1.ftcdn.net/jpg/12/01/07/36/1000_F_1201073681_SxZvUCDJSTwvYSpMsS2d7ETq4DEjgaf5.jpg,https://stock.adobe.com/uk/images/burmese-fermented-tea-leaf-salad-laphet-thoke-with-fresh-toppings-shot-in-a-warm-traditional-myanmar-tea-shop-rare-ethnic-dish-food-culture-concept/1201073681,Burmese fermented tea leaf salad (Laphet Thoke) with fresh toppings ...,,verify at source,20a13e3d979e5133bfa3089ec1288e6fdd963ebca4e86fa45837a55eefd411c1,1000,560,11333
laphet_thoke_5ffc34f8831d.jpg,train,"""lahpet thohk""",bing,https://i.guim.co.uk/img/media/ab27828e0bea2cf3029af944b9636fde8f4d97e1/229_180_5556_3691/master/5556.jpg?width=445&quality=45&auto=format&fit=max&dpr=2&s=3c50e9a85fb6e34103e657ea269b40bc,https://pedfire.com/lahpet-london-wc2-now-officially-one-of-my-safe-places-restaurant-review-food/,"Lahpet, London WC2: ‘Now officially one of my safe places’ – restaurant ...",,verify at source,5ffc34f8831dd47b9d0adc3d8fe5dbe1d255993c697e01ce7de6992f6dd05781,890,592,9126
laphet_thoke_e24ce6f72ab8.jpg,train,Burma Love tea leaf salad,bing,https://i.pinimg.com/originals/f7/9b/51/f79b51e564ba9fad486a448a92854c5b.jpg,https://www.pinterest.com/pin/burma-superstar--117445502758079464/,"Burma Superstar | Burmese food, Rainbow salad, Tea leaf salad",,verify at source,e24ce6f72ab80aba8055bc0871a79b6155e851e6fe2e7097cca9c6591939ef5e,612,612,13659
laphet_thoke_59de9de29fb7.jpg,train,"""laphet thohk""",bing,https://cdns.klimg.com/merdeka.com/i/w/news/2014/11/25/463812/540x270/laphet-thohk-lezatnya-salad-daun-teh-khas-myanmar.jpg,https://www.merdeka.com/gaya/laphet-thohk-lezatnya-salad-daun-teh-khas-myanmar.html,"Laphet Thohk, lezatnya salad daun teh khas Myanmar",,verify at source,59de9de29fb714eff516667157344b0e830de5742e33cf7be7c8d5a8857b7b07,540,270,14514
laphet_thoke_59ffb6e7b57b.jpg,train,tea leaf salad Burma,bing,https://assets-global.website-files.com/5d581cdab5df918503634c95/5e220b6870a6792adf388e35_burma-tea-leaf-salad-4.jpg,https://www.thistle.co/learn/thistle-thoughts/raw-foods-for-your-health,Raw Foods For Your Health,,verify at source,59ffb6e7b57b58d7d4e518bbc4e12eb887d6b9c7c91d7e803b212eb00d15ce40,5534,3689,16392
laphet_thoke_7bb8b2407e10.jpg,train,lahpet thoke Myanmar,bing,https://i.pinimg.com/736x/fd/df/ef/fddfef1fb60e76207ce9e30b1cd9dbe8--yangon-burmese.jpg,https://www.pinterest.com/pin/lahpet-thoke-in-myanmar-you-can-drink-and-eat-tea--74379831329329943/,"Lahpet Thoke - In Myanmar, You Can Drink and Eat Tea | Tea leaf salad ...",,verify at source,7bb8b2407e107516bdf173936c5925aff426d10ffccff4d2f824ab4f11b12e21,640,960,11269
laphet_thoke_96f8a9f2a9c7.jpg,train,"""lahpet thohk""",bing,https://www.180c.fr/wp-content/uploads/2019/01/Lahpet-thohk-la-salade-de-thé-complète-de-Yangon-1-667x500.jpg,https://www.180c.fr/la-gazette/reportages/lahpet-thohk-la-salade-de-the/,"Lahpet thohk, la salade de thé - 180°C La revue culture food",,verify at source,96f8a9f2a9c7f719800e28abe452af63250aaa7012f3842e7b6a795cfe5817c8,667,500,12775
laphet_thoke_f168e0d2deb5.jpg,train,Myanmar lahpet salad,bing,https://c8.alamy.com/comp/D4210D/tea-leaf-salad-or-lahpet-famous-cuisine-of-myanmar-D4210D.jpg,https://www.alamy.com/stock-photo-tea-leaf-salad-or-lahpet-famous-cuisine-of-myanmar-54134429.html,"Tea Leaf Salad or Lahpet , famous cuisine of Myanmar Stock Photo - Alamy",,verify at source,f168e0d2deb5ac72af1197a6bc9c0ee9d45e68ff69b3f17fddc5d84b3d1de443,1300,951,12874
laphet_thoke_d2d7a5a48f6b.jpg,train,"""lahpet thoke""",bing,https://as1.ftcdn.net/v2/jpg/08/12/51/58/1000_F_812515825_zwfF4wz5mZBUleWQMDjXIkDRPJchQhYo.jpg,https://stock.adobe.com/images/burmese-lahpet-thoke-or-tea-leaf-salad-made-with-fermented-tea-leaves-crunchy-nuts-seeds-and-other-fresh-ingredients-served-in-an-authentic-wooden-bowl/812515825,"Burmese lahpet thoke or tea leaf salad, made with fermented tea leaves ...",,verify at source,d2d7a5a48f6b6fdd2d8a4d14e97a8bfd636957d4c211eef5f210832fef2de2e0,753,1000,12499
laphet_thoke_4ce13be40a0c.jpg,val,laphet thoke plate,bing,https://api2.krua.co/wp-content/uploads/2022/02/RI1738_ImageBannerMobile_960x633_New_.jpg,https://api2.krua.co/recipe/myanmese-tea-salad/,ยำใบชาพม่า (Laphet Thoke),,verify at source,4ce13be40a0c715d0a4fa2687f4c89de26ff258a6f55a7081eddcab1e33f8646,960,633,12729
laphet_thoke_fe6262f59cb4.jpg,val,lahpet thoke restaurant,bing,"https://cdn.thefork.com/tf-lab/image/upload/w_640,c_fill,q_auto,f_auto/customer/ad7d77c3-a6c1-4cdb-9ac5-0f1876a6e9c2/5e6bb4a8-b5e6-483b-b854-4a922de10eb0.jpg",https://www.thefork.co.uk/restaurant/lahpet-shoreditch-r815563,"Lahpet Shoreditch in London - Restaurant Reviews, Menus, and Prices ...",,verify at source,fe6262f59cb488c3ca85e95d4935e75f8b468fc65cced29219f6161ce59e3520,640,853,15089
laphet_thoke_db3ab05c4783.jpg,val,Mandalay tea leaf salad,bing,https://misadventureswithandi.com/wp-content/uploads/2016/09/mandalay-tea-leaf-salad.jpg,https://misadventureswithandi.com/best-burmese-food-in-san-francisco/,Best Burmese Food in San Francisco - Misadventures with Andi,,verify at source,db3ab05c47836c073fb4227a9a9dd43aa769b75c034aa5f603f5bf563f44ed93,750,487,11877
laphet_thoke_be1da7a7afd2.jpg,val,"""Burmese tea leaf salad""",bing,https://preview.redd.it/week-17-tea-burmese-tea-leaf-salad-meta-salads-v0-lqc3dx3i9pyc1.jpeg?width=640&crop=smart&auto=webp&s=cc3c9c5e1f43fa78e794805dccda45bb989172eb,https://www.reddit.com/r/52weeksofcooking/comments/1cl5snj/week_17_tea_burmese_tea_leaf_salad_meta_salads/,Week 17: Tea - Burmese Tea Leaf Salad. Meta: Salads. : r/52weeksofcooking,,verify at source,be1da7a7afd2804d89fa5f14d5eb7fda4c481ea566a99130bec92e4b9b64cd07,640,729,13667
laphet_thoke_6a5535c9961f.jpg,val,lahpet thoke restaurant,bing,https://images.deliveryhero.io/image/talabat/MenuItems/13_Lahpet_Thoke_638147543983404623.jpg,https://www.talabat.com/qatar/tuk-tuk-saigon-restaurant,Tuk Tuk Saigon Restaurant delivery service in Qatar | Talabat,,verify at source,6a5535c9961ff9d4e82935c8da33d360abea1ff76c33c9d17fbf0b508105169f,1200,900,15426
laphet_thoke_d49146091cdf.jpg,val,laphet thoke food,bing,https://i.pinimg.com/736x/c6/24/f9/c624f94554423406337120fc3c2eb622.jpg,https://kr.pinterest.com/pin/378724649937285720/,"Delicious and Healthy Foods | Laphet thoke, Burmese breakfast dishes ...",,verify at source,d49146091cdf31d282f78d4da775fb015e991b3f814a6003c4aad58ec5ebd7dd,735,596,14983
laphet_thoke_ed60fa965c06.jpg,val,Myanmar fermented tea leaf salad,bing,https://parade.com/.image/t_share/MTkwNTgwOTgyOTkwMDU0NTI1/burmese-tea-leaf-salad-burma-superstar-768x768.jpg,https://parade.com/1196342/kelli-acciardo/burmese-tea-leaf-salad/,Best Burmese Tea Leaf Salad Recipe - How to make Burmese Tea Leaf Salad ...,,verify at source,ed60fa965c06d7ebb8f08295d67820228dda10e38ab19f8c6a80a9199569c4aa,768,768,16036
laphet_thoke_375f5edebbb2.jpg,val,Myanmar fermented tea leaf salad,bing,https://3.bp.blogspot.com/-VoSdv7-wUVM/T1kDGdSORrI/AAAAAAAAHL8/qOLzLrJnJKI/w1200-h630-p-k-no-nu/Salad2.jpg,https://culinary-adventures-with-cam.blogspot.com/2019/05/lephet-thoke-burmese-fermented-tea-leaf.html,Lephet Thoke (Burmese Fermented Tea Leaf Salad) #OurFamilyTable,,verify at source,375f5edebbb2a8460e40250661dd8c0fb5a1a02c3c8693cc371be1f8003a54c1,1200,630,14857
laphet_thoke_45899347de70.jpg,val,lahpet thoke Myanmar,bing,https://i.pinimg.com/originals/f7/04/9d/f7049de3df590d85342ef3194cf056ab.jpg,https://www.pinterest.com/pin/153122456066092219/,"Lahpet Thoke (Burmese Pickled Tea Leaves Salad) | Tea leaf salad, Easy ...",,verify at source,45899347de70783331c804967ab7661632e9259932fcbc5e0c7c303bfeb86079,736,1104,12507
laphet_thoke_4bba8e58f16c.jpg,val,Burmese pickled tea leaf salad,bing,https://i.pinimg.com/originals/ba/05/ab/ba05abdd9249a933201c3e2202f3cd15.jpg,https://www.pinterest.com/pin/burmese-laphet-thoht-a-pictorial-odyssey-of-the-burmese-pickled-tea-leaves-salad--369928556865452189/,Burmese Laphet Thoht - A pictorial odyssey of the Burmese pickled tea ...,,verify at source,4bba8e58f16c96637624f6a6c48ac0e0f1b71cc240654a5be79f34cbf3a6fedf,816,612,16424
laphet_thoke_9e80eddc9210.jpg,val,laphet thoke bowl,bing,https://www.thechoppingblock.com/hubfs/Blog/salad in bowl.jpg,https://www.thechoppingblock.com/blog/history-of-laphet-thoke-burmese-tea-leaf-salad,History of Laphet Thoke: Burmese Tea Leaf Salad,,verify at source,9e80eddc92104ff5b7de9b59b60dd5ab2aed8a717e83b52f2c0d91ab4aa758ed,4080,3072,13407
laphet_thoke_a29b929e2050.jpg,val,lahpet thoke recipe,bing,https://www.shutterstock.com/shutterstock/photos/2416535679/display_1500/stock-photo-lahpet-thoke-recipe-or-fermented-tea-leaf-salad-a-traditional-myanmar-cuisine-dish-with-pickled-2416535679.jpg,https://www.shutterstock.com/image-photo/lahpet-thoke-recipe-fermented-tea-leaf-2416535679,Lahpet Thoke Recipe Fermented Tea Leaf Stock Photo 2416535679 ...,,verify at source,a29b929e205001a5e0c646efdc67d7fa40a34595a321b7b7b2aca84d9fa3f16b,1500,944,15965
laphet_thoke_ecd5503297ae.jpg,val,Myanmar tea leaf salad restaurant,bing,https://live.staticflickr.com/3467/3919800686_2eb781e71f_b.jpg,https://www.flickr.com/photos/keithkelly/3919800686/,Tea Leaf Salad at Inle Myanmar restaurant | Tea Leaf Salad a… | Flickr,,verify at source,ecd5503297aea1a9e5cf8c06f3b1b9789a68ba949099a0d12e3a22dd952551e8,1024,683,14248
laphet_thoke_2e756593f477.jpg,val,"""laphet thohk""",bing,https://www.itrip.id/asia/wp-content/uploads/2021/10/Laphet-Thohk.jpg,https://www.itrip.id/asia/makanan-khas-myanmar,11 Makanan Khas Myanmar yang Terkenal dan Wajib Dicoba - iTrip Asia,,verify at source,2e756593f477bb93685d7add3e77da60a9bf8e062bfc83624ed10175771e3537,750,450,13445
laphet_thoke_caa75e73b6d0.jpg,val,"""lahpet thoke""",bing,https://img-global.cpcdn.com/recipes/561560c310fa7e69/1200x630cq70/photo.jpg,https://cookpad.com/my/recipes/16873545-lahpet-thoke-fermented-tea-leaf-salad,Resipi Lahpet Thoke (Fermented Tea Leaf Salad) oleh kü æina - Cookpad,,verify at source,caa75e73b6d0326f7edb9d1dafd9c872d6e301950dd033387b908f917e0e022c,1200,630,16525
laphet_thoke_166f94868b47.jpg,val,Rangoon tea leaf salad,bing,https://static.thehoneycombers.com/wp-content/uploads/sites/6/2020/07/club-rangoon-review-hong-kong-lahpet-tea-leaf-salad.jpg,https://thehoneycombers.com/hong-kong/club-rangoon-hong-kong-review/,We review the Burmese cuisine at Club Rangoon| Honeycombers,,verify at source,166f94868b47abed21ecc93309c8b527ae71174664adc0c1ce3302738f3082d0,1080,720,11168
laphet_thoke_823e0d806912.jpg,val,"""lahpet thohk""",bing,https://headbox-media.imgix.net/spaces/40584/photos/756b4c38-814a-40ac-bfcf-dc46b09570c6_Lahpet WE Interior_040.jpg?auto=format&ar=3:2&fit=crop&q=60&ixlib=react-9.5.4,https://www.headbox.com/spaces/40584-book-lahpet-west-end-summer-terrace-lahpet-london,"Hire Lahpet West End Summer Terrace, Lahpet, London • HeadBox",,verify at source,823e0d80691279b55795b3339e4c0158bf69d6a6e4858c42564fce57dc2f1e33,2000,1333,12578
laphet_thoke_76f9c92122fc.jpg,val,"""Myanmar tea leaf salad""",bing,https://www.nationalgerichtrezepte.de/wp-content/uploads/2025/03/nationalgericht-myanmar-tea-leaf-salad-1742525384-0af1.jpg,https://www.nationalgerichtrezepte.de/nationalgericht-myanmar-tea-leaf-salad-rezept/,Nationalgericht Myanmar: Tea Leaf Salad (Rezept),,verify at source,76f9c92122fce61fc1113b02518f7dd8b0e77ae8ff4ad6b35af3308441916f63,1024,1024,16495
laphet_thoke_d40e18929064.jpg,val,"""lahpet thohk""",bing,https://c8.alamy.com/comp/2AEDJG7/signature-tea-leaf-salad-lahpet-thohk-at-lahpet-shoreditch-london-uk-2AEDJG7.jpg,https://www.alamy.com/signature-tea-leaf-salad-lahpet-thohk-at-lahpet-shoreditch-london-uk-image335902119.html,"Signature Tea Leaf Salad (Lahpet Thohk) at Lahpet, Shoreditch, London ...",,verify at source,d40e18929064a099d5f9c92e83632811edb6a5a7d7fdb8e64bff33a403993024,866,1390,14891
laphet_thoke_e022982b1bfe.jpg,val,lahpet thoke salad,bing,https://thumbs.dreamstime.com/b/burmese-tea-leaf-salad-lahpet-thoke-fermented-tea-leaves-nuts-seeds-served-wooden-bowl-traditional-burmese-tea-320154617.jpg,https://www.dreamstime.com/burmese-tea-leaf-salad-lahpet-thoke-fermented-tea-leaves-nuts-seeds-served-wooden-bowl-traditional-burmese-tea-image320154617,"Burmese Tea Leaf Salad Lahpet Thoke, Fermented Tea Leaves with Nuts and ...",,verify at source,e022982b1bfe87ca0e4de963478ba1f8806158d3db57673a15e7c019d036ad1e,800,449,13075
laphet_thoke_b4e61a523194.jpg,val,lahpet thoke plate,bing,https://okuliner.com/wp-content/uploads/2026/04/Gemini_Generated_Image_w6xbktw6xbktw6xb-1024x572.png,https://okuliner.com/2026/04/05/tidak-hanya-diseduh-mengenal-salad-daun-teh-dari-myanmar/,"Tidak Hanya Diseduh, Lahpet Thoke, Mengenal Salad Daun Teh dari Myanmar ...",,verify at source,b4e61a523194ee3faea1eaac6f9d760343d76fd05d607688e03db10c1dcb3a79,1024,572,13010
laphet_thoke_4c3a5a024d6f.jpg,val,"""lahpet thoke""",bing,https://c8.alamy.com/comp/JYDHP4/tea-leaf-salad-or-lahpet-thoke-myanmar-JYDHP4.jpg,https://www.alamy.com/tea-leaf-salad-or-lahpet-thoke-myanmar-image154577980.html,"Tea leaf salad or lahpet thoke, Myanmar Stock Photo - Alamy",,verify at source,4c3a5a024d6fc5c6f998b1716c90735d6d1cc5f1c03e4c10a96f8c6750ad875e,1300,996,12860
laphet_thoke_6d649a49fa23.jpg,val,"""lahpet thoke""",bing,https://thumbs.dreamstime.com/z/burmese-tea-leaf-salad-lahpet-thoke-fermented-leaves-nuts-seeds-served-wooden-bowl-traditional-flavorful-dish-317794777.jpg?w=576,https://www.dreamstime.com/burmese-tea-leaf-salad-lahpet-thoke-fermented-leaves-nuts-seeds-served-wooden-bowl-traditional-flavorful-dish-image317794777,"Burmese Tea Leaf Salad Lahpet Thoke, Fermented Tea Leaves with Nuts and ...",,verify at source,6d649a49fa23712a7075ec3631e8db7a69af3fae9115df61b95f8138b984f691,576,765,15012
laphet_thoke_b29fac9086ee.jpg,val,"""lephet thoke""",bing,https://www.opodo.co.uk/blog/wp-content/uploads/sites/12/2016/08/lephet-1024x1024.jpg,https://www.opodo.co.uk/blog/things-to-do-in-yangon/,10 Things to Do in Yangon - Opodo Travel Blog,,verify at source,b29fac9086ee1174aab5dc555bad91744ec8bc4e332eef01a20a49a6d9377373,1024,1024,13882
laphet_thoke_31088a9c2b23.jpg,val,laphet thoke food,bing,https://www.gomyanmartours.com/wp-content/uploads/2014/11/Laphet-Thoke-salad-best-food-in-Myanmar.jpg,https://www.gomyanmartours.com/top-10-best-food-myanmar/,Myanmar Food - Top 10 Must-try Myanmar Traditional Food,,verify at source,31088a9c2b2396ae5f0c14fea399325aba9f13d9b8c59230493f995823b82071,630,420,14912
laphet_thoke_b4873b80769b.jpg,val,tea leaf salad Yangon,bing,"https://res.cloudinary.com/the-infatuation/image/upload/c_fill,w_3840,ar_4:3,g_center,f_auto/images/IMG_7383_lenaw7",https://www.theinfatuation.com/san-francisco/guides/best-tea-leaf-salad-sf,The SF Tea Leaf Salad Power Rankings - San Francisco - The Infatuation,,verify at source,b4873b80769be90f508a69f8a19dab7950966175676a8218d42de2f0b4e82a10,3840,2880,16363
laphet_thoke_6489cdc64cd2.jpg,val,Burmese fermented tea leaf salad,bing,https://2.bp.blogspot.com/-r9MeTe7Q_iw/T1Wd49_wSsI/AAAAAAAAHLk/UlWvU40sfy0/s1600/Tea2.jpg,https://culinary-adventures-with-cam.blogspot.com/2012/03/laphet-fermented-burmese-tea-leaves.html,Lephet (Fermented Burmese Tea Leaves),,verify at source,6489cdc64cd27b1d248890694b99d448fa66d4d85bbf40d530afa92b4df044c9,1071,1600,10531
laphet_thoke_f45832bd9403.jpg,val,Myanmar lahpet salad,bing,https://dontstopliving.net/wp-content/uploads/2013/08/DSC00626.jpg,https://dontstopliving.net/fridays-featured-food-tea-leaf-salad-in-amarapura-myanmar/,"Friday’s Featured Food: Tea Leaf Salad in Amarapura, Myanmar (Lahpet ...",,verify at source,f45832bd9403f5375c65ef823264483b049aafd0ef181fdbd07906e5399ecf5f,1200,900,14249
laphet_thoke_d902af2e5099.jpg,val,lahpet thoke bowl,bing,https://thumbs.dreamstime.com/z/burmese-tea-leaf-salad-lahpet-thoke-fermented-leaves-nuts-seeds-served-wooden-bowl-traditional-flavorful-dish-317794777.jpg,https://www.dreamstime.com/burmese-tea-leaf-salad-lahpet-thoke-fermented-leaves-nuts-seeds-served-wooden-bowl-traditional-flavorful-dish-image317794777,"Burmese Tea Leaf Salad Lahpet Thoke, Fermented Tea Leaves with Nuts and ...",,verify at source,d902af2e5099a667d0cbfb8eb6bba044016c74d64f98aee32f27c4404511024f,1205,1690,14223
laphet_thoke_a34cdd9d07cf.jpg,val,Burmese fermented tea leaf salad,bing,https://thumbs.dreamstime.com/b/myanmar-fermented-tea-leaves-salad-lahpet-myanmar-fermented-tea-leaves-salad-lahpet-famous-cuisine-myanmar-105331970.jpg,https://www.dreamstime.com/myanmar-fermented-tea-leaves-salad-lahpet-myanmar-fermented-tea-leaves-salad-lahpet-famous-cuisine-myanmar-image105331970,Myanmar Fermented Tea Leaves Salad or Lahpet Stock Photo - Image of ...,,verify at source,a34cdd9d07cf870c751067204f8b3d016c194b64ac8a827f3001b4254d61d836,800,532,10645
laphet_thoke_03f52c8e5b12.jpg,val,tea leaf salad Yangon,bing,https://images.sbs.com.au/dims4/default/5b77eb3/2147483647/strip/true/crop/1500x844+0+79/resize/1280x720!/quality/90/?url=http:%2F%2Fsbs-au-brightspot.s3.amazonaws.com%2Fdrupal%2Ffood%2Fpublic%2Frx084_vip_6_of_6.jpg&imwidth=1280,https://www.sbs.com.au/food/the-cook-up-with-adam-liaw/recipe/laphat-thoke-green-tea-leaf-salad/njaleav3r,Laphat thoke (green tea leaf salad) recipe | SBS The Cook Up with Adam Liaw,,verify at source,03f52c8e5b124c65496300ce290416b14309964925bd557101669098deec7632,1280,720,14297
laphet_thoke_b358c627644a.jpg,val,"""lahpet thoke""",bing,https://www.shutterstock.com/image-photo/tea-leaf-salad-lahpet-thoke-260nw-2223485491.jpg,https://www.shutterstock.com/image-photo/tea-leaf-salad-lahpet-thoke-myanmar-2223485489,Tea Leaf Salad Lahpet Thoke Myanmar Stock Photo 2223485489 | Shutterstock,,verify at source,b358c627644ac41e2cfb792cb3f4afe5b74c278f1d1f360f0c70eb7e81a5e1a6,348,280,8306
laphet_thoke_061e0fac5e80.jpg,val,Burmese pickled tea leaf salad,bing,https://i.pinimg.com/736x/65/67/78/656778b4e101fffe53d8a4209111ab10.jpg,https://www.pinterest.com/pin/salad-in-10-minutes-burmese-pickled-tea-leaf-salad-12-round-cabbage-chopped-2-tomatoes-sliced-2-packet-pic--266556871671419914/,Salad in 10 minutes - Burmese pickled tea leaf salad - 1/2 round ...,,verify at source,061e0fac5e80931346a2bc574fda983d38e627edbd1b6fec306e471a6e05149b,736,736,15230
laphet_thoke_96cd0eba3cfe.jpg,val,"""lahpet thoke""",bing,http://blog.carnetsdasie.com/wp-content/uploads/LahpetThoke1-768x641.png,http://blog.carnetsdasie.com/lahpet-thoke-recette-histoire/,Lahpet thoke : histoire et recette de la salade de thé de Birmanie,,verify at source,96cd0eba3cfecb99997b10bce62dc91f5b338e769736a868f40983e388dce34a,768,641,16498
laphet_thoke_26ea25830e66.jpg,val,tea leaf salad Burma,bing,https://www.veggiessavetheday.com/wp-content/uploads/2021/09/Burma-Superstar-Tea-Leaf-Salad-Ingredients.jpg,https://storage.googleapis.com/dnjlrrwbwzmnne/tea-leaf-salad-calories.html,Tea Leaf Salad Calories at James Goldsbrough blog,,verify at source,26ea25830e66995ed3c3cc965007a73a379737a6f046b119cd141076ea359080,1200,1800,15727
laphet_thoke_f1daa8c94424.jpg,val,laphet thoke traditional dish,bing,"https://static.wixstatic.com/media/0c93f4_7d8a29bbcd8a4011a184e4a8a523d765~mv2.png/v1/fill/w_980,h_980,al_c,q_90,usm_0.66_1.00_0.01,enc_avif,quality_auto/0c93f4_7d8a29bbcd8a4011a184e4a8a523d765~mv2.png",https://www.yangondelight.nl/post/taste-the-tradition-exploring-burma-s-flavorful-gem-tea-leaf-salad-laphet-thoke-in-amsterdam,"Taste the Tradition: Exploring Burma's Flavorful Gem, Tea Leaf Salad ...",,verify at source,f1daa8c9442421afca27a25dc84621e9639eb4ffc08b2e0cf5770c1499381f13,980,980,14458
laphet_thoke_823ae815bf3b.jpg,val,"""lephet thoke""",bing,https://cdn-d12srav5gxm0re.maxsold.com/auctionimages/103453/1763142359/wvintage_myanmar_bowl-79-7.jpeg,https://maxsold.com/listing/7456577/myanmar-lacquerware-lephet-thoke-bowl,Vintage Myanmar black lacquerware Lephet Thoke bowl | Maxsold,,verify at source,823ae815bf3bd72ccdba9b308bbbd01d2ba7fc948c247eb26de6271d676cbec6,1400,855,5550
laphet_thoke_265d810f62ff.jpg,val,"""laphet thoke""",bing,https://plov.lt/wp-content/uploads/2023/12/Laphet-Thoke-lengva-arbata.jpg,https://plov.lt/product/laphet-thoke-lengva-arbata-30-gr/,Laphet Thoke lengva arbata 30 gr. - PLOV.LT,,verify at source,265d810f62ff9d84da3558c6431f584fb2697aba180225ffb35e1b6c428e3889,2048,2048,5844
laphet_thoke_d28db6634cc6.jpg,val,"""lahpet thohk""",bing,https://thesmartlocal.com/wp-content/uploads/2013/07/images_easyblog_images_731_b2ap3_thumbnail_Street-Food-Lahpet-01_20130714-090644_1-445x334.jpg,https://thesmartlocal.com/read/yangon-street-food/,Yangon Street Food,,verify at source,d28db6634cc6cb4c5997547111f22e5b219cd5ae02ac26314c61f0be89305e41,445,334,16093
laphet_thoke_78dfdad07366.jpg,val,"""Burmese tea leaf salad""",bing,https://burmawalakitchen.com/wp-content/uploads/2024/07/4-900x900.jpg,https://burmawalakitchen.com/recipe/lahpet/,Lahpet - Burmese Tea Leaf Salad - Burmawala Kitchen,,verify at source,78dfdad073665865ec2ef1936648ae2a628d2d455eb451756fe8489dd3c8a377,675,900,14928
laphet_thoke_a97f154be019.jpg,val,traditional Burmese tea leaf salad,bing,https://www.shutterstock.com/shutterstock/photos/1565039518/display_1500/stock-photo-myanmar-burmese-traditional-tea-leaf-salad-close-up-1565039518.jpg,https://www.shutterstock.com/search/myanmar-traditional-snack,"Myanmar Traditional Snack Images: Browse 1,620 Stock Photos & Vectors ...",,verify at source,a97f154be01955955df7cc3b971adb4ffd53f7dbb7bd1a375f6e17a90ee4d900,1500,1101,12671
laphet_thoke_b84649c98dd0.jpg,val,Burmese fermented tea leaf salad,bing,https://jfwonline.com/wp-content/uploads/2019/04/Salad.jpg,https://jfwonline.com/article/burmese-fermented-tea-leaf-salad-recipe/,Burmese Fermented Tea Leaf Salad Recipe | JFW Just for women,,verify at source,b84649c98dd0364744dbf96dca0a1bcd65145286c6c8fa4c1ffc23f8948cc916,4928,3285,10706
laphet_thoke_65dc33fc5c5e.jpg,val,Myanmar fermented tea leaf salad,bing,https://numitea.com/cdn/shop/articles/tea-leaf-salad-pin-e1633040126102_2048x2048.webp?v=1708125306,https://numitea.com/blogs/news/burmese-style-tea-leaf-salad-vegan,Burmese-Style Tea Leaf Salad (Vegan) – Numi Tea,,verify at source,65dc33fc5c5e7ba9df21301a333c8b1e1070072015cad69fd7452d91d3a00b52,1331,1351,14914
laphet_thoke_7508fcc78faf.jpg,val,"""lahpet thoke""",bing,https://1.bp.blogspot.com/-_RWjK6YWits/UWGfp2NCN_I/AAAAAAAAB1g/cH4to5_eHSo/s1600/IMG_3760_3.JPG,https://fromthekitchenofolivia.blogspot.com/2013/04/burmese-tea-leaf-salad-lahpet-thoke.html,From the Kitchen of Olivia: Burmese Tea Leaf Salad ... Lahpet Thoke ...,,verify at source,7508fcc78fafc2eb94774a2597b72e799fb280c88555d45d828458bc653e1883,1600,1067,14613
laphet_thoke_52f82f597786.jpg,val,Burmese pickled tea leaf salad,bing,https://i.pinimg.com/736x/28/d9/a5/28d9a5e4d5f12e9f5a5228b1a3b1afb3.jpg,https://www.pinterest.com/pin/burmese-pickled-tea-leaf-salad--403494447871445941/,"Burmese pickled tea leaf salad | Food infographic, Food, Food illustrations",,verify at source,52f82f5977867291f8e3d2cc33e5731f27911d8a13cd2cd1440653ffdcfd02cf,736,736,18566
laphet_thoke_d67c33e02422.jpg,val,Burma Superstar tea leaf salad,bing,https://www.7x7.com/media-library/image.jpg?id=8197006&width=1200&coordinates=0%2C64%2C0%2C76&height=600,https://www.7x7.com/the-secrets-of-burma-superstars-cult-classic-tea-leaf-salad-1787218226.html,The Secrets of Burma Superstar's Cult Classic Tea Leaf Salad - 7x7 Bay Area,,verify at source,d67c33e0242221bf70977527e7d3c5c5a253e8cd92cdd86177ad85541806ef77,1200,600,16532
laphet_thoke_c4620625ce77.jpg,val,tea leaf salad peanuts sesame tomatoes,bing,https://thumbs.dreamstime.com/b/lahpet-burmese-tea-leaf-salad-served-deep-fried-garlic-peanut-white-sesame-dried-shrimp-ginger-roasted-coconut-lahpet-119261483.jpg,https://www.dreamstime.com/lahpet-burmese-tea-leaf-salad-served-deep-fried-garlic-peanut-white-sesame-dried-shrimp-ginger-roasted-coconut-lahpet-image119261468,"Lahpet is Burmese Tea Leaf Salad Served with Deep Fried Garlic, Peanut ...",,verify at source,c4620625ce77e351c7323e03ede836db2fb716cffdc0802ce2fa56c3eee18f21,600,900,12714
laphet_thoke_42c3b7deb6fb.jpg,val,Burmese fermented tea leaf salad,bing,https://www.shutterstock.com/shutterstock/photos/1917310304/display_1500/stock-photo-burmese-tea-leaf-salad-mixed-ingredient-lahpet-thoke-is-the-name-ofx-the-famous-fermented-from-myan-1917310304.jpg,https://www.shutterstock.com/search/burmese-vegetarian-cuisine,"568 Burmese Vegetarian Cuisine Images, Stock Photos & Vectors ...",,verify at source,42c3b7deb6fb74ca2ea2fb80b9bf1918016b2054eff1b85ebc6a09e12de61e86,1500,1011,13909
laphet_thoke_f1e1f6b4fdfc.jpg,test,"""laphat thoke""",bing,https://i.ytimg.com/vi/texcSkzwUJs/maxresdefault.jpg,https://www.youtube.com/watch?v=texcSkzwUJs,ကြာကြာအထားခံမယ့် ရှယ် လက်ဖက်နှပ်နည်း၊ လက်ဖက်ထမင်းသုပ်(laphat thoke ...,,verify at source,f1e1f6b4fdfc2aafaf3a6fa6c17dab3798058e5a235b0803a8e730d13d815568,1280,720,18058
laphet_thoke_5caf2bb651cd.jpg,test,laphet thoke food,bing,https://img.apmcdn.org/060479582e53db808c2d64b7e68c64a01d160020/uncropped/d7dcb3-splendid-table-tea-leaf-salad-1-lede.jpg,https://www.splendidtable.org/story/2017/05/30/tea-leaf-salad-laphet-thoke,Tea Leaf Salad (Laphet Thoke) | The Splendid Table,,verify at source,5caf2bb651cd47578a33063bb13b47238188b9fce73aea85a8a011e91642b249,2000,1143,14680
laphet_thoke_4a4822563983.jpg,test,lahpet thoke Myanmar,bing,https://thumbs.dreamstime.com/z/burmese-myanmar-tea-leaf-salad-called-lahpet-thoke-recipe-djenkol-bean-slices-304054360.jpg,https://www.dreamstime.com/burmese-myanmar-tea-leaf-salad-called-lahpet-thoke-recipe-djenkol-bean-slices-image304054360,"Burmese, Myanmar Tea Leaf Salad Called Lahpet Thoke Recipe with Djenkol ...",,verify at source,4a4822563983b0b9787008ca022d24d222bbefd860db26227abe6c093915bc22,1600,1196,13619
laphet_thoke_22e7af86d5a8.jpg,test,Mandalay tea leaf salad,bing,https://c8.alamy.com/comp/GNN534/mandalay-lahpet-a-traditional-salad-made-with-fermented-tea-leaves-GNN534.jpg,https://www.alamy.com/stock-photo-mandalay-lahpet-a-traditional-salad-made-with-fermented-tea-leaves-116634984.html,"Mandalay lahpet, a traditional salad made with fermented tea leaves ...",,verify at source,22e7af86d5a8f6a1eaa17d83ee3aac0130cd310bcb898047763ae050e9e18620,1300,956,17135
laphet_thoke_ac9842fb553e.jpg,test,Burmese fermented tea leaf salad,bing,https://i1.wp.com/farm8.staticflickr.com/7405/16387899278_455c343c0a_b.jpg?resize=1024%2C683&ssl=1,https://www.foodfashionparty.com/2015/03/10/burmese-tea-leaf-salad/,Burmese Tea Leaf salad | Food Fashion Party,,verify at source,ac9842fb553e7a7f69c915ee027a37dd97fd7d2d64248a66872319e7a917282e,1024,683,8192
laphet_thoke_1a93e3677ad0.jpg,test,Burma Superstar tea leaf salad,bing,https://tastecooking.com/wp-content/uploads/2017/04/Tan_Burma-Superstar.jpg,https://tastecooking.com/recipes/tea-leaf-salad/,Burma Superstar's Tea Leaf Salad | TASTE,,verify at source,1a93e3677ad00b0cf0a20f51d2a74a704cc8e5bd5a4fcfa2a1e23ef532c4c8cb,2480,3076,14543
laphet_thoke_d1bbd078447f.jpg,test,laphet thoke restaurant,bing,https://blogger.googleusercontent.com/img/b/R29vZ2xl/AVvXsEgRxgIXdmJ1liN92ZA7p31ljoLrxIs0rPFQGjLsmzQXzZlx-1mWWvXxuEN8VKWGqswLmSO8uA58RrhLgmHQYKpR3n_zDdBrbthwNMzmzAtBDvDMHLfyaeiAgtLPV90VyVa7mjnnj39PnylDVqjXI5ePkPIqhm2pCPVwqMM-VKmzfmXPsSb7GFbnWhTXC8BZ/s1080/459654799_18434428303071957_4168158413485230077_n.jpg,https://supersupergirl-dining.blogspot.com/2024/09/burmese-fare-at-laphet-larder.html,Supersupergirl's restaurant reviews: Burmese fare at Laphet Larder,,verify at source,d1bbd078447fda44adc5851fe9cb061eb7466c13a98e3e5d725c468188fcccbd,1080,1080,11904
laphet_thoke_da749b770da5.jpg,test,lahpet thoke Myanmar,bing,https://whattocooktoday.com/wp-content/uploads/2013/08/IMG_0096-580x585.jpg,https://whattocooktoday.com/lahpet-thoke-burmese-pickled-tea-leaves-salad.html,Lahpet Thoke (Burmese Pickled Tea Leaves Salad) | What To Cook Today,,verify at source,da749b770da58f3d923b781dc86009e32712655e00161a42f58aaa8c0d62b1c9,580,585,15160
laphet_thoke_b7f93686b35a.jpg,test,"""lahpet thohk""",bing,https://dontstopliving.net/wp-content/uploads/2013/08/DSC00628.jpg,https://dontstopliving.net/fridays-featured-food-tea-leaf-salad-in-amarapura-myanmar/,"Friday’s Featured Food: Tea Leaf Salad in Amarapura, Myanmar (Lahpet ...",,verify at source,b7f93686b35aa02835a96f258ea72c05cf410791d1794ed95d5036230c41a34a,900,1200,10389
laphet_thoke_64243a3b9379.jpg,test,"""laphat thoke""",bing,https://holisticchefacademy.com/wp-content/uploads/2021/06/tea-picking-1200-800-1024x683.jpg,https://holisticchefacademy.com/burmese-tea-leaf-salad-lahpet-thoke/,Burmese Tea Leaf Salad {Lahpet Thoke} - Holistic Chef Academy,,verify at source,64243a3b9379887d6da018452cb83ce87aed4e01b973b092f94dd578fecf7290,1024,683,16041
laphet_thoke_35e34d1eaea7.jpg,test,"""laphet thoke""",bing,https://i.pinimg.com/originals/6f/84/7c/6f847cdee35fd049f141bc5d1444e8f4.jpg,https://www.pinterest.com/pin/293508100735502609/,Laphet - Tea Leaf Salad — Burmalicious by Suu | Recipe | Burma cuisine ...,,verify at source,35e34d1eaea70b330760740d878ba62af7cffba79a2d20063101c03f7c716645,1000,1333,12591
laphet_thoke_f4d1996b6b55.jpg,test,"""lahpet thohk""",bing,https://headbox-media.imgix.net/spaces/40584/photos/7e2ed1d7-fb11-4c11-a73e-3522fd2b4ee7_LahpetWE_Terrace_003.jpg?auto=format&ar=3:2&fit=crop&q=60&ixlib=react-9.5.4,https://www.headbox.com/spaces/40584-book-lahpet-west-end-summer-terrace-lahpet-london,"Hire Lahpet West End Summer Terrace, Lahpet, London • HeadBox",,verify at source,f4d1996b6b55a458707120cedfb01ab8cf452b92d5434d6e35a59854d04d2836,1333,889,13981
laphet_thoke_c52c5db2d46a.jpg,test,"""Myanmar tea leaf salad""",bing,https://img.ifunny.co/images/ed91e42f7c760312994f5d7b7f09362ef3a6c8ca60dbf90ba59d7a888e4ef3fb_1.jpg,https://storage.googleapis.com/dlnldujmrwvtle/green-tea-leaf-salad-myanmar.html,Green Tea Leaf Salad Myanmar at Trent Ragland blog,,verify at source,c52c5db2d46a2f4ebaf0bd78c38230f3ec50297b49701bef5567e7470654cff8,1080,1011,14417
laphet_thoke_65edaf0055c9.jpg,test,Burmese tea salad dish,bing,https://i3.ytimg.com/vi/HLHWE4y1JhQ/maxresdefault.jpg,https://burmawalakitchen.com/recipe/lahpet/,Lahpet - Burmese Tea Leaf Salad - Burmawala Kitchen,,verify at source,65edaf0055c927d70aec63bb9629322a16dddca402aa2d0d895531f8cf27e52b,1280,720,19213
laphet_thoke_ce941d898dd9.jpg,test,lahpet thoke recipe,bing,https://clubrangoon.com.hk/wp-content/uploads/2025/04/lahpet-thoke-tea-leaf-salad-recipe-1745488479.jpg,https://clubrangoon.com.hk/lahpet-thoke-tea-leaf-salad-recipe/,Lahpet Thoke (Tea Leaf Salad) Recipe | Clubrangoon.com.hk,,verify at source,ce941d898dd90340ab852a4f2ec2e43651585393a5f6bc96e058a64f9c5ca610,1727,1151,16636
laphet_thoke_ce55d463aec3.jpg,test,lahpet thoke salad,bing,https://www.196flavors.com/wp-content/uploads/2016/10/lahpet-thoke-fermented-tea-leaf-salad-3.jpg,https://www.196flavors.com/lahpet-thoke-fermented-tea-leaf-salad/,Lahpet Thoke (Tea Leaf Salad) - Burmese Recipe | 196 flavors,,verify at source,ce55d463aec3bf3d64f6d1059ab5d343613e54e9443fb1aa55b5fff17e8a7828,600,900,10899
laphet_thoke_90cbc1190b0b.jpg,test,lahpet salad Burma,bing,https://burmawalakitchen.com/wp-content/uploads/2024/09/Mutton-liver-1-769x1024.jpg,https://burmawalakitchen.com/recipe/lahpet/,Lahpet – Burmese Tea Leaf Salad – Burmawala Kitchen,,verify at source,90cbc1190b0b64ff2e9a20ce56d7f0b31722116add3761dc0c86f2b9a7d8266d,769,1024,16860
laphet_thoke_e24e680a9bd6.jpg,test,Burma Superstar tea leaf salad,bing,https://i.pinimg.com/originals/a0/f8/7b/a0f87b725d8655747d1f9cdd726865f6.jpg,https://ca.pinterest.com/pin/burma-superstar-tea-leaf-salad-veggies-save-the-day--273312271116329104/,"Burma Superstar Tea Leaf Salad | Recipe | Tea leaf salad, Tea leaves ...",,verify at source,e24e680a9bd6cf50a1058428fe6bd9bda3987c8fbb6791de80cd794bc62c87ee,584,389,12483
laphet_thoke_81f72677528b.jpg,test,"""lephet thoke""",bing,https://i.ytimg.com/vi/2jbrx1ECnEk/maxresdefault.jpg,https://www.youtube.com/watch?v=2jbrx1ECnEk,Lephet Thoke - YouTube,,verify at source,81f72677528bd18c7f2f2908cdea1fe1b6d5a79e64c2268d801a763758661bcd,1280,720,13722
laphet_thoke_6e0bdbc3abe6.jpg,test,laphet thoke restaurant,bing,https://assets.st-note.com/production/uploads/images/161242362/rectangle_large_type_2_4304cb264881ebfed826e5144432a7d7.jpeg?width=1200,https://note.com/shiny_turtle3014/n/n89ebb1fada7b,病みつきになるお茶の葉サラダ laphet thoke（ラペットゥ）｜MUTSUMI,,verify at source,6e0bdbc3abe689b102d816b311d8b52fbd304cf41e09fb4e357c53e8b52e3c8c,1200,628,10206
laphet_thoke_a41b390c08af.jpg,test,"""lephet thoke""",bing,https://i.pinimg.com/736x/70/44/10/704410a4861ebc4b42e121f5aff91aee.jpg,https://www.pinterest.com/pin/lephet-thoke--503418064590366680/,"Lephet Thoke | Vegan asian recipes, Real food recipes, Burmese food",,verify at source,a41b390c08af07020388e99784305c5ff8aeb666dccf757e7289f6d0c8dbbd12,479,318,13374
laphet_thoke_bb55505da27e.jpg,test,lahpet thoke Myanmar,bing,https://holisticchefacademy.com/wp-content/uploads/2024/12/teff-pancakes-1200-1200-1024x1024.jpg,https://holisticchefacademy.com/burmese-tea-leaf-salad-lahpet-thoke/,Burmese Tea Leaf Salad {Lahpet Thoke} - Holistic Chef Academy,,verify at source,bb55505da27e8089d05f9e62b30aac1621c08bdaada69e3cf339d12086c6f033,1024,1024,15446
laphet_thoke_4caa87288d86.jpg,test,tea leaf salad Yangon,bing,https://i.ytimg.com/vi/Al1lmhbKK0U/maxresdefault.jpg,https://www.youtube.com/watch?v=Al1lmhbKK0U,Lahpet Thoke - Eating BURMESE TEA LEAF Salad on the Streets of Yangon ...,,verify at source,4caa87288d868f2884003a276f46544228d5f0d162192358fda76fa97572ab6b,1280,720,14361
laphet_thoke_d6f8b866eddf.jpg,test,"""laphet thoke""",bing,https://static.mothership.sg/1/2023/08/Laphet-Nay-Wai-Thoke-–-Tea-Leaf.jpg,https://mothership.sg/2023/08/burmese-restaurant-tanjong-pagar/,Tanjong Pagar restaurant & bar does Burmese fine dining cuisine ...,,verify at source,d6f8b866eddfc979b6d0b75d152cb3a4930bec4170d2cae3c70046b12d20e2c7,828,907,12651
laphet_thoke_4767ec287f6e.jpg,test,fermented tea leaf salad Burma,bing,https://l450v.alamy.com/450v/gnn534/mandalay-lahpet-a-traditional-salad-made-with-fermented-tea-leaves-gnn534.jpg,https://www.alamy.com/stock-photo-traditional-burmese-lahpet-salad-is-made-out-of-pickled-fermented-93025318.html,Traditional Burmese Lahpet salad is made out of pickled ( fermented ...,,verify at source,4767ec287f6eb909ec2a779e5d4a9d9b4a995f8d8b7697bb5b84bbc292ea8f96,450,320,18021
laphet_thoke_eda52088acb1.jpg,test,tea leaf salad Burma,bing,https://s.hdnux.com/photos/01/04/55/65/18013562/7/1200x0.jpg,https://www.sfchronicle.com/cooking/article/Recipe-Burma-Superstar-s-Tea-Leaf-Salad-14367941.php,Recipe: Burma Superstar’s Tea Leaf Salad,,verify at source,eda52088acb1a80d7ff8ea860adf6072d0080c4944a6e4962987c4717d8fc092,1200,1600,12142
laphet_thoke_f6f929c4d04d.jpg,test,lahpet thoke salad,bing,https://images.sbs.com.au/dims4/default/a267bcf/2147483647/strip/true/crop/787x443+0+270/resize/1280x720!/quality/90/?url=http:%2F%2Fsbs-au-brightspot.s3.amazonaws.com%2Fdrupal%2Ffood%2Fpublic%2FLahpet-thoke-(pickled-tea-leaf-salad).jpg&imwidth=1280,https://www.sbs.com.au/food/recipe/pickled-tea-leaf-salad-lahpet-thoke/xvoe0l5eo,Pickled tea leaf salad (lahpet thoke) recipe | SBS Food,,verify at source,f6f929c4d04dfe34818e33e8978a959ca295d82348a70d7624e30fe02595e096,1280,720,15868
laphet_thoke_10d80bc54f15.jpg,test,lahpet thoke Myanmar,bing,https://holisticchefacademy.com/wp-content/uploads/2025/01/hibiscus-tea-1200-1200-1-1024x1024.jpg,https://holisticchefacademy.com/burmese-tea-leaf-salad-lahpet-thoke/,Burmese Tea Leaf Salad {Lahpet Thoke} - Holistic Chef Academy,,verify at source,10d80bc54f1544890221852eb8b8e925aac09d2e620709d6ad784b49f8e97227,1024,1024,18890
laphet_thoke_3be42b066a51.jpg,test,"""lahpet thoke""",bing,https://c8.alamy.com/comp/FW371M/lahpet-thoke-burmese-pickled-tea-leaf-salad-in-yangon-myanmar-FW371M.jpg,https://www.alamy.com/stock-photo-lahpet-thoke-burmese-pickled-tea-leaf-salad-in-yangon-myanmar-101489632.html,"Lahpet Thoke Burmese pickled tea leaf salad in Yangon, Myanmar Stock ...",,verify at source,3be42b066a519bec8e33d225a686e1915a83107b95dacaea1ae30730d25d703d,1300,925,16879
laphet_thoke_09acbb1217d9.jpg,test,"""lahpet thoke""",bing,https://thumbs.dreamstime.com/b/authentic-burmese-tea-leaf-salad-lahpet-thoke-served-wooden-bowl-traditional-dish-featuring-fermented-tea-leaves-mixed-338722087.jpg,https://www.dreamstime.com/authentic-burmese-tea-leaf-salad-lahpet-thoke-served-wooden-bowl-traditional-dish-featuring-fermented-tea-leaves-mixed-image338722087,"Authentic Burmese Tea Leaf Salad, Lahpet Thoke, Served in a Wooden Bowl ...",,verify at source,09acbb1217d956b61c1bb5113ca462758d7208ed602b7d88c0e371a97dcf1f29,800,449,15571
laphet_thoke_e98b63b7ba6c.jpg,test,"""laphet thoke""",bing,https://hotlyrecipes.com/wp-content/uploads/2025/11/Google_AI_Studio_2025-11-27T13_09_11.408Z.png,https://hotlyrecipes.com/laphet-thoke/,Laphet Thoke: Exploring Burma's Bold Fermented Tea Leaf Salad ...,,verify at source,e98b63b7ba6c47a39f6e51e9ad1cbf296057c4d5f73532d58af1e094f2606169,1280,896,16699
laphet_thoke_3a05be717e61.jpg,test,laphet thoke recipe,bing,https://i.pinimg.com/736x/4b/d9/85/4bd9858292b861308e1526fe1156a665.jpg,https://www.pinterest.com/pin/how-to-make-laphet-thoke-authentic-burmese-recipe--362610207512403699/,How to Make Laphet Thoke: Authentic Burmese Recipe,,verify at source,3a05be717e61071d631cf425e909dcc7975b0918e5b2356721b4b18fc60fa757,736,981,11363
laphet_thoke_b820e1123314.jpg,test,Myanmar tea salad dish,bing,https://togetherwomenrise.org/wp-content/uploads/2017/09/burmese-tea-leaf-salad.jpg,https://togetherwomenrise.org/recipes/burmese-tea-leaf-salad-2/,Burmese Tea Leaf Salad - Together Women Rise,,verify at source,b820e11233145d49d60c1446c9aab4399ea5228de2fe1ee2f3b2d744fc95097f,1024,768,14523
laphet_thoke_487388bff164.jpg,test,"""lahpet thoke""",bing,https://images.food52.com/mjaTE9pK5xi744oS0QRoO7Rtx1A=/fit-in/1200x1200/15d0ad6f-b11e-4031-8b7a-ea220df0404a--IMG_20141209_175537.jpg,https://food52.com/recipes/32376-burmese-tea-leaf-salad-lahpet-thoke,Best Burmese Tea Leaf Salad Recipe - How to Make Lahpet Thoke,,verify at source,487388bff1643649d9208a96fc31bc5962891b7ba25eb230fffa28e0b73abd2f,1200,1200,11633
laphet_thoke_e47395ee9132.jpg,test,tea leaf salad Yangon,bing,https://livingnomads.com/wp-content/uploads/2016/03/Tea-leaf-salad-myanmar-food-photobucket-696x464.jpg,https://livingnomads.com/2020/02/top-things-to-do-in-yangon/,"What to do in Yangon? — 10 best, must do in Yangon & top things to do ...",,verify at source,e47395ee9132a5b85eea8a24534ae571edfba1ccc3bb19ab98acef7808995e38,696,464,15533
laphet_thoke_283be4c79bee.jpg,test,Rangoon tea leaf salad,bing,https://i.pinimg.com/originals/e1/c3/fc/e1c3fce9438ac8f126c73531cb7bdbb7.jpg,https://www.pinterest.com/pin/rangoon-ruby--213428469819115096/,"Rangoon Ruby | Burmese food, Rangoon, Tea leaf salad",,verify at source,283be4c79bee780a8fcbeb92757359b9019ccd6b1adbbda8b83aa92ba08a3b6f,960,720,13403
laphet_thoke_63d090cdd7fb.jpg,test,tea leaf salad peanuts sesame tomatoes,bing,https://i.pinimg.com/736x/b2/72/d1/b272d136d019a42ef3b9c2b6b8cbe704.jpg,https://www.pinterest.com/pin/fermented-green-tea-leaf-salad-lettuce-tomatoes-cucumbers-mung-bean-sprouts-cilantro-garlic-shallots-peanuts-se--537617274259185054/,#fermented green tea leaf salad lettuce tomatoes cucumbers mung bean ...,,verify at source,63d090cdd7fba6d05c3fc123772fad43dfad3659d0359870733184b39660c146,640,640,11927
laphet_thoke_62625f9afb49.jpg,test,lahpet thoke restaurant,bing,"https://cdn.thefork.com/tf-lab/image/upload/w_640,c_fill,q_auto,f_auto/restaurant/72915023-7308-4db7-b65f-9797e40427bd/fce8db19-cfb6-4ec3-ab35-176961eb4bf1.jpg",https://www.thefork.co.uk/restaurant/lahpet-west-end-r815570,"Lahpet West End in London - Restaurant Reviews, Menus, and Prices | TheFork",,verify at source,62625f9afb49f493756ccaca8ba678a980cd5dea404d0bb2bd98a32ee9028197,640,360,12452
laphet_thoke_293092abc7d2.jpg,test,"""lahpet thoke""",bing,https://c8.alamy.com/comp/2H94RKA/steeped-green-tea-leaves-for-burmese-tea-leaf-salad-or-lahpet-thoke-2H94RKA.jpg,https://www.alamy.com/steeped-green-tea-leaves-for-burmese-tea-leaf-salad-or-lahpet-thoke-image453107854.html,"steeped green tea leaves, for Burmese Tea Leaf Salad, or Lahpet Thoke ...",,verify at source,293092abc7d22177d59fc1e014870e04f21bc7ea267d5b5725412f963dca7498,1300,956,14902
laphet_thoke_26cb8d820f5d.jpg,test,"""laphat thoke""",bing,https://i.ytimg.com/vi/znEDtw70Sxc/maxresdefault.jpg,https://www.youtube.com/watch?v=znEDtw70Sxc,"How to Make Burmese Tea Leaf Salad , Laphat Thoke, in Empress Style ...",,verify at source,26cb8d820f5d0e349a8f34904b1b870ecb2f3e1bd59bea07dd30df027fb05cef,1280,720,11483
laphet_thoke_976cb9be1130.jpg,test,"""lahpet thoke""",bing,https://www.nationalgerichtrezepte.de/wp-content/uploads/2025/03/nationalgericht-myanmar-lahpet-thoke-1742522434-eaec.jpg,https://www.nationalgerichtrezepte.de/nationalgericht-myanmar-lahpet-thoke-rezept/,Nationalgericht Myanmar: Lahpet Thoke (Rezept),,verify at source,976cb9be11305f9ce965ac8032f8af31e6a7d913ba5aaf620406fc6ee7c064d0,1024,1024,17191
laphet_thoke_5dfbb649a19e.jpg,test,laphet thoke food,bing,https://nordicfoodlab.org/wp-content/uploads/2021/09/Nordic_Lab_FINAL_2020_Page_404_Image_0001.jpg,https://nordicfoodlab.org/blog/2017/03/making-tea-edible-laphet-from-local-plants-in-three-ways/,Making Tea Edible: Laphet from local plants in three ways – Nordic Food Lab,,verify at source,5dfbb649a19ec3c7153edcb4ff3e0cfe09b957034b2e3d28097545cd721e4e65,1001,641,13867
laphet_thoke_5c0b84dc2cab.jpg,test,"""Burmese tea leaf salad""",bing,https://bonsaimary.com/wp-content/uploads/Burmese_Tea_Leaf_Salad2.jpg,https://bonsaimary.com/burmese-tea-leaf-salad.html,Burmese Tea Leaf Salad Recipe,,verify at source,5c0b84dc2cab6dea54042ae1acf4f71d1d024ea6342875c339b8b52cbc349ec0,704,1408,13382
laphet_thoke_084456e0fbb2.jpg,test,"""Myanmar tea leaf salad""",bing,https://i.pinimg.com/736x/96/53/96/965396480f9b3aa3cd06c85fb8f2c799.jpg,https://uk.pinterest.com/pin/myanmar-tea-leaf-salad-recipe--891712794968347630/,"Myanmar Tea Leaf Salad Recipe | Burmese dishes, Burma tea leaf salad ...",,verify at source,084456e0fbb2ddfef686b96a64d5ad59e857a9ab4fa3b8e6ebca51bda84345b7,736,1104,11139
laphet_thoke_a550dcf11ee3.jpg,test,"""laphat thoke""",bing,https://i.ytimg.com/vi/GAYP_JAGMlQ/maxresdefault.jpg,https://www.youtube.com/watch?v=GAYP_JAGMlQ,Laphat thoke😋😋😋😋😋 _its a very popular Burmese traditional tea leaves ...,,verify at source,a550dcf11ee3f26b4f39a7a11bcf899298a9af23e6f0033bf5701ff9ab807f3b,1280,720,12881
laphet_thoke_261f04baabd7.jpg,test,"""laphet thoke""",bing,https://th-test-11.slatic.net/p/1c69b4dde89c69459b9bdd5e34a1fb90.jpg,https://www.lazada.co.th/products/laphet-thoke-burmese-tea-salad-300-150203-i5101803026.html,Laphet Thoke) หรือยำชาเมี่ยง Burmese Tea Salad 300 กรัม สำหรับยำ แบบ ...,,verify at source,261f04baabd7d253dd13e27b7540b28944bf313a6078cc8cc176a0019f433397,1656,1656,12384
laphet_thoke_67fb9db6308a.jpg,test,"""lahpet thoke""",bing,https://down-my.img.susercontent.com/file/my-11134207-7r98x-lt5c432mvw9w5e,https://shopee.com.my/LAHPET-THOKE-MYANMAR-FOOD-(Ready-To-Eat)-i.1214370198.25620260450,LAHPET THOKE MYANMAR FOOD (Ready To Eat) | Shopee Malaysia,,verify at source,67fb9db6308ab8e81c90cd6881c917de0dcb5b8c44e7815fea198681501f611f,800,800,12354
laphet_thoke_b6a1541968a9.jpg,test,lahpet thoke bowl,bing,https://2.bp.blogspot.com/-Ti5nMIalN5c/WQlOhM9fKbI/AAAAAAAA2hc/fClfRwoFkJEV9TrP7mv_6fHntjiWGKfGgCLcB/s1600/DSC_0084.JPG,https://culinary-adventures-with-cam.blogspot.com/2017/05/lahpet-thoke-fermented-tea-leaf-salad.html,Lahpet Thoke (Fermented Tea Leaf Salad) #FoodieExtravaganza,,verify at source,b6a1541968a9bdb401a1b73e5618d2fa464edb603e919c57c2b5014ea39f8436,1600,1071,11738
