file_path,abs_path,label,display_name,country,split,width,height,orig_width,orig_height,source,source_url,sha256,created_at
train\laphet_thoke\laphet_thoke_7a0c5d946910.jpg,C:\Users\Pc\Documents\GitHub\FoodImage\dataset\train\laphet_thoke\laphet_thoke_7a0c5d946910.jpg,laphet_thoke,Laphet Thoke,Myanmar,train,224,224,1600,1157,bing,https://thumbs.dreamstime.com/z/tea-leaf-salad-street-food-myanmar-yangon-myanmar-street-food-rangoon-burma-198191872.jpg,7a0c5d946910312c1b2c1eae58dcd7dfd1a56479f4998fa2029759d3ca92b44b,2026-07-02T17:24:31.137409+00:00
train\laphet_thoke\laphet_thoke_4999e9a6751c.jpg,C:\Users\Pc\Documents\GitHub\FoodImage\dataset\train\laphet_thoke\laphet_thoke_4999e9a6751c.jpg,laphet_thoke,Laphet Thoke,Myanmar,train,224,224,600,420,bing,https://www.shutterstock.com/image-photo/lahpet-thoke-traditional-myanmar-fermented-600w-1433889155.jpg,4999e9a6751c2f25307ec7c38386f5dcc75afce82a627385b4ea298a1b9464ff,2026-07-02T17:24:31.137409+00:00
train\laphet_thoke\laphet_thoke_be1fcb7ebd3e.jpg,C:\Users\Pc\Documents\GitHub\FoodImage\dataset\train\laphet_thoke\laphet_thoke_be1fcb7ebd3e.jpg,laphet_thoke,Laphet Thoke,Myanmar,train,224,224,1366,768,bing,https://pimwp.s3-accelerate.amazonaws.com/2025/08/Varsha-PIM-Template-8.png,be1fcb7ebd3ef0984e09dcbfc6a133b08953309210e7c8f3fd331254360e838a,2026-07-02T17:24:31.137409+00:00
train\laphet_thoke\laphet_thoke_f09e0a29aa05.jpg,C:\Users\Pc\Documents\GitHub\FoodImage\dataset\train\laphet_thoke\laphet_thoke_f09e0a29aa05.jpg,laphet_thoke,Laphet Thoke,Myanmar,train,224,224,3024,3024,bing,http://www.surajspicesteas.com/cdn/shop/articles/Lahpet5.jpg?v=1616681309,f09e0a29aa05660bf53f6ce4f17829187aa0b590ae304f706b380049415d8fc0,2026-07-02T17:24:31.137409+00:00
train\laphet_thoke\laphet_thoke_6dc3724b5e6a.jpg,C:\Users\Pc\Documents\GitHub\FoodImage\dataset\train\laphet_thoke\laphet_thoke_6dc3724b5e6a.jpg,laphet_thoke,Laphet Thoke,Myanmar,train,224,224,3792,2844,bing,https://i.pinimg.com/originals/e0/0c/96/e00c967e9aef47a6da13e7ccc67bcc67.jpg,6dc3724b5e6afe4b428f83a6d2dc427ca8004e5b4f64c0f29269bd13d5714ef7,2026-07-02T17:24:31.137409+00:00
train\laphet_thoke\laphet_thoke_e79db8e3c0c0.jpg,C:\Users\Pc\Documents\GitHub\FoodImage\dataset\train\laphet_thoke\laphet_thoke_e79db8e3c0c0.jpg,laphet_thoke,Laphet Thoke,Myanmar,train,224,224,1600,1681,bing,https://thumbs.dreamstime.com/z/burmese-tea-leaf-salad-mixed-ingredient-lahpet-thoke-name-ofx-famous-fermented-myan-mar-decorate-vegetable-chili-210600886.jpg,e79db8e3c0c089475750a18e9d9949479294dbe9181d50b8db1e5ba2b1d6b890,2026-07-02T17:24:31.137409+00:00
train\laphet_thoke\laphet_thoke_f2102d77253d.jpg,C:\Users\Pc\Documents\GitHub\FoodImage\dataset\train\laphet_thoke\laphet_thoke_f2102d77253d.jpg,laphet_thoke,Laphet Thoke,Myanmar,train,224,224,1500,2250,bing,https://i.pinimg.com/originals/a4/0b/b0/a40bb07a0447f9c7489a8ba80f1890fa.jpg,f2102d77253db88ea8e876c88121ff4559941b946b7e6026ea8b75f451b543f0,2026-07-02T17:24:31.137409+00:00
train\laphet_thoke\laphet_thoke_ce52bf26eb22.jpg,C:\Users\Pc\Documents\GitHub\FoodImage\dataset\train\laphet_thoke\laphet_thoke_ce52bf26eb22.jpg,laphet_thoke,Laphet Thoke,Myanmar,train,224,224,1080,1423,bing,https://global-uploads.webflow.com/62de641ce3132f751e31416e/62de641ce3132f1413314e33_fWGAo5jYzi6sdFbbYtQu6HngiR_1FES-sS7z1vzuczL5Yt83FrDluGp21dQXOfB2F2MVTwwje-Uf4NzUShmVEFegkQHW4Q8ZMDwD5O3kfL-HdiEDKS40PWQQSjybASWE0c-RIGHaRDKos4JErw.jpeg,ce52bf26eb22d52ff688fdd931388b46a8e2e28e24d8361ba65072e57f96d515,2026-07-02T17:24:31.137409+00:00
train\laphet_thoke\laphet_thoke_4010218f31d0.jpg,C:\Users\Pc\Documents\GitHub\FoodImage\dataset\train\laphet_thoke\laphet_thoke_4010218f31d0.jpg,laphet_thoke,Laphet Thoke,Myanmar,train,224,224,1131,768,bing,https://keluyuran.com/wp-content/uploads/2019/10/Laphet-Thohk-Copy.jpg,4010218f31d0b9024a638cb2046725ca5e1653a5b96f804489c4158f977581b8,2026-07-02T17:24:31.137409+00:00
train\laphet_thoke\laphet_thoke_4e6f04b70825.jpg,C:\Users\Pc\Documents\GitHub\FoodImage\dataset\train\laphet_thoke\laphet_thoke_4e6f04b70825.jpg,laphet_thoke,Laphet Thoke,Myanmar,train,224,224,750,1125,bing,https://whattocooktoday.com/wp-content/uploads/2017/08/IMG_2249.jpg,4e6f04b708256a50a809fd98686dc4449b020e8f3a0d350e50bffd5711123735,2026-07-02T17:24:31.137409+00:00
train\laphet_thoke\laphet_thoke_0b21e98601f5.jpg,C:\Users\Pc\Documents\GitHub\FoodImage\dataset\train\laphet_thoke\laphet_thoke_0b21e98601f5.jpg,laphet_thoke,Laphet Thoke,Myanmar,train,224,224,1024,768,bing,https://hungrygowhere.com/wp-content/uploads/2024/12/05-gl-Club-Rangoon-Laphet-Thoke-HungryGoWhere.jpg,0b21e98601f5219e7aabaaa43570d340bf502733e8318577e3de70776abc84f7,2026-07-02T17:24:31.137409+00:00
train\laphet_thoke\laphet_thoke_27d4e73964ee.jpg,C:\Users\Pc\Documents\GitHub\FoodImage\dataset\train\laphet_thoke\laphet_thoke_27d4e73964ee.jpg,laphet_thoke,Laphet Thoke,Myanmar,train,224,224,1300,965,bing,https://c8.alamy.com/comp/FB9JMY/traditional-burmese-lahpet-salad-is-made-out-of-pickled-fermented-FB9JMY.jpg,27d4e73964eeb2efbb93a78448525b8ab9c0d33c07524c955d0b7513f86d96a9,2026-07-02T17:24:31.137409+00:00
train\laphet_thoke\laphet_thoke_f89e31465357.jpg,C:\Users\Pc\Documents\GitHub\FoodImage\dataset\train\laphet_thoke\laphet_thoke_f89e31465357.jpg,laphet_thoke,Laphet Thoke,Myanmar,train,224,224,588,400,bing,https://mantapfood.weebly.com/uploads/1/2/6/8/126872926/laphet-thohk_orig.jpg,f89e314653572b411217651250b13d13bd9023c8d3d935802557c2ecc4d7c192,2026-07-02T17:24:31.137409+00:00
train\laphet_thoke\laphet_thoke_ac8944f0c7d9.jpg,C:\Users\Pc\Documents\GitHub\FoodImage\dataset\train\laphet_thoke\laphet_thoke_ac8944f0c7d9.jpg,laphet_thoke,Laphet Thoke,Myanmar,train,224,224,1300,1390,bing,https://c8.alamy.com/compde/gnn52w/mandalay-lahpet-ein-traditioneller-salat-mit-fermentierten-teeblatter-serviert-in-myanmar-burma-gnn52w.jpg,ac8944f0c7d95854fcd1d853e100f201e80bc40203ce9e9b960aac122a12b86e,2026-07-02T17:24:31.137409+00:00
train\laphet_thoke\laphet_thoke_f0875e29bd30.jpg,C:\Users\Pc\Documents\GitHub\FoodImage\dataset\train\laphet_thoke\laphet_thoke_f0875e29bd30.jpg,laphet_thoke,Laphet Thoke,Myanmar,train,224,224,640,853,bing,https://preview.redd.it/i-ate-thai-boat-noodles-and-burmese-pickled-tea-leaf-salad-v0-d444qorqitnc1.jpg?width=640&crop=smart&auto=webp&s=3a9d9bd9bb9ecdf85e6947f99ca1082e0e78ef90,f0875e29bd303b5e2f359d87884fe159ed0525a59934d33ba25e388be902b36c,2026-07-02T17:24:31.137409+00:00
train\laphet_thoke\laphet_thoke_c86a5612f325.jpg,C:\Users\Pc\Documents\GitHub\FoodImage\dataset\train\laphet_thoke\laphet_thoke_c86a5612f325.jpg,laphet_thoke,Laphet Thoke,Myanmar,train,224,224,1280,720,bing,https://i.ytimg.com/vi/A2O3B0UWWcM/maxresdefault.jpg,c86a5612f3254aff4cce3b6d506d8674cc0a88a465e517f434cedcac8b777c7d,2026-07-02T17:24:31.137409+00:00
train\laphet_thoke\laphet_thoke_ee2ed21d5023.jpg,C:\Users\Pc\Documents\GitHub\FoodImage\dataset\train\laphet_thoke\laphet_thoke_ee2ed21d5023.jpg,laphet_thoke,Laphet Thoke,Myanmar,train,224,224,1000,653,bing,https://i.pinimg.com/originals/fc/57/95/fc5795bb0914ecbe1ed286ba1328dbb4.jpg,ee2ed21d5023e1db490219a15b2728ef3b402e01bfcb4d40e8d4130ed52322e4,2026-07-02T17:24:31.137409+00:00
train\laphet_thoke\laphet_thoke_62d500f5991e.jpg,C:\Users\Pc\Documents\GitHub\FoodImage\dataset\train\laphet_thoke\laphet_thoke_62d500f5991e.jpg,laphet_thoke,Laphet Thoke,Myanmar,train,224,224,937,625,bing,https://www.tripsavvy.com/thmb/bCk8sKEAI5ZsPY8ZiG8EfumDN_s=/937x0/filters:no_upscale():max_bytes(150000):strip_icc()/Laphet-aa8e3d8ffe9348f3aab7b5b4489e3c53.jpg,62d500f5991ee3150d1881bbfba4b5e5551e381cfb74baaefcf2ca69157bce7d,2026-07-02T17:24:31.137409+00:00
train\laphet_thoke\laphet_thoke_31961cb46c5a.jpg,C:\Users\Pc\Documents\GitHub\FoodImage\dataset\train\laphet_thoke\laphet_thoke_31961cb46c5a.jpg,laphet_thoke,Laphet Thoke,Myanmar,train,224,224,1500,1121,bing,https://ak.picdn.net/offset/photos/5660c19b2d1642c189625f0e/large_w/offset_299732.jpg,31961cb46c5a5e81db076710cbfe9db0775700bb8e142cbf2d9752091631e2a4,2026-07-02T17:24:31.137409+00:00
train\laphet_thoke\laphet_thoke_bfc64a9b99b5.jpg,C:\Users\Pc\Documents\GitHub\FoodImage\dataset\train\laphet_thoke\laphet_thoke_bfc64a9b99b5.jpg,laphet_thoke,Laphet Thoke,Myanmar,train,224,224,1300,1336,bing,https://c8.alamy.com/comp/FXW43P/burmese-cuisine-lahpet-or-traditional-pickled-green-tea-leaves-salad-FXW43P.jpg,bfc64a9b99b521ee6385796b939e9a417581f20c1f896850f96ed3a1f42a3cc2,2026-07-02T17:24:31.137409+00:00
train\laphet_thoke\laphet_thoke_2b5803a71250.jpg,C:\Users\Pc\Documents\GitHub\FoodImage\dataset\train\laphet_thoke\laphet_thoke_2b5803a71250.jpg,laphet_thoke,Laphet Thoke,Myanmar,train,224,224,1024,1024,bing,https://bonsaimary.com/wp-content/uploads/bonsaimary_1.png,2b5803a71250577c2077de2c1a0305ecaf0169975fd7ff4ba9fa88811a5900c0,2026-07-02T17:24:31.137409+00:00
train\laphet_thoke\laphet_thoke_7efa1826d0d6.jpg,C:\Users\Pc\Documents\GitHub\FoodImage\dataset\train\laphet_thoke\laphet_thoke_7efa1826d0d6.jpg,laphet_thoke,Laphet Thoke,Myanmar,train,224,224,600,400,bing,https://i1.wp.com/www.thedropoutdiaries.com/wp-content/uploads/2012/03/Lahpet-Thohk-207.jpg?w=600,7efa1826d0d61ef44a8b63761467a3a2d911e1d44d59b45208b2e3454bbf5175,2026-07-02T17:24:31.137409+00:00
train\laphet_thoke\laphet_thoke_0b13c031148c.jpg,C:\Users\Pc\Documents\GitHub\FoodImage\dataset\train\laphet_thoke\laphet_thoke_0b13c031148c.jpg,laphet_thoke,Laphet Thoke,Myanmar,train,224,224,1500,1077,bing,https://www.rachelrecipe.com/wp-content/uploads/2025/03/cropped-3-Logo.png,0b13c031148cc5d655da9ab570985bf93b1e6abf8264e4b1bb26468f3dea8683,2026-07-02T17:24:31.137409+00:00
train\laphet_thoke\laphet_thoke_1d870b0c309d.jpg,C:\Users\Pc\Documents\GitHub\FoodImage\dataset\train\laphet_thoke\laphet_thoke_1d870b0c309d.jpg,laphet_thoke,Laphet Thoke,Myanmar,train,224,224,3840,2880,bing,"https://res.cloudinary.com/the-infatuation/image/upload/c_fill,w_3840,ar_4:3,g_center,f_auto/images/Mandalay_TeaLeafSalad_SarahFelker_SanFrancisco_005_xz3cfx",1d870b0c309db703b99a2fa00398bda77b2c26bbd7169cd233ea5e34516c834c,2026-07-02T17:24:31.137409+00:00
train\laphet_thoke\laphet_thoke_77f3e486a2da.jpg,C:\Users\Pc\Documents\GitHub\FoodImage\dataset\train\laphet_thoke\laphet_thoke_77f3e486a2da.jpg,laphet_thoke,Laphet Thoke,Myanmar,train,224,224,800,800,bing,https://www.figandginger.com/wp-content/uploads/2024/03/DALL·E-2024-03-04-00.30.05-Illustrate-a-bustling-street-market-scene-in-the-heart-of-Myanmar-capturing-the-moment-Alex-discovers-the-Burmese-Tea-Leaf-Dip-Laphet-Thoke-at-a-hu-800x800.webp,77f3e486a2dadd8d83a0f2f8491df108f222ca37c6aa04a9af7aa7825c85722d,2026-07-02T17:24:31.137409+00:00
train\laphet_thoke\laphet_thoke_a4227482f97a.jpg,C:\Users\Pc\Documents\GitHub\FoodImage\dataset\train\laphet_thoke\laphet_thoke_a4227482f97a.jpg,laphet_thoke,Laphet Thoke,Myanmar,train,224,224,1220,915,bing,https://pickyglutton.files.wordpress.com/2022/12/ginger-salad-at-lahpet-west-end.jpg?w=1220,a4227482f97adeed17bfb0487e19c822ceade88c54a7ea2d4291af9858b668cf,2026-07-02T17:24:31.137409+00:00
train\laphet_thoke\laphet_thoke_689385c0d33c.jpg,C:\Users\Pc\Documents\GitHub\FoodImage\dataset\train\laphet_thoke\laphet_thoke_689385c0d33c.jpg,laphet_thoke,Laphet Thoke,Myanmar,train,224,224,800,449,bing,https://thumbs.dreamstime.com/b/burmese-lahpet-thoke-tea-leaf-salad-made-fermented-leaves-crunchy-nuts-seeds-other-fresh-ingredients-served-322596482.jpg,689385c0d33c6580d2da3d171c08d4703cfeee61ed18b5dc779d5da4fadfb821,2026-07-02T17:24:31.137409+00:00
train\laphet_thoke\laphet_thoke_f1ac2ca76ca3.jpg,C:\Users\Pc\Documents\GitHub\FoodImage\dataset\train\laphet_thoke\laphet_thoke_f1ac2ca76ca3.jpg,laphet_thoke,Laphet Thoke,Myanmar,train,224,224,1080,525,bing,https://preview.redd.it/tea-leaf-salad-at-irrawaddy-taste-of-burma-in-stanton-v0-tyfebeztkrra1.jpg?width=1080&crop=smart&auto=webp&s=2099e99d823d7229be734e1eca12c54a8721aed7,f1ac2ca76ca34735bd9cd1aa717713da5d7f4d83dfc2e4679dc82f8e52ec0397,2026-07-02T17:24:31.137409+00:00
train\laphet_thoke\laphet_thoke_c8ed1f019d99.jpg,C:\Users\Pc\Documents\GitHub\FoodImage\dataset\train\laphet_thoke\laphet_thoke_c8ed1f019d99.jpg,laphet_thoke,Laphet Thoke,Myanmar,train,224,224,735,1470,bing,https://i.pinimg.com/originals/ee/18/49/ee184948523a42aeb7b934581b224640.jpg,c8ed1f019d9970b4e52ca775f9714a57c2f3d9fcaf07094f9ac86e299db49bc5,2026-07-02T17:24:31.137409+00:00
train\laphet_thoke\laphet_thoke_4e2e52cd126d.jpg,C:\Users\Pc\Documents\GitHub\FoodImage\dataset\train\laphet_thoke\laphet_thoke_4e2e52cd126d.jpg,laphet_thoke,Laphet Thoke,Myanmar,train,224,224,491,900,bing,https://thumbs.dreamstime.com/b/traditional-burmese-tea-leaf-salad-lahpet-thoke-assorted-fried-nuts-beans-vegetables-fermented-served-garlic-fresh-396999887.jpg,4e2e52cd126de9bb6a12dd34fe3e7d2b1e2d18e64b91e39c0ce0bfc28cc47aae,2026-07-02T17:24:31.137409+00:00
train\laphet_thoke\laphet_thoke_c4c5d882cf65.jpg,C:\Users\Pc\Documents\GitHub\FoodImage\dataset\train\laphet_thoke\laphet_thoke_c4c5d882cf65.jpg,laphet_thoke,Laphet Thoke,Myanmar,train,224,224,1600,900,bing,https://www.hindustantimes.com/ht-img/img/2025/05/21/1600x900/Tea_leaf_salad_1747828439423_1747828439661.jpg,c4c5d882cf658a23088f880842e57a366030b21d4325904b8b396b5ce190fd24,2026-07-02T17:24:31.137409+00:00
train\laphet_thoke\laphet_thoke_8631f5563b91.jpg,C:\Users\Pc\Documents\GitHub\FoodImage\dataset\train\laphet_thoke\laphet_thoke_8631f5563b91.jpg,laphet_thoke,Laphet Thoke,Myanmar,train,224,224,1536,864,bing,https://burmawalakitchen.com/wp-content/uploads/2024/05/Laphet-1536x864.jpg,8631f5563b9155de3d05ed329487fc69d20713f472247274fce4f5b1e90ab499,2026-07-02T17:24:31.137409+00:00
train\laphet_thoke\laphet_thoke_6f17d3cb2166.jpg,C:\Users\Pc\Documents\GitHub\FoodImage\dataset\train\laphet_thoke\laphet_thoke_6f17d3cb2166.jpg,laphet_thoke,Laphet Thoke,Myanmar,train,224,224,620,930,bing,https://i.pinimg.com/736x/ba/2a/02/ba2a02cfeeb5e55a077d6c1ca4052a20--fermented-tea-burmese-food.jpg,6f17d3cb2166ac8b36200026a51c20aa8050fa86e66114d101b9e74497f7b167,2026-07-02T17:24:31.137409+00:00
train\laphet_thoke\laphet_thoke_63b950e96a2a.jpg,C:\Users\Pc\Documents\GitHub\FoodImage\dataset\train\laphet_thoke\laphet_thoke_63b950e96a2a.jpg,laphet_thoke,Laphet Thoke,Myanmar,train,224,224,819,1024,bing,https://burmawalakitchen.com/wp-content/uploads/2025/06/Black-Dal-Malhani-4-819x1024.jpg,63b950e96a2acb5bef56f2cfb4f4f0e2d2048f93f660e3ee94609726cbc3feb5,2026-07-02T17:24:31.137409+00:00
train\laphet_thoke\laphet_thoke_07cbd284fd8b.jpg,C:\Users\Pc\Documents\GitHub\FoodImage\dataset\train\laphet_thoke\laphet_thoke_07cbd284fd8b.jpg,laphet_thoke,Laphet Thoke,Myanmar,train,224,224,1024,680,bing,https://cysalad.com/images/resources/how-to-make-myanmar-tea-leaf-salad_20260317073800.webp,07cbd284fd8b4f2e6179ac4dd4b62f1d8a71149cac6b05226a006f26237f9f1f,2026-07-02T17:24:31.137409+00:00
train\laphet_thoke\laphet_thoke_4fd8fb223103.jpg,C:\Users\Pc\Documents\GitHub\FoodImage\dataset\train\laphet_thoke\laphet_thoke_4fd8fb223103.jpg,laphet_thoke,Laphet Thoke,Myanmar,train,224,224,735,705,bing,https://i.pinimg.com/736x/73/1e/2c/731e2cb76a35d2588482c756981907e1.jpg,4fd8fb2231031a83cbe66cbe7ea44c0f25b6a64b080b04455920935c007b3267,2026-07-02T17:24:31.137409+00:00
train\laphet_thoke\laphet_thoke_540aa73c58f3.jpg,C:\Users\Pc\Documents\GitHub\FoodImage\dataset\train\laphet_thoke\laphet_thoke_540aa73c58f3.jpg,laphet_thoke,Laphet Thoke,Myanmar,train,224,224,1300,995,bing,https://c8.alamy.com/comp/FW36RX/lahpet-thoke-burmese-pickled-tea-leaf-salad-in-yangon-myanmar-FW36RX.jpg,540aa73c58f35a71ba60451a3b6293157f861d837c07033d9a72d7d4462051ee,2026-07-02T17:24:31.137409+00:00
train\laphet_thoke\laphet_thoke_d141f99c077b.jpg,C:\Users\Pc\Documents\GitHub\FoodImage\dataset\train\laphet_thoke\laphet_thoke_d141f99c077b.jpg,laphet_thoke,Laphet Thoke,Myanmar,train,224,224,1280,720,bing,https://i.ytimg.com/vi/RVO7jFpejqY/maxresdefault.jpg,d141f99c077b377a595580f81548e788d3510b36fc5c4b325cc4532b299ce770,2026-07-02T17:24:31.137409+00:00
train\laphet_thoke\laphet_thoke_fdfbd77da507.jpg,C:\Users\Pc\Documents\GitHub\FoodImage\dataset\train\laphet_thoke\laphet_thoke_fdfbd77da507.jpg,laphet_thoke,Laphet Thoke,Myanmar,train,224,224,890,667,bing,https://www.180c.fr/wp-content/uploads/2019/01/Assiette-de-dégustation-avec-échantillons-de-thé-fermenté-au-marché-de-Mandalay.jpg,fdfbd77da507f460368a075286e8b4db3d569f7da322f189b67c67c6423b96db,2026-07-02T17:24:31.137409+00:00
train\laphet_thoke\laphet_thoke_151aa60fc484.jpg,C:\Users\Pc\Documents\GitHub\FoodImage\dataset\train\laphet_thoke\laphet_thoke_151aa60fc484.jpg,laphet_thoke,Laphet Thoke,Myanmar,train,224,224,1000,750,bing,https://1.bp.blogspot.com/-UMXFyq-8Qb8/TZit4PyGVvI/AAAAAAAAwVc/m3kMxh1lhcU/s1600/burmese_green_tea_leaf_salad.JPG,151aa60fc48491cd7ce77d69c22e2a790bd960584ef2c7bc54a35948ec418239,2026-07-02T17:24:31.137409+00:00
train\laphet_thoke\laphet_thoke_a56f434fd0c8.jpg,C:\Users\Pc\Documents\GitHub\FoodImage\dataset\train\laphet_thoke\laphet_thoke_a56f434fd0c8.jpg,laphet_thoke,Laphet Thoke,Myanmar,train,224,224,2000,1335,bing,https://www.lentils.org/wp-content/uploads/2017/04/Burmese-Tea-Leaf-and-Popped-Lentil-Salad-1.jpg,a56f434fd0c8371a7c5f7178ef0ba061675731f6571e3c8f1b3927cbd8e5f7d3,2026-07-02T17:24:31.137409+00:00
train\laphet_thoke\laphet_thoke_ff3d33634b01.jpg,C:\Users\Pc\Documents\GitHub\FoodImage\dataset\train\laphet_thoke\laphet_thoke_ff3d33634b01.jpg,laphet_thoke,Laphet Thoke,Myanmar,train,224,224,1300,956,bing,https://c8.alamy.com/comp/BJ696D/myanmar-burma-lephet-fermented-tea-leaf-salad-BJ696D.jpg,ff3d33634b011e59fc1c6d71e9680a4f93cae961ab5cf0b7c5cd4398e1997f8b,2026-07-02T17:24:31.137409+00:00
train\laphet_thoke\laphet_thoke_6ae71b8a6222.jpg,C:\Users\Pc\Documents\GitHub\FoodImage\dataset\train\laphet_thoke\laphet_thoke_6ae71b8a6222.jpg,laphet_thoke,Laphet Thoke,Myanmar,train,224,224,800,533,bing,https://thumbs.dreamstime.com/b/vibrant-tea-leaf-salad-lephet-thoke-388060526.jpg,6ae71b8a6222a0a657052f07dde6d67eb2b7acf192dd3972c905c366fb7f6d61,2026-07-02T17:24:31.137409+00:00
train\laphet_thoke\laphet_thoke_c9e47e258c0a.jpg,C:\Users\Pc\Documents\GitHub\FoodImage\dataset\train\laphet_thoke\laphet_thoke_c9e47e258c0a.jpg,laphet_thoke,Laphet Thoke,Myanmar,train,224,224,1200,900,bing,https://dontstopliving.net/wp-content/uploads/2013/08/DSC00625.jpg,c9e47e258c0ae6ac64bd1e27a35130382de1fff9d1fd3f41ad5f0ee9fc1d5cab,2026-07-02T17:24:31.137409+00:00
train\laphet_thoke\laphet_thoke_757cf4fd7905.jpg,C:\Users\Pc\Documents\GitHub\FoodImage\dataset\train\laphet_thoke\laphet_thoke_757cf4fd7905.jpg,laphet_thoke,Laphet Thoke,Myanmar,train,224,224,1333,2040,bing,https://i.pinimg.com/originals/5a/af/8a/5aaf8a73247bb0380702677e15a25c7c.jpg,757cf4fd7905490576acede737ecf21f9f510767d603cebe6ef3108cc8dcddeb,2026-07-02T17:24:31.137409+00:00
train\laphet_thoke\laphet_thoke_53fd7a827723.jpg,C:\Users\Pc\Documents\GitHub\FoodImage\dataset\train\laphet_thoke\laphet_thoke_53fd7a827723.jpg,laphet_thoke,Laphet Thoke,Myanmar,train,224,224,3840,2880,bing,"https://res.cloudinary.com/the-infatuation/image/upload/c_fill,w_3840,ar_4:3,g_center,f_auto/94F83BF7-9CB2-4A32-AE2E-6C6FB7101FA8_s1ehb7",53fd7a82772325bde27f0ac6acb4afb335e0f198430c627b533b5d49119d1052,2026-07-02T17:24:31.137409+00:00
train\laphet_thoke\laphet_thoke_3755d597f385.jpg,C:\Users\Pc\Documents\GitHub\FoodImage\dataset\train\laphet_thoke\laphet_thoke_3755d597f385.jpg,laphet_thoke,Laphet Thoke,Myanmar,train,224,224,1250,878,bing,https://www.ediblenm.com/wp-content/uploads/2024/09/TeaSalad.png,3755d597f38585ea0fbdb211f296f5480b35c183e222cbaf957ffc8eb382586f,2026-07-02T17:24:31.137409+00:00
train\laphet_thoke\laphet_thoke_6f3d999aa6e4.jpg,C:\Users\Pc\Documents\GitHub\FoodImage\dataset\train\laphet_thoke\laphet_thoke_6f3d999aa6e4.jpg,laphet_thoke,Laphet Thoke,Myanmar,train,224,224,1500,1000,bing,https://images.squarespace-cdn.com/content/v1/5e2ce9169eeacf07004d9070/1602536204535-T153KM319QQETOG92KFO/Tea-Leaf-Salad.JPG?format=1500w,6f3d999aa6e4bc4206bc6fce35f3a2ca6f39c7f70f49b11f259f1e8b7cd48c72,2026-07-02T17:24:31.137409+00:00
train\laphet_thoke\laphet_thoke_876042b64437.jpg,C:\Users\Pc\Documents\GitHub\FoodImage\dataset\train\laphet_thoke\laphet_thoke_876042b64437.jpg,laphet_thoke,Laphet Thoke,Myanmar,train,224,224,1080,1350,bing,https://image.makewebeasy.net/makeweb/m_1200x600/Joym5IEZQ/DefaultData/356639335_201653952847087_7822215215565251707_n_depositphotos_bgremover__1_.png?v=202405291424,876042b6443798f2a5b287d159dc79b9743efeddbbcb7a2a3e5629100a2af1e1,2026-07-02T17:24:31.137409+00:00
train\laphet_thoke\laphet_thoke_cebd146c41ef.jpg,C:\Users\Pc\Documents\GitHub\FoodImage\dataset\train\laphet_thoke\laphet_thoke_cebd146c41ef.jpg,laphet_thoke,Laphet Thoke,Myanmar,train,224,224,675,675,bing,https://blogger.googleusercontent.com/img/b/R29vZ2xl/AVvXsEh0HaKPgEq9YZNHsZ04RDNcsWtd88RWsHCbXpEUV2PW24CS4VSGqzdodm3JYkUJrgO09GNLlLMsPe34QhBpDUIg6thhtT4CIyOSzJCqUvU2YIO0MJXtIJ4uMwIaV0ULBTf0CZuQgLLyidRsT0PvO8gnd3nt8aoLv4_NcCtOTuDPDYBdlurTBiLVAz89AA/s16000/Tea Leaf Salad - Lahpet Thoke.png,cebd146c41ef15a8d5c456c09d5aaf2c11e8f73e37975dd7ccc9b4856c205da8,2026-07-02T17:24:31.137409+00:00
train\laphet_thoke\laphet_thoke_982c99c31f09.jpg,C:\Users\Pc\Documents\GitHub\FoodImage\dataset\train\laphet_thoke\laphet_thoke_982c99c31f09.jpg,laphet_thoke,Laphet Thoke,Myanmar,train,224,224,1300,956,bing,https://c8.alamy.com/comp/2A6R2XC/mandalaymyanmarburma-28th-oct-2019-burmese-tea-leaf-salad-which-is-also-called-la-phat-thote-in-myanmar-one-of-my-favourite-food-2A6R2XC.jpg,982c99c31f09ddc397dcb73c4211dfe01958b72f7a59c515a81c2ca10e110fae,2026-07-02T17:24:31.137409+00:00
train\laphet_thoke\laphet_thoke_c6b26a8c7c77.jpg,C:\Users\Pc\Documents\GitHub\FoodImage\dataset\train\laphet_thoke\laphet_thoke_c6b26a8c7c77.jpg,laphet_thoke,Laphet Thoke,Myanmar,train,224,224,1000,563,bing,"https://static.wixstatic.com/media/0c93f4_29e5dcec48ed430cb07c8f7e5b0f7ed1~mv2.png/v1/fill/w_1000,h_563,al_c,q_90,usm_0.66_1.00_0.01/0c93f4_29e5dcec48ed430cb07c8f7e5b0f7ed1~mv2.png",c6b26a8c7c773ee2ea8f7d7e5d4bc60d0410f63150a4d61ef0a178fb932d14e1,2026-07-02T17:24:31.137409+00:00
train\laphet_thoke\laphet_thoke_99c4649c2551.jpg,C:\Users\Pc\Documents\GitHub\FoodImage\dataset\train\laphet_thoke\laphet_thoke_99c4649c2551.jpg,laphet_thoke,Laphet Thoke,Myanmar,train,224,224,1232,928,bing,https://thefoodiebunch.sfo3.digitaloceanspaces.com/wp-content/uploads/2025/03/09013235/Lahpet-Thoke-Myanmars-Fermented-Tea-Leaf-Salad2.png,99c4649c25512505f87ebc05861094d5df0b8861cfb2e3af36a97423e73d770d,2026-07-02T17:24:31.137409+00:00
train\laphet_thoke\laphet_thoke_aa1f6b523810.jpg,C:\Users\Pc\Documents\GitHub\FoodImage\dataset\train\laphet_thoke\laphet_thoke_aa1f6b523810.jpg,laphet_thoke,Laphet Thoke,Myanmar,train,224,224,1300,956,bing,https://c8.alamy.com/comp/2TDKPT5/lahpet-toke-in-mandalay-burma-2TDKPT5.jpg,aa1f6b52381024daa5f2370b6c89150f6bd096a9ca6a21275648ad64e65c8ea5,2026-07-02T17:24:31.137409+00:00
train\laphet_thoke\laphet_thoke_b560b898ade2.jpg,C:\Users\Pc\Documents\GitHub\FoodImage\dataset\train\laphet_thoke\laphet_thoke_b560b898ade2.jpg,laphet_thoke,Laphet Thoke,Myanmar,train,224,224,720,720,bing,https://imagedelivery.net/hhZzKJCQsEDsVEGQ2sIMyg/2ff062e8-eb0e-4efc-4997-fec096ab8400/w=720,b560b898ade27358b6e59581fe10f3c11b090a9f10aa8787d716ce6858192358,2026-07-02T17:24:31.137409+00:00
train\laphet_thoke\laphet_thoke_2dee43e34dbb.jpg,C:\Users\Pc\Documents\GitHub\FoodImage\dataset\train\laphet_thoke\laphet_thoke_2dee43e34dbb.jpg,laphet_thoke,Laphet Thoke,Myanmar,train,224,224,576,432,bing,https://thumbs.dreamstime.com/b/tea-pickled-leaf-salad-laphet-thoke-386702006.jpg?w=576,2dee43e34dbb5d0dea8b755ba90d85c0c0bb10195d10b17db8a2a6407b94a448,2026-07-02T17:24:31.137409+00:00
train\laphet_thoke\laphet_thoke_dddedc8e6e2e.jpg,C:\Users\Pc\Documents\GitHub\FoodImage\dataset\train\laphet_thoke\laphet_thoke_dddedc8e6e2e.jpg,laphet_thoke,Laphet Thoke,Myanmar,train,224,224,1300,1390,bing,https://c8.alamy.com/comp/GNN531/mandalay-lahpet-a-traditional-salad-made-with-fermented-tea-leaves-GNN531.jpg,dddedc8e6e2ee4c1fd04f5d00915ab74a40a9c9c3f5db0db48e72593ebed1044,2026-07-02T17:24:31.137409+00:00
train\laphet_thoke\laphet_thoke_8916aaa2739a.jpg,C:\Users\Pc\Documents\GitHub\FoodImage\dataset\train\laphet_thoke\laphet_thoke_8916aaa2739a.jpg,laphet_thoke,Laphet Thoke,Myanmar,train,224,224,866,1390,bing,https://c8.alamy.com/comp/GNN539/mandalay-lahpet-a-traditional-salad-made-with-fermented-tea-leaves-GNN539.jpg,8916aaa2739a14742e710d810ed207967e7f44cefbfd262c1d3fe263406c163d,2026-07-02T17:24:31.137409+00:00
train\laphet_thoke\laphet_thoke_80bcae2541d8.jpg,C:\Users\Pc\Documents\GitHub\FoodImage\dataset\train\laphet_thoke\laphet_thoke_80bcae2541d8.jpg,laphet_thoke,Laphet Thoke,Myanmar,train,224,224,1080,1080,bing,https://blogger.googleusercontent.com/img/b/R29vZ2xl/AVvXsEgHhKJyrEXs67pVat49aXmRCPzgz2iZuiPN8NKSIWs4-gIschP9ahuOlWhD6IoYkRrgPd3eVM_bJ0Poa-6faBFi1C3-FuraBy5Qb0H-GByaiWlMcn3QcGtfEy147IyVGFlCaYcZO1FO0rN6sCqHXE1rfOld5vqzIXq9MRIffrP6_sRqIc1oh_8-WMFKI5gm/s1080/459420036_18434069338071957_8515269578333466148_n.jpg,80bcae2541d86cdea317efd2a625e55c93cc76eb76a41dec50ea28ae59226e60,2026-07-02T17:24:31.137409+00:00
train\laphet_thoke\laphet_thoke_de6827d1e315.jpg,C:\Users\Pc\Documents\GitHub\FoodImage\dataset\train\laphet_thoke\laphet_thoke_de6827d1e315.jpg,laphet_thoke,Laphet Thoke,Myanmar,train,224,224,2048,1296,bing,https://s.hdnux.com/photos/36/15/64/7920940/8/rawImage.jpg,de6827d1e3151e3730c579fcc027e35d662f80784f3b106d6d492e2767a0dcb9,2026-07-02T17:24:31.137409+00:00
train\laphet_thoke\laphet_thoke_d1dcfc9ba38d.jpg,C:\Users\Pc\Documents\GitHub\FoodImage\dataset\train\laphet_thoke\laphet_thoke_d1dcfc9ba38d.jpg,laphet_thoke,Laphet Thoke,Myanmar,train,224,224,867,1390,bing,https://c8.alamy.com/comp/FB9JMR/traditional-burmese-lahpet-salad-is-made-out-of-pickled-fermented-FB9JMR.jpg,d1dcfc9ba38d146069c98158c19241cee033f0298851081c453434b50489cb3d,2026-07-02T17:24:31.137409+00:00
train\laphet_thoke\laphet_thoke_d0cfbbb2e594.jpg,C:\Users\Pc\Documents\GitHub\FoodImage\dataset\train\laphet_thoke\laphet_thoke_d0cfbbb2e594.jpg,laphet_thoke,Laphet Thoke,Myanmar,train,224,224,1280,720,bing,https://i.ytimg.com/vi/NyeF2aNb2lo/maxresdefault.jpg,d0cfbbb2e594d71d5c732dd667dbd0311cd05bdb89255aefec9e65eaa506dd1b,2026-07-02T17:24:31.137409+00:00
train\laphet_thoke\laphet_thoke_f104135f9374.jpg,C:\Users\Pc\Documents\GitHub\FoodImage\dataset\train\laphet_thoke\laphet_thoke_f104135f9374.jpg,laphet_thoke,Laphet Thoke,Myanmar,train,224,224,600,750,bing,https://myanmar.com/wp-content/uploads/2026/02/Laphet-Thoke.jpg,f104135f9374bf9c15f3cd9185f5dad879853e4e1dbfd0e36118145eff5ff9f9,2026-07-02T17:24:31.137409+00:00
train\laphet_thoke\laphet_thoke_398faf629eaf.jpg,C:\Users\Pc\Documents\GitHub\FoodImage\dataset\train\laphet_thoke\laphet_thoke_398faf629eaf.jpg,laphet_thoke,Laphet Thoke,Myanmar,train,224,224,1499,1600,bing,https://www.shutterstock.com/shutterstock/photos/421628989/display_1500/stock-vector-myanmar-food-pickled-tea-leaf-salad-laphet-thote-421628989.jpg,398faf629eafc1de6a4bb069406e2fda52f5c9cddfe221e71d83d9434d593cab,2026-07-02T17:24:31.137409+00:00
train\laphet_thoke\laphet_thoke_0de887f12621.jpg,C:\Users\Pc\Documents\GitHub\FoodImage\dataset\train\laphet_thoke\laphet_thoke_0de887f12621.jpg,laphet_thoke,Laphet Thoke,Myanmar,train,224,224,600,450,bing,https://www.theadventurecrowd.se/wp-content/uploads/2016/09/Lahpet-Thohk-Burmesisk-Tebladssallad.jpg,0de887f126216b3787ccf589351f7bc44a4e2a4ce5f5e8e17a7eb6a3ff8c7d73,2026-07-02T17:24:31.137409+00:00
train\laphet_thoke\laphet_thoke_772e3750853d.jpg,C:\Users\Pc\Documents\GitHub\FoodImage\dataset\train\laphet_thoke\laphet_thoke_772e3750853d.jpg,laphet_thoke,Laphet Thoke,Myanmar,train,224,224,800,803,bing,https://thumbs.dreamstime.com/b/burmese-tea-leaf-salad-lahpet-thoke-name-famous-fermented-myan-mar-decorate-vegetable-chili-topview-210600883.jpg,772e3750853db02bcf2cb70ed27a98144382c7cc6a547c6e997a0f350d5615ce,2026-07-02T17:24:31.137409+00:00
train\laphet_thoke\laphet_thoke_f57e89d8a0d0.jpg,C:\Users\Pc\Documents\GitHub\FoodImage\dataset\train\laphet_thoke\laphet_thoke_f57e89d8a0d0.jpg,laphet_thoke,Laphet Thoke,Myanmar,train,224,224,520,520,bing,"https://cdn.thefork.com/tf-lab/image/upload/w_520,h_520,c_fill,q_auto,f_auto/restaurant/72915023-7308-4db7-b65f-9797e40427bd/c1cd4fb1-5a9d-4b16-8438-0c0213e86773.jpg",f57e89d8a0d01536a9b9df209e90d181482fc46b4f7a1404e754d9be6aad5b9b,2026-07-02T17:24:31.137409+00:00
train\laphet_thoke\laphet_thoke_e163160322ab.jpg,C:\Users\Pc\Documents\GitHub\FoodImage\dataset\train\laphet_thoke\laphet_thoke_e163160322ab.jpg,laphet_thoke,Laphet Thoke,Myanmar,train,224,224,950,613,bing,http://www.johnwise.com/wp-content/uploads/2020/10/IMG_2983.jpg,e163160322ab47afc9647bbc9cde5b32bced7abe416859a1ce9ebb38c40a34d5,2026-07-02T17:24:31.137409+00:00
train\laphet_thoke\laphet_thoke_505b2c04ee69.jpg,C:\Users\Pc\Documents\GitHub\FoodImage\dataset\train\laphet_thoke\laphet_thoke_505b2c04ee69.jpg,laphet_thoke,Laphet Thoke,Myanmar,train,224,224,763,1001,bing,"https://static.wixstatic.com/media/6eae07_bdef282a3e304fc785ff7a3b8adb4e3b~mv2.jpeg/v1/fill/w_763,h_1001,al_c/6eae07_bdef282a3e304fc785ff7a3b8adb4e3b~mv2.jpeg",505b2c04ee69a8bf4fa83f73d0d58916e291e1b6dc1fc2a2dd6fe72a63906179,2026-07-02T17:24:31.137409+00:00
train\laphet_thoke\laphet_thoke_422df8348d55.jpg,C:\Users\Pc\Documents\GitHub\FoodImage\dataset\train\laphet_thoke\laphet_thoke_422df8348d55.jpg,laphet_thoke,Laphet Thoke,Myanmar,train,224,224,1363,2040,bing,https://thetasteedit.com/wp-content/uploads/2017/04/burma-superstar-fermented-tea-leaf-salad-hetastesf-1008645.jpg,422df8348d55d5ac49063c5230d173091808a08c7199a7ad71bb8b3e295083a6,2026-07-02T17:24:31.137409+00:00
train\laphet_thoke\laphet_thoke_32e03b4ece87.jpg,C:\Users\Pc\Documents\GitHub\FoodImage\dataset\train\laphet_thoke\laphet_thoke_32e03b4ece87.jpg,laphet_thoke,Laphet Thoke,Myanmar,train,224,224,866,1390,bing,https://c8.alamy.com/comp/KEEBMY/traditional-burmese-tea-leaf-salad-with-fermented-green-tea-leaves-KEEBMY.jpg,32e03b4ece87c99ecd0e7b96acc1ffd1ed1529d8e8aba0f3aae776b03f00f44a,2026-07-02T17:24:31.137409+00:00
train\laphet_thoke\laphet_thoke_d799382ae510.jpg,C:\Users\Pc\Documents\GitHub\FoodImage\dataset\train\laphet_thoke\laphet_thoke_d799382ae510.jpg,laphet_thoke,Laphet Thoke,Myanmar,train,224,224,2560,1920,bing,https://inspiredhealthmed.com/wp-content/uploads/2023/03/IMG_5207-1-scaled.jpg,d799382ae510f3040035e597573e85af27c9e7f72a85fa4765741483530cc99d,2026-07-02T17:24:31.137409+00:00
train\laphet_thoke\laphet_thoke_e74c74c997a9.jpg,C:\Users\Pc\Documents\GitHub\FoodImage\dataset\train\laphet_thoke\laphet_thoke_e74c74c997a9.jpg,laphet_thoke,Laphet Thoke,Myanmar,train,224,224,1300,951,bing,https://c8.alamy.com/comp/HWCFTA/traditional-burmese-lahpet-salad-made-out-of-fermented-tea-leaves-HWCFTA.jpg,e74c74c997a9698369a5adcfd3bd1c4c36e57c8941e564356d2a13c225181153,2026-07-02T17:24:31.137409+00:00
train\laphet_thoke\laphet_thoke_13ff081dc5ed.jpg,C:\Users\Pc\Documents\GitHub\FoodImage\dataset\train\laphet_thoke\laphet_thoke_13ff081dc5ed.jpg,laphet_thoke,Laphet Thoke,Myanmar,train,224,224,1280,720,bing,https://i.ytimg.com/vi/4T89-VWVH3M/maxresdefault.jpg,13ff081dc5edd88a46dd2bcebaf4583467df6e9639e019ab561119159cb6d15b,2026-07-02T17:24:31.137409+00:00
train\laphet_thoke\laphet_thoke_7e0377b982f8.jpg,C:\Users\Pc\Documents\GitHub\FoodImage\dataset\train\laphet_thoke\laphet_thoke_7e0377b982f8.jpg,laphet_thoke,Laphet Thoke,Myanmar,train,224,224,1600,1071,bing,https://1.bp.blogspot.com/-NTzh4rG33Mk/T1Wd6s_llyI/AAAAAAAAHLs/0CWyQ3So44E/s1600/Tea4.jpg,7e0377b982f80cf9ef8e2348dd87e3e5f0483d69ac160749711443287ad234fe,2026-07-02T17:24:31.137409+00:00
train\laphet_thoke\laphet_thoke_ee11d5a3085c.jpg,C:\Users\Pc\Documents\GitHub\FoodImage\dataset\train\laphet_thoke\laphet_thoke_ee11d5a3085c.jpg,laphet_thoke,Laphet Thoke,Myanmar,train,224,224,800,449,bing,https://thumbs.dreamstime.com/b/exploring-lahpet-thoke-traditional-burmese-fermented-tea-leaf-salad-myanmar-food-outdoor-culinary-art-discover-flavors-367915693.jpg,ee11d5a3085cf62f31b10941bde4d243f6824ca5e4fc1e6498d3a981c31c9275,2026-07-02T17:24:31.137409+00:00
train\laphet_thoke\laphet_thoke_10fbc399a0e1.jpg,C:\Users\Pc\Documents\GitHub\FoodImage\dataset\train\laphet_thoke\laphet_thoke_10fbc399a0e1.jpg,laphet_thoke,Laphet Thoke,Myanmar,train,224,224,1200,1600,bing,https://www.rachelrecipe.com/wp-content/uploads/2026/03/xtkyyx3t61y6sx7etnzu.webp,10fbc399a0e1d93aff9ec8cd0b392d088a8335febdbe633bb165e1ec63e494b1,2026-07-02T17:24:31.137409+00:00
train\laphet_thoke\laphet_thoke_d5a89bd12bb3.jpg,C:\Users\Pc\Documents\GitHub\FoodImage\dataset\train\laphet_thoke\laphet_thoke_d5a89bd12bb3.jpg,laphet_thoke,Laphet Thoke,Myanmar,train,224,224,2384,2990,bing,https://www.tastecooking.com/wp-content/uploads/2017/04/TEA-LEAF-SALAD_1.jpg,d5a89bd12bb3d09ed0ab74df7c344def996b9afe3868245968471c15215c8dd2,2026-07-02T17:24:31.137409+00:00
train\laphet_thoke\laphet_thoke_af9febcb8bd2.jpg,C:\Users\Pc\Documents\GitHub\FoodImage\dataset\train\laphet_thoke\laphet_thoke_af9febcb8bd2.jpg,laphet_thoke,Laphet Thoke,Myanmar,train,224,224,853,1280,bing,"https://static.wixstatic.com/media/04d0b9_39f9defd4f30463b9a35358142deeeea~mv2.jpeg/v1/fill/w_853,h_1280,al_c,q_85,enc_auto/04d0b9_39f9defd4f30463b9a35358142deeeea~mv2.jpeg",af9febcb8bd2c6664dd79edd2d9735f841f805c648928514a1d580a52cdeda7c,2026-07-02T17:24:31.137409+00:00
train\laphet_thoke\laphet_thoke_e1e55ae724fd.jpg,C:\Users\Pc\Documents\GitHub\FoodImage\dataset\train\laphet_thoke\laphet_thoke_e1e55ae724fd.jpg,laphet_thoke,Laphet Thoke,Myanmar,train,224,224,1500,1101,bing,https://www.shutterstock.com/shutterstock/photos/1388036765/display_1500/stock-photo-famous-traditional-burmese-spicy-and-sour-pickled-tea-leaf-salad-or-fermented-green-tea-leaves-in-1388036765.jpg,e1e55ae724fd7e8388fd1c1beccda73f66ed1eca51ea8cd21d05012cb4a927db,2026-07-02T17:24:31.137409+00:00
train\laphet_thoke\laphet_thoke_17266095b619.jpg,C:\Users\Pc\Documents\GitHub\FoodImage\dataset\train\laphet_thoke\laphet_thoke_17266095b619.jpg,laphet_thoke,Laphet Thoke,Myanmar,train,224,224,800,449,bing,https://thumbs.dreamstime.com/b/vibrant-burmese-lahpet-thoke-unique-salad-featuring-fermented-tea-leaves-nuts-seeds-fresh-toppings-served-wooden-bowl-386819098.jpg,17266095b6198537119a4d21711304e6a070fc964b0f0b62aa3bf3ad0bbeb3e8,2026-07-02T17:24:31.137409+00:00
train\laphet_thoke\laphet_thoke_ef56a93d991f.jpg,C:\Users\Pc\Documents\GitHub\FoodImage\dataset\train\laphet_thoke\laphet_thoke_ef56a93d991f.jpg,laphet_thoke,Laphet Thoke,Myanmar,train,224,224,735,490,bing,https://i.pinimg.com/736x/d4/2b/6b/d42b6b745aaac42ec780f7fc9f0047ec.jpg,ef56a93d991f2466ea8977ad74225919974b1519360d5daae28ca89dd37c7020,2026-07-02T17:24:31.137409+00:00
train\laphet_thoke\laphet_thoke_dca6dda9fef4.jpg,C:\Users\Pc\Documents\GitHub\FoodImage\dataset\train\laphet_thoke\laphet_thoke_dca6dda9fef4.jpg,laphet_thoke,Laphet Thoke,Myanmar,train,224,224,1300,957,bing,https://c8.alamy.com/comp/FB9JMT/traditional-burmese-lahpet-salad-is-made-out-of-pickled-fermented-FB9JMT.jpg,dca6dda9fef485e391999906cca6d2411dda2f3f92a1dad6f2a1d9c067c8519f,2026-07-02T17:24:31.137409+00:00
train\laphet_thoke\laphet_thoke_385be7457022.jpg,C:\Users\Pc\Documents\GitHub\FoodImage\dataset\train\laphet_thoke\laphet_thoke_385be7457022.jpg,laphet_thoke,Laphet Thoke,Myanmar,train,224,224,992,556,bing,https://thumbs.dreamstime.com/z/burmese-lahpet-thoke-tea-leaf-salad-made-fermented-leaves-crunchy-nuts-seeds-other-fresh-ingredients-served-322596482.jpg?w=992,385be7457022f13634fe74ee73036a1c60dabcb861aa51dcd8a78a9a1afe2b71,2026-07-02T17:24:31.137409+00:00
train\laphet_thoke\laphet_thoke_cee07f9be7ee.jpg,C:\Users\Pc\Documents\GitHub\FoodImage\dataset\train\laphet_thoke\laphet_thoke_cee07f9be7ee.jpg,laphet_thoke,Laphet Thoke,Myanmar,train,224,224,4032,3024,bing,https://blogger.googleusercontent.com/img/b/R29vZ2xl/AVvXsEgrMH_bnlXCZ1XICbCzC-VNdy9XxayhuEDpBIHoaSdT1LgM0QChFI5GpsJYvm3xRLU0w18Zn_L7_zUsRe9_MK4sMIWrcLChKy4XkiJ1gR8Y9rhu_V7U-wZXOTSgRF11Q3x_Emn13TtTYlI_USi-eZqOoLxWtCUKAsdjcnsxomZnXYzBFbFRhrwAP6NfWCw/s16000/IMG_0016.HEIC,cee07f9be7eee070ac1360928a25d7fa9f360406a793b959c3aad714c560ae3c,2026-07-02T17:24:31.137409+00:00
train\laphet_thoke\laphet_thoke_4f58ba20bc8d.jpg,C:\Users\Pc\Documents\GitHub\FoodImage\dataset\train\laphet_thoke\laphet_thoke_4f58ba20bc8d.jpg,laphet_thoke,Laphet Thoke,Myanmar,train,224,224,749,999,bing,https://i.pinimg.com/originals/18/74/a0/1874a00079b69d5ad2afad1aa104a006.jpg,4f58ba20bc8dcb5940774cabd15c69550a4037006a09ce2facf9588349dc7112,2026-07-02T17:24:31.137409+00:00
train\laphet_thoke\laphet_thoke_340e5c0fc847.jpg,C:\Users\Pc\Documents\GitHub\FoodImage\dataset\train\laphet_thoke\laphet_thoke_340e5c0fc847.jpg,laphet_thoke,Laphet Thoke,Myanmar,train,224,224,1300,1065,bing,https://c8.alamy.com/comp/JYDHN7/tea-leaf-salad-or-lahpet-thoke-myanmar-JYDHN7.jpg,340e5c0fc847765c882f93221a3075a6d6a0bfdfcd1b67067917dc05c729c20c,2026-07-02T17:24:31.137409+00:00
train\laphet_thoke\laphet_thoke_98d3f5647877.jpg,C:\Users\Pc\Documents\GitHub\FoodImage\dataset\train\laphet_thoke\laphet_thoke_98d3f5647877.jpg,laphet_thoke,Laphet Thoke,Myanmar,train,224,224,622,639,bing,https://blogger.googleusercontent.com/img/b/R29vZ2xl/AVvXsEi33XATadw7vEoR0Ez6Nchq5jj8T4adS-HTrZ1iE2YLP7PBxxBtW_4zH4kP63TR62AqxRAInfKsFAJLVaMpIW2iUYJnOW_XcU1FkCjJl8XlUIpjLNRmpGLkjlcH096JEfq1qSOJPK2IKANRhJxwV6Q6Zd0kJafNjJrmuvDVitKiRrgwCMfEooh3ZfP-N_pu/w622-h640/photo_2024-02-20_15-36-27.jpg,98d3f5647877c1df7a8e55cfa4afe797a65d657ca679e4b7fcc1d66502cdf5f0,2026-07-02T17:24:31.137409+00:00
train\laphet_thoke\laphet_thoke_a67ace17072d.jpg,C:\Users\Pc\Documents\GitHub\FoodImage\dataset\train\laphet_thoke\laphet_thoke_a67ace17072d.jpg,laphet_thoke,Laphet Thoke,Myanmar,train,224,224,2048,1676,bing,https://i.redd.it/soz1n1nrvkk41.jpg,a67ace17072d0baac293be55cf1265bab370cfb7208e200ef44f582284d38607,2026-07-02T17:24:31.137409+00:00
train\laphet_thoke\laphet_thoke_0aeb00e8ac47.jpg,C:\Users\Pc\Documents\GitHub\FoodImage\dataset\train\laphet_thoke\laphet_thoke_0aeb00e8ac47.jpg,laphet_thoke,Laphet Thoke,Myanmar,train,224,224,736,1104,bing,https://i.pinimg.com/736x/79/a6/05/79a6051c9db0afc65f56b9ff2b456b16.jpg,0aeb00e8ac47fb490736c83a7eeaba60a06401558830a86896e6d315eb8f402a,2026-07-02T17:24:31.137409+00:00
train\laphet_thoke\laphet_thoke_ccbda3a25064.jpg,C:\Users\Pc\Documents\GitHub\FoodImage\dataset\train\laphet_thoke\laphet_thoke_ccbda3a25064.jpg,laphet_thoke,Laphet Thoke,Myanmar,train,224,224,800,484,bing,https://thumbs.dreamstime.com/b/burmese-tea-leaf-salad-lahpet-thoke-name-famous-fermented-myan-mar-decorate-vegetable-chili-sideview-210600878.jpg,ccbda3a250644d40752a28c959a7fe1b62cfe7a689878ea3bdf0c11ec705a8f1,2026-07-02T17:24:31.137409+00:00
train\laphet_thoke\laphet_thoke_22a6c854e2a4.jpg,C:\Users\Pc\Documents\GitHub\FoodImage\dataset\train\laphet_thoke\laphet_thoke_22a6c854e2a4.jpg,laphet_thoke,Laphet Thoke,Myanmar,train,224,224,2000,1333,bing,https://headbox-media.imgix.net/spaces/40584/photos/6e85c067-e713-4202-9240-2411cdd8a1cb_Lahpet WE Interior_031.jpg?auto=format&ar=3:2&fit=crop&q=60&ixlib=react-9.5.4,22a6c854e2a4fba70f8c2c1d11d3e254e9bb7635c25dd6fcdd8324f0d653b1d9,2026-07-02T17:24:31.137409+00:00
train\laphet_thoke\laphet_thoke_79350bafcfae.jpg,C:\Users\Pc\Documents\GitHub\FoodImage\dataset\train\laphet_thoke\laphet_thoke_79350bafcfae.jpg,laphet_thoke,Laphet Thoke,Myanmar,train,224,224,500,500,bing,"https://cdn.thefork.com/tf-lab/image/upload/w_500,h_500,c_fill,q_auto,f_auto,g_auto:subject/restaurant/72915023-7308-4db7-b65f-9797e40427bd/14e0893b-e4f9-4f47-a620-be0e48845fca.jpg",79350bafcfaee5bac87a33dfbd480c9d977eb07a3a6c0ab06824caf221a58b07,2026-07-02T17:24:31.137409+00:00
train\laphet_thoke\laphet_thoke_fed247d888a4.jpg,C:\Users\Pc\Documents\GitHub\FoodImage\dataset\train\laphet_thoke\laphet_thoke_fed247d888a4.jpg,laphet_thoke,Laphet Thoke,Myanmar,train,224,224,1200,799,bing,https://www.7x7.com/media-library/image.jpg?id=8197006&width=1200&quality=85&coordinates=0%2C23%2C0%2C24&height=800,fed247d888a407a7da79b09c9363cd5c3843502c2a270e7dd0a3f702478ae85d,2026-07-02T17:24:31.137409+00:00
train\laphet_thoke\laphet_thoke_42b5d7fbf7bb.jpg,C:\Users\Pc\Documents\GitHub\FoodImage\dataset\train\laphet_thoke\laphet_thoke_42b5d7fbf7bb.jpg,laphet_thoke,Laphet Thoke,Myanmar,train,224,224,400,286,bing,https://i.pinimg.com/originals/30/f7/86/30f78675375879cdda1714d5cf1d2cad.jpg,42b5d7fbf7bba4ed036477e610f0384c3bcd0c7c587b056939fb5994b31e806e,2026-07-02T17:24:31.137409+00:00
train\laphet_thoke\laphet_thoke_f026591754fd.jpg,C:\Users\Pc\Documents\GitHub\FoodImage\dataset\train\laphet_thoke\laphet_thoke_f026591754fd.jpg,laphet_thoke,Laphet Thoke,Myanmar,train,224,224,598,900,bing,https://thumbs.dreamstime.com/b/myanmar-fermented-tea-leaves-salad-lahpet-famous-cuisine-105331550.jpg,f026591754fd45c171b32351ff90c8ad6b3c676431358c60d59d354b88bac428,2026-07-02T17:24:31.137409+00:00
train\laphet_thoke\laphet_thoke_40823ad8b7a5.jpg,C:\Users\Pc\Documents\GitHub\FoodImage\dataset\train\laphet_thoke\laphet_thoke_40823ad8b7a5.jpg,laphet_thoke,Laphet Thoke,Myanmar,train,224,224,900,600,bing,https://vietdantraveldmc.com/wp-content/uploads/2026/02/Laphet-Thoke-–-Fermented-Tea-Leaf-Salad-in-myanmar-restaurants-in-vietnam.jpg,40823ad8b7a55f4ea8dd3da315662126b83a591f1d9890335875f291d004672b,2026-07-02T17:24:31.137409+00:00
train\laphet_thoke\laphet_thoke_d28a29379efa.jpg,C:\Users\Pc\Documents\GitHub\FoodImage\dataset\train\laphet_thoke\laphet_thoke_d28a29379efa.jpg,laphet_thoke,Laphet Thoke,Myanmar,train,224,224,825,550,bing,https://whattocooktoday.com/wp-content/uploads/2017/08/IMG_2346.jpg,d28a29379efa8642216409d01a6115721082cc94254cd8898a4834ee14f0c6ba,2026-07-02T17:24:31.137409+00:00
train\laphet_thoke\laphet_thoke_36867ac05817.jpg,C:\Users\Pc\Documents\GitHub\FoodImage\dataset\train\laphet_thoke\laphet_thoke_36867ac05817.jpg,laphet_thoke,Laphet Thoke,Myanmar,train,224,224,1200,1200,bing,https://images.slurrp.com/prod/recipe_images/transcribe/salad/Burmese-tea-leaf-salad-Laphet-thoke.webp,36867ac0581753bc8de611427bb228ba2c23f9c48eb7f3e01add3a090d6f8aae,2026-07-02T17:24:31.137409+00:00
train\laphet_thoke\laphet_thoke_1299bf2e1d76.jpg,C:\Users\Pc\Documents\GitHub\FoodImage\dataset\train\laphet_thoke\laphet_thoke_1299bf2e1d76.jpg,laphet_thoke,Laphet Thoke,Myanmar,train,224,224,736,920,bing,https://i.pinimg.com/736x/b8/ed/bc/b8edbc3f419f35f417ec22e128b27e97.jpg,1299bf2e1d76175bd1a880bc30e2be212259cd49030463e90f9e57f272740f1a,2026-07-02T17:24:31.137409+00:00
train\laphet_thoke\laphet_thoke_e0a8a4caee81.jpg,C:\Users\Pc\Documents\GitHub\FoodImage\dataset\train\laphet_thoke\laphet_thoke_e0a8a4caee81.jpg,laphet_thoke,Laphet Thoke,Myanmar,train,224,224,1280,720,bing,https://i.ytimg.com/vi/Y3E1LJj7QL8/maxres2.jpg?sqp=-oaymwEoCIAKENAF8quKqQMcGADwAQH4Ac4FgAKACooCDAgAEAEYfyBMKCgwDw==&rs=AOn4CLAPwaz9FueqnKXB3fTo4Eiuij0yfA,e0a8a4caee815b5ce2d77366d7d5bdd802627c550d201eb1df0b22a1c73f48fb,2026-07-02T17:24:31.137409+00:00
train\laphet_thoke\laphet_thoke_e1ac5dfeb149.jpg,C:\Users\Pc\Documents\GitHub\FoodImage\dataset\train\laphet_thoke\laphet_thoke_e1ac5dfeb149.jpg,laphet_thoke,Laphet Thoke,Myanmar,train,224,224,1600,1157,bing,https://thumbs.dreamstime.com/z/burmese-tea-leaf-salad-which-also-called-la-phat-thote-myanmar-one-my-favourite-food-mandalay-myanmarburma-th-oct-n-162289132.jpg,e1ac5dfeb149a987682fd31b86ffd1edc2b320807cc0f8f2997674a45290e934,2026-07-02T17:24:31.137409+00:00
train\laphet_thoke\laphet_thoke_fab98a195e38.jpg,C:\Users\Pc\Documents\GitHub\FoodImage\dataset\train\laphet_thoke\laphet_thoke_fab98a195e38.jpg,laphet_thoke,Laphet Thoke,Myanmar,train,224,224,1200,1690,bing,https://thumbs.dreamstime.com/z/burmese-tea-leaf-salad-style-traditional-pickled-known-as-lahpet-thoke-consisting-leaves-peanuts-165976396.jpg,fab98a195e380e52e2a0ba720f8b220bf89ec34ceeb695f15449ad646a74d7de,2026-07-02T17:24:31.137409+00:00
train\laphet_thoke\laphet_thoke_6e317e2047e4.jpg,C:\Users\Pc\Documents\GitHub\FoodImage\dataset\train\laphet_thoke\laphet_thoke_6e317e2047e4.jpg,laphet_thoke,Laphet Thoke,Myanmar,train,224,224,1200,630,bing,https://api2.krua.co/wp-content/uploads/2022/02/RI1738_SEOImage_1200x630.jpg,6e317e2047e4925a5aaf9fda594224906d7d2762950b49f60451beaa273e5508,2026-07-02T17:24:31.137409+00:00
train\laphet_thoke\laphet_thoke_50c696672eb5.jpg,C:\Users\Pc\Documents\GitHub\FoodImage\dataset\train\laphet_thoke\laphet_thoke_50c696672eb5.jpg,laphet_thoke,Laphet Thoke,Myanmar,train,224,224,920,614,bing,https://cdn.vox-cdn.com/thumbor/OuDGw5zvkQQLrIAI5-lCvqLIJck=/0x0:1024x683/920x0/filters:focal(0x0:1024x683):no_upscale()/cdn.vox-cdn.com/uploads/chorus_asset/file/25664414/Pickled_tea_leaf_salad__laphet_thoke___Burmese_Harp__Bay_Ridge__Brooklyn.JPG,50c696672eb58f866e701428c13972c119d1ce3381684ba16032d3edcc821093,2026-07-02T17:24:31.137409+00:00
train\laphet_thoke\laphet_thoke_de0500e41dd2.jpg,C:\Users\Pc\Documents\GitHub\FoodImage\dataset\train\laphet_thoke\laphet_thoke_de0500e41dd2.jpg,laphet_thoke,Laphet Thoke,Myanmar,train,224,224,1000,683,bing,https://i0.wp.com/newspack-berkeleyside-cityside.s3.amazonaws.com/wp-content/uploads/2014/06/mixed-tea-leaf-salad.jpg?ssl=1,de0500e41dd2310b091c8c91e823e5138692f8f172b99303066c79a56d023b67,2026-07-02T17:24:31.137409+00:00
train\laphet_thoke\laphet_thoke_aa2a114a07e0.jpg,C:\Users\Pc\Documents\GitHub\FoodImage\dataset\train\laphet_thoke\laphet_thoke_aa2a114a07e0.jpg,laphet_thoke,Laphet Thoke,Myanmar,train,224,224,1024,685,bing,https://media.gettyimages.com/id/167505668/photo/laphet-thote-the-traditional-burmese-pickled-tea-leaf-salad.jpg?s=1024x1024&w=gi&k=20&c=bIV44aJa-NcdadA0dNhkwmW9HOxPwUdCct-Xh5C8oPs=,aa2a114a07e05f12bde4a166bb002865ccd8041faf48c334e02eb38bab42554e,2026-07-02T17:24:31.137409+00:00
train\laphet_thoke\laphet_thoke_35156bb314a8.jpg,C:\Users\Pc\Documents\GitHub\FoodImage\dataset\train\laphet_thoke\laphet_thoke_35156bb314a8.jpg,laphet_thoke,Laphet Thoke,Myanmar,train,224,224,500,500,bing,"https://cdn.thefork.com/tf-lab/image/upload/w_500,h_500,c_fill,q_auto,f_auto,g_auto:subject/restaurant/ad7d77c3-a6c1-4cdb-9ac5-0f1876a6e9c2/d8c4d7d5-443c-4c34-88fe-2e1cff8c503e.jpg",35156bb314a8deaa42b7be089ffa62e817736ca69f4c5dfc878b228b7525beac,2026-07-02T17:24:31.137409+00:00
train\laphet_thoke\laphet_thoke_294a9ee7f58f.jpg,C:\Users\Pc\Documents\GitHub\FoodImage\dataset\train\laphet_thoke\laphet_thoke_294a9ee7f58f.jpg,laphet_thoke,Laphet Thoke,Myanmar,train,224,224,768,768,bing,https://parade.com/.image/t_share/MTkwNTgwOTgyOTg5OTg4OTg5/burma-superstar-tea-leaf-salad-kit-laphet-768x768.jpg,294a9ee7f58f2f0fad6d6bc028db6cc4308a2b2c042a4f398d8ebccbe82b2737,2026-07-02T17:24:31.137409+00:00
train\laphet_thoke\laphet_thoke_8d80ead3d1c1.jpg,C:\Users\Pc\Documents\GitHub\FoodImage\dataset\train\laphet_thoke\laphet_thoke_8d80ead3d1c1.jpg,laphet_thoke,Laphet Thoke,Myanmar,train,224,224,1080,635,bing,https://preview.redd.it/lahpet-thoke-burmese-fermented-tea-leaf-salad-from-mays-v0-2ktd2jmdh62d1.jpeg?width=1080&crop=smart&auto=webp&s=040d5c4fb697dea11c245042d3be74406fed5aa3,8d80ead3d1c1499d643741fc88b068c6cb569ba305899f9889203180f1115e19,2026-07-02T17:24:31.137409+00:00
train\laphet_thoke\laphet_thoke_05d27d409dd7.jpg,C:\Users\Pc\Documents\GitHub\FoodImage\dataset\train\laphet_thoke\laphet_thoke_05d27d409dd7.jpg,laphet_thoke,Laphet Thoke,Myanmar,train,224,224,2048,969,bing,https://burmesevegan.com/wp-content/uploads/2021/12/LaphetMixedBowl-2048x969.jpeg,05d27d409dd75f42f913680aa61a8c3c9f79a29f7e05c018a37bb3184fb0b96f,2026-07-02T17:24:31.137409+00:00
train\laphet_thoke\laphet_thoke_02b013abe87c.jpg,C:\Users\Pc\Documents\GitHub\FoodImage\dataset\train\laphet_thoke\laphet_thoke_02b013abe87c.jpg,laphet_thoke,Laphet Thoke,Myanmar,train,224,224,450,336,bing,http://www.foodgps.com/wp-content/uploads/2007/08/Burma-Superstar-Tea-Leaf-Salad.jpg,02b013abe87c22adc48502a7f1f7342be9552e4a7c40a74a4b5d1098e758d75f,2026-07-02T17:24:31.137409+00:00
train\laphet_thoke\laphet_thoke_b9a2fd171ca8.jpg,C:\Users\Pc\Documents\GitHub\FoodImage\dataset\train\laphet_thoke\laphet_thoke_b9a2fd171ca8.jpg,laphet_thoke,Laphet Thoke,Myanmar,train,224,224,480,360,bing,https://i.ytimg.com/vi/oEEHAKPjqBQ/hqdefault.jpg,b9a2fd171ca8f8a6697110c55cc7ff13ef879c0389a112ca14731134dbc143c3,2026-07-02T17:24:31.137409+00:00
train\laphet_thoke\laphet_thoke_f047fd8e3862.jpg,C:\Users\Pc\Documents\GitHub\FoodImage\dataset\train\laphet_thoke\laphet_thoke_f047fd8e3862.jpg,laphet_thoke,Laphet Thoke,Myanmar,train,224,224,734,1100,bing,https://i.pinimg.com/originals/f6/8e/75/f68e7519c852d8d453809a71c5059903.png,f047fd8e3862175c36ebf8ce0bdc772d4d05acf03b791fcc5b2b91029325a054,2026-07-02T17:24:31.137409+00:00
train\laphet_thoke\laphet_thoke_784fb9f18c08.jpg,C:\Users\Pc\Documents\GitHub\FoodImage\dataset\train\laphet_thoke\laphet_thoke_784fb9f18c08.jpg,laphet_thoke,Laphet Thoke,Myanmar,train,224,224,2560,1211,bing,https://burmesevegan.com/wp-content/uploads/2021/12/LaphetMixedSalad-scaled.jpeg,784fb9f18c0815cb9432a36e1c2cc3b1411d539e9fbf5260eafd6c1dde82bdfc,2026-07-02T17:24:31.137409+00:00
train\laphet_thoke\laphet_thoke_d3ac9bc798cd.jpg,C:\Users\Pc\Documents\GitHub\FoodImage\dataset\train\laphet_thoke\laphet_thoke_d3ac9bc798cd.jpg,laphet_thoke,Laphet Thoke,Myanmar,train,224,224,950,653,bing,http://www.johnwise.com/wp-content/uploads/2020/10/IMG_3778.jpg,d3ac9bc798cd3134470549c892f950eecf5e4bc08913aea4d7ee4869ac3e4457,2026-07-02T17:24:31.137409+00:00
train\laphet_thoke\laphet_thoke_e54536f23ba5.jpg,C:\Users\Pc\Documents\GitHub\FoodImage\dataset\train\laphet_thoke\laphet_thoke_e54536f23ba5.jpg,laphet_thoke,Laphet Thoke,Myanmar,train,224,224,834,1024,bing,https://www.vietworldkitchen.com/wp-content/uploads/2021/08/burmese-tea-leaf-salad-tall3-834x1024.jpg,e54536f23ba5066937b85a8f2b00c31f11a977f3cc9b261cad676493bc1a9c71,2026-07-02T17:24:31.137409+00:00
train\laphet_thoke\laphet_thoke_7ffba5f90a3e.jpg,C:\Users\Pc\Documents\GitHub\FoodImage\dataset\train\laphet_thoke\laphet_thoke_7ffba5f90a3e.jpg,laphet_thoke,Laphet Thoke,Myanmar,train,224,224,3319,2212,bing,https://i.pinimg.com/originals/e1/b1/f7/e1b1f78bea4aa3bc64572927b1b73727.jpg,7ffba5f90a3e573b2011039f3f96f7db803322980050f10018f31f55db96ffb5,2026-07-02T17:24:31.137409+00:00
train\laphet_thoke\laphet_thoke_8b850ff2cfa4.jpg,C:\Users\Pc\Documents\GitHub\FoodImage\dataset\train\laphet_thoke\laphet_thoke_8b850ff2cfa4.jpg,laphet_thoke,Laphet Thoke,Myanmar,train,224,224,1024,1024,bing,https://soupchick.s3.amazonaws.com/wp-content/uploads/2024/01/07140036/SALAD0073_4.png-1.webp,8b850ff2cfa479bbed8cf022c0ebadc05fedc9b5ca633149331ded87cf3441a6,2026-07-02T17:24:31.137409+00:00
train\laphet_thoke\laphet_thoke_cc4086705444.jpg,C:\Users\Pc\Documents\GitHub\FoodImage\dataset\train\laphet_thoke\laphet_thoke_cc4086705444.jpg,laphet_thoke,Laphet Thoke,Myanmar,train,224,224,1024,1024,bing,https://holisticchefacademy.com/wp-content/uploads/2024/04/Khao-Soi-7-1024x1024.jpg,cc4086705444cd28d8495c29453fa4b6ca0ca8463ee6aa65b172ee83e3d19644,2026-07-02T17:24:31.137409+00:00
train\laphet_thoke\laphet_thoke_44e4e2f0eeda.jpg,C:\Users\Pc\Documents\GitHub\FoodImage\dataset\train\laphet_thoke\laphet_thoke_44e4e2f0eeda.jpg,laphet_thoke,Laphet Thoke,Myanmar,train,224,224,2000,1334,bing,https://images.squarespace-cdn.com/content/v1/5e2ce9169eeacf07004d9070/86b2c58a-a954-4522-b643-a6c31cc6be63/Tea+Leaf+Salad+Kit+Vegan+(2).jpg,44e4e2f0eeda1b0dbc9415874ac00764571ed64a531b05475ad784f999806f92,2026-07-02T17:24:31.137409+00:00
train\laphet_thoke\laphet_thoke_864330e8df7a.jpg,C:\Users\Pc\Documents\GitHub\FoodImage\dataset\train\laphet_thoke\laphet_thoke_864330e8df7a.jpg,laphet_thoke,Laphet Thoke,Myanmar,train,224,224,600,600,bing,https://assets.atlasobscura.com/media/W1siZiIsInVwbG9hZHMvdGhpbmdfaW1hZ2VzLzBjYzc5NWNhNTY4NGY3MjgwMV9sYWhwZXQgdGhva2UgMi5qcGciXSxbInAiLCJjb252ZXJ0IiwiLXF1YWxpdHkgODEgLWF1dG8tb3JpZW50Il0sWyJwIiwidGh1bWIiLCI2MDB4PiJdXQ/lahpet%20thoke%202.jpg,864330e8df7a4dd90c164065566dfceb1786924df02a17c899933d704f5db978,2026-07-02T17:24:31.137409+00:00
train\laphet_thoke\laphet_thoke_e708bcece2c8.jpg,C:\Users\Pc\Documents\GitHub\FoodImage\dataset\train\laphet_thoke\laphet_thoke_e708bcece2c8.jpg,laphet_thoke,Laphet Thoke,Myanmar,train,224,224,2048,1365,bing,https://s.hdnux.com/photos/01/23/64/63/21974270/3/rawImage.jpg,e708bcece2c8b85f657f7197af49074b0b249a8f5b914d551ff6a7864d51d7b2,2026-07-02T17:24:31.137409+00:00
train\laphet_thoke\laphet_thoke_7ac2044f5d51.jpg,C:\Users\Pc\Documents\GitHub\FoodImage\dataset\train\laphet_thoke\laphet_thoke_7ac2044f5d51.jpg,laphet_thoke,Laphet Thoke,Myanmar,train,224,224,1410,1182,bing,https://i.pinimg.com/originals/91/c1/3b/91c13bc4233960a7030f8b1ce02d8d36.png,7ac2044f5d51d0b521f2981080eead4a72f79fddf5eafe5430d4667538f01e13,2026-07-02T17:24:31.137409+00:00
train\laphet_thoke\laphet_thoke_8cd5ecb4f7ed.jpg,C:\Users\Pc\Documents\GitHub\FoodImage\dataset\train\laphet_thoke\laphet_thoke_8cd5ecb4f7ed.jpg,laphet_thoke,Laphet Thoke,Myanmar,train,224,224,500,335,bing,https://i.pinimg.com/originals/94/e2/57/94e257258476602024a9fdf24f7ef62b.jpg,8cd5ecb4f7ed87761a66a02032413907e356845fba076f25eda1e5af0db157cf,2026-07-02T17:24:31.137409+00:00
train\laphet_thoke\laphet_thoke_2a8746963743.jpg,C:\Users\Pc\Documents\GitHub\FoodImage\dataset\train\laphet_thoke\laphet_thoke_2a8746963743.jpg,laphet_thoke,Laphet Thoke,Myanmar,train,224,224,1120,650,bing,"https://res.cloudinary.com/rainforest-cruises/images/c_fill,g_auto/f_auto,q_auto/w_1120,h_650/v1620067050/Southeast-Asian-Food-Laphet-Thoke/Southeast-Asian-Food-Laphet-Thoke.jpg",2a87469637435a42570cc737b63992a6f0d10d0eea9cc4bccaf8753f9a728001,2026-07-02T17:24:31.137409+00:00
train\laphet_thoke\laphet_thoke_3ba6f4b3e07c.jpg,C:\Users\Pc\Documents\GitHub\FoodImage\dataset\train\laphet_thoke\laphet_thoke_3ba6f4b3e07c.jpg,laphet_thoke,Laphet Thoke,Myanmar,train,224,224,2048,969,bing,https://burmesevegan.com/wp-content/uploads/2021/12/LaphatGuestPlate-2048x969.jpeg,3ba6f4b3e07c8e605b24d2881f33f6a9b0f2b570b4fdebe45f5bf0e1464a6d3e,2026-07-02T17:24:31.137409+00:00
train\laphet_thoke\laphet_thoke_217c1a2e0ef9.jpg,C:\Users\Pc\Documents\GitHub\FoodImage\dataset\train\laphet_thoke\laphet_thoke_217c1a2e0ef9.jpg,laphet_thoke,Laphet Thoke,Myanmar,train,224,224,512,512,bing,https://parade.com/.image/t_share/MTkwNTgwOTgyNzIyNTM2NTcz/burma-superstar-burma-love-laphet-tea-leaf-salad-kit-768x512.jpg,217c1a2e0ef967345e07f1d8706f38e37e10229f915233cdf7230189c5678626,2026-07-02T17:24:31.137409+00:00
train\laphet_thoke\laphet_thoke_5142d1ffed1c.jpg,C:\Users\Pc\Documents\GitHub\FoodImage\dataset\train\laphet_thoke\laphet_thoke_5142d1ffed1c.jpg,laphet_thoke,Laphet Thoke,Myanmar,train,224,224,1024,768,bing,https://www.worldwanderingkiwi.com/wp-content/uploads/2017/02/Laphet-pickled-tea-leaf-salad-Myanmar.jpg,5142d1ffed1c15e2334f1b49f77f13b8f0b47b45b399b000113766ec0656e678,2026-07-02T17:24:31.137409+00:00
train\laphet_thoke\laphet_thoke_11ed105d1b1e.jpg,C:\Users\Pc\Documents\GitHub\FoodImage\dataset\train\laphet_thoke\laphet_thoke_11ed105d1b1e.jpg,laphet_thoke,Laphet Thoke,Myanmar,train,224,224,3840,2560,bing,http://flavorverse.com/wp-content/uploads/2016/11/Laphet-Thoke-Best-Burmese-Food.jpg,11ed105d1b1e21373959627ae9ba15b9dac9d3f7296bfdc49219af66b07c3834,2026-07-02T17:24:31.137409+00:00
train\laphet_thoke\laphet_thoke_f68b99a258c4.jpg,C:\Users\Pc\Documents\GitHub\FoodImage\dataset\train\laphet_thoke\laphet_thoke_f68b99a258c4.jpg,laphet_thoke,Laphet Thoke,Myanmar,train,224,224,992,661,bing,https://thumbs.dreamstime.com/z/laphet-thoke-myanmar-fermented-tea-leaf-salad-often-mixed-nuts-seeds-other-ingredients-laphet-thoke-traditional-burmese-296957281.jpg?w=992,f68b99a258c49a5ff1a4a91ef2b91d2ab36a578633d5db98065c43b95a1d0740,2026-07-02T17:24:31.137409+00:00
train\laphet_thoke\laphet_thoke_86a1bb34f5bf.jpg,C:\Users\Pc\Documents\GitHub\FoodImage\dataset\train\laphet_thoke\laphet_thoke_86a1bb34f5bf.jpg,laphet_thoke,Laphet Thoke,Myanmar,train,224,224,1752,1480,bing,https://i.redd.it/nggtzzy6vgk91.jpg,86a1bb34f5bf4556d40075ced12fd3294ef4d67dbe9396c894b0213ad6050281,2026-07-02T17:24:31.137409+00:00
train\laphet_thoke\laphet_thoke_14efb09c09f0.jpg,C:\Users\Pc\Documents\GitHub\FoodImage\dataset\train\laphet_thoke\laphet_thoke_14efb09c09f0.jpg,laphet_thoke,Laphet Thoke,Myanmar,train,224,224,768,1024,bing,https://live.staticflickr.com/3721/9372373589_5e69ea0d87_b.jpg,14efb09c09f0998be3e02cab0162d7d0f6fa53f495c0723f3bd5ab08d43238ff,2026-07-02T17:24:31.137409+00:00
train\laphet_thoke\laphet_thoke_e9eb775ab4d1.jpg,C:\Users\Pc\Documents\GitHub\FoodImage\dataset\train\laphet_thoke\laphet_thoke_e9eb775ab4d1.jpg,laphet_thoke,Laphet Thoke,Myanmar,train,224,224,1080,1349,bing,https://i.pinimg.com/originals/15/e0/f1/15e0f1d92662588628f6432d0b7e5039.jpg,e9eb775ab4d160ec5150b2fab1f725adfaf0223c43bbca2837f0180214caf160,2026-07-02T17:24:31.137409+00:00
train\laphet_thoke\laphet_thoke_a8adfd9efe99.jpg,C:\Users\Pc\Documents\GitHub\FoodImage\dataset\train\laphet_thoke\laphet_thoke_a8adfd9efe99.jpg,laphet_thoke,Laphet Thoke,Myanmar,train,224,224,640,853,bing,"https://cdn.thefork.com/tf-lab/image/upload/w_640,c_fill,q_auto,f_auto/customer/ad7d77c3-a6c1-4cdb-9ac5-0f1876a6e9c2/b3093491-4e6a-4e76-b2bc-e685ba59c869.jpg",a8adfd9efe99bbf0366236a8002e805827365479c188bc85f0f3c3984f99a983,2026-07-02T17:24:31.137409+00:00
train\laphet_thoke\laphet_thoke_a2581ebca4f7.jpg,C:\Users\Pc\Documents\GitHub\FoodImage\dataset\train\laphet_thoke\laphet_thoke_a2581ebca4f7.jpg,laphet_thoke,Laphet Thoke,Myanmar,train,224,224,1024,1024,bing,https://fermentations.co.uk/wp-content/uploads/2023/04/Burmese-cuisine.jpg,a2581ebca4f7c2806da907caa0e2818974950295482f7dec88d2900055c605da,2026-07-02T17:24:31.137409+00:00
train\laphet_thoke\laphet_thoke_1960fc189fb4.jpg,C:\Users\Pc\Documents\GitHub\FoodImage\dataset\train\laphet_thoke\laphet_thoke_1960fc189fb4.jpg,laphet_thoke,Laphet Thoke,Myanmar,train,224,224,1200,900,bing,https://www.vietworldkitchen.com/wp-content/uploads/2021/08/burmese-tea-leaf-salad-wide.jpeg,1960fc189fb4cdba3d19235f72b1d0fcce34c00e6b6d6539a2b96deaeb7bffb8,2026-07-02T17:24:31.137409+00:00
train\laphet_thoke\laphet_thoke_8bf9d1733593.jpg,C:\Users\Pc\Documents\GitHub\FoodImage\dataset\train\laphet_thoke\laphet_thoke_8bf9d1733593.jpg,laphet_thoke,Laphet Thoke,Myanmar,train,224,224,640,1138,bing,https://lahpet.co.uk/wp-content/uploads/sb-instagram-feed-images/424608287_366140946155937_272594782356432850_nfull.jpg,8bf9d173359328e50cc46a935dd9a9d1fba5c3a453fef9e3d1a46eabb2e37f2d,2026-07-02T17:24:31.137409+00:00
train\laphet_thoke\laphet_thoke_21884bf7ddd2.jpg,C:\Users\Pc\Documents\GitHub\FoodImage\dataset\train\laphet_thoke\laphet_thoke_21884bf7ddd2.jpg,laphet_thoke,Laphet Thoke,Myanmar,train,224,224,576,1027,bing,https://thumbs.dreamstime.com/b/burmese-tea-leaf-salad-peanuts-digital-386820975.jpg?w=576,21884bf7ddd2d43c9fccc085f4815dfd0d1341b2b34119b74fb9438c7031b1ee,2026-07-02T17:24:31.137409+00:00
train\laphet_thoke\laphet_thoke_2bbf30871c94.jpg,C:\Users\Pc\Documents\GitHub\FoodImage\dataset\train\laphet_thoke\laphet_thoke_2bbf30871c94.jpg,laphet_thoke,Laphet Thoke,Myanmar,train,224,224,1280,720,bing,https://i.ytimg.com/vi/v2VkwOjH-6g/maxres2.jpg?sqp=-oaymwEoCIAKENAF8quKqQMcGADwAQH4AYwCgALgA4oCDAgAEAEYfyA-KCEwDw==&rs=AOn4CLAve59MMIY5hMF7Ocsa1uxMIPHJvg,2bbf30871c94c29344ec02e17890677f75abc0d5d16447e39a0a921510533bd5,2026-07-02T17:24:31.137409+00:00
train\laphet_thoke\laphet_thoke_60cb061f0c3b.jpg,C:\Users\Pc\Documents\GitHub\FoodImage\dataset\train\laphet_thoke\laphet_thoke_60cb061f0c3b.jpg,laphet_thoke,Laphet Thoke,Myanmar,train,224,224,1300,1066,bing,https://c8.alamy.com/comp/FB9JMP/traditional-burmese-lahpet-salad-is-made-out-of-pickled-fermented-FB9JMP.jpg,60cb061f0c3b1927045daf2f05a5ba028da518ce607005472b88c1e678abea5f,2026-07-02T17:24:31.137409+00:00
train\laphet_thoke\laphet_thoke_524318c604aa.jpg,C:\Users\Pc\Documents\GitHub\FoodImage\dataset\train\laphet_thoke\laphet_thoke_524318c604aa.jpg,laphet_thoke,Laphet Thoke,Myanmar,train,224,224,1300,956,bing,https://c8.alamy.com/comp/2A6R31T/mandalaymyanmarburma-28th-oct-2019-burmese-tea-leaf-salad-which-is-also-called-la-phat-thote-in-myanmar-one-of-my-favourite-food-2A6R31T.jpg,524318c604aada2a76bf675a0b0e9e703855bb26694ca18d6342d33bc186b207,2026-07-02T17:24:31.137409+00:00
train\laphet_thoke\laphet_thoke_89932592c5bc.jpg,C:\Users\Pc\Documents\GitHub\FoodImage\dataset\train\laphet_thoke\laphet_thoke_89932592c5bc.jpg,laphet_thoke,Laphet Thoke,Myanmar,train,224,224,300,470,bing,https://l450v.alamy.com/450v/far1y0/tea-leaf-salad-served-in-an-ornate-bowl-in-yangon-myanmar-burma-far1y0.jpg,89932592c5bcd7066c197fa0e152b0647775a4708d82a90cd53928193f0f7eb2,2026-07-02T17:24:31.137409+00:00
train\laphet_thoke\laphet_thoke_1dd0b359587f.jpg,C:\Users\Pc\Documents\GitHub\FoodImage\dataset\train\laphet_thoke\laphet_thoke_1dd0b359587f.jpg,laphet_thoke,Laphet Thoke,Myanmar,train,224,224,768,1024,bing,https://media.istockphoto.com/id/2159807830/photo/burmese-myanmar-tea-leaf-salad-called-lahpet-thoke-recipe-with-djenkol-bean-slices.jpg?s=1024x1024&w=is&k=20&c=1Tu6_u-ID2VK_jA8PbBoHyPyTNMY9COGZopcAcW4ur8=,1dd0b359587ff226fad680427af4b4246e577111ce9f63f96a33c21e77a0be97,2026-07-02T17:24:31.137409+00:00
train\laphet_thoke\laphet_thoke_e9cb62e748e2.jpg,C:\Users\Pc\Documents\GitHub\FoodImage\dataset\train\laphet_thoke\laphet_thoke_e9cb62e748e2.jpg,laphet_thoke,Laphet Thoke,Myanmar,train,224,224,861,1390,bing,https://c8.alamy.com/comp/HWCFYA/traditional-burmese-lahpet-salad-made-out-of-fermented-tea-leaves-HWCFYA.jpg,e9cb62e748e286e7de005f0f1a8eb8c8185521c2810e70dfb7cf23c7807279cf,2026-07-02T17:24:31.137409+00:00
train\laphet_thoke\laphet_thoke_03b4bf78e2bc.jpg,C:\Users\Pc\Documents\GitHub\FoodImage\dataset\train\laphet_thoke\laphet_thoke_03b4bf78e2bc.jpg,laphet_thoke,Laphet Thoke,Myanmar,train,224,224,1050,1400,bing,https://cdn-d12srav5gxm0re.maxsold.com/auctionimages/103453/1763142359/wvintage_myanmar_bowl-79-1.jpeg,03b4bf78e2bc36cfc80b4b684b4d90fbde1a7d418a5373ee7df4509d9f421d35,2026-07-02T17:24:31.137409+00:00
train\laphet_thoke\laphet_thoke_37db2738a9fa.jpg,C:\Users\Pc\Documents\GitHub\FoodImage\dataset\train\laphet_thoke\laphet_thoke_37db2738a9fa.jpg,laphet_thoke,Laphet Thoke,Myanmar,train,224,224,700,490,bing,https://wildchina.com/wp-content/uploads/2016/08/Laphet_thoke.jpg,37db2738a9fa76f2db4af371cd7834b6aa5d2418cc10d1f9e73aedc965023090,2026-07-02T17:24:31.137409+00:00
train\laphet_thoke\laphet_thoke_fed074009d26.jpg,C:\Users\Pc\Documents\GitHub\FoodImage\dataset\train\laphet_thoke\laphet_thoke_fed074009d26.jpg,laphet_thoke,Laphet Thoke,Myanmar,train,224,224,1024,1024,bing,https://soupchick.s3.amazonaws.com/wp-content/uploads/2024/01/07140036/SALAD0071_5.png-3.webp,fed074009d26fe72b06abe5f0a83b283095f61c1b82c6bcaf453c148401dd2f1,2026-07-02T17:24:31.137409+00:00
train\laphet_thoke\laphet_thoke_90f498e7c39a.jpg,C:\Users\Pc\Documents\GitHub\FoodImage\dataset\train\laphet_thoke\laphet_thoke_90f498e7c39a.jpg,laphet_thoke,Laphet Thoke,Myanmar,train,224,224,1024,918,bing,https://fermentations.co.uk/wp-content/uploads/2023/04/Tea-leaf-salad-e1693648760841.jpg,90f498e7c39a7c8fe0b370f6e75dc979a825df4d68b7d6eab5814e145f36f69b,2026-07-02T17:24:31.137409+00:00
train\laphet_thoke\laphet_thoke_0b5f01c58365.jpg,C:\Users\Pc\Documents\GitHub\FoodImage\dataset\train\laphet_thoke\laphet_thoke_0b5f01c58365.jpg,laphet_thoke,Laphet Thoke,Myanmar,train,224,224,576,403,bing,https://thumbs.dreamstime.com/b/delicious-traditional-burmese-lahpet-thoke-fermented-tea-leaves-peanuts-fried-garlic-bowl-leaf-salad-cabbage-tomato-396999908.jpg?w=576,0b5f01c58365a4f3d3465164cd5354f9af86d1516cedbc945a29ff49b52a14a6,2026-07-02T17:24:31.137409+00:00
train\laphet_thoke\laphet_thoke_07ce5f8d651f.jpg,C:\Users\Pc\Documents\GitHub\FoodImage\dataset\train\laphet_thoke\laphet_thoke_07ce5f8d651f.jpg,laphet_thoke,Laphet Thoke,Myanmar,train,224,224,536,670,bing,http://www.travelnlass.com/wp-content/uploads/2025/11/TL-Burmese-Lahpet-Thoke-salad-with-accompaniments.jpg,07ce5f8d651f370c7b952b586f829747dd217469ff198fbfadfc4b3b03d138ab,2026-07-02T17:24:31.137409+00:00
train\laphet_thoke\laphet_thoke_5eba1ce43a69.jpg,C:\Users\Pc\Documents\GitHub\FoodImage\dataset\train\laphet_thoke\laphet_thoke_5eba1ce43a69.jpg,laphet_thoke,Laphet Thoke,Myanmar,train,224,224,1300,1390,bing,https://c8.alamy.com/comp/GNN538/mandalay-lahpet-a-traditional-salad-made-with-fermented-tea-leaves-GNN538.jpg,5eba1ce43a69cefcb0a473e6f25efc6dc9a214b213c56c73027317ad13033edd,2026-07-02T17:24:31.137409+00:00
train\laphet_thoke\laphet_thoke_7eeea40d837b.jpg,C:\Users\Pc\Documents\GitHub\FoodImage\dataset\train\laphet_thoke\laphet_thoke_7eeea40d837b.jpg,laphet_thoke,Laphet Thoke,Myanmar,train,224,224,1024,1024,bing,https://soupchick.s3.amazonaws.com/wp-content/uploads/2024/06/07125852/Tea-Leaf-Salad-Recipe05.webp,7eeea40d837b0bf3fae75f7a43af3028876ed310ddf151d13e88d527839fee41,2026-07-02T17:24:31.137409+00:00
train\laphet_thoke\laphet_thoke_956fa5b4ffce.jpg,C:\Users\Pc\Documents\GitHub\FoodImage\dataset\train\laphet_thoke\laphet_thoke_956fa5b4ffce.jpg,laphet_thoke,Laphet Thoke,Myanmar,train,224,224,500,500,bing,"https://cdn.thefork.com/tf-lab/image/upload/w_500,h_500,c_fill,q_auto,f_auto,g_auto:subject/restaurant/ad7d77c3-a6c1-4cdb-9ac5-0f1876a6e9c2/1f9e062a-86d7-4ae4-b671-75e515cab35b.jpg",956fa5b4ffcee6c94779e1e96556f601557157b939d16bb3164382cc95068e07,2026-07-02T17:24:31.137409+00:00
train\laphet_thoke\laphet_thoke_477044d7831c.jpg,C:\Users\Pc\Documents\GitHub\FoodImage\dataset\train\laphet_thoke\laphet_thoke_477044d7831c.jpg,laphet_thoke,Laphet Thoke,Myanmar,train,224,224,1300,957,bing,https://c8.alamy.com/comp/FB9JN2/traditional-burmese-lahpet-salad-is-made-out-of-pickled-fermented-FB9JN2.jpg,477044d7831cd06b24c4497667fcb2a5b1ad4e6f0c67e34e5d777dd998906e3d,2026-07-02T17:24:31.137409+00:00
train\laphet_thoke\laphet_thoke_bba645b886ce.jpg,C:\Users\Pc\Documents\GitHub\FoodImage\dataset\train\laphet_thoke\laphet_thoke_bba645b886ce.jpg,laphet_thoke,Laphet Thoke,Myanmar,train,224,224,1024,683,bing,https://media.gettyimages.com/id/1321649856/photo/owner-joycelyn-lee-carries-tea-leaf-salad-at-burma-superstar-in-san-francisco-california-on.jpg?s=1024x1024&w=gi&k=20&c=6mN-nEalAhAwb7fRUgJ9nKJNgw4r8Fdi28HEwR1tnxg=,bba645b886ce8e7283e359aac05aad23b9ca8d70c959ba7d2f46b266d04fead9,2026-07-02T17:24:31.137409+00:00
train\laphet_thoke\laphet_thoke_96c6aae823e3.jpg,C:\Users\Pc\Documents\GitHub\FoodImage\dataset\train\laphet_thoke\laphet_thoke_96c6aae823e3.jpg,laphet_thoke,Laphet Thoke,Myanmar,train,224,224,825,550,bing,http://whattocooktoday.com/wp-content/uploads/2017/08/IMG_2348.jpg,96c6aae823e35696905dad22b766af15f947ee8abe2494e4b31f9a2d61046766,2026-07-02T17:24:31.137409+00:00
train\laphet_thoke\laphet_thoke_d0afe57e947f.jpg,C:\Users\Pc\Documents\GitHub\FoodImage\dataset\train\laphet_thoke\laphet_thoke_d0afe57e947f.jpg,laphet_thoke,Laphet Thoke,Myanmar,train,224,224,825,550,bing,http://whattocooktoday.com/wp-content/uploads/2017/08/IMG_2390.jpg,d0afe57e947fb0a1ebf7019781380b442937cc029a28c029f17342c6431fb633,2026-07-02T17:24:31.137409+00:00
train\laphet_thoke\laphet_thoke_3e665397eac1.jpg,C:\Users\Pc\Documents\GitHub\FoodImage\dataset\train\laphet_thoke\laphet_thoke_3e665397eac1.jpg,laphet_thoke,Laphet Thoke,Myanmar,train,224,224,1300,956,bing,https://c8.alamy.com/comp/HB6RAB/fermented-green-tea-leaf-salad-myanmar-HB6RAB.jpg,3e665397eac1430803771a2648a4ff09d8d8097322271d243c5a1f226049323a,2026-07-02T17:24:31.137409+00:00
train\laphet_thoke\laphet_thoke_016bca0d5c14.jpg,C:\Users\Pc\Documents\GitHub\FoodImage\dataset\train\laphet_thoke\laphet_thoke_016bca0d5c14.jpg,laphet_thoke,Laphet Thoke,Myanmar,train,224,224,1280,720,bing,https://i.ytimg.com/vi/HF87fO59e3s/maxresdefault.jpg,016bca0d5c14ee40a078979fe3a0edf2d3b9a6f059e3465ce214298ca6166373,2026-07-02T17:24:31.137409+00:00
train\laphet_thoke\laphet_thoke_aa56f84fc710.jpg,C:\Users\Pc\Documents\GitHub\FoodImage\dataset\train\laphet_thoke\laphet_thoke_aa56f84fc710.jpg,laphet_thoke,Laphet Thoke,Myanmar,train,224,224,1920,1914,bing,https://ww2.kqed.org/app/uploads/sites/2/2023/08/mandalay-tea-leaf-salad_courtesyFB.jpg,aa56f84fc71049edc4711c1551ce64515e6ea4b2012ef56d6c368ba9a1540bd9,2026-07-02T17:24:31.137409+00:00
train\laphet_thoke\laphet_thoke_da69568f402a.jpg,C:\Users\Pc\Documents\GitHub\FoodImage\dataset\train\laphet_thoke\laphet_thoke_da69568f402a.jpg,laphet_thoke,Laphet Thoke,Myanmar,train,224,224,1600,900,bing,https://blogger.googleusercontent.com/img/b/R29vZ2xl/AVvXsEjJ5gsrbI39FFxIGOcCWhkNv-X5NcZ_ALBfbnXp4Wx90fEIUfbRCcDP4N-8DmVrUP6FOYKNuMjiEDBYSys_aBMFEW1aV4GRZjVy37j_zNAo8FNeEmxfZKKpcAeGlCJZk-hAAYlF1lYzgOc/w1920-h1080-p-k-no-nu/Burmese+Tea+Leaf+Salad+Recipe+%257C+Raise+a+Toast-751020.jpg,da69568f402aea5f741c90f161d910995b37229979ec019d68d86ebe2d23fc3c,2026-07-02T17:24:31.137409+00:00
train\laphet_thoke\laphet_thoke_45831ca98243.jpg,C:\Users\Pc\Documents\GitHub\FoodImage\dataset\train\laphet_thoke\laphet_thoke_45831ca98243.jpg,laphet_thoke,Laphet Thoke,Myanmar,train,224,224,1200,1697,bing,https://image.makewebeasy.net/makeweb/m_1200x600/Joym5IEZQ/DefaultData/233__1_1_.png?v=202405291424,45831ca98243c99c9b908fa5c55f2de9bb743634b62450ff5a0d4ef7d33c7ae5,2026-07-02T17:24:31.137409+00:00
train\laphet_thoke\laphet_thoke_4076a5f15eb5.jpg,C:\Users\Pc\Documents\GitHub\FoodImage\dataset\train\laphet_thoke\laphet_thoke_4076a5f15eb5.jpg,laphet_thoke,Laphet Thoke,Myanmar,train,224,224,2048,1118,bing,https://teatrade.co.uk/images/recipes/laphet-thoke.jpg,4076a5f15eb597fc416e928a61106475d54ae0d8341cae2debf6562f6ce85f22,2026-07-02T17:24:31.137409+00:00
train\laphet_thoke\laphet_thoke_a0bbef8bc4a3.jpg,C:\Users\Pc\Documents\GitHub\FoodImage\dataset\train\laphet_thoke\laphet_thoke_a0bbef8bc4a3.jpg,laphet_thoke,Laphet Thoke,Myanmar,train,224,224,800,613,bing,https://thumbs.dreamstime.com/b/burmese-tea-leaf-salad-called-lahpet-thoke-recipe-myanmar-closeup-view-301446538.jpg,a0bbef8bc4a333391ec9c8e60329750ab538ae4880321e3d8eba1349f797a903,2026-07-02T17:24:31.137409+00:00
train\laphet_thoke\laphet_thoke_46dfc1737039.jpg,C:\Users\Pc\Documents\GitHub\FoodImage\dataset\train\laphet_thoke\laphet_thoke_46dfc1737039.jpg,laphet_thoke,Laphet Thoke,Myanmar,train,224,224,1500,1213,bing,https://www.shutterstock.com/shutterstock/photos/2223485489/display_1500/stock-photo-tea-leaf-salad-lahpet-thoke-myanmar-traditional-appetizer-2223485489.jpg,46dfc17370395b9432c58ef9e7011cd241e7f0617a62818e16a20e452388e116,2026-07-02T17:24:31.137409+00:00
train\laphet_thoke\laphet_thoke_ef425b1a9ccf.jpg,C:\Users\Pc\Documents\GitHub\FoodImage\dataset\train\laphet_thoke\laphet_thoke_ef425b1a9ccf.jpg,laphet_thoke,Laphet Thoke,Myanmar,train,224,224,1300,956,bing,https://c8.alamy.com/comp/GNN53B/mandalay-lahpet-a-traditional-salad-made-with-fermented-tea-leaves-GNN53B.jpg,ef425b1a9ccf3cc66335d9445f4e2f12ef75b717acb251ef88190d800bc74d60,2026-07-02T17:24:31.137409+00:00
train\laphet_thoke\laphet_thoke_30861715f758.jpg,C:\Users\Pc\Documents\GitHub\FoodImage\dataset\train\laphet_thoke\laphet_thoke_30861715f758.jpg,laphet_thoke,Laphet Thoke,Myanmar,train,224,224,736,1104,bing,https://i.pinimg.com/736x/8d/8f/50/8d8f50ed6f0e02b6e281be358810dcdc.jpg,30861715f758b68d9ade621fc24ff3e8e7e9bf63ee7f40f24be45ebe3db78aab,2026-07-02T17:24:31.137409+00:00
train\laphet_thoke\laphet_thoke_d123f76ec115.jpg,C:\Users\Pc\Documents\GitHub\FoodImage\dataset\train\laphet_thoke\laphet_thoke_d123f76ec115.jpg,laphet_thoke,Laphet Thoke,Myanmar,train,224,224,1000,700,bing,https://news.icstravelgroup.com/wp-content/uploads/2022/05/Phone-1-1.png,d123f76ec115c0f5c45b624b9469877c7d957dc8f85dd5f4dac6801a2214476a,2026-07-02T17:24:31.137409+00:00
train\laphet_thoke\laphet_thoke_5ae62e020d18.jpg,C:\Users\Pc\Documents\GitHub\FoodImage\dataset\train\laphet_thoke\laphet_thoke_5ae62e020d18.jpg,laphet_thoke,Laphet Thoke,Myanmar,train,224,224,1300,956,bing,https://c8.alamy.com/comp/2AEJB6M/signature-tea-leaf-salad-lahpet-thohk-at-lahpet-shoreditch-london-uk-2AEJB6M.jpg,5ae62e020d18df730668811c43049843b2fc5356c7cbfe5aad27c3acec653cbc,2026-07-02T17:24:31.137409+00:00
train\laphet_thoke\laphet_thoke_ca6f80d08adb.jpg,C:\Users\Pc\Documents\GitHub\FoodImage\dataset\train\laphet_thoke\laphet_thoke_ca6f80d08adb.jpg,laphet_thoke,Laphet Thoke,Myanmar,train,224,224,1083,1477,bing,https://i.pinimg.com/originals/8a/59/98/8a5998242fc6b1fdcb8bf78e5d0f3e5b.jpg,ca6f80d08adb26ba5b7dc0207fcce7064060dfc49e42dc98f7c146101b08697c,2026-07-02T17:24:31.137409+00:00
train\laphet_thoke\laphet_thoke_d0e15760a2fb.jpg,C:\Users\Pc\Documents\GitHub\FoodImage\dataset\train\laphet_thoke\laphet_thoke_d0e15760a2fb.jpg,laphet_thoke,Laphet Thoke,Myanmar,train,224,224,400,304,bing,https://blogger.googleusercontent.com/img/b/R29vZ2xl/AVvXsEhog1rvFRmLoBmuQ17TLkZ7wt_sWCxu5bGWZgXB-5iuw_TZPds1Gz0H4RLra4b4-orQxoxU7tQqN5c3J4zEFGMQ8T40eytnoj9xPXkh82Pco3fvjaO6dc9yGh-q5ULxwDGBlFavNJXUuwk/w1200-h630-p-k-no-nu/l5.JPG,d0e15760a2fbfe8aad82725e6ed8e3574e34522e3e013ce3b9c6ad63ba9f062a,2026-07-02T17:24:31.137409+00:00
train\laphet_thoke\laphet_thoke_a8b9e638d576.jpg,C:\Users\Pc\Documents\GitHub\FoodImage\dataset\train\laphet_thoke\laphet_thoke_a8b9e638d576.jpg,laphet_thoke,Laphet Thoke,Myanmar,train,224,224,473,316,bing,https://lahpet.co.uk/wp-content/uploads/2022/02/lahpet-logo.png,a8b9e638d576c838398a0f1c5fb707bf80932b4a93c657edba79b546354bc1f6,2026-07-02T17:24:31.137409+00:00
train\laphet_thoke\laphet_thoke_486ef03c85ff.jpg,C:\Users\Pc\Documents\GitHub\FoodImage\dataset\train\laphet_thoke\laphet_thoke_486ef03c85ff.jpg,laphet_thoke,Laphet Thoke,Myanmar,train,224,224,1280,720,bing,https://i.ytimg.com/vi/D58_3WqxZNQ/maxresdefault.jpg,486ef03c85ffc618e63d81f74189acd2bf949b639155647d92eb48d115e5b129,2026-07-02T17:24:31.137409+00:00
train\laphet_thoke\laphet_thoke_b3baebd836ba.jpg,C:\Users\Pc\Documents\GitHub\FoodImage\dataset\train\laphet_thoke\laphet_thoke_b3baebd836ba.jpg,laphet_thoke,Laphet Thoke,Myanmar,train,224,224,1379,1034,bing,https://www.luxurycruisemekong.com/wp-content/uploads/2016/09/Laphet-thoke.jpg,b3baebd836ba273c3e7f25425a415583a38f49a96a235a6efde28960df9d5735,2026-07-02T17:24:31.137409+00:00
train\laphet_thoke\laphet_thoke_f92c448dfb9a.jpg,C:\Users\Pc\Documents\GitHub\FoodImage\dataset\train\laphet_thoke\laphet_thoke_f92c448dfb9a.jpg,laphet_thoke,Laphet Thoke,Myanmar,train,224,224,800,796,bing,https://thumbs.dreamstime.com/b/burmese-tea-leaf-salad-mixed-ingredient-lahpet-thoke-name-ofx-famous-fermented-myan-mar-decorate-vegetable-chili-210600886.jpg,f92c448dfb9aeda3a90f14387fca885ee4ab976a1c3107f8182b84c2b93d6db0,2026-07-02T17:24:31.137409+00:00
train\laphet_thoke\laphet_thoke_a54861090da3.jpg,C:\Users\Pc\Documents\GitHub\FoodImage\dataset\train\laphet_thoke\laphet_thoke_a54861090da3.jpg,laphet_thoke,Laphet Thoke,Myanmar,train,224,224,800,500,bing,https://static.idctravel.com/wp-content/uploads/t/21/The-Laphet-Thoke.jpg,a54861090da31bb2bc8c5c5cca68dd116ddf6569afd5ddf9442ec4c59d5b1696,2026-07-02T17:24:31.137409+00:00
train\laphet_thoke\laphet_thoke_3484ac6450e6.jpg,C:\Users\Pc\Documents\GitHub\FoodImage\dataset\train\laphet_thoke\laphet_thoke_3484ac6450e6.jpg,laphet_thoke,Laphet Thoke,Myanmar,train,224,224,750,1125,bing,https://whattocooktoday.com/wp-content/uploads/2017/08/IMG_2328.jpg,3484ac6450e627167a63d18f0648bce89ce47c0b16ff4c6989201719bc6e8c64,2026-07-02T17:24:31.137409+00:00
train\laphet_thoke\laphet_thoke_27785914999c.jpg,C:\Users\Pc\Documents\GitHub\FoodImage\dataset\train\laphet_thoke\laphet_thoke_27785914999c.jpg,laphet_thoke,Laphet Thoke,Myanmar,train,224,224,872,1390,bing,https://c8.alamy.com/comp/FB9JMN/traditional-burmese-lahpet-salad-is-made-out-of-pickled-fermented-FB9JMN.jpg,27785914999c4d51c000deaa25e1232fb72059defb31d9ce6f928017af6023ee,2026-07-02T17:24:31.137409+00:00
train\laphet_thoke\laphet_thoke_4a822bf51892.jpg,C:\Users\Pc\Documents\GitHub\FoodImage\dataset\train\laphet_thoke\laphet_thoke_4a822bf51892.jpg,laphet_thoke,Laphet Thoke,Myanmar,train,224,224,1920,1280,bing,https://lahpet.co.uk/wp-content/uploads/2020/05/ginger-salad-recipe-kit.jpg,4a822bf5189289bdfe8f22cc6b4b6f73ef3a0df66882cf9750b78a3c188b914a,2026-07-02T17:24:31.137409+00:00
train\laphet_thoke\laphet_thoke_65c1c93f79b1.jpg,C:\Users\Pc\Documents\GitHub\FoodImage\dataset\train\laphet_thoke\laphet_thoke_65c1c93f79b1.jpg,laphet_thoke,Laphet Thoke,Myanmar,train,224,224,1000,667,bing,https://as1.ftcdn.net/v2/jpg/04/76/61/12/1000_F_476611256_ICR0YsIwKFIJN9tUDK23hO230CuR4wON.jpg,65c1c93f79b1828768e2a4679d31bea6918b64311027d4db4497256efffc2255,2026-07-02T17:24:31.137409+00:00
train\laphet_thoke\laphet_thoke_a0e1dec1fe7d.jpg,C:\Users\Pc\Documents\GitHub\FoodImage\dataset\train\laphet_thoke\laphet_thoke_a0e1dec1fe7d.jpg,laphet_thoke,Laphet Thoke,Myanmar,train,224,224,405,720,bing,https://i.ytimg.com/vi/yVOPXjZ4W70/oar2.jpg?sqp=-oaymwEkCJUDENAFSFqQAgHyq4qpAxMIARUAAAAAJQAAyEI9AICiQ3gB&rs=AOn4CLA6_5f-bL9tGhEDBbCO0QM85hDCdQ,a0e1dec1fe7d7cc17f7b0e18dc7e7ca3fc7e5a75d6c9c68512d2a3bc52e214a8,2026-07-02T17:24:31.137409+00:00
train\laphet_thoke\laphet_thoke_23be4d17a941.jpg,C:\Users\Pc\Documents\GitHub\FoodImage\dataset\train\laphet_thoke\laphet_thoke_23be4d17a941.jpg,laphet_thoke,Laphet Thoke,Myanmar,train,224,224,1280,720,bing,https://i.ytimg.com/vi/uVqvO1UsvDo/maxresdefault.jpg,23be4d17a941bfa987fdb4b08266298e4db74315a3a3bcd96b29aaa7bf8884c9,2026-07-02T17:24:31.137409+00:00
train\laphet_thoke\laphet_thoke_d9a507b23d3d.jpg,C:\Users\Pc\Documents\GitHub\FoodImage\dataset\train\laphet_thoke\laphet_thoke_d9a507b23d3d.jpg,laphet_thoke,Laphet Thoke,Myanmar,train,224,224,1280,720,bing,https://i.ytimg.com/vi/-3o1jwaGSq0/maxresdefault.jpg?sqp=-oaymwEmCIAKENAF8quKqQMa8AEB-AHOBYAC0AWKAgwIABABGHIgTyhAMA8=&rs=AOn4CLBX1XBSzwTVYxljHciMOkC8MV5nyA,d9a507b23d3d9d8cbf14fe4484669e73029ab39c9f6a7c42eb8f232bdbdffa20,2026-07-02T17:24:31.137409+00:00
train\laphet_thoke\laphet_thoke_ad9f3f73c75f.jpg,C:\Users\Pc\Documents\GitHub\FoodImage\dataset\train\laphet_thoke\laphet_thoke_ad9f3f73c75f.jpg,laphet_thoke,Laphet Thoke,Myanmar,train,224,224,750,1125,bing,https://i.pinimg.com/originals/f0/fe/16/f0fe16e103f1fe49553b53c0c958c228.jpg,ad9f3f73c75f57322f0df3a88fb107577b54d9499800bba1f4f4121569bcbe6b,2026-07-02T17:24:31.137409+00:00
train\laphet_thoke\laphet_thoke_6626ecaab4e5.jpg,C:\Users\Pc\Documents\GitHub\FoodImage\dataset\train\laphet_thoke\laphet_thoke_6626ecaab4e5.jpg,laphet_thoke,Laphet Thoke,Myanmar,train,224,224,612,408,bing,https://media.gettyimages.com/id/969677100/photo/tea-leaf-salad-is-served-in-yangon-myanmar.jpg?s=612x612&w=gi&k=20&c=49PwMhqxBWCDZkgY6dR8YMFL3iyY4SdwN8zrWXWwtmM=,6626ecaab4e5a565c0536fe637244db3e44c4d22105fe710c8ab0ac3a0198d26,2026-07-02T17:24:31.137409+00:00
train\laphet_thoke\laphet_thoke_20ac0a2feb7d.jpg,C:\Users\Pc\Documents\GitHub\FoodImage\dataset\train\laphet_thoke\laphet_thoke_20ac0a2feb7d.jpg,laphet_thoke,Laphet Thoke,Myanmar,train,224,224,667,500,bing,https://www.180c.fr/wp-content/uploads/2019/01/Vendeuse-de-thé-fermenté-de-pois-frits-et-épices-tous-les-ingrédients-de-la-salade-de-thé-667x500.jpg,20ac0a2feb7df0bd977d6ad780efd0674c2f6c563042322a01e660f906a925e9,2026-07-02T17:24:31.137409+00:00
train\laphet_thoke\laphet_thoke_22b898c37a74.jpg,C:\Users\Pc\Documents\GitHub\FoodImage\dataset\train\laphet_thoke\laphet_thoke_22b898c37a74.jpg,laphet_thoke,Laphet Thoke,Myanmar,train,224,224,760,1140,bing,https://cdn.copymethat.com/media/orig_burma_superstar_fermented_tea_leaf_salad_20170513195802372938b10j6r.jpg,22b898c37a74176af12019b7df3784d432ad1c3e0d3f6a011447c9a98705bfc9,2026-07-02T17:24:31.137409+00:00
train\laphet_thoke\laphet_thoke_fbfa3549bc2a.jpg,C:\Users\Pc\Documents\GitHub\FoodImage\dataset\train\laphet_thoke\laphet_thoke_fbfa3549bc2a.jpg,laphet_thoke,Laphet Thoke,Myanmar,train,224,224,1011,1000,bing,https://cultura.in/wp-content/uploads/2024/11/laphet-troke-salad-tea.jpg,fbfa3549bc2a7c89756b6fa6dcb41d6f3014045943ab34c3bd212fa30add0684,2026-07-02T17:24:31.137409+00:00
train\laphet_thoke\laphet_thoke_4b2fa0fa6b02.jpg,C:\Users\Pc\Documents\GitHub\FoodImage\dataset\train\laphet_thoke\laphet_thoke_4b2fa0fa6b02.jpg,laphet_thoke,Laphet Thoke,Myanmar,train,224,224,1024,768,bing,https://2.bp.blogspot.com/-M0aiX9Hleg0/TmECWbU5yXI/AAAAAAAABcE/Kiyw6dxJ-ZM/s1600/5059660632_434e599ca8_b.jpg,4b2fa0fa6b02c30f2e5f479e8bb6ede33bf660fc4d8ffcc5b0abaf1bb125d16e,2026-07-02T17:24:31.137409+00:00
train\laphet_thoke\laphet_thoke_d32f7e80325f.jpg,C:\Users\Pc\Documents\GitHub\FoodImage\dataset\train\laphet_thoke\laphet_thoke_d32f7e80325f.jpg,laphet_thoke,Laphet Thoke,Myanmar,train,224,224,1600,1200,bing,https://4.bp.blogspot.com/-aMDQyPfTWcE/Vot9v9D-1rI/AAAAAAAA8H0/Sy6D876vIbQ/s1600/20160102_145245_HDR.jpg,d32f7e80325f6939b588b6dcafad32192b50ceb4d6c872655f8445cb99a36e91,2026-07-02T17:24:31.137409+00:00
train\laphet_thoke\laphet_thoke_4930f09eea51.jpg,C:\Users\Pc\Documents\GitHub\FoodImage\dataset\train\laphet_thoke\laphet_thoke_4930f09eea51.jpg,laphet_thoke,Laphet Thoke,Myanmar,train,224,224,700,933,bing,https://i.pinimg.com/originals/9c/cb/9c/9ccb9c23c5a1ebd9c940ae6f54d2419a.jpg,4930f09eea51d16def8a7a0eecffe80bc6820f727f6265a046917bc82876270e,2026-07-02T17:24:31.137409+00:00
train\laphet_thoke\laphet_thoke_8e484a6ae6ae.jpg,C:\Users\Pc\Documents\GitHub\FoodImage\dataset\train\laphet_thoke\laphet_thoke_8e484a6ae6ae.jpg,laphet_thoke,Laphet Thoke,Myanmar,train,224,224,3650,2231,bing,https://i.pinimg.com/originals/69/43/39/69433913f2d1d097b457af69a4ebdad5.jpg,8e484a6ae6ae44b8ef19fbb0711ab3a862c2d6fa01acfae54be8598050440eea,2026-07-02T17:24:31.137409+00:00
train\laphet_thoke\laphet_thoke_e687eee37ebb.jpg,C:\Users\Pc\Documents\GitHub\FoodImage\dataset\train\laphet_thoke\laphet_thoke_e687eee37ebb.jpg,laphet_thoke,Laphet Thoke,Myanmar,train,224,224,800,553,bing,https://thumbs.dreamstime.com/b/burmese-myanmar-tea-leaf-salad-called-lahpet-thoke-recipe-djenkol-bean-slices-304054360.jpg,e687eee37ebbb5da4ef9145cd04a1d764bacc0175f03610cdc5438d09a759918,2026-07-02T17:24:31.137409+00:00
train\laphet_thoke\laphet_thoke_85eedfa2acd5.jpg,C:\Users\Pc\Documents\GitHub\FoodImage\dataset\train\laphet_thoke\laphet_thoke_85eedfa2acd5.jpg,laphet_thoke,Laphet Thoke,Myanmar,train,224,224,1300,1085,bing,https://c8.alamy.com/comp/2W90DRC/burmese-myanmar-tea-leaf-salad-called-lahpet-thoke-recipe-closeup-view-2W90DRC.jpg,85eedfa2acd55a4687fb0fbd826c3feff850bead229e8808e262a8de7b6098f8,2026-07-02T17:24:31.137409+00:00
train\laphet_thoke\laphet_thoke_0a67bb5609c5.jpg,C:\Users\Pc\Documents\GitHub\FoodImage\dataset\train\laphet_thoke\laphet_thoke_0a67bb5609c5.jpg,laphet_thoke,Laphet Thoke,Myanmar,train,224,224,1024,768,bing,https://1.bp.blogspot.com/-SJquTD0u6OE/VOX8eGy8sZI/AAAAAAAABd0/yoDR4hldIgY/s1600/Myanmar%2BLephet%2BThoke%2B(Fermented%2BTea%2BLeaf%2BSalad).jpg,0a67bb5609c56e5ad9a30bb86da22568aadb4124b337fa0037f021f1b22fb9d5,2026-07-02T17:24:31.137409+00:00
train\laphet_thoke\laphet_thoke_ac3d129ecf78.jpg,C:\Users\Pc\Documents\GitHub\FoodImage\dataset\train\laphet_thoke\laphet_thoke_ac3d129ecf78.jpg,laphet_thoke,Laphet Thoke,Myanmar,train,224,224,1178,1600,bing,https://4.bp.blogspot.com/-fugbJwuzmRk/Vg4GQdDbxkI/AAAAAAAACYc/wxDT0eROj9I/s1600/T4.jpg,ac3d129ecf787773dd96db8cd4c40e0e5a22ebd45d709a9b561ca4885fe373d3,2026-07-02T17:24:31.137409+00:00
train\laphet_thoke\laphet_thoke_ff82780659f8.jpg,C:\Users\Pc\Documents\GitHub\FoodImage\dataset\train\laphet_thoke\laphet_thoke_ff82780659f8.jpg,laphet_thoke,Laphet Thoke,Myanmar,train,224,224,1280,720,bing,https://i.ytimg.com/vi/udX7KSHyoBs/maxresdefault.jpg,ff82780659f803b1d3d72aeadd55da490fa133c02e0bb371deba47f69077523b,2026-07-02T17:24:31.137409+00:00
train\laphet_thoke\laphet_thoke_0da0cdadb70c.jpg,C:\Users\Pc\Documents\GitHub\FoodImage\dataset\train\laphet_thoke\laphet_thoke_0da0cdadb70c.jpg,laphet_thoke,Laphet Thoke,Myanmar,train,224,224,767,628,bing,https://citynomads.com/wp-content/uploads/2023/08/Laphet-Thoke-767x628.jpg,0da0cdadb70c0103ca296c0686159dfc43eea72b9a058db000f48ef447f46640,2026-07-02T17:24:31.137409+00:00
train\laphet_thoke\laphet_thoke_48fe5370571c.jpg,C:\Users\Pc\Documents\GitHub\FoodImage\dataset\train\laphet_thoke\laphet_thoke_48fe5370571c.jpg,laphet_thoke,Laphet Thoke,Myanmar,train,224,224,1000,653,bing,https://static.wixstatic.com/media/04d0b9_3e03d70b236f435f9b9197b20efaf031~mv2.jpg/v1/fit/w_1000%2Ch_1000%2Cal_c%2Cq_80/file.jpg,48fe5370571c9c9643824a81b0049ca6adaa9ce0c0c0bc486b2c470e82ab30a3,2026-07-02T17:24:31.137409+00:00
train\laphet_thoke\laphet_thoke_7a8b9f923f0a.jpg,C:\Users\Pc\Documents\GitHub\FoodImage\dataset\train\laphet_thoke\laphet_thoke_7a8b9f923f0a.jpg,laphet_thoke,Laphet Thoke,Myanmar,train,224,224,1024,585,bing,https://bonsaimary.com/wp-content/uploads/tea-leaf-salad-preparation-1024x585.jpg,7a8b9f923f0af66d70127acbc54210bdf8770312aea5f8e763aa374479bfb2da,2026-07-02T17:24:31.137409+00:00
train\laphet_thoke\laphet_thoke_6e01ef38a71e.jpg,C:\Users\Pc\Documents\GitHub\FoodImage\dataset\train\laphet_thoke\laphet_thoke_6e01ef38a71e.jpg,laphet_thoke,Laphet Thoke,Myanmar,train,224,224,1600,900,bing,https://cdn.vox-cdn.com/thumbor/aw6aSgIuEvT-wy7RFCADkQwTFGs=/0x663:2479x2057/1600x900/cdn.vox-cdn.com/uploads/chorus_image/image/52054909/BurmaCover.0.jpeg,6e01ef38a71eee56b5ef06631f150bb997d5f14f3269e6af43af3695a8ff2b27,2026-07-02T17:24:31.137409+00:00
train\laphet_thoke\laphet_thoke_b222eb50b4e0.jpg,C:\Users\Pc\Documents\GitHub\FoodImage\dataset\train\laphet_thoke\laphet_thoke_b222eb50b4e0.jpg,laphet_thoke,Laphet Thoke,Myanmar,train,224,224,1200,948,bing,"https://res.cloudinary.com/dbypkwlyr/images/c_fill,w_1200,f_auto,q_auto/annabelle/Fusions_Kueche_Lephet_Thoke/Fusions_Kueche_Lephet_Thoke.jpg",b222eb50b4e04e535bd1b4aa8a42851f4a0f25c5638df57e37f704a929cd21b1,2026-07-02T17:24:31.137409+00:00
train\laphet_thoke\laphet_thoke_61c04d4c5f70.jpg,C:\Users\Pc\Documents\GitHub\FoodImage\dataset\train\laphet_thoke\laphet_thoke_61c04d4c5f70.jpg,laphet_thoke,Laphet Thoke,Myanmar,train,224,224,3000,2000,bing,https://grazia.wwmindia.com/content/2017/sep/laphet_thoke_2_1504695356.jpg,61c04d4c5f702015e332bd37803809ea71a78beccada855083adcdc6b6308122,2026-07-02T17:24:31.137409+00:00
train\laphet_thoke\laphet_thoke_91cdf069d501.jpg,C:\Users\Pc\Documents\GitHub\FoodImage\dataset\train\laphet_thoke\laphet_thoke_91cdf069d501.jpg,laphet_thoke,Laphet Thoke,Myanmar,train,224,224,768,1024,bing,https://imgv2-1-f.scribdassets.com/img/document/624791672/original/1aa6d136bd/1?v=1,91cdf069d501166eb4f237d538b12be5ec91316f78c93d5813bfc4bb7df18dca,2026-07-02T17:24:31.137409+00:00
train\laphet_thoke\laphet_thoke_991e88992f6c.jpg,C:\Users\Pc\Documents\GitHub\FoodImage\dataset\train\laphet_thoke\laphet_thoke_991e88992f6c.jpg,laphet_thoke,Laphet Thoke,Myanmar,train,224,224,1280,720,bing,https://i.ytimg.com/vi/x8O5JBvcz_k/maxresdefault.jpg,991e88992f6cf9c714369bd299e089f1f454237dfc103639f7f7fcaeaaaa3275,2026-07-02T17:24:31.137409+00:00
train\laphet_thoke\laphet_thoke_d82e22464794.jpg,C:\Users\Pc\Documents\GitHub\FoodImage\dataset\train\laphet_thoke\laphet_thoke_d82e22464794.jpg,laphet_thoke,Laphet Thoke,Myanmar,train,224,224,1024,1024,bing,https://www.nationalgerichtrezepte.de/wp-content/uploads/2024/06/teesalat-nationalgericht-myanmar-lephet-thoke-1717442200-b031.jpg,d82e2246479422ff66791209f905019077d93e42affcab3d3a65885cd23b7ad0,2026-07-02T17:24:31.137409+00:00
train\laphet_thoke\laphet_thoke_f79cf4a4e498.jpg,C:\Users\Pc\Documents\GitHub\FoodImage\dataset\train\laphet_thoke\laphet_thoke_f79cf4a4e498.jpg,laphet_thoke,Laphet Thoke,Myanmar,train,224,224,2500,1894,bing,https://images.squarespace-cdn.com/content/v1/53e6a052e4b0638731edcfae/1618270187570-594EVFN66GACIWDC4R0D/IMG_3777.JPG,f79cf4a4e4989e0b08b88f3a42db78a61fd814a053f3d35fd8f20d814976b70e,2026-07-02T17:24:31.137409+00:00
train\laphet_thoke\laphet_thoke_10278c4b6ebb.jpg,C:\Users\Pc\Documents\GitHub\FoodImage\dataset\train\laphet_thoke\laphet_thoke_10278c4b6ebb.jpg,laphet_thoke,Laphet Thoke,Myanmar,train,224,224,736,919,bing,https://i.pinimg.com/736x/f8/0f/0f/f80f0f9af2dc88e60dcd8bfc7286441f.jpg,10278c4b6ebb96f464c522372501d93ad1f6c3ee630cfb10583ea59caf5f57db,2026-07-02T17:24:31.137409+00:00
train\laphet_thoke\laphet_thoke_3ab2a29c4e7a.jpg,C:\Users\Pc\Documents\GitHub\FoodImage\dataset\train\laphet_thoke\laphet_thoke_3ab2a29c4e7a.jpg,laphet_thoke,Laphet Thoke,Myanmar,train,224,224,736,981,bing,https://i.pinimg.com/736x/c0/1c/f8/c01cf87df2aef59cca7eea521842b227.jpg,3ab2a29c4e7ab7af81b1246ae358dfebc2cb8d231eb41edc3dddd3eb32d9ef68,2026-07-02T17:24:31.137409+00:00
train\laphet_thoke\laphet_thoke_e207b2f266d9.jpg,C:\Users\Pc\Documents\GitHub\FoodImage\dataset\train\laphet_thoke\laphet_thoke_e207b2f266d9.jpg,laphet_thoke,Laphet Thoke,Myanmar,train,224,224,1200,1200,bing,https://holisticchefacademy.com/wp-content/uploads/2024/12/vegan-mushroom-gravy-1200-1200-jpeg.jpg,e207b2f266d9a880e9f3173fc4fdaf77ea7bd9894e901347fb29dfe661d1d2dd,2026-07-02T17:24:31.137409+00:00
train\laphet_thoke\laphet_thoke_5f6be4c152d7.jpg,C:\Users\Pc\Documents\GitHub\FoodImage\dataset\train\laphet_thoke\laphet_thoke_5f6be4c152d7.jpg,laphet_thoke,Laphet Thoke,Myanmar,train,224,224,1280,720,bing,https://homeiswhereyourbagis.com/wp-content/uploads/2020/02/Myanmar-Essen-Lahpet-Thoke.jpg,5f6be4c152d7aba47f6ac3490d67d1663b2f5547fe0de6aec578233cd8bd5250,2026-07-02T17:24:31.137409+00:00
train\laphet_thoke\laphet_thoke_55d6440a7a1d.jpg,C:\Users\Pc\Documents\GitHub\FoodImage\dataset\train\laphet_thoke\laphet_thoke_55d6440a7a1d.jpg,laphet_thoke,Laphet Thoke,Myanmar,train,224,224,1600,1058,bing,https://thumbs.dreamstime.com/z/burmese-tea-leaf-salad-lahpet-thoke-name-famous-fermented-myan-mar-decorate-vegetable-chili-sideview-210600878.jpg,55d6440a7a1da3493ba5da42cf2a74252d8c2c2eea17e269c4a059d144941eab,2026-07-02T17:24:31.137409+00:00
train\laphet_thoke\laphet_thoke_5baefd09ff67.jpg,C:\Users\Pc\Documents\GitHub\FoodImage\dataset\train\laphet_thoke\laphet_thoke_5baefd09ff67.jpg,laphet_thoke,Laphet Thoke,Myanmar,train,224,224,1500,1500,bing,https://www.eatingwell.com/thmb/rWpkMa7XbEgPskgtRQdA0eYvyMU=/1500x0/filters:no_upscale():max_bytes(150000):strip_icc()/tea-leaf-salad-square-623708db995f4b09898af006967497cb.jpg,5baefd09ff67f38672b3e7e5cdfb97ccad97ce2cbcda267c6e3cc333f2f5a4e4,2026-07-02T17:24:31.137409+00:00
train\laphet_thoke\laphet_thoke_90c5aaab1b01.jpg,C:\Users\Pc\Documents\GitHub\FoodImage\dataset\train\laphet_thoke\laphet_thoke_90c5aaab1b01.jpg,laphet_thoke,Laphet Thoke,Myanmar,train,224,224,1200,1200,bing,https://www.veggiessavetheday.com/wp-content/uploads/2016/04/Burma-Superstar-Tea-Leaf-Salad-new-FI-1200.jpg,90c5aaab1b012c0486dc82c5a405ca719f88d914b85dad013be026bdfcd1185c,2026-07-02T17:24:31.137409+00:00
train\laphet_thoke\laphet_thoke_4e14a15ff563.jpg,C:\Users\Pc\Documents\GitHub\FoodImage\dataset\train\laphet_thoke\laphet_thoke_4e14a15ff563.jpg,laphet_thoke,Laphet Thoke,Myanmar,train,224,224,1024,1024,bing,https://fermentations.co.uk/wp-content/uploads/2023/04/Tea-leaves.jpg,4e14a15ff563f6de68f5cb7160483b22e8d77de940a161457ff4c6df9a33d2f9,2026-07-02T17:24:31.137409+00:00
train\laphet_thoke\laphet_thoke_cb3414bd093d.jpg,C:\Users\Pc\Documents\GitHub\FoodImage\dataset\train\laphet_thoke\laphet_thoke_cb3414bd093d.jpg,laphet_thoke,Laphet Thoke,Myanmar,train,224,224,600,600,bing,https://cdn.shopify.com/s/files/1/0750/2649/products/IMG-2524-PhotoRoom_grande.png?v=1666307985,cb3414bd093d04062fd4ac94db96fbb848357f2a98963202fdabe0250b05e803,2026-07-02T17:24:31.137409+00:00
train\laphet_thoke\laphet_thoke_a1d87b65d456.jpg,C:\Users\Pc\Documents\GitHub\FoodImage\dataset\train\laphet_thoke\laphet_thoke_a1d87b65d456.jpg,laphet_thoke,Laphet Thoke,Myanmar,train,224,224,1920,1280,bing,https://lahpet.co.uk/wp-content/uploads/2020/05/tea-leaf-salad-recipe-kit.jpg,a1d87b65d4563247c9f3251e834e4e218218b23b19a65bb539038f3172fd6666,2026-07-02T17:24:31.137409+00:00
train\laphet_thoke\laphet_thoke_633ae99d0077.jpg,C:\Users\Pc\Documents\GitHub\FoodImage\dataset\train\laphet_thoke\laphet_thoke_633ae99d0077.jpg,laphet_thoke,Laphet Thoke,Myanmar,train,224,224,2048,1524,bing,https://somethingcurated.com/wp-content/uploads/2020/05/Lahpet-Kit-1-2048x1524.jpg,633ae99d0077cd1504860ab28ea0fa64972d8d9f2eae6629b70613b11492b52f,2026-07-02T17:24:31.137409+00:00
train\laphet_thoke\laphet_thoke_1e621681d815.jpg,C:\Users\Pc\Documents\GitHub\FoodImage\dataset\train\laphet_thoke\laphet_thoke_1e621681d815.jpg,laphet_thoke,Laphet Thoke,Myanmar,train,224,224,1296,1296,bing,https://journal.nicobar.com/wp-content/uploads/2023/01/45_1296x.jpg,1e621681d815e4fe14a28c19b784dcf3467ebf0435bc587d617f84ea47250992,2026-07-02T17:24:31.137409+00:00
train\laphet_thoke\laphet_thoke_0a9e4580c720.jpg,C:\Users\Pc\Documents\GitHub\FoodImage\dataset\train\laphet_thoke\laphet_thoke_0a9e4580c720.jpg,laphet_thoke,Laphet Thoke,Myanmar,train,224,224,600,450,bing,https://www.topasiatour.com/pic/myanmar/city/yangon/guide/tea-leaf-salad.jpg,0a9e4580c720efb76ac11d6062ca438f890965a6bebf213da3b7f5a1f0ac1f13,2026-07-02T17:24:31.137409+00:00
train\laphet_thoke\laphet_thoke_aacefb1ef44e.jpg,C:\Users\Pc\Documents\GitHub\FoodImage\dataset\train\laphet_thoke\laphet_thoke_aacefb1ef44e.jpg,laphet_thoke,Laphet Thoke,Myanmar,train,224,224,675,900,bing,https://thumbs.dreamstime.com/b/burmese-tea-leaf-salad-style-traditional-pickled-known-as-lahpet-thoke-consisting-leaves-peanuts-165976396.jpg,aacefb1ef44e701a20eaa01f72df8cdbd778387762536ca28ce962e2c31d736d,2026-07-02T17:24:31.137409+00:00
train\laphet_thoke\laphet_thoke_2f070a582bce.jpg,C:\Users\Pc\Documents\GitHub\FoodImage\dataset\train\laphet_thoke\laphet_thoke_2f070a582bce.jpg,laphet_thoke,Laphet Thoke,Myanmar,train,224,224,1000,600,bing,https://asianinspirations.com.au/wp-content/uploads/2022/05/Fascinating-Flavours-Burmese-Laphet-Thohk.jpg,2f070a582bce7a3532426fac5aa2480cc9443450f792826306da5f3d4e8ca874,2026-07-02T17:24:31.137409+00:00
train\laphet_thoke\laphet_thoke_92e459c6d6d4.jpg,C:\Users\Pc\Documents\GitHub\FoodImage\dataset\train\laphet_thoke\laphet_thoke_92e459c6d6d4.jpg,laphet_thoke,Laphet Thoke,Myanmar,train,224,224,1024,683,bing,https://farm8.staticflickr.com/7375/16573896801_ec9a8f58d1_b.jpg,92e459c6d6d4c1082a76803cb83cd22b809323444fce7206fb5c78663efe0eed,2026-07-02T17:24:31.137409+00:00
train\laphet_thoke\laphet_thoke_d2d57999f167.jpg,C:\Users\Pc\Documents\GitHub\FoodImage\dataset\train\laphet_thoke\laphet_thoke_d2d57999f167.jpg,laphet_thoke,Laphet Thoke,Myanmar,train,224,224,700,467,bing,https://assets.traveltriangle.com/blog/wp-content/uploads/2018/05/Laphet-Thohk1.jpg,d2d57999f1672f5b3a062a7cbcf12d570a52338c64dcedc778626bacbce85dda,2026-07-02T17:24:31.137409+00:00
train\laphet_thoke\laphet_thoke_b46160e76975.jpg,C:\Users\Pc\Documents\GitHub\FoodImage\dataset\train\laphet_thoke\laphet_thoke_b46160e76975.jpg,laphet_thoke,Laphet Thoke,Myanmar,train,224,224,1200,1800,bing,https://www.veggiessavetheday.com/wp-content/uploads/2021/09/Burma-Superstar-Tea-Leaf-Salad-Composed-1200x1800-1.jpg,b46160e76975bcaa7050315e8a9b03c71b9b34ae10cc235a5b55bf395bedf61a,2026-07-02T17:24:31.137409+00:00
train\laphet_thoke\laphet_thoke_7f7046e9a75c.jpg,C:\Users\Pc\Documents\GitHub\FoodImage\dataset\train\laphet_thoke\laphet_thoke_7f7046e9a75c.jpg,laphet_thoke,Laphet Thoke,Myanmar,train,224,224,1024,683,bing,https://holisticchefacademy.com/wp-content/uploads/2021/06/1-10-1024x683.jpg,7f7046e9a75cd330881019b47dcd5b5198d1b043377348f160915eafb2aa0645,2026-07-02T17:24:31.137409+00:00
train\laphet_thoke\laphet_thoke_90d69d548b2e.jpg,C:\Users\Pc\Documents\GitHub\FoodImage\dataset\train\laphet_thoke\laphet_thoke_90d69d548b2e.jpg,laphet_thoke,Laphet Thoke,Myanmar,train,224,224,1001,1600,bing,https://www.shutterstock.com/shutterstock/photos/2232653005/display_1500/stock-photo-authentic-myanmar-and-chakma-food-named-laphet-thoke-laphaso-2232653005.jpg,90d69d548b2eadc8ead79cc93c72ff213a8ae5b9338673cf0ea5443cf8b8d04a,2026-07-02T17:24:31.137409+00:00
train\laphet_thoke\laphet_thoke_968f6d822834.jpg,C:\Users\Pc\Documents\GitHub\FoodImage\dataset\train\laphet_thoke\laphet_thoke_968f6d822834.jpg,laphet_thoke,Laphet Thoke,Myanmar,train,224,224,1300,918,bing,https://c8.alamy.com/comp/HWCFRY/traditional-burmese-lahpet-salad-made-out-of-fermented-tea-leaves-HWCFRY.jpg,968f6d8228348fbc75ad046b62807b30dc7f1fa0ceb1770352a396722daddc4e,2026-07-02T17:24:31.137409+00:00
train\laphet_thoke\laphet_thoke_ca67bd652cc4.jpg,C:\Users\Pc\Documents\GitHub\FoodImage\dataset\train\laphet_thoke\laphet_thoke_ca67bd652cc4.jpg,laphet_thoke,Laphet Thoke,Myanmar,train,224,224,600,430,bing,https://cdns.klimg.com/merdeka.com/i/w/news/2014/11/25/463812/content_images/670x335/20141125133915-1-laphet-thohk-002-tantri-setyorini.jpg,ca67bd652cc4ef87ab93528693ca7f46931628f36159986772eb4bda0fa35eaa,2026-07-02T17:24:31.137409+00:00
train\laphet_thoke\laphet_thoke_49a8f9f02be1.jpg,C:\Users\Pc\Documents\GitHub\FoodImage\dataset\train\laphet_thoke\laphet_thoke_49a8f9f02be1.jpg,laphet_thoke,Laphet Thoke,Myanmar,train,224,224,1024,768,bing,https://i.pinimg.com/originals/7b/a8/ef/7ba8efcb09706c776625948a59ff914b.jpg,49a8f9f02be1c1a97c06d26adc8a9ecba76c6219377652cb61c200e5d915527b,2026-07-02T17:24:31.137409+00:00
train\laphet_thoke\laphet_thoke_f498eedad1ab.jpg,C:\Users\Pc\Documents\GitHub\FoodImage\dataset\train\laphet_thoke\laphet_thoke_f498eedad1ab.jpg,laphet_thoke,Laphet Thoke,Myanmar,train,224,224,1200,800,bing,https://stat.ameba.jp/user_images/20240719/22/illustrated-diary/23/00/p/o1200080015465028162.png,f498eedad1ab3cf15ec1ebad75d100085f8911ddb673ac031e3c9be803379d9c,2026-07-02T17:24:31.137409+00:00
train\laphet_thoke\laphet_thoke_41e6b15ca268.jpg,C:\Users\Pc\Documents\GitHub\FoodImage\dataset\train\laphet_thoke\laphet_thoke_41e6b15ca268.jpg,laphet_thoke,Laphet Thoke,Myanmar,train,224,224,736,1104,bing,https://i.pinimg.com/736x/4f/35/1f/4f351fb47ee0fa954bddccb98f9ae350.jpg,41e6b15ca268b01118ea0395859936fa664fb4870ac1ac8dce40d8dd12e4448e,2026-07-02T17:24:31.137409+00:00
train\laphet_thoke\laphet_thoke_271a9c9cd952.jpg,C:\Users\Pc\Documents\GitHub\FoodImage\dataset\train\laphet_thoke\laphet_thoke_271a9c9cd952.jpg,laphet_thoke,Laphet Thoke,Myanmar,train,224,224,1024,1024,bing,https://www.nationalgerichtrezepte.de/wp-content/uploads/2025/03/nationalgericht-myanmar-fermented-tea-leaf-salad-1742520933-8a4e.jpg,271a9c9cd9520afbd1d36692cbdbf4728f10ee716cc6f0d6b6442986118455f9,2026-07-02T17:24:31.137409+00:00
train\laphet_thoke\laphet_thoke_a369ef44cd45.jpg,C:\Users\Pc\Documents\GitHub\FoodImage\dataset\train\laphet_thoke\laphet_thoke_a369ef44cd45.jpg,laphet_thoke,Laphet Thoke,Myanmar,train,224,224,4032,3024,bing,https://preview.redd.it/r7d6y0gpmyk91.jpg?auto=webp&s=64991f0e05e38b236e5f616799624a89a5c6f7f3,a369ef44cd4570cfc0f8278d9dbf8c6df82c9b375df59b866f216bd635d0d07e,2026-07-02T17:24:31.137409+00:00
train\laphet_thoke\laphet_thoke_148ce71c9fbe.jpg,C:\Users\Pc\Documents\GitHub\FoodImage\dataset\train\laphet_thoke\laphet_thoke_148ce71c9fbe.jpg,laphet_thoke,Laphet Thoke,Myanmar,train,224,224,1024,768,bing,https://justlovecooking.com/wp-content/uploads/2026/01/Laphet-Thoke-Fermented-Tea-Leaf-Salad.jpg,148ce71c9fbe86e7ee17ea2503efbf613f6f8e23fd2cd7592ff5a8ff048fd3a6,2026-07-02T17:24:31.137409+00:00
train\laphet_thoke\laphet_thoke_38ecd8ca03a7.jpg,C:\Users\Pc\Documents\GitHub\FoodImage\dataset\train\laphet_thoke\laphet_thoke_38ecd8ca03a7.jpg,laphet_thoke,Laphet Thoke,Myanmar,train,224,224,683,1024,bing,https://soupchick.s3.amazonaws.com/wp-content/uploads/2024/06/07125908/Tea-Leaf-Salad-Recipe07.webp,38ecd8ca03a7b70c5395aecc7b3db82fe1e0df14e49d4c8792e44d266032c6fe,2026-07-02T17:24:31.137409+00:00
train\laphet_thoke\laphet_thoke_528b62b855ed.jpg,C:\Users\Pc\Documents\GitHub\FoodImage\dataset\train\laphet_thoke\laphet_thoke_528b62b855ed.jpg,laphet_thoke,Laphet Thoke,Myanmar,train,224,224,1280,720,bing,https://i.ytimg.com/vi/xqjcoVDOUOY/maxresdefault.jpg,528b62b855eddf4ecde216ed2e8a1ca8e0018656f209917fb18cfd32386d83e9,2026-07-02T17:24:31.137409+00:00
train\laphet_thoke\laphet_thoke_e8c84edfe6ab.jpg,C:\Users\Pc\Documents\GitHub\FoodImage\dataset\train\laphet_thoke\laphet_thoke_e8c84edfe6ab.jpg,laphet_thoke,Laphet Thoke,Myanmar,train,224,224,512,640,bing,https://i.pinimg.com/originals/26/07/44/260744a3308fe84643241ec9c9cdde9b.jpg,e8c84edfe6ab86fae3f85556a27bf407ccfbfbd601a29950ee41d3593869bdfa,2026-07-02T17:24:31.137409+00:00
train\laphet_thoke\laphet_thoke_fd99d1665d97.jpg,C:\Users\Pc\Documents\GitHub\FoodImage\dataset\train\laphet_thoke\laphet_thoke_fd99d1665d97.jpg,laphet_thoke,Laphet Thoke,Myanmar,train,224,224,2048,1365,bing,https://i.redd.it/2r0h8tnlntb21.jpg,fd99d1665d972795f2e519a12db33f8cecbf9c21f686590cf97bb54e08e09ef4,2026-07-02T17:24:31.137409+00:00
train\laphet_thoke\laphet_thoke_f4cd33cb193b.jpg,C:\Users\Pc\Documents\GitHub\FoodImage\dataset\train\laphet_thoke\laphet_thoke_f4cd33cb193b.jpg,laphet_thoke,Laphet Thoke,Myanmar,train,224,224,736,1104,bing,https://i.pinimg.com/736x/21/17/fc/2117fc455f2d6d792e6ccd540de8a57b.jpg,f4cd33cb193b2e7308c90482ce52c2198943056b3d748fe2454368ac7194885b,2026-07-02T17:24:31.137409+00:00
train\laphet_thoke\laphet_thoke_be0b90426548.jpg,C:\Users\Pc\Documents\GitHub\FoodImage\dataset\train\laphet_thoke\laphet_thoke_be0b90426548.jpg,laphet_thoke,Laphet Thoke,Myanmar,train,224,224,600,900,bing,https://i.pinimg.com/originals/0b/06/81/0b06817857e27989b350e84513ba5ba8.jpg,be0b904265482912e78a430de07d47b5f27e2cc894eee364b41415c4d0ea095c,2026-07-02T17:24:31.137409+00:00
train\laphet_thoke\laphet_thoke_1eac8a22fb17.jpg,C:\Users\Pc\Documents\GitHub\FoodImage\dataset\train\laphet_thoke\laphet_thoke_1eac8a22fb17.jpg,laphet_thoke,Laphet Thoke,Myanmar,train,224,224,1200,795,bing,https://dynamic-media-cdn.tripadvisor.com/media/photo-o/1a/b8/3d/bf/the-exterior.jpg?w=1200&h=-1&s=1,1eac8a22fb1798a8626ebb4c2e1d58d8d23237497d9c28733bed03fafc4e52e7,2026-07-02T17:24:31.137409+00:00
train\laphet_thoke\laphet_thoke_c83ef17c8697.jpg,C:\Users\Pc\Documents\GitHub\FoodImage\dataset\train\laphet_thoke\laphet_thoke_c83ef17c8697.jpg,laphet_thoke,Laphet Thoke,Myanmar,train,224,224,933,700,bing,https://www.veryhungrynomads.com/wp-content/uploads/2024/04/very-hungry-nomads-Lahpet-Thoke-tea-leaf-salad-Myanmar-canva-933x700.jpg,c83ef17c8697e6543811a8b07dd6eefbd51bdc491516676c1c2001215d6ecd18,2026-07-02T17:24:31.137409+00:00
train\laphet_thoke\laphet_thoke_8e9db0b575c3.jpg,C:\Users\Pc\Documents\GitHub\FoodImage\dataset\train\laphet_thoke\laphet_thoke_8e9db0b575c3.jpg,laphet_thoke,Laphet Thoke,Myanmar,train,224,224,1600,1290,bing,https://thumbs.dreamstime.com/z/large-serving-burmese-tea-leaf-salad-yummy-salad-national-dish-myanmar-made-cabbage-tomatoes-chillies-272371336.jpg,8e9db0b575c3c598491f477049abc0876dbfa11cad75a31f1c6cec2f123ffe5f,2026-07-02T17:24:31.137409+00:00
train\laphet_thoke\laphet_thoke_f3d0ced0d984.jpg,C:\Users\Pc\Documents\GitHub\FoodImage\dataset\train\laphet_thoke\laphet_thoke_f3d0ced0d984.jpg,laphet_thoke,Laphet Thoke,Myanmar,train,224,224,1024,579,bing,https://media.istockphoto.com/id/1796846252/photo/traditional-burmese-tea-leaf-salad-with-fermented-green-tea-leaves-lahpet-thoke-a-traditional.jpg?s=1024x1024&w=is&k=20&c=_mUE9eBFdYb5SwtHCF6MxZQjlgy0578vgJf_ep_TqqY=,f3d0ced0d984dae407720b1959d7eb82bb3476f509caf274c080437d12a6036b,2026-07-02T17:24:31.137409+00:00
train\laphet_thoke\laphet_thoke_25b931c3110b.jpg,C:\Users\Pc\Documents\GitHub\FoodImage\dataset\train\laphet_thoke\laphet_thoke_25b931c3110b.jpg,laphet_thoke,Laphet Thoke,Myanmar,train,224,224,2500,1875,bing,https://images.squarespace-cdn.com/content/v1/640b8b56b72e96653f1e4728/1679862248076-KCKV27J51Q43A5H6VGS3/tealeaf.jpg,25b931c3110bf4d3cba70008092630943b0cebfb686955d3e557c43307838aa7,2026-07-02T17:24:31.137409+00:00
train\laphet_thoke\laphet_thoke_e16967a9abba.jpg,C:\Users\Pc\Documents\GitHub\FoodImage\dataset\train\laphet_thoke\laphet_thoke_e16967a9abba.jpg,laphet_thoke,Laphet Thoke,Myanmar,train,224,224,1200,1600,bing,https://www.recipesbynatalia.com/wp-content/uploads/2026/04/f7jrqnmxd9zufy5gxukp.webp,e16967a9abba90eff09e61a2e607e29ba76876cbe0c0acac457b2640871bb92a,2026-07-02T17:24:31.137409+00:00
train\laphet_thoke\laphet_thoke_09943850b5d2.jpg,C:\Users\Pc\Documents\GitHub\FoodImage\dataset\train\laphet_thoke\laphet_thoke_09943850b5d2.jpg,laphet_thoke,Laphet Thoke,Myanmar,train,224,224,1080,1080,bing,https://i.pinimg.com/originals/bd/14/3f/bd143f4c70d9e7fe2a2900f101f59545.jpg,09943850b5d24fb5fe551b2c40cb767b92a817f30465b4e9422447b1ab5ef4e2,2026-07-02T17:24:31.137409+00:00
train\laphet_thoke\laphet_thoke_d243500a64c7.jpg,C:\Users\Pc\Documents\GitHub\FoodImage\dataset\train\laphet_thoke\laphet_thoke_d243500a64c7.jpg,laphet_thoke,Laphet Thoke,Myanmar,train,224,224,1000,750,bing,https://2.bp.blogspot.com/-1cUHVYcGcOA/Vot5JmAqq_I/AAAAAAAA8G0/cjQ5AEvYzik/s1600/tea%2Bleaf%2Bsalad%2Bburma%2Bsuperstar.jpg,d243500a64c7249933f03e8766fdedd0c2858b428045188fc2598e813adefa12,2026-07-02T17:24:31.137409+00:00
train\laphet_thoke\laphet_thoke_6f1be55de25f.jpg,C:\Users\Pc\Documents\GitHub\FoodImage\dataset\train\laphet_thoke\laphet_thoke_6f1be55de25f.jpg,laphet_thoke,Laphet Thoke,Myanmar,train,224,224,600,600,bing,https://www.196flavors.com/wp-content/uploads/2016/10/lahpet-thoke-fermented-tea-leaf-salad-1-FP.jpg,6f1be55de25f787fce4c5f5a0ab5083ee59c66ef9bc64224f6c1719e1a4ed676,2026-07-02T17:24:31.137409+00:00
train\laphet_thoke\laphet_thoke_258773522aed.jpg,C:\Users\Pc\Documents\GitHub\FoodImage\dataset\train\laphet_thoke\laphet_thoke_258773522aed.jpg,laphet_thoke,Laphet Thoke,Myanmar,train,224,224,1600,1512,bing,https://thumbs.dreamstime.com/z/lahpet-burmese-pickled-tea-leaf-salad-cuisine-traditional-green-leaves-various-vagetables-nuts-one-most-popular-70121486.jpg,258773522aed61a925f3796290f39efb69ca5ebce6637303ca91780b632519cc,2026-07-02T17:24:31.137409+00:00
train\laphet_thoke\laphet_thoke_4cd1493a212b.jpg,C:\Users\Pc\Documents\GitHub\FoodImage\dataset\train\laphet_thoke\laphet_thoke_4cd1493a212b.jpg,laphet_thoke,Laphet Thoke,Myanmar,train,224,224,600,900,bing,https://i.pinimg.com/736x/f8/90/69/f890694e91210595a29b41d62f0e5c38.jpg,4cd1493a212b075df527a77cbb584e4079a230507c0ac0b43fb5ce2a1b3b3f53,2026-07-02T17:24:31.137409+00:00
train\laphet_thoke\laphet_thoke_51dd9f1c7a0a.jpg,C:\Users\Pc\Documents\GitHub\FoodImage\dataset\train\laphet_thoke\laphet_thoke_51dd9f1c7a0a.jpg,laphet_thoke,Laphet Thoke,Myanmar,train,224,224,1080,1080,bing,https://blogger.googleusercontent.com/img/b/R29vZ2xl/AVvXsEiQOlXfee2HNSRehnzrjjM2_FGZNP33T1HdIe3w_G4eqnH2_XoBp099YfLBNEKF0d9JIm0ZDkM3HvdE7yoG2M7YBZPMWG8LDe5L42mqDxdhKGkjhc0hhqFsBiE7CIU1HoLyQeWTESMA6KYguK_W-fBUi2vqSApnBwYiKj8XIXMEgZG8FOmeWG7FN5GncEd5/s1080/459267810_18434069329071957_7860242982028045327_n.jpg,51dd9f1c7a0ad912be91e327272ddfb72ea94b903b5dcb714d50d2dc79587319,2026-07-02T17:24:31.137409+00:00
train\laphet_thoke\laphet_thoke_940d30a2ecaf.jpg,C:\Users\Pc\Documents\GitHub\FoodImage\dataset\train\laphet_thoke\laphet_thoke_940d30a2ecaf.jpg,laphet_thoke,Laphet Thoke,Myanmar,train,224,224,1280,720,bing,https://i.ytimg.com/vi/ItEFVjoAujM/maxresdefault.jpg,940d30a2ecaf96253bf83794ab9d2091e15931412952d7d77068b797c2e7d551,2026-07-02T17:24:31.137409+00:00
train\laphet_thoke\laphet_thoke_f48424399dab.jpg,C:\Users\Pc\Documents\GitHub\FoodImage\dataset\train\laphet_thoke\laphet_thoke_f48424399dab.jpg,laphet_thoke,Laphet Thoke,Myanmar,train,224,224,405,720,bing,https://i.ytimg.com/vi/v2VkwOjH-6g/hq720_2.jpg?sqp=-oaymwEkCI4CEOADSFryq4qpAxYIARUAAAAAJQAAyEI9AICiQ3gB0AEB&rs=AOn4CLBY4vlv46oZhqBcQmbnRHeG5zRVNA,f48424399dabab70c0a70fb6fbb951918be399b941a47e3971f2c89fd7f55c45,2026-07-02T17:24:31.137409+00:00
train\laphet_thoke\laphet_thoke_27231948d520.jpg,C:\Users\Pc\Documents\GitHub\FoodImage\dataset\train\laphet_thoke\laphet_thoke_27231948d520.jpg,laphet_thoke,Laphet Thoke,Myanmar,train,224,224,735,1102,bing,https://images.squarespace-cdn.com/content/v1/58fc870d3a041197bb89a78f/1504253968712-SO83IBO2OLF1TP62FTDN/Vegan+Tea+Leaf+Salad.jpg,27231948d52052513237b5c05c33d3106e8c6b9c175a6f8a41114fe2f3743422,2026-07-02T17:24:31.137409+00:00
train\laphet_thoke\laphet_thoke_41f70a84d3a4.jpg,C:\Users\Pc\Documents\GitHub\FoodImage\dataset\train\laphet_thoke\laphet_thoke_41f70a84d3a4.jpg,laphet_thoke,Laphet Thoke,Myanmar,train,224,224,900,500,bing,https://dynamic-media-cdn.tripadvisor.com/media/photo-o/10/bd/5c/9c/tea-leaf-salad-lahpet.jpg?w=900&h=500&s=1,41f70a84d3a473224e525b21614d41d07ec852bdbff7df6500f3c6c02a0280e3,2026-07-02T17:24:31.137409+00:00
train\laphet_thoke\laphet_thoke_178ef70079d2.jpg,C:\Users\Pc\Documents\GitHub\FoodImage\dataset\train\laphet_thoke\laphet_thoke_178ef70079d2.jpg,laphet_thoke,Laphet Thoke,Myanmar,train,224,224,640,486,bing,https://3.bp.blogspot.com/--he8T3efP8w/TsItFPXdkkI/AAAAAAAABQA/xppISNmrNP4/s1600/l4.JPG,178ef70079d2e48ecd982e8ce20ad71368721e3764d7ce8cb420fbcdf115b71b,2026-07-02T17:24:31.137409+00:00
train\laphet_thoke\laphet_thoke_be4dc8269cfc.jpg,C:\Users\Pc\Documents\GitHub\FoodImage\dataset\train\laphet_thoke\laphet_thoke_be4dc8269cfc.jpg,laphet_thoke,Laphet Thoke,Myanmar,train,224,224,1000,617,bing,https://kobietawkrakowie.pl/wp-content/uploads/2023/05/Laphet_Thoke.jpg,be4dc8269cfc8f55137034990038736c0a6c3fe08c8e8b1cd12d12d82199dbe2,2026-07-02T17:24:31.137409+00:00
train\laphet_thoke\laphet_thoke_969e8d4d6641.jpg,C:\Users\Pc\Documents\GitHub\FoodImage\dataset\train\laphet_thoke\laphet_thoke_969e8d4d6641.jpg,laphet_thoke,Laphet Thoke,Myanmar,train,224,224,2400,1603,bing,https://thetasteedit.com/wp-content/uploads/2017/04/burma-superstar-fermented-tea-leaf-salad-hetastesf-1008643-3.jpg,969e8d4d664131bda001b8838524428c90d121fdabace4451e56cae68a45a8fc,2026-07-02T17:24:31.137409+00:00
train\laphet_thoke\laphet_thoke_7065b0e13172.jpg,C:\Users\Pc\Documents\GitHub\FoodImage\dataset\train\laphet_thoke\laphet_thoke_7065b0e13172.jpg,laphet_thoke,Laphet Thoke,Myanmar,train,224,224,1205,1690,bing,https://thumbs.dreamstime.com/z/authentic-burmese-tea-leaf-salad-lahpet-thoke-served-wooden-bowl-traditional-dish-featuring-fermented-leaves-mixed-nuts-329109733.jpg,7065b0e13172573fdc639215bd872ebf769fc286c3d51d857de20be08a6bc45b,2026-07-02T17:24:31.137409+00:00
train\laphet_thoke\laphet_thoke_ceef2e8dfd3e.jpg,C:\Users\Pc\Documents\GitHub\FoodImage\dataset\train\laphet_thoke\laphet_thoke_ceef2e8dfd3e.jpg,laphet_thoke,Laphet Thoke,Myanmar,train,224,224,1280,719,bing,https://i.pinimg.com/originals/c9/c6/41/c9c641d73d62c7f26e5be03c5b4f1f85.jpg,ceef2e8dfd3e8ccab0fbe7b9896a749a61703342ed6e8e680d19783adb2379df,2026-07-02T17:24:31.137409+00:00
train\laphet_thoke\laphet_thoke_3be3d236da30.jpg,C:\Users\Pc\Documents\GitHub\FoodImage\dataset\train\laphet_thoke\laphet_thoke_3be3d236da30.jpg,laphet_thoke,Laphet Thoke,Myanmar,train,224,224,800,530,bing,https://www.myglobalviewpoint.com/wp-content/uploads/2024/02/Lahpet.jpg,3be3d236da3030f29de640b6426c669b3838cb9d4d3820575c899c892ec8e5d8,2026-07-02T17:24:31.137409+00:00
train\laphet_thoke\laphet_thoke_58899c63a6e3.jpg,C:\Users\Pc\Documents\GitHub\FoodImage\dataset\train\laphet_thoke\laphet_thoke_58899c63a6e3.jpg,laphet_thoke,Laphet Thoke,Myanmar,train,224,224,1000,563,bing,https://triply.ro/wp-content/uploads/2023/04/lahpet-thoke.webp,58899c63a6e3c7a7f3ac5b1f9e34db5057ca1f467e1fcf1bc1540b07268f0ba9,2026-07-02T17:24:31.137409+00:00
train\laphet_thoke\laphet_thoke_131e6ca6e9e7.jpg,C:\Users\Pc\Documents\GitHub\FoodImage\dataset\train\laphet_thoke\laphet_thoke_131e6ca6e9e7.jpg,laphet_thoke,Laphet Thoke,Myanmar,train,224,224,750,500,bing,https://images.food52.com/hfXTEW3Ep6Fc1eb5_44V-T0VS_0=/750x500/15d0ad6f-b11e-4031-8b7a-ea220df0404a--IMG_20141209_175537.jpg,131e6ca6e9e7fc05d2d7c4f7f5ff0749fd1bf6d7ac578d975f2e37c05142dacf,2026-07-02T17:24:31.137409+00:00
train\laphet_thoke\laphet_thoke_c69a9d785a8a.jpg,C:\Users\Pc\Documents\GitHub\FoodImage\dataset\train\laphet_thoke\laphet_thoke_c69a9d785a8a.jpg,laphet_thoke,Laphet Thoke,Myanmar,train,224,224,736,1308,bing,https://i.pinimg.com/736x/5e/99/7b/5e997b31b706d22e9a2e0e38eaf287db.jpg,c69a9d785a8af30ae70f7c81996dbbbb859e6e980d3f0baee2a1ed0b8182464f,2026-07-02T17:24:31.137409+00:00
train\laphet_thoke\laphet_thoke_73dac3432740.jpg,C:\Users\Pc\Documents\GitHub\FoodImage\dataset\train\laphet_thoke\laphet_thoke_73dac3432740.jpg,laphet_thoke,Laphet Thoke,Myanmar,train,224,224,474,474,bing,https://i.pinimg.com/474x/c4/1e/89/c41e8915ed705e4c7d1e16821227ce6e.jpg,73dac3432740cf40bbbcb5f73b11dc9134ad2b9e37c769f87f96c6c21441f5f4,2026-07-02T17:24:31.137409+00:00
train\laphet_thoke\laphet_thoke_5bb9a078dfa5.jpg,C:\Users\Pc\Documents\GitHub\FoodImage\dataset\train\laphet_thoke\laphet_thoke_5bb9a078dfa5.jpg,laphet_thoke,Laphet Thoke,Myanmar,train,224,224,1000,750,bing,https://www.nickkembel.com/wp-content/uploads/2019/01/lahpet-thoke-fermented-tea-leaf-salad.jpg,5bb9a078dfa5525e5a913bb3b587db8954a249fff9c1c3b989aea8d05a92dbd6,2026-07-02T17:24:31.137409+00:00
train\laphet_thoke\laphet_thoke_ce9c058b86b5.jpg,C:\Users\Pc\Documents\GitHub\FoodImage\dataset\train\laphet_thoke\laphet_thoke_ce9c058b86b5.jpg,laphet_thoke,Laphet Thoke,Myanmar,train,224,224,768,768,bing,https://www.nationalgerichtrezepte.de/wp-content/uploads/2024/12/nationalgericht-myanmar-lahpet-1734445357-8390-768x768.jpg,ce9c058b86b5cb9f3f1d75b7bc9db75ebffd8ebb2ffcca49d2930adf154b4e51,2026-07-02T17:24:31.137409+00:00
train\laphet_thoke\laphet_thoke_22bcf1b74774.jpg,C:\Users\Pc\Documents\GitHub\FoodImage\dataset\train\laphet_thoke\laphet_thoke_22bcf1b74774.jpg,laphet_thoke,Laphet Thoke,Myanmar,train,224,224,1280,720,bing,https://i.ytimg.com/vi/TbHMxB3yE1M/maxresdefault.jpg,22bcf1b74774e533611c429f2e1dfdac94e52c091b52e03f7d3a8413b9640d5d,2026-07-02T17:24:31.137409+00:00
train\laphet_thoke\laphet_thoke_2f63b4fbd3d3.jpg,C:\Users\Pc\Documents\GitHub\FoodImage\dataset\train\laphet_thoke\laphet_thoke_2f63b4fbd3d3.jpg,laphet_thoke,Laphet Thoke,Myanmar,train,224,224,1024,1024,bing,https://holisticchefacademy.com/wp-content/uploads/2025/01/Homemade-Pasta-Dough-Neated-1-1024x1024.jpg,2f63b4fbd3d3fe19b8f908a11ffa84d59f46fddc72507e8e75f61af3cc848a82,2026-07-02T17:24:31.137409+00:00
train\laphet_thoke\laphet_thoke_d53f6c7de96c.jpg,C:\Users\Pc\Documents\GitHub\FoodImage\dataset\train\laphet_thoke\laphet_thoke_d53f6c7de96c.jpg,laphet_thoke,Laphet Thoke,Myanmar,train,224,224,640,1137,bing,"https://cdn.thefork.com/tf-lab/image/upload/w_640,c_fill,q_auto,f_auto/customer/ad7d77c3-a6c1-4cdb-9ac5-0f1876a6e9c2/41967881-95d5-4349-84ad-960e165f7343.jpg",d53f6c7de96c2691018a9508c04774d55e6bff1f7c0f097e4045f059d1ca13c1,2026-07-02T17:24:31.137409+00:00
train\laphet_thoke\laphet_thoke_eb094c7a9abb.jpg,C:\Users\Pc\Documents\GitHub\FoodImage\dataset\train\laphet_thoke\laphet_thoke_eb094c7a9abb.jpg,laphet_thoke,Laphet Thoke,Myanmar,train,224,224,1500,1225,bing,https://www.shutterstock.com/shutterstock/photos/1050564767/display_1500/stock-photo-closeup-burmese-tea-leaf-salad-or-lahpet-in-a-wooden-plate-with-wild-betel-leaves-on-a-light-wooden-1050564767.jpg,eb094c7a9abb20e7c8f90510836af396d547d96da789cbab5b8ed695a4a9b495,2026-07-02T17:24:31.137409+00:00
train\laphet_thoke\laphet_thoke_bc665f8ca83b.jpg,C:\Users\Pc\Documents\GitHub\FoodImage\dataset\train\laphet_thoke\laphet_thoke_bc665f8ca83b.jpg,laphet_thoke,Laphet Thoke,Myanmar,train,224,224,1024,768,bing,https://i1.wp.com/tching.com/wp-content/uploads/2017/10/Post1.jpg?resize=1024%2C768&ssl=1,bc665f8ca83b3d25126d9a938414f2a3c63444bd7d080d79f4d7a3d11bbbd642,2026-07-02T17:24:31.137409+00:00
train\laphet_thoke\laphet_thoke_85afe34d0479.jpg,C:\Users\Pc\Documents\GitHub\FoodImage\dataset\train\laphet_thoke\laphet_thoke_85afe34d0479.jpg,laphet_thoke,Laphet Thoke,Myanmar,train,224,224,2500,3149,bing,https://images.squarespace-cdn.com/content/v1/5d828ae38dcc450b79c91438/1596216118916-YMMK7B29J5WRK620F1L6/Laphet+thoke.jpg,85afe34d0479af99a723f28224c06972c718abb2362351a24938e8eb0597e17e,2026-07-02T17:24:31.137409+00:00
train\laphet_thoke\laphet_thoke_a8cafe246971.jpg,C:\Users\Pc\Documents\GitHub\FoodImage\dataset\train\laphet_thoke\laphet_thoke_a8cafe246971.jpg,laphet_thoke,Laphet Thoke,Myanmar,train,224,224,724,1084,bing,https://www.internationalcuisine.com/wp-content/uploads/2017/05/Myanmar-Green-tea-salad_-e1496260881287.jpg,a8cafe246971b1d3103ec71c8f39014faa98afdcc80b9b58cb8e3f376ca61410,2026-07-02T17:24:31.137409+00:00
train\laphet_thoke\laphet_thoke_1b47c71235f6.jpg,C:\Users\Pc\Documents\GitHub\FoodImage\dataset\train\laphet_thoke\laphet_thoke_1b47c71235f6.jpg,laphet_thoke,Laphet Thoke,Myanmar,train,224,224,600,400,bing,https://i.pinimg.com/originals/44/58/13/4458136154fe65f56f444305ecf3b874.jpg,1b47c71235f6133d2e4164d2adc1cb06a194f3fbf7c9131a4b8f123a25456ce0,2026-07-02T17:24:31.137409+00:00
train\laphet_thoke\laphet_thoke_e5129b70472d.jpg,C:\Users\Pc\Documents\GitHub\FoodImage\dataset\train\laphet_thoke\laphet_thoke_e5129b70472d.jpg,laphet_thoke,Laphet Thoke,Myanmar,train,224,224,1200,800,bing,https://apprivals-insecure.b-cdn.net/applications/npnews-mm/news_articles/660a3a17a5d6bc00f42334fa/banner-660a3a17a5d6bc00f42334fa-x800.jpg,e5129b70472d0c8ef71b66a4e1a7ef95d1559bb689521d31c0e7f7716f0f221c,2026-07-02T17:24:31.137409+00:00
train\laphet_thoke\laphet_thoke_afee21b5ff37.jpg,C:\Users\Pc\Documents\GitHub\FoodImage\dataset\train\laphet_thoke\laphet_thoke_afee21b5ff37.jpg,laphet_thoke,Laphet Thoke,Myanmar,train,224,224,4096,3072,bing,https://blogger.googleusercontent.com/img/b/R29vZ2xl/AVvXsEhpI8djIhVBry2m7lizW0aeQHVPbCPViZARalb-ITbdjJrfGYRhtP2tWX-7cNmR4XHlkbJleXWUwEv0V9V94F3b2sqDCzZEJIUlLoYeuYld3ylRIouMpng_DaBg0QscZC3BspsvHgaue630CgLbS4YgStfajV6VeROvt6N7Jgps6m1yLJEmoErtSWVY/s4096/Tea Leaf Salad.jpeg,afee21b5ff374209679add6a433c1acdc4869070bbb988e0c62e7bc4eb522d9f,2026-07-02T17:24:31.137409+00:00
train\laphet_thoke\laphet_thoke_9c999ff38f57.jpg,C:\Users\Pc\Documents\GitHub\FoodImage\dataset\train\laphet_thoke\laphet_thoke_9c999ff38f57.jpg,laphet_thoke,Laphet Thoke,Myanmar,train,224,224,1024,755,bing,https://travel-myanmar.net/wp-content/uploads/2020/06/Laphet-Thoke.jpg,9c999ff38f5764a37872278a7a43f87c537f0516c7b889ce16ccf6014c09a76c,2026-07-02T17:24:31.137409+00:00
train\laphet_thoke\laphet_thoke_298fa4310043.jpg,C:\Users\Pc\Documents\GitHub\FoodImage\dataset\train\laphet_thoke\laphet_thoke_298fa4310043.jpg,laphet_thoke,Laphet Thoke,Myanmar,train,224,224,520,520,bing,"https://res.cloudinary.com/tf-lab/image/upload/w_520,h_520,c_fill,q_auto,f_auto/restaurant/72915023-7308-4db7-b65f-9797e40427bd/f142ac5b-4097-4bdd-a3e4-9338d9fc61c5.jpg",298fa431004320f419ad4989ceac42369497a5e9d1b39103dd2a73628252469f,2026-07-02T17:24:31.137409+00:00
train\laphet_thoke\laphet_thoke_26442fcb9842.jpg,C:\Users\Pc\Documents\GitHub\FoodImage\dataset\train\laphet_thoke\laphet_thoke_26442fcb9842.jpg,laphet_thoke,Laphet Thoke,Myanmar,train,224,224,1280,720,bing,https://i.ytimg.com/vi/-MB-bL69lAw/maxresdefault.jpg,26442fcb9842b77c2a3aacd6a10e06d654d8d247f2c2336b4157cb98d2987d20,2026-07-02T17:24:31.137409+00:00
train\laphet_thoke\laphet_thoke_3388417e2134.jpg,C:\Users\Pc\Documents\GitHub\FoodImage\dataset\train\laphet_thoke\laphet_thoke_3388417e2134.jpg,laphet_thoke,Laphet Thoke,Myanmar,train,224,224,1300,956,bing,https://c8.alamy.com/comp/2H94R64/lahpet-thoke-or-burmese-tea-leaf-salad-a-classic-dish-from-myanmar-2H94R64.jpg,3388417e213458cce75a6772074a3b663f62f077eaf9bdbb9b52861f10349f5f,2026-07-02T17:24:31.137409+00:00
train\laphet_thoke\laphet_thoke_3b0b07929c37.jpg,C:\Users\Pc\Documents\GitHub\FoodImage\dataset\train\laphet_thoke\laphet_thoke_3b0b07929c37.jpg,laphet_thoke,Laphet Thoke,Myanmar,train,224,224,1334,1000,bing,https://180c.fr/wp-content/uploads/2019/01/Thé-fermenté-et-jeune-femme-préparant-la-salade.jpg,3b0b07929c37dc0f4de78b58f35f347b32b98f0fe4f26271ad61c0b22ecab642,2026-07-02T17:24:31.137409+00:00
train\laphet_thoke\laphet_thoke_60a3336cf63e.jpg,C:\Users\Pc\Documents\GitHub\FoodImage\dataset\train\laphet_thoke\laphet_thoke_60a3336cf63e.jpg,laphet_thoke,Laphet Thoke,Myanmar,train,224,224,1500,857,bing,https://zataka.co.uk/cdn/shop/collections/DALL_E_2024-08-05_21.42.55_-_A_traditional_Burmese_tea_leaf_salad_Lahpet_Thoke_served_in_a_decorative_lacquerware_dish._The_dish_is_divided_into_compartments_featuring_fermente.webp?v=1722890905&width=1500,60a3336cf63e79d7aed647cb78036083c2638522291b7cf71165132973026175,2026-07-02T17:24:31.137409+00:00
train\laphet_thoke\laphet_thoke_6e995897efb2.jpg,C:\Users\Pc\Documents\GitHub\FoodImage\dataset\train\laphet_thoke\laphet_thoke_6e995897efb2.jpg,laphet_thoke,Laphet Thoke,Myanmar,train,224,224,1024,1024,bing,https://holisticchefacademy.com/wp-content/uploads/2021/06/burmese-tea-leaf-salad-1200-1200-1024x1024.jpg,6e995897efb25c75dbc6b6838af09049ad55a44542b73e4ccd36e7d8745be145,2026-07-02T17:24:31.137409+00:00
train\laphet_thoke\laphet_thoke_644f005b06ec.jpg,C:\Users\Pc\Documents\GitHub\FoodImage\dataset\train\laphet_thoke\laphet_thoke_644f005b06ec.jpg,laphet_thoke,Laphet Thoke,Myanmar,train,224,224,1600,1071,bing,https://1.bp.blogspot.com/-PZbjEmEcMxE/WQlMwibEZPI/AAAAAAAA2hM/UuiaptIrKW0ZBHURikfiEdyrrrGMP6tfwCLcB/s1600/DSC_0096.JPG,644f005b06ecb1a6532a730e4604f48cb541873c16bc6214808816859d7d3449,2026-07-02T17:24:31.137409+00:00
train\laphet_thoke\laphet_thoke_05fe72fa75fc.jpg,C:\Users\Pc\Documents\GitHub\FoodImage\dataset\train\laphet_thoke\laphet_thoke_05fe72fa75fc.jpg,laphet_thoke,Laphet Thoke,Myanmar,train,224,224,1024,1024,bing,https://parade.com/.image/t_share/MTkwNTgwOTgyOTkxOTU1MDY5/burma-superstar-famous-tea-leaf-salad-brumese.jpg,05fe72fa75fc6fcd22ec980630f046824e13a0004445149e58955710fa0cb6ef,2026-07-02T17:24:31.137409+00:00
train\laphet_thoke\laphet_thoke_d18f04943557.jpg,C:\Users\Pc\Documents\GitHub\FoodImage\dataset\train\laphet_thoke\laphet_thoke_d18f04943557.jpg,laphet_thoke,Laphet Thoke,Myanmar,train,224,224,960,600,bing,https://www.cityam.com/wp-content/uploads/2023/12/saltie.jpg,d18f049435572feea2e247e1ec4efc5e7c4dcd18b97d31b6fa4e17eb8b675d42,2026-07-02T17:24:31.137409+00:00
train\laphet_thoke\laphet_thoke_aedeb524cdc7.jpg,C:\Users\Pc\Documents\GitHub\FoodImage\dataset\train\laphet_thoke\laphet_thoke_aedeb524cdc7.jpg,laphet_thoke,Laphet Thoke,Myanmar,train,224,224,450,600,bing,https://burmawalakitchen.com/wp-content/uploads/2024/05/Laphet-4-450x600.jpg?crop=1,aedeb524cdc7df0d8d95f635578388f1c98caa4c429f6811b972ba060dcbf64e,2026-07-02T17:24:31.137409+00:00
train\laphet_thoke\laphet_thoke_8498b8015bf7.jpg,C:\Users\Pc\Documents\GitHub\FoodImage\dataset\train\laphet_thoke\laphet_thoke_8498b8015bf7.jpg,laphet_thoke,Laphet Thoke,Myanmar,train,224,224,1917,1406,bing,https://www.lasiankitchen.com/wp-content/uploads/2018/07/laphet_thoke-fermented_green_tea_salad.jpg,8498b8015bf7f0fe207f4bf5a9c8bede97801dc81cea8ffd96b679fdd40ae688,2026-07-02T17:24:31.137409+00:00
train\laphet_thoke\laphet_thoke_0fa8650b06aa.jpg,C:\Users\Pc\Documents\GitHub\FoodImage\dataset\train\laphet_thoke\laphet_thoke_0fa8650b06aa.jpg,laphet_thoke,Laphet Thoke,Myanmar,train,224,224,390,280,bing,https://www.shutterstock.com/image-photo/thai-southern-traditional-stylespicy-roasted-260nw-650480191.jpg,0fa8650b06aa6f49018514a06debd7d6aeffd3f26b36185246fef53e3b645df6,2026-07-02T17:24:31.137409+00:00
train\laphet_thoke\laphet_thoke_a60d971bdc00.jpg,C:\Users\Pc\Documents\GitHub\FoodImage\dataset\train\laphet_thoke\laphet_thoke_a60d971bdc00.jpg,laphet_thoke,Laphet Thoke,Myanmar,train,224,224,1600,1071,bing,https://3.bp.blogspot.com/-VoSdv7-wUVM/T1kDGdSORrI/AAAAAAAAHL8/qOLzLrJnJKI/s1600/Salad2.jpg,a60d971bdc00921ebb188b6f949fd499b6d109b1c925b9ed6f089b7cf9c53631,2026-07-02T17:24:31.137409+00:00
train\laphet_thoke\laphet_thoke_8879fa2064fa.jpg,C:\Users\Pc\Documents\GitHub\FoodImage\dataset\train\laphet_thoke\laphet_thoke_8879fa2064fa.jpg,laphet_thoke,Laphet Thoke,Myanmar,train,224,224,1600,1156,bing,https://thumbs.dreamstime.com/z/laphet-thoke-myanmar-fermented-tea-leaf-salad-often-mixed-nuts-seeds-other-ingredients-laphet-thoke-traditional-burmese-296957281.jpg,8879fa2064fa933931a14b3d47fbfe37cd7e453a7cb5118307501c7e113e1612,2026-07-02T17:24:31.137409+00:00
train\laphet_thoke\laphet_thoke_ab17f3c73053.jpg,C:\Users\Pc\Documents\GitHub\FoodImage\dataset\train\laphet_thoke\laphet_thoke_ab17f3c73053.jpg,laphet_thoke,Laphet Thoke,Myanmar,train,224,224,3840,2880,bing,"https://res.cloudinary.com/the-infatuation/image/upload/c_fill,w_3840,ar_4:3,g_center,f_auto/images/Burma_Love_Tea_Leaf_Salad_3_f1e9jp",ab17f3c730538bc38c3913afd7c643f1d30ed27aac014b9b504e9ac2adda2d73,2026-07-02T17:24:31.137409+00:00
train\laphet_thoke\laphet_thoke_c9e1a4fed84c.jpg,C:\Users\Pc\Documents\GitHub\FoodImage\dataset\train\laphet_thoke\laphet_thoke_c9e1a4fed84c.jpg,laphet_thoke,Laphet Thoke,Myanmar,train,224,224,866,1390,bing,https://c8.alamy.com/comp/FAR1Y0/tea-leaf-salad-served-in-an-ornate-bowl-in-yangon-myanmar-burma-FAR1Y0.jpg,c9e1a4fed84ceb0ff7dd74838ede6d4fc12f08a132a7fe79aa1fa958f7280d1d,2026-07-02T17:24:31.137409+00:00
train\laphet_thoke\laphet_thoke_d6d06de5dd60.jpg,C:\Users\Pc\Documents\GitHub\FoodImage\dataset\train\laphet_thoke\laphet_thoke_d6d06de5dd60.jpg,laphet_thoke,Laphet Thoke,Myanmar,train,224,224,800,486,bing,https://thumbs.dreamstime.com/b/burmese-tea-leaf-salad-mixed-ingredient-lahpet-thoke-name-ofx-famous-fermented-myan-mar-decorate-vegetable-chili-210600888.jpg,d6d06de5dd60ea9b79f3c1b51e8dafd521b8e5c8dc7809dee6c8fa3ccc497596,2026-07-02T17:24:31.137409+00:00
train\laphet_thoke\laphet_thoke_4165b9011df2.jpg,C:\Users\Pc\Documents\GitHub\FoodImage\dataset\train\laphet_thoke\laphet_thoke_4165b9011df2.jpg,laphet_thoke,Laphet Thoke,Myanmar,train,224,224,1300,957,bing,https://c8.alamy.com/comp/FB9JM3/traditional-burmese-lahpet-salad-is-made-out-of-pickled-fermented-FB9JM3.jpg,4165b9011df258e152daf3f0ff83e8a1a9072fc6949469a032e4051c1e8dda8c,2026-07-02T17:24:31.137409+00:00
train\laphet_thoke\laphet_thoke_fa6bdfab17e9.jpg,C:\Users\Pc\Documents\GitHub\FoodImage\dataset\train\laphet_thoke\laphet_thoke_fa6bdfab17e9.jpg,laphet_thoke,Laphet Thoke,Myanmar,train,224,224,1280,720,bing,https://i.ytimg.com/vi/6tBBUcBHu_8/maxresdefault.jpg?sqp=-oaymwEmCIAKENAF8quKqQMa8AEB-AG2CIACgA-KAgwIABABGHIgSygzMA8=&rs=AOn4CLCfYHVtHg-CNTBAYwqRC7yCguFvnA,fa6bdfab17e974003a29146fb39a18b1bc4cfec86956a9147881f6dad52795fd,2026-07-02T17:24:31.137409+00:00
train\laphet_thoke\laphet_thoke_fbf035b89248.jpg,C:\Users\Pc\Documents\GitHub\FoodImage\dataset\train\laphet_thoke\laphet_thoke_fbf035b89248.jpg,laphet_thoke,Laphet Thoke,Myanmar,train,224,224,1080,1350,bing,https://healthyhkg.com/wp-content/uploads/2020/09/Club-Rangoon-Tea-Leaf-Salad-Hong-Kong.jpg,fbf035b892486461a35d1443d2ee5d7b401af46995bdadef7542aaffd592ff0b,2026-07-02T17:24:31.137409+00:00
train\laphet_thoke\laphet_thoke_eb744c9e8601.jpg,C:\Users\Pc\Documents\GitHub\FoodImage\dataset\train\laphet_thoke\laphet_thoke_eb744c9e8601.jpg,laphet_thoke,Laphet Thoke,Myanmar,train,224,224,1200,823,bing,https://s.hdnux.com/photos/36/15/64/7920936/33/1200x0.jpg,eb744c9e86015eeb11bcd9704337f391e2dfa06ddd56c22749cef41110fbf629,2026-07-02T17:24:31.137409+00:00
train\laphet_thoke\laphet_thoke_64946ab52f94.jpg,C:\Users\Pc\Documents\GitHub\FoodImage\dataset\train\laphet_thoke\laphet_thoke_64946ab52f94.jpg,laphet_thoke,Laphet Thoke,Myanmar,train,224,224,576,865,bing,https://thumbs.dreamstime.com/b/hand-tossing-burmese-tea-leaf-salad-fermented-leaves-crispy-beans-bright-colors-create-inviting-atmosphere-kitchen-380995142.jpg?w=576,64946ab52f941f10d2eb240ddc483cee2aa0aa37f25fa2749fd55bce35ba9dca,2026-07-02T17:24:31.137409+00:00
train\laphet_thoke\laphet_thoke_4d3ddaad94ad.jpg,C:\Users\Pc\Documents\GitHub\FoodImage\dataset\train\laphet_thoke\laphet_thoke_4d3ddaad94ad.jpg,laphet_thoke,Laphet Thoke,Myanmar,train,224,224,390,280,bing,https://www.shutterstock.com/image-photo/pad-thai-260nw-295066628.jpg,4d3ddaad94ad024695de7a40d290591b290f2c9fe63c632bd8d4dabf9aa9d71b,2026-07-02T17:24:31.137409+00:00
train\laphet_thoke\laphet_thoke_212d49c32384.jpg,C:\Users\Pc\Documents\GitHub\FoodImage\dataset\train\laphet_thoke\laphet_thoke_212d49c32384.jpg,laphet_thoke,Laphet Thoke,Myanmar,train,224,224,2048,1536,bing,https://s.hdnux.com/photos/75/15/57/16047065/10/rawImage.jpg,212d49c323845778ed60ab3e2ed53597aa4577101d92e23af6f80763b8a000ce,2026-07-02T17:24:31.137409+00:00
train\laphet_thoke\laphet_thoke_caabf4664011.jpg,C:\Users\Pc\Documents\GitHub\FoodImage\dataset\train\laphet_thoke\laphet_thoke_caabf4664011.jpg,laphet_thoke,Laphet Thoke,Myanmar,train,224,224,750,1125,bing,https://whattocooktoday.com/wp-content/uploads/2017/08/IMG_2387.jpg,caabf46640117418e11240edb4fdec644d1c484b1c4d6492db12aad6248ee410,2026-07-02T17:24:31.137409+00:00
train\laphet_thoke\laphet_thoke_9a8c7306f4c8.jpg,C:\Users\Pc\Documents\GitHub\FoodImage\dataset\train\laphet_thoke\laphet_thoke_9a8c7306f4c8.jpg,laphet_thoke,Laphet Thoke,Myanmar,train,224,224,1024,576,bing,https://fithealthspot.com/wp-content/uploads/2023/11/Untitled-800-x-800-px-Website-715-x-400-px-750-x-400-px-1024-x-576-px-90.webp,9a8c7306f4c89f0c6fa31d5197dbb9e52870970cdb3a33f97972d7944cce5ed5,2026-07-02T17:24:31.137409+00:00
train\laphet_thoke\laphet_thoke_cf9841338004.jpg,C:\Users\Pc\Documents\GitHub\FoodImage\dataset\train\laphet_thoke\laphet_thoke_cf9841338004.jpg,laphet_thoke,Laphet Thoke,Myanmar,train,224,224,1400,881,bing,https://food-touring.com/wp-content/uploads/2014/03/img_5105.jpg?w=1400&h=882,cf98413380040da8cf084bc931a31acba8fa6b6e451d6705d71b63d9afa884c4,2026-07-02T17:24:31.137409+00:00
train\laphet_thoke\laphet_thoke_425a6168d744.jpg,C:\Users\Pc\Documents\GitHub\FoodImage\dataset\train\laphet_thoke\laphet_thoke_425a6168d744.jpg,laphet_thoke,Laphet Thoke,Myanmar,train,224,224,600,400,bing,https://www.atravel.blog/content/images/recipes/laphet-thoke.webp,425a6168d744228f636c7c4d6060ed45e370e5899971c126475bbcd5fad5155a,2026-07-02T17:24:31.137409+00:00
train\laphet_thoke\laphet_thoke_a26c83e615d9.jpg,C:\Users\Pc\Documents\GitHub\FoodImage\dataset\train\laphet_thoke\laphet_thoke_a26c83e615d9.jpg,laphet_thoke,Laphet Thoke,Myanmar,train,224,224,500,500,bing,"https://res.cloudinary.com/tf-lab/image/upload/w_500,h_500,c_fill,g_auto:subject,q_auto,f_auto/restaurant/72915023-7308-4db7-b65f-9797e40427bd/c1cd4fb1-5a9d-4b16-8438-0c0213e86773.jpg",a26c83e615d9f041ca0c16304ad55a131166a9a4a7e8001f1a77e034840e80fb,2026-07-02T17:24:31.137409+00:00
train\laphet_thoke\laphet_thoke_7ca08b8c0b45.jpg,C:\Users\Pc\Documents\GitHub\FoodImage\dataset\train\laphet_thoke\laphet_thoke_7ca08b8c0b45.jpg,laphet_thoke,Laphet Thoke,Myanmar,train,224,224,750,500,bing,https://whattocooktoday.com/wp-content/uploads/2017/08/IMG_2382-750x500.jpg,7ca08b8c0b455b605f6af2c36abb6a2912abe053083e0832a6f54885e5cfb8d2,2026-07-02T17:24:31.137409+00:00
train\laphet_thoke\laphet_thoke_a4ac6012ec0f.jpg,C:\Users\Pc\Documents\GitHub\FoodImage\dataset\train\laphet_thoke\laphet_thoke_a4ac6012ec0f.jpg,laphet_thoke,Laphet Thoke,Myanmar,train,224,224,768,576,bing,https://ethnojunkie.com/wp-content/uploads/2017/07/Laphet-Thoke-768x576.jpg,a4ac6012ec0f83f06b5bad3363a509fe72446d6e5fd51e307cd6fc86a72ed3ad,2026-07-02T17:24:31.137409+00:00
train\laphet_thoke\laphet_thoke_7b60b6c1ace0.jpg,C:\Users\Pc\Documents\GitHub\FoodImage\dataset\train\laphet_thoke\laphet_thoke_7b60b6c1ace0.jpg,laphet_thoke,Laphet Thoke,Myanmar,train,224,224,600,565,bing,https://www.giunca.com/EdWorld/wp-content/uploads/2016/08/lahpet_thohk-600x565.jpg,7b60b6c1ace01aff10853f3fda60bf747186859dfcd673279486217a86ae8f92,2026-07-02T17:24:31.137409+00:00
train\laphet_thoke\laphet_thoke_0365e31878bd.jpg,C:\Users\Pc\Documents\GitHub\FoodImage\dataset\train\laphet_thoke\laphet_thoke_0365e31878bd.jpg,laphet_thoke,Laphet Thoke,Myanmar,train,224,224,1600,987,bing,https://thumbs.dreamstime.com/z/exploring-lahpet-thoke-traditional-burmese-fermented-tea-leaf-salad-myanmar-food-outdoor-culinary-art-discover-flavors-367915693.jpg,0365e31878bd4287cfbe41db96aef799dad53485791baac83f70290a73992207,2026-07-02T17:24:31.137409+00:00
train\laphet_thoke\laphet_thoke_922684101097.jpg,C:\Users\Pc\Documents\GitHub\FoodImage\dataset\train\laphet_thoke\laphet_thoke_922684101097.jpg,laphet_thoke,Laphet Thoke,Myanmar,train,224,224,640,480,bing,https://i.pinimg.com/originals/69/43/a0/6943a09887b867994fab0da1e41a0e56.jpg,9226841010973116e62cfb3b27a9104cb80a124f8e21af2109a1ea5b2d57f847,2026-07-02T17:24:31.137409+00:00
train\laphet_thoke\laphet_thoke_c201a41cc61e.jpg,C:\Users\Pc\Documents\GitHub\FoodImage\dataset\train\laphet_thoke\laphet_thoke_c201a41cc61e.jpg,laphet_thoke,Laphet Thoke,Myanmar,train,224,224,1200,1600,bing,https://images.squarespace-cdn.com/content/v1/5d828ae38dcc450b79c91438/1598215609216-WZERF8BHC9TPZ9UR7F67/Laphet+Thoke+with+Laquareware..jpg,c201a41cc61e12264a102667f8c7263b517b7b4e7adec0c23605e83437def458,2026-07-02T17:24:31.137409+00:00
train\laphet_thoke\laphet_thoke_4d2be5b772c2.jpg,C:\Users\Pc\Documents\GitHub\FoodImage\dataset\train\laphet_thoke\laphet_thoke_4d2be5b772c2.jpg,laphet_thoke,Laphet Thoke,Myanmar,train,224,224,640,960,bing,https://lahpet.co.uk/wp-content/uploads/sb-instagram-feed-images/449866056_1639721923472768_4909209434950974031_nfull.jpg,4d2be5b772c21803ad956517659a7711b5c63412219445aeaed8eb567d09e8aa,2026-07-02T17:24:31.137409+00:00
train\laphet_thoke\laphet_thoke_4c811aec86ae.jpg,C:\Users\Pc\Documents\GitHub\FoodImage\dataset\train\laphet_thoke\laphet_thoke_4c811aec86ae.jpg,laphet_thoke,Laphet Thoke,Myanmar,train,224,224,540,720,bing,https://d2s742iet3d3t1.cloudfront.net/menu_service/restaurants/30bdb45b-6a5d-4015-a4e0-c62d3060ae6c/MenuItem/3b0653ae-6139-4e41-832f-4b06eb51d7eb.jpg?size=medium,4c811aec86aedd6ba054e36c7e3ed871679e5b701493cf4a33d53ceadf042650,2026-07-02T17:24:31.137409+00:00
train\laphet_thoke\laphet_thoke_2ca55b766e5e.jpg,C:\Users\Pc\Documents\GitHub\FoodImage\dataset\train\laphet_thoke\laphet_thoke_2ca55b766e5e.jpg,laphet_thoke,Laphet Thoke,Myanmar,train,224,224,1000,800,bing,https://indochinacharmtravel.com/wp-content/uploads/2023/08/Laphet-Thoke-Fermented-Tea-Leaf-Salad.jpg,2ca55b766e5eb4f16dc7b1c7201e9114a7f7ef7a2be51cf8eeca0047da064708,2026-07-02T17:24:31.137409+00:00
train\laphet_thoke\laphet_thoke_31a35a778173.jpg,C:\Users\Pc\Documents\GitHub\FoodImage\dataset\train\laphet_thoke\laphet_thoke_31a35a778173.jpg,laphet_thoke,Laphet Thoke,Myanmar,train,224,224,1024,1024,bing,https://soupchick.s3.amazonaws.com/wp-content/uploads/2024/06/07125830/Tea-Leaf-Salad-Recipe02.webp,31a35a778173df80302c7e7d2692021d7274aa361496ea559f6588ed64408aa2,2026-07-02T17:24:31.137409+00:00
train\laphet_thoke\laphet_thoke_3e20981782cc.jpg,C:\Users\Pc\Documents\GitHub\FoodImage\dataset\train\laphet_thoke\laphet_thoke_3e20981782cc.jpg,laphet_thoke,Laphet Thoke,Myanmar,train,224,224,1200,800,bing,https://assets.dmagstatic.com/wp-content/uploads/2023/04/D-Online-Lunch-Box-Inlay-Burmese-Kitchen.jpeg,3e20981782ccdad4bec73f9f2363af1568463397efb50536408e00a095bde5b7,2026-07-02T17:24:31.137409+00:00
train\laphet_thoke\laphet_thoke_09e6fcb43129.jpg,C:\Users\Pc\Documents\GitHub\FoodImage\dataset\train\laphet_thoke\laphet_thoke_09e6fcb43129.jpg,laphet_thoke,Laphet Thoke,Myanmar,train,224,224,778,1024,bing,https://inspiredhealthmed.com/wp-content/uploads/2023/03/Screenshot-2023-03-20-at-8.41.06-PM-778x1024.png,09e6fcb431296b2a17d22bc857fa8bb49ce7d7b4ac4b8de879aba596c8142b30,2026-07-02T17:24:31.137409+00:00
train\laphet_thoke\laphet_thoke_db95565945e4.jpg,C:\Users\Pc\Documents\GitHub\FoodImage\dataset\train\laphet_thoke\laphet_thoke_db95565945e4.jpg,laphet_thoke,Laphet Thoke,Myanmar,train,224,224,980,1307,bing,"https://static.wixstatic.com/media/0c93f4_c0ab871012ca46a4b733fee1e8453988~mv2.jpg/v1/fill/w_980,h_1307,al_c,q_85,usm_0.66_1.00_0.01,enc_avif,quality_auto/0c93f4_c0ab871012ca46a4b733fee1e8453988~mv2.jpg",db95565945e428b86557f28fc98e7e0b80b783b267def1e51ed0292bdc643034,2026-07-02T17:24:31.137409+00:00
train\laphet_thoke\laphet_thoke_26a91a6ec509.jpg,C:\Users\Pc\Documents\GitHub\FoodImage\dataset\train\laphet_thoke\laphet_thoke_26a91a6ec509.jpg,laphet_thoke,Laphet Thoke,Myanmar,train,224,224,474,711,bing,https://i.pinimg.com/474x/ab/29/22/ab29220088c99aa5358b51e139a2c535.jpg?nii=t,26a91a6ec50920f8519437ac3a2fb9e72258e390df872583a30ac58083db243a,2026-07-02T17:24:31.137409+00:00
train\laphet_thoke\laphet_thoke_23cccf1ebfaa.jpg,C:\Users\Pc\Documents\GitHub\FoodImage\dataset\train\laphet_thoke\laphet_thoke_23cccf1ebfaa.jpg,laphet_thoke,Laphet Thoke,Myanmar,train,224,224,1280,720,bing,https://i.ytimg.com/vi/e6B2qcmWVlk/maxresdefault.jpg,23cccf1ebfaae8982c417e5e681e57d872349cbc11d80aeba145165686569db7,2026-07-02T17:24:31.137409+00:00
train\laphet_thoke\laphet_thoke_f11bbcc18df2.jpg,C:\Users\Pc\Documents\GitHub\FoodImage\dataset\train\laphet_thoke\laphet_thoke_f11bbcc18df2.jpg,laphet_thoke,Laphet Thoke,Myanmar,train,224,224,500,399,bing,https://i.ebayimg.com/images/g/Hb8AAOSw0gVd0qzq/s-l500.jpg,f11bbcc18df265296a4c2a3c7b5245aa0a9a3e041cd2cee22f0769f465a4c62a,2026-07-02T17:24:31.137409+00:00
train\laphet_thoke\laphet_thoke_f9c335978457.jpg,C:\Users\Pc\Documents\GitHub\FoodImage\dataset\train\laphet_thoke\laphet_thoke_f9c335978457.jpg,laphet_thoke,Laphet Thoke,Myanmar,train,224,224,1024,683,bing,https://migrationology.com/wp-content/uploads/2014/07/lahpet-thoke-လက်ဖက်သုတ်.jpg,f9c3359784577795d6bd7bfdcfb5571ce8164c11434e0a5a78a8858ce7d37935,2026-07-02T17:24:31.137409+00:00
train\laphet_thoke\laphet_thoke_6daab771b014.jpg,C:\Users\Pc\Documents\GitHub\FoodImage\dataset\train\laphet_thoke\laphet_thoke_6daab771b014.jpg,laphet_thoke,Laphet Thoke,Myanmar,train,224,224,640,479,bing,https://i.pinimg.com/originals/88/c4/a0/88c4a0192f8d328173949322fe4bbfa8.jpg,6daab771b0140c738befed41d2780c5bedee012a9759c049a28a70db94a8e851,2026-07-02T17:24:31.137409+00:00
train\laphet_thoke\laphet_thoke_02118d7594f3.jpg,C:\Users\Pc\Documents\GitHub\FoodImage\dataset\train\laphet_thoke\laphet_thoke_02118d7594f3.jpg,laphet_thoke,Laphet Thoke,Myanmar,train,224,224,720,405,bing,https://i.pinimg.com/736x/7f/72/52/7f72527fff2efc51a91b816f855e1d0f.jpg,02118d7594f37e31a1f193d778c701ed9b84fee95ac338c068c2512764301002,2026-07-02T17:24:31.137409+00:00
train\laphet_thoke\laphet_thoke_1cd5eef7cee1.jpg,C:\Users\Pc\Documents\GitHub\FoodImage\dataset\train\laphet_thoke\laphet_thoke_1cd5eef7cee1.jpg,laphet_thoke,Laphet Thoke,Myanmar,train,224,224,640,800,bing,https://i.pinimg.com/originals/4f/08/74/4f0874ac8b4b88bd9ab77ac1a0b5ea73.jpg,1cd5eef7cee1eb6f33e99fc772c55848482ff6d56a6c74ea869ac02a81b47b40,2026-07-02T17:24:31.137409+00:00
train\laphet_thoke\laphet_thoke_fabca84057a0.jpg,C:\Users\Pc\Documents\GitHub\FoodImage\dataset\train\laphet_thoke\laphet_thoke_fabca84057a0.jpg,laphet_thoke,Laphet Thoke,Myanmar,train,224,224,1080,1080,bing,https://blogger.googleusercontent.com/img/b/R29vZ2xl/AVvXsEjZAQ3Aj7NFA-wnQGS4lae1EsqFzkCvgAdrfk_wn7_skrXCHKbNqV4F-Lr4zaGnasD2DD3dRROHMA4XAEQnN6XH7JIIUkACtiqM1ezdG2BgJ5xaegA_M0oGCEaGltVklOhwgSaCXsrwuqoIhyS0qAZ_Wty2p2h0dtM1rluSRwcfn76YDACTmk_9rV9SYON6/s1080/459125779_18434069407071957_1831158392154665534_n.jpg,fabca84057a018086351950a98532cc09b45f182acc3d62d051bd37b76c7090a,2026-07-02T17:24:31.137409+00:00
train\laphet_thoke\laphet_thoke_efc3d1469590.jpg,C:\Users\Pc\Documents\GitHub\FoodImage\dataset\train\laphet_thoke\laphet_thoke_efc3d1469590.jpg,laphet_thoke,Laphet Thoke,Myanmar,train,224,224,1600,996,bing,https://thumbs.dreamstime.com/z/traditional-burmese-tea-leaf-salad-fermented-green-leaves-lahpet-thoke-myanmar-close-up-view-lemon-slice-chilies-297541001.jpg,efc3d1469590d93f9b3b970849e2e686abd23d7ea412f31a43c2aff34dd72617,2026-07-02T17:24:31.137409+00:00
train\laphet_thoke\laphet_thoke_115b707c8658.jpg,C:\Users\Pc\Documents\GitHub\FoodImage\dataset\train\laphet_thoke\laphet_thoke_115b707c8658.jpg,laphet_thoke,Laphet Thoke,Myanmar,train,224,224,4032,3021,bing,https://i.pinimg.com/originals/9a/b9/99/9ab9999f7ca63dd92f6f8199921012a0.jpg,115b707c86581b8f866e1dd9d6ff31220dcb8b584f84056804aa100869948ce7,2026-07-02T17:24:31.137409+00:00
train\laphet_thoke\laphet_thoke_ce09ce168438.jpg,C:\Users\Pc\Documents\GitHub\FoodImage\dataset\train\laphet_thoke\laphet_thoke_ce09ce168438.jpg,laphet_thoke,Laphet Thoke,Myanmar,train,224,224,1300,956,bing,https://c8.alamy.com/comp/2H94T50/lahpet-thoke-or-burmese-tea-leaf-salad-a-classic-dish-from-myanmar-2H94T50.jpg,ce09ce1684383f9023328ec98056853e02fca1a658bbc16553123b26f9a1ec10,2026-07-02T17:24:31.137409+00:00
train\laphet_thoke\laphet_thoke_a25f93696839.jpg,C:\Users\Pc\Documents\GitHub\FoodImage\dataset\train\laphet_thoke\laphet_thoke_a25f93696839.jpg,laphet_thoke,Laphet Thoke,Myanmar,train,224,224,1500,1225,bing,https://www.shutterstock.com/shutterstock/photos/1546418447/display_1500/stock-photo-laphet-thoke-or-burmese-tea-salad-myanmar-national-dish-1546418447.jpg,a25f936968391303febce04271ecf21d478f3d668a1423aff1c1ce6f3ea42e61,2026-07-02T17:24:31.137409+00:00
train\laphet_thoke\laphet_thoke_b1761ae844a6.jpg,C:\Users\Pc\Documents\GitHub\FoodImage\dataset\train\laphet_thoke\laphet_thoke_b1761ae844a6.jpg,laphet_thoke,Laphet Thoke,Myanmar,train,224,224,1280,683,bing,https://myanmartravel.com/images/2020/07/lahpet-thoke-tea-leaf-salad.jpg,b1761ae844a6dccc396d855e636cdac482fa8fd4d73602005a75759e4a59f993,2026-07-02T17:24:31.137409+00:00
train\laphet_thoke\laphet_thoke_dec868d729a8.jpg,C:\Users\Pc\Documents\GitHub\FoodImage\dataset\train\laphet_thoke\laphet_thoke_dec868d729a8.jpg,laphet_thoke,Laphet Thoke,Myanmar,train,224,224,600,900,bing,https://i.pinimg.com/originals/63/dc/22/63dc2223a5f7a2a0fbd74d4efe26295b.png,dec868d729a81ead7f9890a681ef97850345a1667eb4a0744a19278ac7ef14a4,2026-07-02T17:24:31.137409+00:00
train\laphet_thoke\laphet_thoke_8a7f27404e95.jpg,C:\Users\Pc\Documents\GitHub\FoodImage\dataset\train\laphet_thoke\laphet_thoke_8a7f27404e95.jpg,laphet_thoke,Laphet Thoke,Myanmar,train,224,224,1350,900,bing,https://images.lifestyleasia.com/wp-content/uploads/sites/6/2024/10/02101835/3.-Club-Rangoon-Laphet-Thoke-1350x900.jpg,8a7f27404e9528f65b28f311e47e932341d35d30f8a079554db1121a148b55b8,2026-07-02T17:24:31.137409+00:00
train\laphet_thoke\laphet_thoke_ae3d7372239b.jpg,C:\Users\Pc\Documents\GitHub\FoodImage\dataset\train\laphet_thoke\laphet_thoke_ae3d7372239b.jpg,laphet_thoke,Laphet Thoke,Myanmar,train,224,224,700,570,bing,https://asiaprivatetravels.com/ckfinder/userfiles/images/travel-guides/Myanmar/tea-leaf-salad-myanmar.png,ae3d7372239bf48b20f1862867ee398067ae3b45bbea7b0cc5bc38ce2fa88596,2026-07-02T17:24:31.137409+00:00
train\laphet_thoke\laphet_thoke_839a2a406c1b.jpg,C:\Users\Pc\Documents\GitHub\FoodImage\dataset\train\laphet_thoke\laphet_thoke_839a2a406c1b.jpg,laphet_thoke,Laphet Thoke,Myanmar,train,224,224,640,800,bing,https://lahpet.co.uk/wp-content/uploads/sb-instagram-feed-images/431180883_758799956203550_302262374982308289_nfull.jpg,839a2a406c1b03ad82db58107a1e6e8da248bd31c57e8f6954be5d58e475650b,2026-07-02T17:24:31.137409+00:00
train\laphet_thoke\laphet_thoke_13837e5024e3.jpg,C:\Users\Pc\Documents\GitHub\FoodImage\dataset\train\laphet_thoke\laphet_thoke_13837e5024e3.jpg,laphet_thoke,Laphet Thoke,Myanmar,train,224,224,1024,682,bing,https://media.istockphoto.com/id/1497104486/id/foto/salad-daun-teh-burma-atau-lahpet-dengan-cabai-hijau-dan-merah-bawang-putih-dalam-piring-baja.jpg?s=1024x1024&w=is&k=20&c=lKKKWP_b61ZvkQeWKTF8yIYRlRJkPMToq6kUhE0cePg=,13837e5024e395e3180fb638180b7102bc8a066a3539ad8da0fed44cf8dd7be5,2026-07-02T17:24:31.137409+00:00
train\laphet_thoke\laphet_thoke_f74ddf11f8e8.jpg,C:\Users\Pc\Documents\GitHub\FoodImage\dataset\train\laphet_thoke\laphet_thoke_f74ddf11f8e8.jpg,laphet_thoke,Laphet Thoke,Myanmar,train,224,224,1080,1080,bing,https://myanmarmakers.com/cdn/shop/products/s-l1600_11.jpg?v=1676444001&width=1946,f74ddf11f8e8e580e9039abe72a0281cac0240af928f8bf5bf3fac70c051b5a1,2026-07-02T17:24:31.137409+00:00
train\laphet_thoke\laphet_thoke_c9821697c2eb.jpg,C:\Users\Pc\Documents\GitHub\FoodImage\dataset\train\laphet_thoke\laphet_thoke_c9821697c2eb.jpg,laphet_thoke,Laphet Thoke,Myanmar,train,224,224,650,488,bing,"https://res.cloudinary.com/hv9ssmzrz/image/fetch/c_fill,f_auto,h_488,q_auto,w_650/https://s3-eu-west-1.amazonaws.com/images-ca-1-0-1-eu/recipe_photos/original/140650/lahpet-thoke-fermented-tea-leaf-salad-1-FP-260x260.jpg",c9821697c2eb8a394a526708f8b664e94c6884e526fd53b938230718303c6485,2026-07-02T17:24:31.137409+00:00
train\laphet_thoke\laphet_thoke_c8500293e0bc.jpg,C:\Users\Pc\Documents\GitHub\FoodImage\dataset\train\laphet_thoke\laphet_thoke_c8500293e0bc.jpg,laphet_thoke,Laphet Thoke,Myanmar,train,224,224,620,930,bing,https://i.pinimg.com/originals/15/a4/0f/15a40f4aabc9065cc0f34677011f3c81.jpg,c8500293e0bc7e8eeb0e409f7fad82663e6fe46b95b4a2df7b1b8231e24393b9,2026-07-02T17:24:31.137409+00:00
train\laphet_thoke\laphet_thoke_18c3fef9bfd3.jpg,C:\Users\Pc\Documents\GitHub\FoodImage\dataset\train\laphet_thoke\laphet_thoke_18c3fef9bfd3.jpg,laphet_thoke,Laphet Thoke,Myanmar,train,224,224,1080,1440,bing,https://burmawalakitchen.com/wp-content/uploads/2024/11/Ultimate-Comfort-Meal-5.jpg,18c3fef9bfd35cc4c177831f2ae0cc452ce1627ebe9f0d6d4bd37c679b41b051,2026-07-02T17:24:31.137409+00:00
train\laphet_thoke\laphet_thoke_28649265e3a8.jpg,C:\Users\Pc\Documents\GitHub\FoodImage\dataset\train\laphet_thoke\laphet_thoke_28649265e3a8.jpg,laphet_thoke,Laphet Thoke,Myanmar,train,224,224,1300,957,bing,https://c8.alamy.com/comp/K8Y6YF/burmese-tea-leaf-salad-yangon-myanmar-K8Y6YF.jpg,28649265e3a8fa976b042f822c4b5cc04742041b55b778148a5f623324cd6d61,2026-07-02T17:24:31.137409+00:00
train\laphet_thoke\laphet_thoke_50b9e9c26e10.jpg,C:\Users\Pc\Documents\GitHub\FoodImage\dataset\train\laphet_thoke\laphet_thoke_50b9e9c26e10.jpg,laphet_thoke,Laphet Thoke,Myanmar,train,224,224,1331,887,bing,https://clubrangoon.com.hk/wp-content/uploads/2025/04/pickled-tea-leaf-salad-non-fried-version-recipe-1745823986.jpg,50b9e9c26e10471737f154ec6b95bc0633713530ec84c4510278273b44263caa,2026-07-02T17:24:31.137409+00:00
train\laphet_thoke\laphet_thoke_b6227455bff6.jpg,C:\Users\Pc\Documents\GitHub\FoodImage\dataset\train\laphet_thoke\laphet_thoke_b6227455bff6.jpg,laphet_thoke,Laphet Thoke,Myanmar,train,224,224,736,1104,bing,https://i.pinimg.com/736x/4c/c7/0b/4cc70b1f0103fa1cd9e158cae34d9374.jpg,b6227455bff66b2043a27ab94a24497521b2cae9d10da67e3757527ca80137a9,2026-07-02T17:24:31.137409+00:00
train\laphet_thoke\laphet_thoke_268575db6c5f.jpg,C:\Users\Pc\Documents\GitHub\FoodImage\dataset\train\laphet_thoke\laphet_thoke_268575db6c5f.jpg,laphet_thoke,Laphet Thoke,Myanmar,train,224,224,576,1027,bing,https://thumbs.dreamstime.com/b/burmese-tea-leaf-salad-peanuts-digital-391568093.jpg?w=576,268575db6c5fe0b6690a005befc8e9391152773ac67d09c39780a1fba93d61d3,2026-07-02T17:24:31.137409+00:00
train\laphet_thoke\laphet_thoke_d9c59a919ccc.jpg,C:\Users\Pc\Documents\GitHub\FoodImage\dataset\train\laphet_thoke\laphet_thoke_d9c59a919ccc.jpg,laphet_thoke,Laphet Thoke,Myanmar,train,224,224,700,467,bing,https://d27k8xmh3cuzik.cloudfront.net/wp-content/uploads/2018/05/Laphet-Thohk.jpg,d9c59a919cccbe98df9f71beb9a496b7f4ce41c4105b586c8f311d30eb905ac4,2026-07-02T17:24:31.137409+00:00
train\laphet_thoke\laphet_thoke_dea0a56f85a0.jpg,C:\Users\Pc\Documents\GitHub\FoodImage\dataset\train\laphet_thoke\laphet_thoke_dea0a56f85a0.jpg,laphet_thoke,Laphet Thoke,Myanmar,train,224,224,750,1125,bing,http://whattocooktoday.com/wp-content/uploads/2017/08/IMG_2343.jpg,dea0a56f85a036704a92284e7171aca2afff84595ba37372043c5bd7865c7edc,2026-07-02T17:24:31.137409+00:00
train\laphet_thoke\laphet_thoke_45dad20858bd.jpg,C:\Users\Pc\Documents\GitHub\FoodImage\dataset\train\laphet_thoke\laphet_thoke_45dad20858bd.jpg,laphet_thoke,Laphet Thoke,Myanmar,train,224,224,1024,768,bing,https://media.istockphoto.com/id/1184611778/photo/laphet-thoke.jpg?s=1024x1024&w=is&k=20&c=8tAYMm3wK0d1ExrHrwcExl0c9XYSoQ_O_3txlPg38H8=,45dad20858bdab97ef14e468ed7076e09e4aace757a8f3ae4647616bec682678,2026-07-02T17:24:31.137409+00:00
train\laphet_thoke\laphet_thoke_7328c769dfb3.jpg,C:\Users\Pc\Documents\GitHub\FoodImage\dataset\train\laphet_thoke\laphet_thoke_7328c769dfb3.jpg,laphet_thoke,Laphet Thoke,Myanmar,train,224,224,768,768,bing,https://thumbs.dreamstime.com/b/myanmar-lahpet-thoke-plate-lahpet-thoke-myanmar-s-famous-tea-leaf-salad-made-fermented-tea-leaves-crunchy-nuts-fried-360870954.jpg?w=768,7328c769dfb3bd1a875a0b065d74b2a27be02b3f8e7aab273eaa0f58164979fb,2026-07-02T17:24:31.137409+00:00
train\laphet_thoke\laphet_thoke_989424531d3d.jpg,C:\Users\Pc\Documents\GitHub\FoodImage\dataset\train\laphet_thoke\laphet_thoke_989424531d3d.jpg,laphet_thoke,Laphet Thoke,Myanmar,train,224,224,1300,956,bing,https://c8.alamy.com/comp/GNN52P/mandalay-lahpet-a-traditional-salad-made-with-fermented-tea-leaves-GNN52P.jpg,989424531d3d681a5b057bcffbd299240d2eba8425bb9f5de534b89f171b4e35,2026-07-02T17:24:31.137409+00:00
train\laphet_thoke\laphet_thoke_e4abe6a5d261.jpg,C:\Users\Pc\Documents\GitHub\FoodImage\dataset\train\laphet_thoke\laphet_thoke_e4abe6a5d261.jpg,laphet_thoke,Laphet Thoke,Myanmar,train,224,224,736,1308,bing,https://i.pinimg.com/736x/64/26/a9/6426a9c811ed3aa5d22eb444b247e8a4.jpg,e4abe6a5d261f6f343cfeb53d07e7b15ed2047257716292dc6ce2ac1a629dc13,2026-07-02T17:24:31.137409+00:00
train\laphet_thoke\laphet_thoke_db598cc4cd98.jpg,C:\Users\Pc\Documents\GitHub\FoodImage\dataset\train\laphet_thoke\laphet_thoke_db598cc4cd98.jpg,laphet_thoke,Laphet Thoke,Myanmar,train,224,224,800,530,bing,https://www.pronititravel.com/wp-content/uploads/2017/09/Laphet-Thoke-Tea-leaves-salad.jpg,db598cc4cd98f92f8e812470f61caaf021b669cafcab9b770cc7865ec64ded50,2026-07-02T17:24:31.137409+00:00
train\laphet_thoke\laphet_thoke_e6e7ba05d6f3.jpg,C:\Users\Pc\Documents\GitHub\FoodImage\dataset\train\laphet_thoke\laphet_thoke_e6e7ba05d6f3.jpg,laphet_thoke,Laphet Thoke,Myanmar,train,224,224,1280,720,bing,https://i.ytimg.com/vi/huwgevAcNWs/maxresdefault.jpg,e6e7ba05d6f338dc4f89252b5869646d07eac5ca66ba8173afc0899906bbc857,2026-07-02T17:24:31.137409+00:00
train\laphet_thoke\laphet_thoke_350b574caae5.jpg,C:\Users\Pc\Documents\GitHub\FoodImage\dataset\train\laphet_thoke\laphet_thoke_350b574caae5.jpg,laphet_thoke,Laphet Thoke,Myanmar,train,224,224,1280,720,bing,https://i.ytimg.com/vi/l4D6UfSwVaI/maxres2.jpg?sqp=-oaymwEoCIAKENAF8quKqQMcGADwAQH4Ac4FgALQBYoCDAgAEAEYfyBLKB8wDw==&rs=AOn4CLBcmKSI-0b-7KSKXRkkW6t3ky7fjQ,350b574caae5fc35b27dbf0992b3fb0689085c87f2cb0c5134be7f28e99fc65f,2026-07-02T17:24:31.137409+00:00
train\laphet_thoke\laphet_thoke_cb86e5b45c53.jpg,C:\Users\Pc\Documents\GitHub\FoodImage\dataset\train\laphet_thoke\laphet_thoke_cb86e5b45c53.jpg,laphet_thoke,Laphet Thoke,Myanmar,train,224,224,683,1024,bing,https://i.pinimg.com/originals/cd/f8/20/cdf820b761302b443796fd6ea88e2262.jpg,cb86e5b45c53a4ab06b3c18de33a52c6f7bd5f6bad569d9ec562e8f828ca939b,2026-07-02T17:24:31.137409+00:00
train\laphet_thoke\laphet_thoke_efe5843fe067.jpg,C:\Users\Pc\Documents\GitHub\FoodImage\dataset\train\laphet_thoke\laphet_thoke_efe5843fe067.jpg,laphet_thoke,Laphet Thoke,Myanmar,train,224,224,1024,683,bing,https://kwee.co/wp-content/uploads/2021/11/Laphet-Thoke-1024x683.jpg,efe5843fe06740c6dc9fc5abd285845874200db51099add6eba33f50dfa7c15c,2026-07-02T17:24:31.137409+00:00
train\laphet_thoke\laphet_thoke_3649926c95cd.jpg,C:\Users\Pc\Documents\GitHub\FoodImage\dataset\train\laphet_thoke\laphet_thoke_3649926c95cd.jpg,laphet_thoke,Laphet Thoke,Myanmar,train,224,224,350,280,bing,https://www.shutterstock.com/image-photo/tea-leaf-salad-lahpet-thoke-260nw-2223485489.jpg,3649926c95cded196fef36a75d0debdabe16021c31c94606507c3fe06283f09e,2026-07-02T17:24:31.137409+00:00
train\laphet_thoke\laphet_thoke_76ebc11c463b.jpg,C:\Users\Pc\Documents\GitHub\FoodImage\dataset\train\laphet_thoke\laphet_thoke_76ebc11c463b.jpg,laphet_thoke,Laphet Thoke,Myanmar,train,224,224,600,383,bing,https://www.shutterstock.com/image-photo/burmese-tea-leaf-salad-lahpet-600w-1917965462.jpg,76ebc11c463b5533e7b7afc0ea43c724b5f0288ac27b80a78f603676c7520de0,2026-07-02T17:24:31.137409+00:00
train\laphet_thoke\laphet_thoke_6defba7de696.jpg,C:\Users\Pc\Documents\GitHub\FoodImage\dataset\train\laphet_thoke\laphet_thoke_6defba7de696.jpg,laphet_thoke,Laphet Thoke,Myanmar,train,224,224,1300,956,bing,https://c8.alamy.com/comp/GNN530/mandalay-lahpet-a-traditional-salad-made-with-fermented-tea-leaves-GNN530.jpg,6defba7de6969cad9dba431e32c6ff98cd1573315c3393d5f56711d232a269e8,2026-07-02T17:24:31.137409+00:00
train\laphet_thoke\laphet_thoke_6e2257b571a8.jpg,C:\Users\Pc\Documents\GitHub\FoodImage\dataset\train\laphet_thoke\laphet_thoke_6e2257b571a8.jpg,laphet_thoke,Laphet Thoke,Myanmar,train,224,224,1280,720,bing,https://i.ytimg.com/vi/YVDetExsEBk/maxresdefault.jpg,6e2257b571a8164da50d256c4d4067d039b78fd8e0721f044eff7b77433b8a18,2026-07-02T17:24:31.137409+00:00
train\laphet_thoke\laphet_thoke_0be4e0dbfa37.jpg,C:\Users\Pc\Documents\GitHub\FoodImage\dataset\train\laphet_thoke\laphet_thoke_0be4e0dbfa37.jpg,laphet_thoke,Laphet Thoke,Myanmar,train,224,224,1361,2040,bing,https://thetasteedit.com/wp-content/uploads/2017/04/burma-superstar-fermented-tea-leaf-salad-hetastesf-07619-2.jpg,0be4e0dbfa379d4d7339528f44ebc518a506f627448ce3c75edb7771b53eb1bb,2026-07-02T17:24:31.137409+00:00
train\laphet_thoke\laphet_thoke_829c5d30f2c6.jpg,C:\Users\Pc\Documents\GitHub\FoodImage\dataset\train\laphet_thoke\laphet_thoke_829c5d30f2c6.jpg,laphet_thoke,Laphet Thoke,Myanmar,train,224,224,1920,1080,bing,https://bizweb.dktcdn.net/100/025/663/files/lahpet-thoke-6-min.jpg?v=1657269000128,829c5d30f2c68d0030efb5dbc0002caeadebc2675a0328a24438935c4eee24df,2026-07-02T17:24:31.137409+00:00
train\laphet_thoke\laphet_thoke_b10a8ebd3829.jpg,C:\Users\Pc\Documents\GitHub\FoodImage\dataset\train\laphet_thoke\laphet_thoke_b10a8ebd3829.jpg,laphet_thoke,Laphet Thoke,Myanmar,train,224,224,1600,1071,bing,https://4.bp.blogspot.com/-3iwTjr77uIw/WQlMQm9KRhI/AAAAAAAA2hE/HMHxkSIdt5ANpVudx_OcKgFZ81qZSNhvwCLcB/s1600/DSC_0089.JPG,b10a8ebd3829a2fcb0c00c32022a7d8d184a2485f8e66287583b57ff65a86d79,2026-07-02T17:24:31.137409+00:00
train\laphet_thoke\laphet_thoke_473d20ce1f36.jpg,C:\Users\Pc\Documents\GitHub\FoodImage\dataset\train\laphet_thoke\laphet_thoke_473d20ce1f36.jpg,laphet_thoke,Laphet Thoke,Myanmar,train,224,224,1300,956,bing,https://c8.alamy.com/comp/BJ69J1/myanmar-burma-lephet-fermented-tea-leaf-salad-BJ69J1.jpg,473d20ce1f36cf5e74c1ad34571457c6542d712dff24818c2e19ce4e25c9211a,2026-07-02T17:24:31.137409+00:00
train\laphet_thoke\laphet_thoke_ec9e353a2bb4.jpg,C:\Users\Pc\Documents\GitHub\FoodImage\dataset\train\laphet_thoke\laphet_thoke_ec9e353a2bb4.jpg,laphet_thoke,Laphet Thoke,Myanmar,train,224,224,640,853,bing,"https://cdn.thefork.com/tf-lab/image/upload/w_640,c_fill,q_auto,f_auto/customer/ad7d77c3-a6c1-4cdb-9ac5-0f1876a6e9c2/01f65ef5-b784-43f1-b876-42249400b525.jpg",ec9e353a2bb4cd5f233fff68f9cda5e8fc55d8d05d6535ae88b27019e5ba9c54,2026-07-02T17:24:31.137409+00:00
train\laphet_thoke\laphet_thoke_4021b641c7fc.jpg,C:\Users\Pc\Documents\GitHub\FoodImage\dataset\train\laphet_thoke\laphet_thoke_4021b641c7fc.jpg,laphet_thoke,Laphet Thoke,Myanmar,train,224,224,1600,1157,bing,https://thumbs.dreamstime.com/z/burmese-tea-leaf-salad-which-also-called-la-phat-thote-myanmar-one-my-favourite-food-mandalay-myanmarburma-th-oct-n-162288742.jpg,4021b641c7fc43303369a78b4bf95d32cddb917be29ec407cd1b11597fd8ee5d,2026-07-02T17:24:31.137409+00:00
train\laphet_thoke\laphet_thoke_6dad4a1a1407.jpg,C:\Users\Pc\Documents\GitHub\FoodImage\dataset\train\laphet_thoke\laphet_thoke_6dad4a1a1407.jpg,laphet_thoke,Laphet Thoke,Myanmar,train,224,224,3840,2880,bing,"https://res.cloudinary.com/the-infatuation/image/upload/c_fill,w_3840,ar_4:3,g_center,f_auto/images/burmasuperstar_tealeafsalad_1_rdzloc",6dad4a1a14073e5b61f5b017abb31b15a94494464e038468b72d446dfc159143,2026-07-02T17:24:31.137409+00:00
train\laphet_thoke\laphet_thoke_c765e63ccde0.jpg,C:\Users\Pc\Documents\GitHub\FoodImage\dataset\train\laphet_thoke\laphet_thoke_c765e63ccde0.jpg,laphet_thoke,Laphet Thoke,Myanmar,train,224,224,520,520,bing,"https://cdn.thefork.com/tf-lab/image/upload/w_520,h_520,c_fill,q_auto,f_auto/restaurant/ad7d77c3-a6c1-4cdb-9ac5-0f1876a6e9c2/47d117d2-ecdb-4111-a2c5-3ed5f818225d.jpg",c765e63ccde02042df5e87d88ecf5d452e390a7c67d08a7f5c893d8d48117d65,2026-07-02T17:24:31.137409+00:00
train\laphet_thoke\laphet_thoke_211fd5d2abb1.jpg,C:\Users\Pc\Documents\GitHub\FoodImage\dataset\train\laphet_thoke\laphet_thoke_211fd5d2abb1.jpg,laphet_thoke,Laphet Thoke,Myanmar,train,224,224,1024,1024,bing,https://soupchick.s3.amazonaws.com/wp-content/uploads/2024/06/07125824/Tea-Leaf-Salad-Recipe01.webp,211fd5d2abb1337d488f064cea31914f59ba15799cba89807e33f598f078c6e3,2026-07-02T17:24:31.137409+00:00
train\laphet_thoke\laphet_thoke_a4e226d69968.jpg,C:\Users\Pc\Documents\GitHub\FoodImage\dataset\train\laphet_thoke\laphet_thoke_a4e226d69968.jpg,laphet_thoke,Laphet Thoke,Myanmar,train,224,224,1224,1632,bing,https://i.pinimg.com/originals/93/aa/b8/93aab81d4e4e693f990ad2a3c1bd9741.jpg,a4e226d69968200c6065b55012a8d09e1a18f7447fac19d659dff22d124f2d1f,2026-07-02T17:24:31.137409+00:00
train\laphet_thoke\laphet_thoke_c1a2243b6160.jpg,C:\Users\Pc\Documents\GitHub\FoodImage\dataset\train\laphet_thoke\laphet_thoke_c1a2243b6160.jpg,laphet_thoke,Laphet Thoke,Myanmar,train,224,224,3840,2880,bing,"https://res.cloudinary.com/the-infatuation/image/upload/c_fill,w_3840,ar_4:3,g_center,f_auto/images/Tea_Leaf_Salad_Lahpet_Thohk_002_copy_cyneld",c1a2243b61600aa4084496fc457160f5f04aabc072a6eaaf873234d7465e5415,2026-07-02T17:24:31.137409+00:00
train\laphet_thoke\laphet_thoke_20a13e3d979e.jpg,C:\Users\Pc\Documents\GitHub\FoodImage\dataset\train\laphet_thoke\laphet_thoke_20a13e3d979e.jpg,laphet_thoke,Laphet Thoke,Myanmar,train,224,224,1000,560,bing,https://as1.ftcdn.net/jpg/12/01/07/36/1000_F_1201073681_SxZvUCDJSTwvYSpMsS2d7ETq4DEjgaf5.jpg,20a13e3d979e5133bfa3089ec1288e6fdd963ebca4e86fa45837a55eefd411c1,2026-07-02T17:24:31.137409+00:00
train\laphet_thoke\laphet_thoke_5ffc34f8831d.jpg,C:\Users\Pc\Documents\GitHub\FoodImage\dataset\train\laphet_thoke\laphet_thoke_5ffc34f8831d.jpg,laphet_thoke,Laphet Thoke,Myanmar,train,224,224,890,592,bing,https://i.guim.co.uk/img/media/ab27828e0bea2cf3029af944b9636fde8f4d97e1/229_180_5556_3691/master/5556.jpg?width=445&quality=45&auto=format&fit=max&dpr=2&s=3c50e9a85fb6e34103e657ea269b40bc,5ffc34f8831dd47b9d0adc3d8fe5dbe1d255993c697e01ce7de6992f6dd05781,2026-07-02T17:24:31.137409+00:00
train\laphet_thoke\laphet_thoke_e24ce6f72ab8.jpg,C:\Users\Pc\Documents\GitHub\FoodImage\dataset\train\laphet_thoke\laphet_thoke_e24ce6f72ab8.jpg,laphet_thoke,Laphet Thoke,Myanmar,train,224,224,612,612,bing,https://i.pinimg.com/originals/f7/9b/51/f79b51e564ba9fad486a448a92854c5b.jpg,e24ce6f72ab80aba8055bc0871a79b6155e851e6fe2e7097cca9c6591939ef5e,2026-07-02T17:24:31.137409+00:00
train\laphet_thoke\laphet_thoke_59de9de29fb7.jpg,C:\Users\Pc\Documents\GitHub\FoodImage\dataset\train\laphet_thoke\laphet_thoke_59de9de29fb7.jpg,laphet_thoke,Laphet Thoke,Myanmar,train,224,224,540,270,bing,https://cdns.klimg.com/merdeka.com/i/w/news/2014/11/25/463812/540x270/laphet-thohk-lezatnya-salad-daun-teh-khas-myanmar.jpg,59de9de29fb714eff516667157344b0e830de5742e33cf7be7c8d5a8857b7b07,2026-07-02T17:24:31.137409+00:00
train\laphet_thoke\laphet_thoke_59ffb6e7b57b.jpg,C:\Users\Pc\Documents\GitHub\FoodImage\dataset\train\laphet_thoke\laphet_thoke_59ffb6e7b57b.jpg,laphet_thoke,Laphet Thoke,Myanmar,train,224,224,5534,3689,bing,https://assets-global.website-files.com/5d581cdab5df918503634c95/5e220b6870a6792adf388e35_burma-tea-leaf-salad-4.jpg,59ffb6e7b57b58d7d4e518bbc4e12eb887d6b9c7c91d7e803b212eb00d15ce40,2026-07-02T17:24:31.137409+00:00
train\laphet_thoke\laphet_thoke_7bb8b2407e10.jpg,C:\Users\Pc\Documents\GitHub\FoodImage\dataset\train\laphet_thoke\laphet_thoke_7bb8b2407e10.jpg,laphet_thoke,Laphet Thoke,Myanmar,train,224,224,640,960,bing,https://i.pinimg.com/736x/fd/df/ef/fddfef1fb60e76207ce9e30b1cd9dbe8--yangon-burmese.jpg,7bb8b2407e107516bdf173936c5925aff426d10ffccff4d2f824ab4f11b12e21,2026-07-02T17:24:31.137409+00:00
train\laphet_thoke\laphet_thoke_96f8a9f2a9c7.jpg,C:\Users\Pc\Documents\GitHub\FoodImage\dataset\train\laphet_thoke\laphet_thoke_96f8a9f2a9c7.jpg,laphet_thoke,Laphet Thoke,Myanmar,train,224,224,667,500,bing,https://www.180c.fr/wp-content/uploads/2019/01/Lahpet-thohk-la-salade-de-thé-complète-de-Yangon-1-667x500.jpg,96f8a9f2a9c7f719800e28abe452af63250aaa7012f3842e7b6a795cfe5817c8,2026-07-02T17:24:31.137409+00:00
train\laphet_thoke\laphet_thoke_f168e0d2deb5.jpg,C:\Users\Pc\Documents\GitHub\FoodImage\dataset\train\laphet_thoke\laphet_thoke_f168e0d2deb5.jpg,laphet_thoke,Laphet Thoke,Myanmar,train,224,224,1300,951,bing,https://c8.alamy.com/comp/D4210D/tea-leaf-salad-or-lahpet-famous-cuisine-of-myanmar-D4210D.jpg,f168e0d2deb5ac72af1197a6bc9c0ee9d45e68ff69b3f17fddc5d84b3d1de443,2026-07-02T17:24:31.137409+00:00
train\laphet_thoke\laphet_thoke_d2d7a5a48f6b.jpg,C:\Users\Pc\Documents\GitHub\FoodImage\dataset\train\laphet_thoke\laphet_thoke_d2d7a5a48f6b.jpg,laphet_thoke,Laphet Thoke,Myanmar,train,224,224,753,1000,bing,https://as1.ftcdn.net/v2/jpg/08/12/51/58/1000_F_812515825_zwfF4wz5mZBUleWQMDjXIkDRPJchQhYo.jpg,d2d7a5a48f6b6fdd2d8a4d14e97a8bfd636957d4c211eef5f210832fef2de2e0,2026-07-02T17:24:31.137409+00:00
val\laphet_thoke\laphet_thoke_4ce13be40a0c.jpg,C:\Users\Pc\Documents\GitHub\FoodImage\dataset\val\laphet_thoke\laphet_thoke_4ce13be40a0c.jpg,laphet_thoke,Laphet Thoke,Myanmar,val,224,224,960,633,bing,https://api2.krua.co/wp-content/uploads/2022/02/RI1738_ImageBannerMobile_960x633_New_.jpg,4ce13be40a0c715d0a4fa2687f4c89de26ff258a6f55a7081eddcab1e33f8646,2026-07-02T17:24:31.137409+00:00
val\laphet_thoke\laphet_thoke_fe6262f59cb4.jpg,C:\Users\Pc\Documents\GitHub\FoodImage\dataset\val\laphet_thoke\laphet_thoke_fe6262f59cb4.jpg,laphet_thoke,Laphet Thoke,Myanmar,val,224,224,640,853,bing,"https://cdn.thefork.com/tf-lab/image/upload/w_640,c_fill,q_auto,f_auto/customer/ad7d77c3-a6c1-4cdb-9ac5-0f1876a6e9c2/5e6bb4a8-b5e6-483b-b854-4a922de10eb0.jpg",fe6262f59cb488c3ca85e95d4935e75f8b468fc65cced29219f6161ce59e3520,2026-07-02T17:24:31.137409+00:00
val\laphet_thoke\laphet_thoke_db3ab05c4783.jpg,C:\Users\Pc\Documents\GitHub\FoodImage\dataset\val\laphet_thoke\laphet_thoke_db3ab05c4783.jpg,laphet_thoke,Laphet Thoke,Myanmar,val,224,224,750,487,bing,https://misadventureswithandi.com/wp-content/uploads/2016/09/mandalay-tea-leaf-salad.jpg,db3ab05c47836c073fb4227a9a9dd43aa769b75c034aa5f603f5bf563f44ed93,2026-07-02T17:24:31.137409+00:00
val\laphet_thoke\laphet_thoke_be1da7a7afd2.jpg,C:\Users\Pc\Documents\GitHub\FoodImage\dataset\val\laphet_thoke\laphet_thoke_be1da7a7afd2.jpg,laphet_thoke,Laphet Thoke,Myanmar,val,224,224,640,729,bing,https://preview.redd.it/week-17-tea-burmese-tea-leaf-salad-meta-salads-v0-lqc3dx3i9pyc1.jpeg?width=640&crop=smart&auto=webp&s=cc3c9c5e1f43fa78e794805dccda45bb989172eb,be1da7a7afd2804d89fa5f14d5eb7fda4c481ea566a99130bec92e4b9b64cd07,2026-07-02T17:24:31.137409+00:00
val\laphet_thoke\laphet_thoke_6a5535c9961f.jpg,C:\Users\Pc\Documents\GitHub\FoodImage\dataset\val\laphet_thoke\laphet_thoke_6a5535c9961f.jpg,laphet_thoke,Laphet Thoke,Myanmar,val,224,224,1200,900,bing,https://images.deliveryhero.io/image/talabat/MenuItems/13_Lahpet_Thoke_638147543983404623.jpg,6a5535c9961ff9d4e82935c8da33d360abea1ff76c33c9d17fbf0b508105169f,2026-07-02T17:24:31.137409+00:00
val\laphet_thoke\laphet_thoke_d49146091cdf.jpg,C:\Users\Pc\Documents\GitHub\FoodImage\dataset\val\laphet_thoke\laphet_thoke_d49146091cdf.jpg,laphet_thoke,Laphet Thoke,Myanmar,val,224,224,735,596,bing,https://i.pinimg.com/736x/c6/24/f9/c624f94554423406337120fc3c2eb622.jpg,d49146091cdf31d282f78d4da775fb015e991b3f814a6003c4aad58ec5ebd7dd,2026-07-02T17:24:31.137409+00:00
val\laphet_thoke\laphet_thoke_ed60fa965c06.jpg,C:\Users\Pc\Documents\GitHub\FoodImage\dataset\val\laphet_thoke\laphet_thoke_ed60fa965c06.jpg,laphet_thoke,Laphet Thoke,Myanmar,val,224,224,768,768,bing,https://parade.com/.image/t_share/MTkwNTgwOTgyOTkwMDU0NTI1/burmese-tea-leaf-salad-burma-superstar-768x768.jpg,ed60fa965c06d7ebb8f08295d67820228dda10e38ab19f8c6a80a9199569c4aa,2026-07-02T17:24:31.137409+00:00
val\laphet_thoke\laphet_thoke_375f5edebbb2.jpg,C:\Users\Pc\Documents\GitHub\FoodImage\dataset\val\laphet_thoke\laphet_thoke_375f5edebbb2.jpg,laphet_thoke,Laphet Thoke,Myanmar,val,224,224,1200,630,bing,https://3.bp.blogspot.com/-VoSdv7-wUVM/T1kDGdSORrI/AAAAAAAAHL8/qOLzLrJnJKI/w1200-h630-p-k-no-nu/Salad2.jpg,375f5edebbb2a8460e40250661dd8c0fb5a1a02c3c8693cc371be1f8003a54c1,2026-07-02T17:24:31.137409+00:00
val\laphet_thoke\laphet_thoke_45899347de70.jpg,C:\Users\Pc\Documents\GitHub\FoodImage\dataset\val\laphet_thoke\laphet_thoke_45899347de70.jpg,laphet_thoke,Laphet Thoke,Myanmar,val,224,224,736,1104,bing,https://i.pinimg.com/originals/f7/04/9d/f7049de3df590d85342ef3194cf056ab.jpg,45899347de70783331c804967ab7661632e9259932fcbc5e0c7c303bfeb86079,2026-07-02T17:24:31.137409+00:00
val\laphet_thoke\laphet_thoke_4bba8e58f16c.jpg,C:\Users\Pc\Documents\GitHub\FoodImage\dataset\val\laphet_thoke\laphet_thoke_4bba8e58f16c.jpg,laphet_thoke,Laphet Thoke,Myanmar,val,224,224,816,612,bing,https://i.pinimg.com/originals/ba/05/ab/ba05abdd9249a933201c3e2202f3cd15.jpg,4bba8e58f16c96637624f6a6c48ac0e0f1b71cc240654a5be79f34cbf3a6fedf,2026-07-02T17:24:31.137409+00:00
val\laphet_thoke\laphet_thoke_9e80eddc9210.jpg,C:\Users\Pc\Documents\GitHub\FoodImage\dataset\val\laphet_thoke\laphet_thoke_9e80eddc9210.jpg,laphet_thoke,Laphet Thoke,Myanmar,val,224,224,4080,3072,bing,https://www.thechoppingblock.com/hubfs/Blog/salad in bowl.jpg,9e80eddc92104ff5b7de9b59b60dd5ab2aed8a717e83b52f2c0d91ab4aa758ed,2026-07-02T17:24:31.137409+00:00
val\laphet_thoke\laphet_thoke_a29b929e2050.jpg,C:\Users\Pc\Documents\GitHub\FoodImage\dataset\val\laphet_thoke\laphet_thoke_a29b929e2050.jpg,laphet_thoke,Laphet Thoke,Myanmar,val,224,224,1500,944,bing,https://www.shutterstock.com/shutterstock/photos/2416535679/display_1500/stock-photo-lahpet-thoke-recipe-or-fermented-tea-leaf-salad-a-traditional-myanmar-cuisine-dish-with-pickled-2416535679.jpg,a29b929e205001a5e0c646efdc67d7fa40a34595a321b7b7b2aca84d9fa3f16b,2026-07-02T17:24:31.137409+00:00
val\laphet_thoke\laphet_thoke_ecd5503297ae.jpg,C:\Users\Pc\Documents\GitHub\FoodImage\dataset\val\laphet_thoke\laphet_thoke_ecd5503297ae.jpg,laphet_thoke,Laphet Thoke,Myanmar,val,224,224,1024,683,bing,https://live.staticflickr.com/3467/3919800686_2eb781e71f_b.jpg,ecd5503297aea1a9e5cf8c06f3b1b9789a68ba949099a0d12e3a22dd952551e8,2026-07-02T17:24:31.137409+00:00
val\laphet_thoke\laphet_thoke_2e756593f477.jpg,C:\Users\Pc\Documents\GitHub\FoodImage\dataset\val\laphet_thoke\laphet_thoke_2e756593f477.jpg,laphet_thoke,Laphet Thoke,Myanmar,val,224,224,750,450,bing,https://www.itrip.id/asia/wp-content/uploads/2021/10/Laphet-Thohk.jpg,2e756593f477bb93685d7add3e77da60a9bf8e062bfc83624ed10175771e3537,2026-07-02T17:24:31.137409+00:00
val\laphet_thoke\laphet_thoke_caa75e73b6d0.jpg,C:\Users\Pc\Documents\GitHub\FoodImage\dataset\val\laphet_thoke\laphet_thoke_caa75e73b6d0.jpg,laphet_thoke,Laphet Thoke,Myanmar,val,224,224,1200,630,bing,https://img-global.cpcdn.com/recipes/561560c310fa7e69/1200x630cq70/photo.jpg,caa75e73b6d0326f7edb9d1dafd9c872d6e301950dd033387b908f917e0e022c,2026-07-02T17:24:31.137409+00:00
val\laphet_thoke\laphet_thoke_166f94868b47.jpg,C:\Users\Pc\Documents\GitHub\FoodImage\dataset\val\laphet_thoke\laphet_thoke_166f94868b47.jpg,laphet_thoke,Laphet Thoke,Myanmar,val,224,224,1080,720,bing,https://static.thehoneycombers.com/wp-content/uploads/sites/6/2020/07/club-rangoon-review-hong-kong-lahpet-tea-leaf-salad.jpg,166f94868b47abed21ecc93309c8b527ae71174664adc0c1ce3302738f3082d0,2026-07-02T17:24:31.137409+00:00
val\laphet_thoke\laphet_thoke_823e0d806912.jpg,C:\Users\Pc\Documents\GitHub\FoodImage\dataset\val\laphet_thoke\laphet_thoke_823e0d806912.jpg,laphet_thoke,Laphet Thoke,Myanmar,val,224,224,2000,1333,bing,https://headbox-media.imgix.net/spaces/40584/photos/756b4c38-814a-40ac-bfcf-dc46b09570c6_Lahpet WE Interior_040.jpg?auto=format&ar=3:2&fit=crop&q=60&ixlib=react-9.5.4,823e0d80691279b55795b3339e4c0158bf69d6a6e4858c42564fce57dc2f1e33,2026-07-02T17:24:31.137409+00:00
val\laphet_thoke\laphet_thoke_76f9c92122fc.jpg,C:\Users\Pc\Documents\GitHub\FoodImage\dataset\val\laphet_thoke\laphet_thoke_76f9c92122fc.jpg,laphet_thoke,Laphet Thoke,Myanmar,val,224,224,1024,1024,bing,https://www.nationalgerichtrezepte.de/wp-content/uploads/2025/03/nationalgericht-myanmar-tea-leaf-salad-1742525384-0af1.jpg,76f9c92122fce61fc1113b02518f7dd8b0e77ae8ff4ad6b35af3308441916f63,2026-07-02T17:24:31.137409+00:00
val\laphet_thoke\laphet_thoke_d40e18929064.jpg,C:\Users\Pc\Documents\GitHub\FoodImage\dataset\val\laphet_thoke\laphet_thoke_d40e18929064.jpg,laphet_thoke,Laphet Thoke,Myanmar,val,224,224,866,1390,bing,https://c8.alamy.com/comp/2AEDJG7/signature-tea-leaf-salad-lahpet-thohk-at-lahpet-shoreditch-london-uk-2AEDJG7.jpg,d40e18929064a099d5f9c92e83632811edb6a5a7d7fdb8e64bff33a403993024,2026-07-02T17:24:31.137409+00:00
val\laphet_thoke\laphet_thoke_e022982b1bfe.jpg,C:\Users\Pc\Documents\GitHub\FoodImage\dataset\val\laphet_thoke\laphet_thoke_e022982b1bfe.jpg,laphet_thoke,Laphet Thoke,Myanmar,val,224,224,800,449,bing,https://thumbs.dreamstime.com/b/burmese-tea-leaf-salad-lahpet-thoke-fermented-tea-leaves-nuts-seeds-served-wooden-bowl-traditional-burmese-tea-320154617.jpg,e022982b1bfe87ca0e4de963478ba1f8806158d3db57673a15e7c019d036ad1e,2026-07-02T17:24:31.137409+00:00
val\laphet_thoke\laphet_thoke_b4e61a523194.jpg,C:\Users\Pc\Documents\GitHub\FoodImage\dataset\val\laphet_thoke\laphet_thoke_b4e61a523194.jpg,laphet_thoke,Laphet Thoke,Myanmar,val,224,224,1024,572,bing,https://okuliner.com/wp-content/uploads/2026/04/Gemini_Generated_Image_w6xbktw6xbktw6xb-1024x572.png,b4e61a523194ee3faea1eaac6f9d760343d76fd05d607688e03db10c1dcb3a79,2026-07-02T17:24:31.137409+00:00
val\laphet_thoke\laphet_thoke_4c3a5a024d6f.jpg,C:\Users\Pc\Documents\GitHub\FoodImage\dataset\val\laphet_thoke\laphet_thoke_4c3a5a024d6f.jpg,laphet_thoke,Laphet Thoke,Myanmar,val,224,224,1300,996,bing,https://c8.alamy.com/comp/JYDHP4/tea-leaf-salad-or-lahpet-thoke-myanmar-JYDHP4.jpg,4c3a5a024d6fc5c6f998b1716c90735d6d1cc5f1c03e4c10a96f8c6750ad875e,2026-07-02T17:24:31.137409+00:00
val\laphet_thoke\laphet_thoke_6d649a49fa23.jpg,C:\Users\Pc\Documents\GitHub\FoodImage\dataset\val\laphet_thoke\laphet_thoke_6d649a49fa23.jpg,laphet_thoke,Laphet Thoke,Myanmar,val,224,224,576,765,bing,https://thumbs.dreamstime.com/z/burmese-tea-leaf-salad-lahpet-thoke-fermented-leaves-nuts-seeds-served-wooden-bowl-traditional-flavorful-dish-317794777.jpg?w=576,6d649a49fa23712a7075ec3631e8db7a69af3fae9115df61b95f8138b984f691,2026-07-02T17:24:31.137409+00:00
val\laphet_thoke\laphet_thoke_b29fac9086ee.jpg,C:\Users\Pc\Documents\GitHub\FoodImage\dataset\val\laphet_thoke\laphet_thoke_b29fac9086ee.jpg,laphet_thoke,Laphet Thoke,Myanmar,val,224,224,1024,1024,bing,https://www.opodo.co.uk/blog/wp-content/uploads/sites/12/2016/08/lephet-1024x1024.jpg,b29fac9086ee1174aab5dc555bad91744ec8bc4e332eef01a20a49a6d9377373,2026-07-02T17:24:31.137409+00:00
val\laphet_thoke\laphet_thoke_31088a9c2b23.jpg,C:\Users\Pc\Documents\GitHub\FoodImage\dataset\val\laphet_thoke\laphet_thoke_31088a9c2b23.jpg,laphet_thoke,Laphet Thoke,Myanmar,val,224,224,630,420,bing,https://www.gomyanmartours.com/wp-content/uploads/2014/11/Laphet-Thoke-salad-best-food-in-Myanmar.jpg,31088a9c2b2396ae5f0c14fea399325aba9f13d9b8c59230493f995823b82071,2026-07-02T17:24:31.137409+00:00
val\laphet_thoke\laphet_thoke_b4873b80769b.jpg,C:\Users\Pc\Documents\GitHub\FoodImage\dataset\val\laphet_thoke\laphet_thoke_b4873b80769b.jpg,laphet_thoke,Laphet Thoke,Myanmar,val,224,224,3840,2880,bing,"https://res.cloudinary.com/the-infatuation/image/upload/c_fill,w_3840,ar_4:3,g_center,f_auto/images/IMG_7383_lenaw7",b4873b80769be90f508a69f8a19dab7950966175676a8218d42de2f0b4e82a10,2026-07-02T17:24:31.137409+00:00
val\laphet_thoke\laphet_thoke_6489cdc64cd2.jpg,C:\Users\Pc\Documents\GitHub\FoodImage\dataset\val\laphet_thoke\laphet_thoke_6489cdc64cd2.jpg,laphet_thoke,Laphet Thoke,Myanmar,val,224,224,1071,1600,bing,https://2.bp.blogspot.com/-r9MeTe7Q_iw/T1Wd49_wSsI/AAAAAAAAHLk/UlWvU40sfy0/s1600/Tea2.jpg,6489cdc64cd27b1d248890694b99d448fa66d4d85bbf40d530afa92b4df044c9,2026-07-02T17:24:31.137409+00:00
val\laphet_thoke\laphet_thoke_f45832bd9403.jpg,C:\Users\Pc\Documents\GitHub\FoodImage\dataset\val\laphet_thoke\laphet_thoke_f45832bd9403.jpg,laphet_thoke,Laphet Thoke,Myanmar,val,224,224,1200,900,bing,https://dontstopliving.net/wp-content/uploads/2013/08/DSC00626.jpg,f45832bd9403f5375c65ef823264483b049aafd0ef181fdbd07906e5399ecf5f,2026-07-02T17:24:31.137409+00:00
val\laphet_thoke\laphet_thoke_d902af2e5099.jpg,C:\Users\Pc\Documents\GitHub\FoodImage\dataset\val\laphet_thoke\laphet_thoke_d902af2e5099.jpg,laphet_thoke,Laphet Thoke,Myanmar,val,224,224,1205,1690,bing,https://thumbs.dreamstime.com/z/burmese-tea-leaf-salad-lahpet-thoke-fermented-leaves-nuts-seeds-served-wooden-bowl-traditional-flavorful-dish-317794777.jpg,d902af2e5099a667d0cbfb8eb6bba044016c74d64f98aee32f27c4404511024f,2026-07-02T17:24:31.137409+00:00
val\laphet_thoke\laphet_thoke_a34cdd9d07cf.jpg,C:\Users\Pc\Documents\GitHub\FoodImage\dataset\val\laphet_thoke\laphet_thoke_a34cdd9d07cf.jpg,laphet_thoke,Laphet Thoke,Myanmar,val,224,224,800,532,bing,https://thumbs.dreamstime.com/b/myanmar-fermented-tea-leaves-salad-lahpet-myanmar-fermented-tea-leaves-salad-lahpet-famous-cuisine-myanmar-105331970.jpg,a34cdd9d07cf870c751067204f8b3d016c194b64ac8a827f3001b4254d61d836,2026-07-02T17:24:31.137409+00:00
val\laphet_thoke\laphet_thoke_03f52c8e5b12.jpg,C:\Users\Pc\Documents\GitHub\FoodImage\dataset\val\laphet_thoke\laphet_thoke_03f52c8e5b12.jpg,laphet_thoke,Laphet Thoke,Myanmar,val,224,224,1280,720,bing,https://images.sbs.com.au/dims4/default/5b77eb3/2147483647/strip/true/crop/1500x844+0+79/resize/1280x720!/quality/90/?url=http:%2F%2Fsbs-au-brightspot.s3.amazonaws.com%2Fdrupal%2Ffood%2Fpublic%2Frx084_vip_6_of_6.jpg&imwidth=1280,03f52c8e5b124c65496300ce290416b14309964925bd557101669098deec7632,2026-07-02T17:24:31.137409+00:00
val\laphet_thoke\laphet_thoke_b358c627644a.jpg,C:\Users\Pc\Documents\GitHub\FoodImage\dataset\val\laphet_thoke\laphet_thoke_b358c627644a.jpg,laphet_thoke,Laphet Thoke,Myanmar,val,224,224,348,280,bing,https://www.shutterstock.com/image-photo/tea-leaf-salad-lahpet-thoke-260nw-2223485491.jpg,b358c627644ac41e2cfb792cb3f4afe5b74c278f1d1f360f0c70eb7e81a5e1a6,2026-07-02T17:24:31.137409+00:00
val\laphet_thoke\laphet_thoke_061e0fac5e80.jpg,C:\Users\Pc\Documents\GitHub\FoodImage\dataset\val\laphet_thoke\laphet_thoke_061e0fac5e80.jpg,laphet_thoke,Laphet Thoke,Myanmar,val,224,224,736,736,bing,https://i.pinimg.com/736x/65/67/78/656778b4e101fffe53d8a4209111ab10.jpg,061e0fac5e80931346a2bc574fda983d38e627edbd1b6fec306e471a6e05149b,2026-07-02T17:24:31.137409+00:00
val\laphet_thoke\laphet_thoke_96cd0eba3cfe.jpg,C:\Users\Pc\Documents\GitHub\FoodImage\dataset\val\laphet_thoke\laphet_thoke_96cd0eba3cfe.jpg,laphet_thoke,Laphet Thoke,Myanmar,val,224,224,768,641,bing,http://blog.carnetsdasie.com/wp-content/uploads/LahpetThoke1-768x641.png,96cd0eba3cfecb99997b10bce62dc91f5b338e769736a868f40983e388dce34a,2026-07-02T17:24:31.137409+00:00
val\laphet_thoke\laphet_thoke_26ea25830e66.jpg,C:\Users\Pc\Documents\GitHub\FoodImage\dataset\val\laphet_thoke\laphet_thoke_26ea25830e66.jpg,laphet_thoke,Laphet Thoke,Myanmar,val,224,224,1200,1800,bing,https://www.veggiessavetheday.com/wp-content/uploads/2021/09/Burma-Superstar-Tea-Leaf-Salad-Ingredients.jpg,26ea25830e66995ed3c3cc965007a73a379737a6f046b119cd141076ea359080,2026-07-02T17:24:31.137409+00:00
val\laphet_thoke\laphet_thoke_f1daa8c94424.jpg,C:\Users\Pc\Documents\GitHub\FoodImage\dataset\val\laphet_thoke\laphet_thoke_f1daa8c94424.jpg,laphet_thoke,Laphet Thoke,Myanmar,val,224,224,980,980,bing,"https://static.wixstatic.com/media/0c93f4_7d8a29bbcd8a4011a184e4a8a523d765~mv2.png/v1/fill/w_980,h_980,al_c,q_90,usm_0.66_1.00_0.01,enc_avif,quality_auto/0c93f4_7d8a29bbcd8a4011a184e4a8a523d765~mv2.png",f1daa8c9442421afca27a25dc84621e9639eb4ffc08b2e0cf5770c1499381f13,2026-07-02T17:24:31.137409+00:00
val\laphet_thoke\laphet_thoke_823ae815bf3b.jpg,C:\Users\Pc\Documents\GitHub\FoodImage\dataset\val\laphet_thoke\laphet_thoke_823ae815bf3b.jpg,laphet_thoke,Laphet Thoke,Myanmar,val,224,224,1400,855,bing,https://cdn-d12srav5gxm0re.maxsold.com/auctionimages/103453/1763142359/wvintage_myanmar_bowl-79-7.jpeg,823ae815bf3bd72ccdba9b308bbbd01d2ba7fc948c247eb26de6271d676cbec6,2026-07-02T17:24:31.137409+00:00
val\laphet_thoke\laphet_thoke_265d810f62ff.jpg,C:\Users\Pc\Documents\GitHub\FoodImage\dataset\val\laphet_thoke\laphet_thoke_265d810f62ff.jpg,laphet_thoke,Laphet Thoke,Myanmar,val,224,224,2048,2048,bing,https://plov.lt/wp-content/uploads/2023/12/Laphet-Thoke-lengva-arbata.jpg,265d810f62ff9d84da3558c6431f584fb2697aba180225ffb35e1b6c428e3889,2026-07-02T17:24:31.137409+00:00
val\laphet_thoke\laphet_thoke_d28db6634cc6.jpg,C:\Users\Pc\Documents\GitHub\FoodImage\dataset\val\laphet_thoke\laphet_thoke_d28db6634cc6.jpg,laphet_thoke,Laphet Thoke,Myanmar,val,224,224,445,334,bing,https://thesmartlocal.com/wp-content/uploads/2013/07/images_easyblog_images_731_b2ap3_thumbnail_Street-Food-Lahpet-01_20130714-090644_1-445x334.jpg,d28db6634cc6cb4c5997547111f22e5b219cd5ae02ac26314c61f0be89305e41,2026-07-02T17:24:31.137409+00:00
val\laphet_thoke\laphet_thoke_78dfdad07366.jpg,C:\Users\Pc\Documents\GitHub\FoodImage\dataset\val\laphet_thoke\laphet_thoke_78dfdad07366.jpg,laphet_thoke,Laphet Thoke,Myanmar,val,224,224,675,900,bing,https://burmawalakitchen.com/wp-content/uploads/2024/07/4-900x900.jpg,78dfdad073665865ec2ef1936648ae2a628d2d455eb451756fe8489dd3c8a377,2026-07-02T17:24:31.137409+00:00
val\laphet_thoke\laphet_thoke_a97f154be019.jpg,C:\Users\Pc\Documents\GitHub\FoodImage\dataset\val\laphet_thoke\laphet_thoke_a97f154be019.jpg,laphet_thoke,Laphet Thoke,Myanmar,val,224,224,1500,1101,bing,https://www.shutterstock.com/shutterstock/photos/1565039518/display_1500/stock-photo-myanmar-burmese-traditional-tea-leaf-salad-close-up-1565039518.jpg,a97f154be01955955df7cc3b971adb4ffd53f7dbb7bd1a375f6e17a90ee4d900,2026-07-02T17:24:31.137409+00:00
val\laphet_thoke\laphet_thoke_b84649c98dd0.jpg,C:\Users\Pc\Documents\GitHub\FoodImage\dataset\val\laphet_thoke\laphet_thoke_b84649c98dd0.jpg,laphet_thoke,Laphet Thoke,Myanmar,val,224,224,4928,3285,bing,https://jfwonline.com/wp-content/uploads/2019/04/Salad.jpg,b84649c98dd0364744dbf96dca0a1bcd65145286c6c8fa4c1ffc23f8948cc916,2026-07-02T17:24:31.137409+00:00
val\laphet_thoke\laphet_thoke_65dc33fc5c5e.jpg,C:\Users\Pc\Documents\GitHub\FoodImage\dataset\val\laphet_thoke\laphet_thoke_65dc33fc5c5e.jpg,laphet_thoke,Laphet Thoke,Myanmar,val,224,224,1331,1351,bing,https://numitea.com/cdn/shop/articles/tea-leaf-salad-pin-e1633040126102_2048x2048.webp?v=1708125306,65dc33fc5c5e7ba9df21301a333c8b1e1070072015cad69fd7452d91d3a00b52,2026-07-02T17:24:31.137409+00:00
val\laphet_thoke\laphet_thoke_7508fcc78faf.jpg,C:\Users\Pc\Documents\GitHub\FoodImage\dataset\val\laphet_thoke\laphet_thoke_7508fcc78faf.jpg,laphet_thoke,Laphet Thoke,Myanmar,val,224,224,1600,1067,bing,https://1.bp.blogspot.com/-_RWjK6YWits/UWGfp2NCN_I/AAAAAAAAB1g/cH4to5_eHSo/s1600/IMG_3760_3.JPG,7508fcc78fafc2eb94774a2597b72e799fb280c88555d45d828458bc653e1883,2026-07-02T17:24:31.137409+00:00
val\laphet_thoke\laphet_thoke_52f82f597786.jpg,C:\Users\Pc\Documents\GitHub\FoodImage\dataset\val\laphet_thoke\laphet_thoke_52f82f597786.jpg,laphet_thoke,Laphet Thoke,Myanmar,val,224,224,736,736,bing,https://i.pinimg.com/736x/28/d9/a5/28d9a5e4d5f12e9f5a5228b1a3b1afb3.jpg,52f82f5977867291f8e3d2cc33e5731f27911d8a13cd2cd1440653ffdcfd02cf,2026-07-02T17:24:31.137409+00:00
val\laphet_thoke\laphet_thoke_d67c33e02422.jpg,C:\Users\Pc\Documents\GitHub\FoodImage\dataset\val\laphet_thoke\laphet_thoke_d67c33e02422.jpg,laphet_thoke,Laphet Thoke,Myanmar,val,224,224,1200,600,bing,https://www.7x7.com/media-library/image.jpg?id=8197006&width=1200&coordinates=0%2C64%2C0%2C76&height=600,d67c33e0242221bf70977527e7d3c5c5a253e8cd92cdd86177ad85541806ef77,2026-07-02T17:24:31.137409+00:00
val\laphet_thoke\laphet_thoke_c4620625ce77.jpg,C:\Users\Pc\Documents\GitHub\FoodImage\dataset\val\laphet_thoke\laphet_thoke_c4620625ce77.jpg,laphet_thoke,Laphet Thoke,Myanmar,val,224,224,600,900,bing,https://thumbs.dreamstime.com/b/lahpet-burmese-tea-leaf-salad-served-deep-fried-garlic-peanut-white-sesame-dried-shrimp-ginger-roasted-coconut-lahpet-119261483.jpg,c4620625ce77e351c7323e03ede836db2fb716cffdc0802ce2fa56c3eee18f21,2026-07-02T17:24:31.137409+00:00
val\laphet_thoke\laphet_thoke_42c3b7deb6fb.jpg,C:\Users\Pc\Documents\GitHub\FoodImage\dataset\val\laphet_thoke\laphet_thoke_42c3b7deb6fb.jpg,laphet_thoke,Laphet Thoke,Myanmar,val,224,224,1500,1011,bing,https://www.shutterstock.com/shutterstock/photos/1917310304/display_1500/stock-photo-burmese-tea-leaf-salad-mixed-ingredient-lahpet-thoke-is-the-name-ofx-the-famous-fermented-from-myan-1917310304.jpg,42c3b7deb6fb74ca2ea2fb80b9bf1918016b2054eff1b85ebc6a09e12de61e86,2026-07-02T17:24:31.137409+00:00
test\laphet_thoke\laphet_thoke_f1e1f6b4fdfc.jpg,C:\Users\Pc\Documents\GitHub\FoodImage\dataset\test\laphet_thoke\laphet_thoke_f1e1f6b4fdfc.jpg,laphet_thoke,Laphet Thoke,Myanmar,test,224,224,1280,720,bing,https://i.ytimg.com/vi/texcSkzwUJs/maxresdefault.jpg,f1e1f6b4fdfc2aafaf3a6fa6c17dab3798058e5a235b0803a8e730d13d815568,2026-07-02T17:24:31.137409+00:00
test\laphet_thoke\laphet_thoke_5caf2bb651cd.jpg,C:\Users\Pc\Documents\GitHub\FoodImage\dataset\test\laphet_thoke\laphet_thoke_5caf2bb651cd.jpg,laphet_thoke,Laphet Thoke,Myanmar,test,224,224,2000,1143,bing,https://img.apmcdn.org/060479582e53db808c2d64b7e68c64a01d160020/uncropped/d7dcb3-splendid-table-tea-leaf-salad-1-lede.jpg,5caf2bb651cd47578a33063bb13b47238188b9fce73aea85a8a011e91642b249,2026-07-02T17:24:31.137409+00:00
test\laphet_thoke\laphet_thoke_4a4822563983.jpg,C:\Users\Pc\Documents\GitHub\FoodImage\dataset\test\laphet_thoke\laphet_thoke_4a4822563983.jpg,laphet_thoke,Laphet Thoke,Myanmar,test,224,224,1600,1196,bing,https://thumbs.dreamstime.com/z/burmese-myanmar-tea-leaf-salad-called-lahpet-thoke-recipe-djenkol-bean-slices-304054360.jpg,4a4822563983b0b9787008ca022d24d222bbefd860db26227abe6c093915bc22,2026-07-02T17:24:31.137409+00:00
test\laphet_thoke\laphet_thoke_22e7af86d5a8.jpg,C:\Users\Pc\Documents\GitHub\FoodImage\dataset\test\laphet_thoke\laphet_thoke_22e7af86d5a8.jpg,laphet_thoke,Laphet Thoke,Myanmar,test,224,224,1300,956,bing,https://c8.alamy.com/comp/GNN534/mandalay-lahpet-a-traditional-salad-made-with-fermented-tea-leaves-GNN534.jpg,22e7af86d5a8f6a1eaa17d83ee3aac0130cd310bcb898047763ae050e9e18620,2026-07-02T17:24:31.137409+00:00
test\laphet_thoke\laphet_thoke_ac9842fb553e.jpg,C:\Users\Pc\Documents\GitHub\FoodImage\dataset\test\laphet_thoke\laphet_thoke_ac9842fb553e.jpg,laphet_thoke,Laphet Thoke,Myanmar,test,224,224,1024,683,bing,https://i1.wp.com/farm8.staticflickr.com/7405/16387899278_455c343c0a_b.jpg?resize=1024%2C683&ssl=1,ac9842fb553e7a7f69c915ee027a37dd97fd7d2d64248a66872319e7a917282e,2026-07-02T17:24:31.137409+00:00
test\laphet_thoke\laphet_thoke_1a93e3677ad0.jpg,C:\Users\Pc\Documents\GitHub\FoodImage\dataset\test\laphet_thoke\laphet_thoke_1a93e3677ad0.jpg,laphet_thoke,Laphet Thoke,Myanmar,test,224,224,2480,3076,bing,https://tastecooking.com/wp-content/uploads/2017/04/Tan_Burma-Superstar.jpg,1a93e3677ad00b0cf0a20f51d2a74a704cc8e5bd5a4fcfa2a1e23ef532c4c8cb,2026-07-02T17:24:31.137409+00:00
test\laphet_thoke\laphet_thoke_d1bbd078447f.jpg,C:\Users\Pc\Documents\GitHub\FoodImage\dataset\test\laphet_thoke\laphet_thoke_d1bbd078447f.jpg,laphet_thoke,Laphet Thoke,Myanmar,test,224,224,1080,1080,bing,https://blogger.googleusercontent.com/img/b/R29vZ2xl/AVvXsEgRxgIXdmJ1liN92ZA7p31ljoLrxIs0rPFQGjLsmzQXzZlx-1mWWvXxuEN8VKWGqswLmSO8uA58RrhLgmHQYKpR3n_zDdBrbthwNMzmzAtBDvDMHLfyaeiAgtLPV90VyVa7mjnnj39PnylDVqjXI5ePkPIqhm2pCPVwqMM-VKmzfmXPsSb7GFbnWhTXC8BZ/s1080/459654799_18434428303071957_4168158413485230077_n.jpg,d1bbd078447fda44adc5851fe9cb061eb7466c13a98e3e5d725c468188fcccbd,2026-07-02T17:24:31.137409+00:00
test\laphet_thoke\laphet_thoke_da749b770da5.jpg,C:\Users\Pc\Documents\GitHub\FoodImage\dataset\test\laphet_thoke\laphet_thoke_da749b770da5.jpg,laphet_thoke,Laphet Thoke,Myanmar,test,224,224,580,585,bing,https://whattocooktoday.com/wp-content/uploads/2013/08/IMG_0096-580x585.jpg,da749b770da58f3d923b781dc86009e32712655e00161a42f58aaa8c0d62b1c9,2026-07-02T17:24:31.137409+00:00
test\laphet_thoke\laphet_thoke_b7f93686b35a.jpg,C:\Users\Pc\Documents\GitHub\FoodImage\dataset\test\laphet_thoke\laphet_thoke_b7f93686b35a.jpg,laphet_thoke,Laphet Thoke,Myanmar,test,224,224,900,1200,bing,https://dontstopliving.net/wp-content/uploads/2013/08/DSC00628.jpg,b7f93686b35aa02835a96f258ea72c05cf410791d1794ed95d5036230c41a34a,2026-07-02T17:24:31.137409+00:00
test\laphet_thoke\laphet_thoke_64243a3b9379.jpg,C:\Users\Pc\Documents\GitHub\FoodImage\dataset\test\laphet_thoke\laphet_thoke_64243a3b9379.jpg,laphet_thoke,Laphet Thoke,Myanmar,test,224,224,1024,683,bing,https://holisticchefacademy.com/wp-content/uploads/2021/06/tea-picking-1200-800-1024x683.jpg,64243a3b9379887d6da018452cb83ce87aed4e01b973b092f94dd578fecf7290,2026-07-02T17:24:31.137409+00:00
test\laphet_thoke\laphet_thoke_35e34d1eaea7.jpg,C:\Users\Pc\Documents\GitHub\FoodImage\dataset\test\laphet_thoke\laphet_thoke_35e34d1eaea7.jpg,laphet_thoke,Laphet Thoke,Myanmar,test,224,224,1000,1333,bing,https://i.pinimg.com/originals/6f/84/7c/6f847cdee35fd049f141bc5d1444e8f4.jpg,35e34d1eaea70b330760740d878ba62af7cffba79a2d20063101c03f7c716645,2026-07-02T17:24:31.137409+00:00
test\laphet_thoke\laphet_thoke_f4d1996b6b55.jpg,C:\Users\Pc\Documents\GitHub\FoodImage\dataset\test\laphet_thoke\laphet_thoke_f4d1996b6b55.jpg,laphet_thoke,Laphet Thoke,Myanmar,test,224,224,1333,889,bing,https://headbox-media.imgix.net/spaces/40584/photos/7e2ed1d7-fb11-4c11-a73e-3522fd2b4ee7_LahpetWE_Terrace_003.jpg?auto=format&ar=3:2&fit=crop&q=60&ixlib=react-9.5.4,f4d1996b6b55a458707120cedfb01ab8cf452b92d5434d6e35a59854d04d2836,2026-07-02T17:24:31.137409+00:00
test\laphet_thoke\laphet_thoke_c52c5db2d46a.jpg,C:\Users\Pc\Documents\GitHub\FoodImage\dataset\test\laphet_thoke\laphet_thoke_c52c5db2d46a.jpg,laphet_thoke,Laphet Thoke,Myanmar,test,224,224,1080,1011,bing,https://img.ifunny.co/images/ed91e42f7c760312994f5d7b7f09362ef3a6c8ca60dbf90ba59d7a888e4ef3fb_1.jpg,c52c5db2d46a2f4ebaf0bd78c38230f3ec50297b49701bef5567e7470654cff8,2026-07-02T17:24:31.137409+00:00
test\laphet_thoke\laphet_thoke_65edaf0055c9.jpg,C:\Users\Pc\Documents\GitHub\FoodImage\dataset\test\laphet_thoke\laphet_thoke_65edaf0055c9.jpg,laphet_thoke,Laphet Thoke,Myanmar,test,224,224,1280,720,bing,https://i3.ytimg.com/vi/HLHWE4y1JhQ/maxresdefault.jpg,65edaf0055c927d70aec63bb9629322a16dddca402aa2d0d895531f8cf27e52b,2026-07-02T17:24:31.137409+00:00
test\laphet_thoke\laphet_thoke_ce941d898dd9.jpg,C:\Users\Pc\Documents\GitHub\FoodImage\dataset\test\laphet_thoke\laphet_thoke_ce941d898dd9.jpg,laphet_thoke,Laphet Thoke,Myanmar,test,224,224,1727,1151,bing,https://clubrangoon.com.hk/wp-content/uploads/2025/04/lahpet-thoke-tea-leaf-salad-recipe-1745488479.jpg,ce941d898dd90340ab852a4f2ec2e43651585393a5f6bc96e058a64f9c5ca610,2026-07-02T17:24:31.137409+00:00
test\laphet_thoke\laphet_thoke_ce55d463aec3.jpg,C:\Users\Pc\Documents\GitHub\FoodImage\dataset\test\laphet_thoke\laphet_thoke_ce55d463aec3.jpg,laphet_thoke,Laphet Thoke,Myanmar,test,224,224,600,900,bing,https://www.196flavors.com/wp-content/uploads/2016/10/lahpet-thoke-fermented-tea-leaf-salad-3.jpg,ce55d463aec3bf3d64f6d1059ab5d343613e54e9443fb1aa55b5fff17e8a7828,2026-07-02T17:24:31.137409+00:00
test\laphet_thoke\laphet_thoke_90cbc1190b0b.jpg,C:\Users\Pc\Documents\GitHub\FoodImage\dataset\test\laphet_thoke\laphet_thoke_90cbc1190b0b.jpg,laphet_thoke,Laphet Thoke,Myanmar,test,224,224,769,1024,bing,https://burmawalakitchen.com/wp-content/uploads/2024/09/Mutton-liver-1-769x1024.jpg,90cbc1190b0b64ff2e9a20ce56d7f0b31722116add3761dc0c86f2b9a7d8266d,2026-07-02T17:24:31.137409+00:00
test\laphet_thoke\laphet_thoke_e24e680a9bd6.jpg,C:\Users\Pc\Documents\GitHub\FoodImage\dataset\test\laphet_thoke\laphet_thoke_e24e680a9bd6.jpg,laphet_thoke,Laphet Thoke,Myanmar,test,224,224,584,389,bing,https://i.pinimg.com/originals/a0/f8/7b/a0f87b725d8655747d1f9cdd726865f6.jpg,e24e680a9bd6cf50a1058428fe6bd9bda3987c8fbb6791de80cd794bc62c87ee,2026-07-02T17:24:31.137409+00:00
test\laphet_thoke\laphet_thoke_81f72677528b.jpg,C:\Users\Pc\Documents\GitHub\FoodImage\dataset\test\laphet_thoke\laphet_thoke_81f72677528b.jpg,laphet_thoke,Laphet Thoke,Myanmar,test,224,224,1280,720,bing,https://i.ytimg.com/vi/2jbrx1ECnEk/maxresdefault.jpg,81f72677528bd18c7f2f2908cdea1fe1b6d5a79e64c2268d801a763758661bcd,2026-07-02T17:24:31.137409+00:00
test\laphet_thoke\laphet_thoke_6e0bdbc3abe6.jpg,C:\Users\Pc\Documents\GitHub\FoodImage\dataset\test\laphet_thoke\laphet_thoke_6e0bdbc3abe6.jpg,laphet_thoke,Laphet Thoke,Myanmar,test,224,224,1200,628,bing,https://assets.st-note.com/production/uploads/images/161242362/rectangle_large_type_2_4304cb264881ebfed826e5144432a7d7.jpeg?width=1200,6e0bdbc3abe689b102d816b311d8b52fbd304cf41e09fb4e357c53e8b52e3c8c,2026-07-02T17:24:31.137409+00:00
test\laphet_thoke\laphet_thoke_a41b390c08af.jpg,C:\Users\Pc\Documents\GitHub\FoodImage\dataset\test\laphet_thoke\laphet_thoke_a41b390c08af.jpg,laphet_thoke,Laphet Thoke,Myanmar,test,224,224,479,318,bing,https://i.pinimg.com/736x/70/44/10/704410a4861ebc4b42e121f5aff91aee.jpg,a41b390c08af07020388e99784305c5ff8aeb666dccf757e7289f6d0c8dbbd12,2026-07-02T17:24:31.137409+00:00
test\laphet_thoke\laphet_thoke_bb55505da27e.jpg,C:\Users\Pc\Documents\GitHub\FoodImage\dataset\test\laphet_thoke\laphet_thoke_bb55505da27e.jpg,laphet_thoke,Laphet Thoke,Myanmar,test,224,224,1024,1024,bing,https://holisticchefacademy.com/wp-content/uploads/2024/12/teff-pancakes-1200-1200-1024x1024.jpg,bb55505da27e8089d05f9e62b30aac1621c08bdaada69e3cf339d12086c6f033,2026-07-02T17:24:31.137409+00:00
test\laphet_thoke\laphet_thoke_4caa87288d86.jpg,C:\Users\Pc\Documents\GitHub\FoodImage\dataset\test\laphet_thoke\laphet_thoke_4caa87288d86.jpg,laphet_thoke,Laphet Thoke,Myanmar,test,224,224,1280,720,bing,https://i.ytimg.com/vi/Al1lmhbKK0U/maxresdefault.jpg,4caa87288d868f2884003a276f46544228d5f0d162192358fda76fa97572ab6b,2026-07-02T17:24:31.137409+00:00
test\laphet_thoke\laphet_thoke_d6f8b866eddf.jpg,C:\Users\Pc\Documents\GitHub\FoodImage\dataset\test\laphet_thoke\laphet_thoke_d6f8b866eddf.jpg,laphet_thoke,Laphet Thoke,Myanmar,test,224,224,828,907,bing,https://static.mothership.sg/1/2023/08/Laphet-Nay-Wai-Thoke-–-Tea-Leaf.jpg,d6f8b866eddfc979b6d0b75d152cb3a4930bec4170d2cae3c70046b12d20e2c7,2026-07-02T17:24:31.137409+00:00
test\laphet_thoke\laphet_thoke_4767ec287f6e.jpg,C:\Users\Pc\Documents\GitHub\FoodImage\dataset\test\laphet_thoke\laphet_thoke_4767ec287f6e.jpg,laphet_thoke,Laphet Thoke,Myanmar,test,224,224,450,320,bing,https://l450v.alamy.com/450v/gnn534/mandalay-lahpet-a-traditional-salad-made-with-fermented-tea-leaves-gnn534.jpg,4767ec287f6eb909ec2a779e5d4a9d9b4a995f8d8b7697bb5b84bbc292ea8f96,2026-07-02T17:24:31.137409+00:00
test\laphet_thoke\laphet_thoke_eda52088acb1.jpg,C:\Users\Pc\Documents\GitHub\FoodImage\dataset\test\laphet_thoke\laphet_thoke_eda52088acb1.jpg,laphet_thoke,Laphet Thoke,Myanmar,test,224,224,1200,1600,bing,https://s.hdnux.com/photos/01/04/55/65/18013562/7/1200x0.jpg,eda52088acb1a80d7ff8ea860adf6072d0080c4944a6e4962987c4717d8fc092,2026-07-02T17:24:31.137409+00:00
test\laphet_thoke\laphet_thoke_f6f929c4d04d.jpg,C:\Users\Pc\Documents\GitHub\FoodImage\dataset\test\laphet_thoke\laphet_thoke_f6f929c4d04d.jpg,laphet_thoke,Laphet Thoke,Myanmar,test,224,224,1280,720,bing,https://images.sbs.com.au/dims4/default/a267bcf/2147483647/strip/true/crop/787x443+0+270/resize/1280x720!/quality/90/?url=http:%2F%2Fsbs-au-brightspot.s3.amazonaws.com%2Fdrupal%2Ffood%2Fpublic%2FLahpet-thoke-(pickled-tea-leaf-salad).jpg&imwidth=1280,f6f929c4d04dfe34818e33e8978a959ca295d82348a70d7624e30fe02595e096,2026-07-02T17:24:31.137409+00:00
test\laphet_thoke\laphet_thoke_10d80bc54f15.jpg,C:\Users\Pc\Documents\GitHub\FoodImage\dataset\test\laphet_thoke\laphet_thoke_10d80bc54f15.jpg,laphet_thoke,Laphet Thoke,Myanmar,test,224,224,1024,1024,bing,https://holisticchefacademy.com/wp-content/uploads/2025/01/hibiscus-tea-1200-1200-1-1024x1024.jpg,10d80bc54f1544890221852eb8b8e925aac09d2e620709d6ad784b49f8e97227,2026-07-02T17:24:31.137409+00:00
test\laphet_thoke\laphet_thoke_3be42b066a51.jpg,C:\Users\Pc\Documents\GitHub\FoodImage\dataset\test\laphet_thoke\laphet_thoke_3be42b066a51.jpg,laphet_thoke,Laphet Thoke,Myanmar,test,224,224,1300,925,bing,https://c8.alamy.com/comp/FW371M/lahpet-thoke-burmese-pickled-tea-leaf-salad-in-yangon-myanmar-FW371M.jpg,3be42b066a519bec8e33d225a686e1915a83107b95dacaea1ae30730d25d703d,2026-07-02T17:24:31.137409+00:00
test\laphet_thoke\laphet_thoke_09acbb1217d9.jpg,C:\Users\Pc\Documents\GitHub\FoodImage\dataset\test\laphet_thoke\laphet_thoke_09acbb1217d9.jpg,laphet_thoke,Laphet Thoke,Myanmar,test,224,224,800,449,bing,https://thumbs.dreamstime.com/b/authentic-burmese-tea-leaf-salad-lahpet-thoke-served-wooden-bowl-traditional-dish-featuring-fermented-tea-leaves-mixed-338722087.jpg,09acbb1217d956b61c1bb5113ca462758d7208ed602b7d88c0e371a97dcf1f29,2026-07-02T17:24:31.137409+00:00
test\laphet_thoke\laphet_thoke_e98b63b7ba6c.jpg,C:\Users\Pc\Documents\GitHub\FoodImage\dataset\test\laphet_thoke\laphet_thoke_e98b63b7ba6c.jpg,laphet_thoke,Laphet Thoke,Myanmar,test,224,224,1280,896,bing,https://hotlyrecipes.com/wp-content/uploads/2025/11/Google_AI_Studio_2025-11-27T13_09_11.408Z.png,e98b63b7ba6c47a39f6e51e9ad1cbf296057c4d5f73532d58af1e094f2606169,2026-07-02T17:24:31.137409+00:00
test\laphet_thoke\laphet_thoke_3a05be717e61.jpg,C:\Users\Pc\Documents\GitHub\FoodImage\dataset\test\laphet_thoke\laphet_thoke_3a05be717e61.jpg,laphet_thoke,Laphet Thoke,Myanmar,test,224,224,736,981,bing,https://i.pinimg.com/736x/4b/d9/85/4bd9858292b861308e1526fe1156a665.jpg,3a05be717e61071d631cf425e909dcc7975b0918e5b2356721b4b18fc60fa757,2026-07-02T17:24:31.137409+00:00
test\laphet_thoke\laphet_thoke_b820e1123314.jpg,C:\Users\Pc\Documents\GitHub\FoodImage\dataset\test\laphet_thoke\laphet_thoke_b820e1123314.jpg,laphet_thoke,Laphet Thoke,Myanmar,test,224,224,1024,768,bing,https://togetherwomenrise.org/wp-content/uploads/2017/09/burmese-tea-leaf-salad.jpg,b820e11233145d49d60c1446c9aab4399ea5228de2fe1ee2f3b2d744fc95097f,2026-07-02T17:24:31.137409+00:00
test\laphet_thoke\laphet_thoke_487388bff164.jpg,C:\Users\Pc\Documents\GitHub\FoodImage\dataset\test\laphet_thoke\laphet_thoke_487388bff164.jpg,laphet_thoke,Laphet Thoke,Myanmar,test,224,224,1200,1200,bing,https://images.food52.com/mjaTE9pK5xi744oS0QRoO7Rtx1A=/fit-in/1200x1200/15d0ad6f-b11e-4031-8b7a-ea220df0404a--IMG_20141209_175537.jpg,487388bff1643649d9208a96fc31bc5962891b7ba25eb230fffa28e0b73abd2f,2026-07-02T17:24:31.137409+00:00
test\laphet_thoke\laphet_thoke_e47395ee9132.jpg,C:\Users\Pc\Documents\GitHub\FoodImage\dataset\test\laphet_thoke\laphet_thoke_e47395ee9132.jpg,laphet_thoke,Laphet Thoke,Myanmar,test,224,224,696,464,bing,https://livingnomads.com/wp-content/uploads/2016/03/Tea-leaf-salad-myanmar-food-photobucket-696x464.jpg,e47395ee9132a5b85eea8a24534ae571edfba1ccc3bb19ab98acef7808995e38,2026-07-02T17:24:31.137409+00:00
test\laphet_thoke\laphet_thoke_283be4c79bee.jpg,C:\Users\Pc\Documents\GitHub\FoodImage\dataset\test\laphet_thoke\laphet_thoke_283be4c79bee.jpg,laphet_thoke,Laphet Thoke,Myanmar,test,224,224,960,720,bing,https://i.pinimg.com/originals/e1/c3/fc/e1c3fce9438ac8f126c73531cb7bdbb7.jpg,283be4c79bee780a8fcbeb92757359b9019ccd6b1adbbda8b83aa92ba08a3b6f,2026-07-02T17:24:31.137409+00:00
test\laphet_thoke\laphet_thoke_63d090cdd7fb.jpg,C:\Users\Pc\Documents\GitHub\FoodImage\dataset\test\laphet_thoke\laphet_thoke_63d090cdd7fb.jpg,laphet_thoke,Laphet Thoke,Myanmar,test,224,224,640,640,bing,https://i.pinimg.com/736x/b2/72/d1/b272d136d019a42ef3b9c2b6b8cbe704.jpg,63d090cdd7fba6d05c3fc123772fad43dfad3659d0359870733184b39660c146,2026-07-02T17:24:31.137409+00:00
test\laphet_thoke\laphet_thoke_62625f9afb49.jpg,C:\Users\Pc\Documents\GitHub\FoodImage\dataset\test\laphet_thoke\laphet_thoke_62625f9afb49.jpg,laphet_thoke,Laphet Thoke,Myanmar,test,224,224,640,360,bing,"https://cdn.thefork.com/tf-lab/image/upload/w_640,c_fill,q_auto,f_auto/restaurant/72915023-7308-4db7-b65f-9797e40427bd/fce8db19-cfb6-4ec3-ab35-176961eb4bf1.jpg",62625f9afb49f493756ccaca8ba678a980cd5dea404d0bb2bd98a32ee9028197,2026-07-02T17:24:31.137409+00:00
test\laphet_thoke\laphet_thoke_293092abc7d2.jpg,C:\Users\Pc\Documents\GitHub\FoodImage\dataset\test\laphet_thoke\laphet_thoke_293092abc7d2.jpg,laphet_thoke,Laphet Thoke,Myanmar,test,224,224,1300,956,bing,https://c8.alamy.com/comp/2H94RKA/steeped-green-tea-leaves-for-burmese-tea-leaf-salad-or-lahpet-thoke-2H94RKA.jpg,293092abc7d22177d59fc1e014870e04f21bc7ea267d5b5725412f963dca7498,2026-07-02T17:24:31.137409+00:00
test\laphet_thoke\laphet_thoke_26cb8d820f5d.jpg,C:\Users\Pc\Documents\GitHub\FoodImage\dataset\test\laphet_thoke\laphet_thoke_26cb8d820f5d.jpg,laphet_thoke,Laphet Thoke,Myanmar,test,224,224,1280,720,bing,https://i.ytimg.com/vi/znEDtw70Sxc/maxresdefault.jpg,26cb8d820f5d0e349a8f34904b1b870ecb2f3e1bd59bea07dd30df027fb05cef,2026-07-02T17:24:31.137409+00:00
test\laphet_thoke\laphet_thoke_976cb9be1130.jpg,C:\Users\Pc\Documents\GitHub\FoodImage\dataset\test\laphet_thoke\laphet_thoke_976cb9be1130.jpg,laphet_thoke,Laphet Thoke,Myanmar,test,224,224,1024,1024,bing,https://www.nationalgerichtrezepte.de/wp-content/uploads/2025/03/nationalgericht-myanmar-lahpet-thoke-1742522434-eaec.jpg,976cb9be11305f9ce965ac8032f8af31e6a7d913ba5aaf620406fc6ee7c064d0,2026-07-02T17:24:31.137409+00:00
test\laphet_thoke\laphet_thoke_5dfbb649a19e.jpg,C:\Users\Pc\Documents\GitHub\FoodImage\dataset\test\laphet_thoke\laphet_thoke_5dfbb649a19e.jpg,laphet_thoke,Laphet Thoke,Myanmar,test,224,224,1001,641,bing,https://nordicfoodlab.org/wp-content/uploads/2021/09/Nordic_Lab_FINAL_2020_Page_404_Image_0001.jpg,5dfbb649a19ec3c7153edcb4ff3e0cfe09b957034b2e3d28097545cd721e4e65,2026-07-02T17:24:31.137409+00:00
test\laphet_thoke\laphet_thoke_5c0b84dc2cab.jpg,C:\Users\Pc\Documents\GitHub\FoodImage\dataset\test\laphet_thoke\laphet_thoke_5c0b84dc2cab.jpg,laphet_thoke,Laphet Thoke,Myanmar,test,224,224,704,1408,bing,https://bonsaimary.com/wp-content/uploads/Burmese_Tea_Leaf_Salad2.jpg,5c0b84dc2cab6dea54042ae1acf4f71d1d024ea6342875c339b8b52cbc349ec0,2026-07-02T17:24:31.137409+00:00
test\laphet_thoke\laphet_thoke_084456e0fbb2.jpg,C:\Users\Pc\Documents\GitHub\FoodImage\dataset\test\laphet_thoke\laphet_thoke_084456e0fbb2.jpg,laphet_thoke,Laphet Thoke,Myanmar,test,224,224,736,1104,bing,https://i.pinimg.com/736x/96/53/96/965396480f9b3aa3cd06c85fb8f2c799.jpg,084456e0fbb2ddfef686b96a64d5ad59e857a9ab4fa3b8e6ebca51bda84345b7,2026-07-02T17:24:31.137409+00:00
test\laphet_thoke\laphet_thoke_a550dcf11ee3.jpg,C:\Users\Pc\Documents\GitHub\FoodImage\dataset\test\laphet_thoke\laphet_thoke_a550dcf11ee3.jpg,laphet_thoke,Laphet Thoke,Myanmar,test,224,224,1280,720,bing,https://i.ytimg.com/vi/GAYP_JAGMlQ/maxresdefault.jpg,a550dcf11ee3f26b4f39a7a11bcf899298a9af23e6f0033bf5701ff9ab807f3b,2026-07-02T17:24:31.137409+00:00
test\laphet_thoke\laphet_thoke_261f04baabd7.jpg,C:\Users\Pc\Documents\GitHub\FoodImage\dataset\test\laphet_thoke\laphet_thoke_261f04baabd7.jpg,laphet_thoke,Laphet Thoke,Myanmar,test,224,224,1656,1656,bing,https://th-test-11.slatic.net/p/1c69b4dde89c69459b9bdd5e34a1fb90.jpg,261f04baabd7d253dd13e27b7540b28944bf313a6078cc8cc176a0019f433397,2026-07-02T17:24:31.137409+00:00
test\laphet_thoke\laphet_thoke_67fb9db6308a.jpg,C:\Users\Pc\Documents\GitHub\FoodImage\dataset\test\laphet_thoke\laphet_thoke_67fb9db6308a.jpg,laphet_thoke,Laphet Thoke,Myanmar,test,224,224,800,800,bing,https://down-my.img.susercontent.com/file/my-11134207-7r98x-lt5c432mvw9w5e,67fb9db6308ab8e81c90cd6881c917de0dcb5b8c44e7815fea198681501f611f,2026-07-02T17:24:31.137409+00:00
test\laphet_thoke\laphet_thoke_b6a1541968a9.jpg,C:\Users\Pc\Documents\GitHub\FoodImage\dataset\test\laphet_thoke\laphet_thoke_b6a1541968a9.jpg,laphet_thoke,Laphet Thoke,Myanmar,test,224,224,1600,1071,bing,https://2.bp.blogspot.com/-Ti5nMIalN5c/WQlOhM9fKbI/AAAAAAAA2hc/fClfRwoFkJEV9TrP7mv_6fHntjiWGKfGgCLcB/s1600/DSC_0084.JPG,b6a1541968a9bdb401a1b73e5618d2fa464edb603e919c57c2b5014ea39f8436,2026-07-02T17:24:31.137409+00:00
